question_id,source_key,source_hash,graph_hash,source_lineage,ordered_ports_hash,ordered_ports,plan_hash,retained_plan_hash,method,backend_id,worker_topology_id,cache_state,timing_scope,root_batch,root_count,CRT_prime_count,branch_count,retained_width,weighted_entries,estimated_factor_peak_entries,runtime_package_hash,readout_backend,repeat,cost_context,status,warm_training_eligible,measured_work,cache_hits,cache_misses,timing_note,cpu_plan_kind,measured_memory_bytes,structural_planning_seconds,source_preparation_seconds,worker_preparation_seconds,modular_gpu_seconds,readout_seconds,crt_reconstruction_seconds,verification_seconds,end_to_end_solve_seconds,cpu_exact_seconds,process_startup_seconds,verification_hash,PRE_features,map_bytes,worker_pids,participation,worker_preparation_kind,engine_mode
77a5604aad90c69d1eb0d3cc,N100,f4f512facb6a5b46acbf03543c91d6653cb961b30ea9f2a1c1af33255bb1aa0b,28e9e44506fd4dcd854bc2d2f36c432fa3694abe93af29e88f5beca98f42dfa0,N100_P2_PACKET_PLUS_DEPTH_V1,46f1f2fd7b1710ed745060e45f24f9db60f681e8010208e52e657f6e531da178,"[0, 1, 60, 61]",437347a4da455a5628500fe0cfe500a53a99be3e584c02eab7a4cafc95567497,,components,LOCAL_FLINT_CPU,LOCAL_SINGLE_COORDINATOR_FLINT_CPU,WARM_NEW_SOURCE,FRESH_EXACT_SOLVE_WITH_INTERNAL_CHECKS_EXCLUDES_EXTERNAL_VERIFICATION,0,0,0,1,14,165920,16384,d5207e6b84fbabee961e83f3860a3bacaca585acd736c092903cacdfff692450,FLINT_EXACT_POLYNOMIAL,0,COMPLETE,OBSERVED_PATTERN,True,166048,0,0,CPU exact route includes its native polynomial readout/count checks; independently timed external verification excluded; no subprocess startup,deterministic retained-port-aware elimination or explicit component enumeration,,0.00861549295950681,0.0,0.0,0.0,,0.0,0.002021063002757728,0.22740638896357268,0.22740638896357268,0.0,582a9c5ed1bfdf8f8d7dd1545a19c4ac6b30db574e46c3054621b9c78ef36e06,"{""N"": 100, ""source_family"": ""N100_P2_PACKET_PLUS_DEPTH_V1"", ""graph_hash"": ""28e9e44506fd4dcd854bc2d2f36c432fa3694abe93af29e88f5beca98f42dfa0"", ""source_hash"": ""f4f512facb6a5b46acbf03543c91d6653cb961b30ea9f2a1c1af33255bb1aa0b"", ""edges"": 260, ""degree_min"": 4, ""degree_max"": 6, ""degree_mean"": 5.2, ""degree_std"": 0.5099019513592785, ""components"": 8, ""component_sizes"": [5, 10, 10, 15, 15, 15, 15, 15], ""max_component"": 15, ""local_assignments"": 165920, ""minfill_width"": 5, ""minfill_work"": 2168, ""minfill_order"": [39, 40, 41, 86, 87, 0, 1, 2, 60, 61, 3, 4, 5, 62, 63, 6, 7, 8, 64, 65, 9, 10, 11, 66, 67, 12, 13, 14, 68, 69, 15, 16, 17, 70, 36, 37, 38, 71, 84, 85, 18, 19, 20, 72, 42, 43, 44, 73, 88, 89, 21, 22, 23, 74, 45, 46, 47, 75, 90, 91, 24, 25, 26, 76, 48, 49, 50, 77, 92, 93, 27, 28, 29, 78, 51, 52, 53, 79, 94, 95, 30, 31, 32, 80, 54, 55, 56, 81, 96, 97, 33, 34, 35, 82, 57, 58, 59, 83, 98, 99], ""energy_bound"": 260, ""root_bound"": 512, ""crt_primes"": 4, ""arithmetic_burden"": 4440064, ""coefficient_bound"": ""1267650600228229401496703205376"", ""coupling_multiplicities"": {""1"": 260}, ""symmetry"": ""not assumed"", ""degree_signature"": [4, 4, 4, 4, 4, 5, 5, 5, 5, 5, 5, 5, 5, 5, 5, 5, 5, 5, 5, 5, 5, 5, 5, 5, 5, 5, 5, 5, 5, 5, 5, 5, 5, 5, 5, 5, 5, 5, 5, 5, 5, 5, 5, 5, 5, 5, 5, 5, 5, 5, 5, 5, 5, 5, 5, 5, 5, 5, 5, 5, 5, 5, 5, 5, 5, 5, 5, 5, 5, 5, 5, 5, 5, 5, 5, 6, 6, 6, 6, 6, 6, 6, 6, 6, 6, 6, 6, 6, 6, 6, 6, 6, 6, 6, 6, 6, 6, 6, 6, 6]}",,,,,
77a5604aad90c69d1eb0d3cc,N100,f4f512facb6a5b46acbf03543c91d6653cb961b30ea9f2a1c1af33255bb1aa0b,28e9e44506fd4dcd854bc2d2f36c432fa3694abe93af29e88f5beca98f42dfa0,N100_P2_PACKET_PLUS_DEPTH_V1,46f1f2fd7b1710ed745060e45f24f9db60f681e8010208e52e657f6e531da178,"[0, 1, 60, 61]",da0c3ebe1a22b3ad2df71939cd5815aa6e1c35f645c366a9a0155ea98b1508b3,,variable_elimination,LOCAL_FLINT_CPU,LOCAL_SINGLE_COORDINATOR_FLINT_CPU,WARM_NEW_SOURCE,FRESH_EXACT_SOLVE_WITH_INTERNAL_CHECKS_EXCLUDES_EXTERNAL_VERIFICATION,0,0,0,1,5,2153,32,d5207e6b84fbabee961e83f3860a3bacaca585acd736c092903cacdfff692450,FLINT_EXACT_POLYNOMIAL,0,COMPLETE,OBSERVED_PATTERN,True,26658,0,0,CPU exact route includes its native polynomial readout/count checks; independently timed external verification excluded; no subprocess startup,deterministic retained-port-aware elimination or explicit component enumeration,,0.00861549295950681,0.0,0.0,0.0,,0.0,0.001973634003661573,0.024545022984966636,0.024545022984966636,0.0,582a9c5ed1bfdf8f8d7dd1545a19c4ac6b30db574e46c3054621b9c78ef36e06,"{""N"": 100, ""source_family"": ""N100_P2_PACKET_PLUS_DEPTH_V1"", ""graph_hash"": ""28e9e44506fd4dcd854bc2d2f36c432fa3694abe93af29e88f5beca98f42dfa0"", ""source_hash"": ""f4f512facb6a5b46acbf03543c91d6653cb961b30ea9f2a1c1af33255bb1aa0b"", ""edges"": 260, ""degree_min"": 4, ""degree_max"": 6, ""degree_mean"": 5.2, ""degree_std"": 0.5099019513592785, ""components"": 8, ""component_sizes"": [5, 10, 10, 15, 15, 15, 15, 15], ""max_component"": 15, ""local_assignments"": 165920, ""minfill_width"": 5, ""minfill_work"": 2168, ""minfill_order"": [39, 40, 41, 86, 87, 0, 1, 2, 60, 61, 3, 4, 5, 62, 63, 6, 7, 8, 64, 65, 9, 10, 11, 66, 67, 12, 13, 14, 68, 69, 15, 16, 17, 70, 36, 37, 38, 71, 84, 85, 18, 19, 20, 72, 42, 43, 44, 73, 88, 89, 21, 22, 23, 74, 45, 46, 47, 75, 90, 91, 24, 25, 26, 76, 48, 49, 50, 77, 92, 93, 27, 28, 29, 78, 51, 52, 53, 79, 94, 95, 30, 31, 32, 80, 54, 55, 56, 81, 96, 97, 33, 34, 35, 82, 57, 58, 59, 83, 98, 99], ""energy_bound"": 260, ""root_bound"": 512, ""crt_primes"": 4, ""arithmetic_burden"": 4440064, ""coefficient_bound"": ""1267650600228229401496703205376"", ""coupling_multiplicities"": {""1"": 260}, ""symmetry"": ""not assumed"", ""degree_signature"": [4, 4, 4, 4, 4, 5, 5, 5, 5, 5, 5, 5, 5, 5, 5, 5, 5, 5, 5, 5, 5, 5, 5, 5, 5, 5, 5, 5, 5, 5, 5, 5, 5, 5, 5, 5, 5, 5, 5, 5, 5, 5, 5, 5, 5, 5, 5, 5, 5, 5, 5, 5, 5, 5, 5, 5, 5, 5, 5, 5, 5, 5, 5, 5, 5, 5, 5, 5, 5, 5, 5, 5, 5, 5, 5, 6, 6, 6, 6, 6, 6, 6, 6, 6, 6, 6, 6, 6, 6, 6, 6, 6, 6, 6, 6, 6, 6, 6, 6, 6]}",,,,,
77a5604aad90c69d1eb0d3cc,N100,f4f512facb6a5b46acbf03543c91d6653cb961b30ea9f2a1c1af33255bb1aa0b,28e9e44506fd4dcd854bc2d2f36c432fa3694abe93af29e88f5beca98f42dfa0,N100_P2_PACKET_PLUS_DEPTH_V1,46f1f2fd7b1710ed745060e45f24f9db60f681e8010208e52e657f6e531da178,"[0, 1, 60, 61]",c779d4577c5256e4ed7e38b4f432a87223e28e88a2ddb7bb5af2611517e26176,,memo_components,LOCAL_FLINT_CPU,LOCAL_SINGLE_COORDINATOR_FLINT_CPU,WARM_NEW_SOURCE,FRESH_EXACT_SOLVE_WITH_INTERNAL_CHECKS_EXCLUDES_EXTERNAL_VERIFICATION,0,0,0,1,14,165920,16384,d5207e6b84fbabee961e83f3860a3bacaca585acd736c092903cacdfff692450,FLINT_EXACT_POLYNOMIAL,0,COMPLETE,OBSERVED_PATTERN,True,66611,4,4,CPU exact route includes its native polynomial readout/count checks; independently timed external verification excluded; no subprocess startup,deterministic retained-port-aware elimination or explicit component enumeration,,0.00861549295950681,0.0,0.0,0.0,,0.0,0.0020632429514080286,0.10403230600059032,0.10403230600059032,0.0,582a9c5ed1bfdf8f8d7dd1545a19c4ac6b30db574e46c3054621b9c78ef36e06,"{""N"": 100, ""source_family"": ""N100_P2_PACKET_PLUS_DEPTH_V1"", ""graph_hash"": ""28e9e44506fd4dcd854bc2d2f36c432fa3694abe93af29e88f5beca98f42dfa0"", ""source_hash"": ""f4f512facb6a5b46acbf03543c91d6653cb961b30ea9f2a1c1af33255bb1aa0b"", ""edges"": 260, ""degree_min"": 4, ""degree_max"": 6, ""degree_mean"": 5.2, ""degree_std"": 0.5099019513592785, ""components"": 8, ""component_sizes"": [5, 10, 10, 15, 15, 15, 15, 15], ""max_component"": 15, ""local_assignments"": 165920, ""minfill_width"": 5, ""minfill_work"": 2168, ""minfill_order"": [39, 40, 41, 86, 87, 0, 1, 2, 60, 61, 3, 4, 5, 62, 63, 6, 7, 8, 64, 65, 9, 10, 11, 66, 67, 12, 13, 14, 68, 69, 15, 16, 17, 70, 36, 37, 38, 71, 84, 85, 18, 19, 20, 72, 42, 43, 44, 73, 88, 89, 21, 22, 23, 74, 45, 46, 47, 75, 90, 91, 24, 25, 26, 76, 48, 49, 50, 77, 92, 93, 27, 28, 29, 78, 51, 52, 53, 79, 94, 95, 30, 31, 32, 80, 54, 55, 56, 81, 96, 97, 33, 34, 35, 82, 57, 58, 59, 83, 98, 99], ""energy_bound"": 260, ""root_bound"": 512, ""crt_primes"": 4, ""arithmetic_burden"": 4440064, ""coefficient_bound"": ""1267650600228229401496703205376"", ""coupling_multiplicities"": {""1"": 260}, ""symmetry"": ""not assumed"", ""degree_signature"": [4, 4, 4, 4, 4, 5, 5, 5, 5, 5, 5, 5, 5, 5, 5, 5, 5, 5, 5, 5, 5, 5, 5, 5, 5, 5, 5, 5, 5, 5, 5, 5, 5, 5, 5, 5, 5, 5, 5, 5, 5, 5, 5, 5, 5, 5, 5, 5, 5, 5, 5, 5, 5, 5, 5, 5, 5, 5, 5, 5, 5, 5, 5, 5, 5, 5, 5, 5, 5, 5, 5, 5, 5, 5, 5, 6, 6, 6, 6, 6, 6, 6, 6, 6, 6, 6, 6, 6, 6, 6, 6, 6, 6, 6, 6, 6, 6, 6, 6, 6]}",,,,,
77a5604aad90c69d1eb0d3cc,N100,f4f512facb6a5b46acbf03543c91d6653cb961b30ea9f2a1c1af33255bb1aa0b,28e9e44506fd4dcd854bc2d2f36c432fa3694abe93af29e88f5beca98f42dfa0,N100_P2_PACKET_PLUS_DEPTH_V1,46f1f2fd7b1710ed745060e45f24f9db60f681e8010208e52e657f6e531da178,"[0, 1, 60, 61]",a6ac15413a3704a551d9e56c682c6201a61d1ab4b927a9c5fb182fc84b45df57,,warm_components,LOCAL_FLINT_CPU,LOCAL_SINGLE_COORDINATOR_FLINT_CPU,WARM_NEW_SOURCE,FRESH_EXACT_SOLVE_WITH_INTERNAL_CHECKS_EXCLUDES_EXTERNAL_VERIFICATION,0,0,0,1,14,165920,16384,d5207e6b84fbabee961e83f3860a3bacaca585acd736c092903cacdfff692450,FLINT_EXACT_POLYNOMIAL,0,COMPLETE,OBSERVED_PATTERN,True,66611,4,4,CPU exact route includes its native polynomial readout/count checks; independently timed external verification excluded; no subprocess startup,deterministic retained-port-aware elimination or explicit component enumeration,,0.00861549295950681,0.0,0.0,0.0,,0.0,0.001989152980968356,0.1129202441079542,0.1129202441079542,0.0,582a9c5ed1bfdf8f8d7dd1545a19c4ac6b30db574e46c3054621b9c78ef36e06,"{""N"": 100, ""source_family"": ""N100_P2_PACKET_PLUS_DEPTH_V1"", ""graph_hash"": ""28e9e44506fd4dcd854bc2d2f36c432fa3694abe93af29e88f5beca98f42dfa0"", ""source_hash"": ""f4f512facb6a5b46acbf03543c91d6653cb961b30ea9f2a1c1af33255bb1aa0b"", ""edges"": 260, ""degree_min"": 4, ""degree_max"": 6, ""degree_mean"": 5.2, ""degree_std"": 0.5099019513592785, ""components"": 8, ""component_sizes"": [5, 10, 10, 15, 15, 15, 15, 15], ""max_component"": 15, ""local_assignments"": 165920, ""minfill_width"": 5, ""minfill_work"": 2168, ""minfill_order"": [39, 40, 41, 86, 87, 0, 1, 2, 60, 61, 3, 4, 5, 62, 63, 6, 7, 8, 64, 65, 9, 10, 11, 66, 67, 12, 13, 14, 68, 69, 15, 16, 17, 70, 36, 37, 38, 71, 84, 85, 18, 19, 20, 72, 42, 43, 44, 73, 88, 89, 21, 22, 23, 74, 45, 46, 47, 75, 90, 91, 24, 25, 26, 76, 48, 49, 50, 77, 92, 93, 27, 28, 29, 78, 51, 52, 53, 79, 94, 95, 30, 31, 32, 80, 54, 55, 56, 81, 96, 97, 33, 34, 35, 82, 57, 58, 59, 83, 98, 99], ""energy_bound"": 260, ""root_bound"": 512, ""crt_primes"": 4, ""arithmetic_burden"": 4440064, ""coefficient_bound"": ""1267650600228229401496703205376"", ""coupling_multiplicities"": {""1"": 260}, ""symmetry"": ""not assumed"", ""degree_signature"": [4, 4, 4, 4, 4, 5, 5, 5, 5, 5, 5, 5, 5, 5, 5, 5, 5, 5, 5, 5, 5, 5, 5, 5, 5, 5, 5, 5, 5, 5, 5, 5, 5, 5, 5, 5, 5, 5, 5, 5, 5, 5, 5, 5, 5, 5, 5, 5, 5, 5, 5, 5, 5, 5, 5, 5, 5, 5, 5, 5, 5, 5, 5, 5, 5, 5, 5, 5, 5, 5, 5, 5, 5, 5, 5, 6, 6, 6, 6, 6, 6, 6, 6, 6, 6, 6, 6, 6, 6, 6, 6, 6, 6, 6, 6, 6, 6, 6, 6, 6]}",,,,,
77a5604aad90c69d1eb0d3cc,N100,f4f512facb6a5b46acbf03543c91d6653cb961b30ea9f2a1c1af33255bb1aa0b,28e9e44506fd4dcd854bc2d2f36c432fa3694abe93af29e88f5beca98f42dfa0,N100_P2_PACKET_PLUS_DEPTH_V1,46f1f2fd7b1710ed745060e45f24f9db60f681e8010208e52e657f6e531da178,"[0, 1, 60, 61]",a6ac15413a3704a551d9e56c682c6201a61d1ab4b927a9c5fb182fc84b45df57,,warm_components,LOCAL_FLINT_CPU,LOCAL_SINGLE_COORDINATOR_FLINT_CPU,CACHE_REUSE,FRESH_EXACT_SOLVE_WITH_INTERNAL_CHECKS_EXCLUDES_EXTERNAL_VERIFICATION,0,0,0,1,14,165920,16384,d5207e6b84fbabee961e83f3860a3bacaca585acd736c092903cacdfff692450,FLINT_EXACT_POLYNOMIAL,1,COMPLETE,OBSERVED_PATTERN,True,0,8,0,CPU exact route includes its native polynomial readout/count checks; independently timed external verification excluded; no subprocess startup,deterministic retained-port-aware elimination or explicit component enumeration,,0.00861549295950681,0.0,0.0,0.0,,0.0,0.00199209398124367,0.013023882987909019,0.013023882987909019,0.0,582a9c5ed1bfdf8f8d7dd1545a19c4ac6b30db574e46c3054621b9c78ef36e06,"{""N"": 100, ""source_family"": ""N100_P2_PACKET_PLUS_DEPTH_V1"", ""graph_hash"": ""28e9e44506fd4dcd854bc2d2f36c432fa3694abe93af29e88f5beca98f42dfa0"", ""source_hash"": ""f4f512facb6a5b46acbf03543c91d6653cb961b30ea9f2a1c1af33255bb1aa0b"", ""edges"": 260, ""degree_min"": 4, ""degree_max"": 6, ""degree_mean"": 5.2, ""degree_std"": 0.5099019513592785, ""components"": 8, ""component_sizes"": [5, 10, 10, 15, 15, 15, 15, 15], ""max_component"": 15, ""local_assignments"": 165920, ""minfill_width"": 5, ""minfill_work"": 2168, ""minfill_order"": [39, 40, 41, 86, 87, 0, 1, 2, 60, 61, 3, 4, 5, 62, 63, 6, 7, 8, 64, 65, 9, 10, 11, 66, 67, 12, 13, 14, 68, 69, 15, 16, 17, 70, 36, 37, 38, 71, 84, 85, 18, 19, 20, 72, 42, 43, 44, 73, 88, 89, 21, 22, 23, 74, 45, 46, 47, 75, 90, 91, 24, 25, 26, 76, 48, 49, 50, 77, 92, 93, 27, 28, 29, 78, 51, 52, 53, 79, 94, 95, 30, 31, 32, 80, 54, 55, 56, 81, 96, 97, 33, 34, 35, 82, 57, 58, 59, 83, 98, 99], ""energy_bound"": 260, ""root_bound"": 512, ""crt_primes"": 4, ""arithmetic_burden"": 4440064, ""coefficient_bound"": ""1267650600228229401496703205376"", ""coupling_multiplicities"": {""1"": 260}, ""symmetry"": ""not assumed"", ""degree_signature"": [4, 4, 4, 4, 4, 5, 5, 5, 5, 5, 5, 5, 5, 5, 5, 5, 5, 5, 5, 5, 5, 5, 5, 5, 5, 5, 5, 5, 5, 5, 5, 5, 5, 5, 5, 5, 5, 5, 5, 5, 5, 5, 5, 5, 5, 5, 5, 5, 5, 5, 5, 5, 5, 5, 5, 5, 5, 5, 5, 5, 5, 5, 5, 5, 5, 5, 5, 5, 5, 5, 5, 5, 5, 5, 5, 6, 6, 6, 6, 6, 6, 6, 6, 6, 6, 6, 6, 6, 6, 6, 6, 6, 6, 6, 6, 6, 6, 6, 6, 6]}",,,,,
77a5604aad90c69d1eb0d3cc,N100,f4f512facb6a5b46acbf03543c91d6653cb961b30ea9f2a1c1af33255bb1aa0b,28e9e44506fd4dcd854bc2d2f36c432fa3694abe93af29e88f5beca98f42dfa0,N100_P2_PACKET_PLUS_DEPTH_V1,46f1f2fd7b1710ed745060e45f24f9db60f681e8010208e52e657f6e531da178,"[0, 1, 60, 61]",c779d4577c5256e4ed7e38b4f432a87223e28e88a2ddb7bb5af2611517e26176,,memo_components,LOCAL_FLINT_CPU,LOCAL_SINGLE_COORDINATOR_FLINT_CPU,WARM_SAME_SOURCE,FRESH_EXACT_SOLVE_WITH_INTERNAL_CHECKS_EXCLUDES_EXTERNAL_VERIFICATION,0,0,0,1,14,165920,16384,d5207e6b84fbabee961e83f3860a3bacaca585acd736c092903cacdfff692450,FLINT_EXACT_POLYNOMIAL,1,COMPLETE,OBSERVED_PATTERN,True,66611,4,4,CPU exact route includes its native polynomial readout/count checks; independently timed external verification excluded; no subprocess startup,deterministic retained-port-aware elimination or explicit component enumeration,,0.00861549295950681,0.0,0.0,0.0,,0.0,0.002068022033199668,0.10357969405595213,0.10357969405595213,0.0,582a9c5ed1bfdf8f8d7dd1545a19c4ac6b30db574e46c3054621b9c78ef36e06,"{""N"": 100, ""source_family"": ""N100_P2_PACKET_PLUS_DEPTH_V1"", ""graph_hash"": ""28e9e44506fd4dcd854bc2d2f36c432fa3694abe93af29e88f5beca98f42dfa0"", ""source_hash"": ""f4f512facb6a5b46acbf03543c91d6653cb961b30ea9f2a1c1af33255bb1aa0b"", ""edges"": 260, ""degree_min"": 4, ""degree_max"": 6, ""degree_mean"": 5.2, ""degree_std"": 0.5099019513592785, ""components"": 8, ""component_sizes"": [5, 10, 10, 15, 15, 15, 15, 15], ""max_component"": 15, ""local_assignments"": 165920, ""minfill_width"": 5, ""minfill_work"": 2168, ""minfill_order"": [39, 40, 41, 86, 87, 0, 1, 2, 60, 61, 3, 4, 5, 62, 63, 6, 7, 8, 64, 65, 9, 10, 11, 66, 67, 12, 13, 14, 68, 69, 15, 16, 17, 70, 36, 37, 38, 71, 84, 85, 18, 19, 20, 72, 42, 43, 44, 73, 88, 89, 21, 22, 23, 74, 45, 46, 47, 75, 90, 91, 24, 25, 26, 76, 48, 49, 50, 77, 92, 93, 27, 28, 29, 78, 51, 52, 53, 79, 94, 95, 30, 31, 32, 80, 54, 55, 56, 81, 96, 97, 33, 34, 35, 82, 57, 58, 59, 83, 98, 99], ""energy_bound"": 260, ""root_bound"": 512, ""crt_primes"": 4, ""arithmetic_burden"": 4440064, ""coefficient_bound"": ""1267650600228229401496703205376"", ""coupling_multiplicities"": {""1"": 260}, ""symmetry"": ""not assumed"", ""degree_signature"": [4, 4, 4, 4, 4, 5, 5, 5, 5, 5, 5, 5, 5, 5, 5, 5, 5, 5, 5, 5, 5, 5, 5, 5, 5, 5, 5, 5, 5, 5, 5, 5, 5, 5, 5, 5, 5, 5, 5, 5, 5, 5, 5, 5, 5, 5, 5, 5, 5, 5, 5, 5, 5, 5, 5, 5, 5, 5, 5, 5, 5, 5, 5, 5, 5, 5, 5, 5, 5, 5, 5, 5, 5, 5, 5, 6, 6, 6, 6, 6, 6, 6, 6, 6, 6, 6, 6, 6, 6, 6, 6, 6, 6, 6, 6, 6, 6, 6, 6, 6]}",,,,,
77a5604aad90c69d1eb0d3cc,N100,f4f512facb6a5b46acbf03543c91d6653cb961b30ea9f2a1c1af33255bb1aa0b,28e9e44506fd4dcd854bc2d2f36c432fa3694abe93af29e88f5beca98f42dfa0,N100_P2_PACKET_PLUS_DEPTH_V1,46f1f2fd7b1710ed745060e45f24f9db60f681e8010208e52e657f6e531da178,"[0, 1, 60, 61]",da0c3ebe1a22b3ad2df71939cd5815aa6e1c35f645c366a9a0155ea98b1508b3,,variable_elimination,LOCAL_FLINT_CPU,LOCAL_SINGLE_COORDINATOR_FLINT_CPU,WARM_SAME_SOURCE,FRESH_EXACT_SOLVE_WITH_INTERNAL_CHECKS_EXCLUDES_EXTERNAL_VERIFICATION,0,0,0,1,5,2153,32,d5207e6b84fbabee961e83f3860a3bacaca585acd736c092903cacdfff692450,FLINT_EXACT_POLYNOMIAL,1,COMPLETE,OBSERVED_PATTERN,True,26658,0,0,CPU exact route includes its native polynomial readout/count checks; independently timed external verification excluded; no subprocess startup,deterministic retained-port-aware elimination or explicit component enumeration,,0.00861549295950681,0.0,0.0,0.0,,0.0,0.002537564025260508,0.022735985927283764,0.022735985927283764,0.0,582a9c5ed1bfdf8f8d7dd1545a19c4ac6b30db574e46c3054621b9c78ef36e06,"{""N"": 100, ""source_family"": ""N100_P2_PACKET_PLUS_DEPTH_V1"", ""graph_hash"": ""28e9e44506fd4dcd854bc2d2f36c432fa3694abe93af29e88f5beca98f42dfa0"", ""source_hash"": ""f4f512facb6a5b46acbf03543c91d6653cb961b30ea9f2a1c1af33255bb1aa0b"", ""edges"": 260, ""degree_min"": 4, ""degree_max"": 6, ""degree_mean"": 5.2, ""degree_std"": 0.5099019513592785, ""components"": 8, ""component_sizes"": [5, 10, 10, 15, 15, 15, 15, 15], ""max_component"": 15, ""local_assignments"": 165920, ""minfill_width"": 5, ""minfill_work"": 2168, ""minfill_order"": [39, 40, 41, 86, 87, 0, 1, 2, 60, 61, 3, 4, 5, 62, 63, 6, 7, 8, 64, 65, 9, 10, 11, 66, 67, 12, 13, 14, 68, 69, 15, 16, 17, 70, 36, 37, 38, 71, 84, 85, 18, 19, 20, 72, 42, 43, 44, 73, 88, 89, 21, 22, 23, 74, 45, 46, 47, 75, 90, 91, 24, 25, 26, 76, 48, 49, 50, 77, 92, 93, 27, 28, 29, 78, 51, 52, 53, 79, 94, 95, 30, 31, 32, 80, 54, 55, 56, 81, 96, 97, 33, 34, 35, 82, 57, 58, 59, 83, 98, 99], ""energy_bound"": 260, ""root_bound"": 512, ""crt_primes"": 4, ""arithmetic_burden"": 4440064, ""coefficient_bound"": ""1267650600228229401496703205376"", ""coupling_multiplicities"": {""1"": 260}, ""symmetry"": ""not assumed"", ""degree_signature"": [4, 4, 4, 4, 4, 5, 5, 5, 5, 5, 5, 5, 5, 5, 5, 5, 5, 5, 5, 5, 5, 5, 5, 5, 5, 5, 5, 5, 5, 5, 5, 5, 5, 5, 5, 5, 5, 5, 5, 5, 5, 5, 5, 5, 5, 5, 5, 5, 5, 5, 5, 5, 5, 5, 5, 5, 5, 5, 5, 5, 5, 5, 5, 5, 5, 5, 5, 5, 5, 5, 5, 5, 5, 5, 5, 6, 6, 6, 6, 6, 6, 6, 6, 6, 6, 6, 6, 6, 6, 6, 6, 6, 6, 6, 6, 6, 6, 6, 6, 6]}",,,,,
77a5604aad90c69d1eb0d3cc,N100,f4f512facb6a5b46acbf03543c91d6653cb961b30ea9f2a1c1af33255bb1aa0b,28e9e44506fd4dcd854bc2d2f36c432fa3694abe93af29e88f5beca98f42dfa0,N100_P2_PACKET_PLUS_DEPTH_V1,46f1f2fd7b1710ed745060e45f24f9db60f681e8010208e52e657f6e531da178,"[0, 1, 60, 61]",437347a4da455a5628500fe0cfe500a53a99be3e584c02eab7a4cafc95567497,,components,LOCAL_FLINT_CPU,LOCAL_SINGLE_COORDINATOR_FLINT_CPU,WARM_SAME_SOURCE,FRESH_EXACT_SOLVE_WITH_INTERNAL_CHECKS_EXCLUDES_EXTERNAL_VERIFICATION,0,0,0,1,14,165920,16384,d5207e6b84fbabee961e83f3860a3bacaca585acd736c092903cacdfff692450,FLINT_EXACT_POLYNOMIAL,1,COMPLETE,OBSERVED_PATTERN,True,166048,0,0,CPU exact route includes its native polynomial readout/count checks; independently timed external verification excluded; no subprocess startup,deterministic retained-port-aware elimination or explicit component enumeration,,0.00861549295950681,0.0,0.0,0.0,,0.0,0.0021494809770956635,0.22580389806535095,0.22580389806535095,0.0,582a9c5ed1bfdf8f8d7dd1545a19c4ac6b30db574e46c3054621b9c78ef36e06,"{""N"": 100, ""source_family"": ""N100_P2_PACKET_PLUS_DEPTH_V1"", ""graph_hash"": ""28e9e44506fd4dcd854bc2d2f36c432fa3694abe93af29e88f5beca98f42dfa0"", ""source_hash"": ""f4f512facb6a5b46acbf03543c91d6653cb961b30ea9f2a1c1af33255bb1aa0b"", ""edges"": 260, ""degree_min"": 4, ""degree_max"": 6, ""degree_mean"": 5.2, ""degree_std"": 0.5099019513592785, ""components"": 8, ""component_sizes"": [5, 10, 10, 15, 15, 15, 15, 15], ""max_component"": 15, ""local_assignments"": 165920, ""minfill_width"": 5, ""minfill_work"": 2168, ""minfill_order"": [39, 40, 41, 86, 87, 0, 1, 2, 60, 61, 3, 4, 5, 62, 63, 6, 7, 8, 64, 65, 9, 10, 11, 66, 67, 12, 13, 14, 68, 69, 15, 16, 17, 70, 36, 37, 38, 71, 84, 85, 18, 19, 20, 72, 42, 43, 44, 73, 88, 89, 21, 22, 23, 74, 45, 46, 47, 75, 90, 91, 24, 25, 26, 76, 48, 49, 50, 77, 92, 93, 27, 28, 29, 78, 51, 52, 53, 79, 94, 95, 30, 31, 32, 80, 54, 55, 56, 81, 96, 97, 33, 34, 35, 82, 57, 58, 59, 83, 98, 99], ""energy_bound"": 260, ""root_bound"": 512, ""crt_primes"": 4, ""arithmetic_burden"": 4440064, ""coefficient_bound"": ""1267650600228229401496703205376"", ""coupling_multiplicities"": {""1"": 260}, ""symmetry"": ""not assumed"", ""degree_signature"": [4, 4, 4, 4, 4, 5, 5, 5, 5, 5, 5, 5, 5, 5, 5, 5, 5, 5, 5, 5, 5, 5, 5, 5, 5, 5, 5, 5, 5, 5, 5, 5, 5, 5, 5, 5, 5, 5, 5, 5, 5, 5, 5, 5, 5, 5, 5, 5, 5, 5, 5, 5, 5, 5, 5, 5, 5, 5, 5, 5, 5, 5, 5, 5, 5, 5, 5, 5, 5, 5, 5, 5, 5, 5, 5, 6, 6, 6, 6, 6, 6, 6, 6, 6, 6, 6, 6, 6, 6, 6, 6, 6, 6, 6, 6, 6, 6, 6, 6, 6]}",,,,,
77a5604aad90c69d1eb0d3cc,N100,f4f512facb6a5b46acbf03543c91d6653cb961b30ea9f2a1c1af33255bb1aa0b,28e9e44506fd4dcd854bc2d2f36c432fa3694abe93af29e88f5beca98f42dfa0,N100_P2_PACKET_PLUS_DEPTH_V1,46f1f2fd7b1710ed745060e45f24f9db60f681e8010208e52e657f6e531da178,"[0, 1, 60, 61]",437347a4da455a5628500fe0cfe500a53a99be3e584c02eab7a4cafc95567497,,components,LOCAL_FLINT_CPU,LOCAL_SINGLE_COORDINATOR_FLINT_CPU,WARM_SAME_SOURCE,FRESH_EXACT_SOLVE_WITH_INTERNAL_CHECKS_EXCLUDES_EXTERNAL_VERIFICATION,0,0,0,1,14,165920,16384,d5207e6b84fbabee961e83f3860a3bacaca585acd736c092903cacdfff692450,FLINT_EXACT_POLYNOMIAL,2,COMPLETE,OBSERVED_PATTERN,True,166048,0,0,CPU exact route includes its native polynomial readout/count checks; independently timed external verification excluded; no subprocess startup,deterministic retained-port-aware elimination or explicit component enumeration,,0.00861549295950681,0.0,0.0,0.0,,0.0,0.0021470210049301386,0.22225957293994725,0.22225957293994725,0.0,582a9c5ed1bfdf8f8d7dd1545a19c4ac6b30db574e46c3054621b9c78ef36e06,"{""N"": 100, ""source_family"": ""N100_P2_PACKET_PLUS_DEPTH_V1"", ""graph_hash"": ""28e9e44506fd4dcd854bc2d2f36c432fa3694abe93af29e88f5beca98f42dfa0"", ""source_hash"": ""f4f512facb6a5b46acbf03543c91d6653cb961b30ea9f2a1c1af33255bb1aa0b"", ""edges"": 260, ""degree_min"": 4, ""degree_max"": 6, ""degree_mean"": 5.2, ""degree_std"": 0.5099019513592785, ""components"": 8, ""component_sizes"": [5, 10, 10, 15, 15, 15, 15, 15], ""max_component"": 15, ""local_assignments"": 165920, ""minfill_width"": 5, ""minfill_work"": 2168, ""minfill_order"": [39, 40, 41, 86, 87, 0, 1, 2, 60, 61, 3, 4, 5, 62, 63, 6, 7, 8, 64, 65, 9, 10, 11, 66, 67, 12, 13, 14, 68, 69, 15, 16, 17, 70, 36, 37, 38, 71, 84, 85, 18, 19, 20, 72, 42, 43, 44, 73, 88, 89, 21, 22, 23, 74, 45, 46, 47, 75, 90, 91, 24, 25, 26, 76, 48, 49, 50, 77, 92, 93, 27, 28, 29, 78, 51, 52, 53, 79, 94, 95, 30, 31, 32, 80, 54, 55, 56, 81, 96, 97, 33, 34, 35, 82, 57, 58, 59, 83, 98, 99], ""energy_bound"": 260, ""root_bound"": 512, ""crt_primes"": 4, ""arithmetic_burden"": 4440064, ""coefficient_bound"": ""1267650600228229401496703205376"", ""coupling_multiplicities"": {""1"": 260}, ""symmetry"": ""not assumed"", ""degree_signature"": [4, 4, 4, 4, 4, 5, 5, 5, 5, 5, 5, 5, 5, 5, 5, 5, 5, 5, 5, 5, 5, 5, 5, 5, 5, 5, 5, 5, 5, 5, 5, 5, 5, 5, 5, 5, 5, 5, 5, 5, 5, 5, 5, 5, 5, 5, 5, 5, 5, 5, 5, 5, 5, 5, 5, 5, 5, 5, 5, 5, 5, 5, 5, 5, 5, 5, 5, 5, 5, 5, 5, 5, 5, 5, 5, 6, 6, 6, 6, 6, 6, 6, 6, 6, 6, 6, 6, 6, 6, 6, 6, 6, 6, 6, 6, 6, 6, 6, 6, 6]}",,,,,
77a5604aad90c69d1eb0d3cc,N100,f4f512facb6a5b46acbf03543c91d6653cb961b30ea9f2a1c1af33255bb1aa0b,28e9e44506fd4dcd854bc2d2f36c432fa3694abe93af29e88f5beca98f42dfa0,N100_P2_PACKET_PLUS_DEPTH_V1,46f1f2fd7b1710ed745060e45f24f9db60f681e8010208e52e657f6e531da178,"[0, 1, 60, 61]",da0c3ebe1a22b3ad2df71939cd5815aa6e1c35f645c366a9a0155ea98b1508b3,,variable_elimination,LOCAL_FLINT_CPU,LOCAL_SINGLE_COORDINATOR_FLINT_CPU,WARM_SAME_SOURCE,FRESH_EXACT_SOLVE_WITH_INTERNAL_CHECKS_EXCLUDES_EXTERNAL_VERIFICATION,0,0,0,1,5,2153,32,d5207e6b84fbabee961e83f3860a3bacaca585acd736c092903cacdfff692450,FLINT_EXACT_POLYNOMIAL,2,COMPLETE,OBSERVED_PATTERN,True,26658,0,0,CPU exact route includes its native polynomial readout/count checks; independently timed external verification excluded; no subprocess startup,deterministic retained-port-aware elimination or explicit component enumeration,,0.00861549295950681,0.0,0.0,0.0,,0.0,0.002014633035287261,0.022451872006058693,0.022451872006058693,0.0,582a9c5ed1bfdf8f8d7dd1545a19c4ac6b30db574e46c3054621b9c78ef36e06,"{""N"": 100, ""source_family"": ""N100_P2_PACKET_PLUS_DEPTH_V1"", ""graph_hash"": ""28e9e44506fd4dcd854bc2d2f36c432fa3694abe93af29e88f5beca98f42dfa0"", ""source_hash"": ""f4f512facb6a5b46acbf03543c91d6653cb961b30ea9f2a1c1af33255bb1aa0b"", ""edges"": 260, ""degree_min"": 4, ""degree_max"": 6, ""degree_mean"": 5.2, ""degree_std"": 0.5099019513592785, ""components"": 8, ""component_sizes"": [5, 10, 10, 15, 15, 15, 15, 15], ""max_component"": 15, ""local_assignments"": 165920, ""minfill_width"": 5, ""minfill_work"": 2168, ""minfill_order"": [39, 40, 41, 86, 87, 0, 1, 2, 60, 61, 3, 4, 5, 62, 63, 6, 7, 8, 64, 65, 9, 10, 11, 66, 67, 12, 13, 14, 68, 69, 15, 16, 17, 70, 36, 37, 38, 71, 84, 85, 18, 19, 20, 72, 42, 43, 44, 73, 88, 89, 21, 22, 23, 74, 45, 46, 47, 75, 90, 91, 24, 25, 26, 76, 48, 49, 50, 77, 92, 93, 27, 28, 29, 78, 51, 52, 53, 79, 94, 95, 30, 31, 32, 80, 54, 55, 56, 81, 96, 97, 33, 34, 35, 82, 57, 58, 59, 83, 98, 99], ""energy_bound"": 260, ""root_bound"": 512, ""crt_primes"": 4, ""arithmetic_burden"": 4440064, ""coefficient_bound"": ""1267650600228229401496703205376"", ""coupling_multiplicities"": {""1"": 260}, ""symmetry"": ""not assumed"", ""degree_signature"": [4, 4, 4, 4, 4, 5, 5, 5, 5, 5, 5, 5, 5, 5, 5, 5, 5, 5, 5, 5, 5, 5, 5, 5, 5, 5, 5, 5, 5, 5, 5, 5, 5, 5, 5, 5, 5, 5, 5, 5, 5, 5, 5, 5, 5, 5, 5, 5, 5, 5, 5, 5, 5, 5, 5, 5, 5, 5, 5, 5, 5, 5, 5, 5, 5, 5, 5, 5, 5, 5, 5, 5, 5, 5, 5, 6, 6, 6, 6, 6, 6, 6, 6, 6, 6, 6, 6, 6, 6, 6, 6, 6, 6, 6, 6, 6, 6, 6, 6, 6]}",,,,,
77a5604aad90c69d1eb0d3cc,N100,f4f512facb6a5b46acbf03543c91d6653cb961b30ea9f2a1c1af33255bb1aa0b,28e9e44506fd4dcd854bc2d2f36c432fa3694abe93af29e88f5beca98f42dfa0,N100_P2_PACKET_PLUS_DEPTH_V1,46f1f2fd7b1710ed745060e45f24f9db60f681e8010208e52e657f6e531da178,"[0, 1, 60, 61]",c779d4577c5256e4ed7e38b4f432a87223e28e88a2ddb7bb5af2611517e26176,,memo_components,LOCAL_FLINT_CPU,LOCAL_SINGLE_COORDINATOR_FLINT_CPU,WARM_SAME_SOURCE,FRESH_EXACT_SOLVE_WITH_INTERNAL_CHECKS_EXCLUDES_EXTERNAL_VERIFICATION,0,0,0,1,14,165920,16384,d5207e6b84fbabee961e83f3860a3bacaca585acd736c092903cacdfff692450,FLINT_EXACT_POLYNOMIAL,2,COMPLETE,OBSERVED_PATTERN,True,66611,4,4,CPU exact route includes its native polynomial readout/count checks; independently timed external verification excluded; no subprocess startup,deterministic retained-port-aware elimination or explicit component enumeration,,0.00861549295950681,0.0,0.0,0.0,,0.0,0.002040552906692028,0.10486053104978055,0.10486053104978055,0.0,582a9c5ed1bfdf8f8d7dd1545a19c4ac6b30db574e46c3054621b9c78ef36e06,"{""N"": 100, ""source_family"": ""N100_P2_PACKET_PLUS_DEPTH_V1"", ""graph_hash"": ""28e9e44506fd4dcd854bc2d2f36c432fa3694abe93af29e88f5beca98f42dfa0"", ""source_hash"": ""f4f512facb6a5b46acbf03543c91d6653cb961b30ea9f2a1c1af33255bb1aa0b"", ""edges"": 260, ""degree_min"": 4, ""degree_max"": 6, ""degree_mean"": 5.2, ""degree_std"": 0.5099019513592785, ""components"": 8, ""component_sizes"": [5, 10, 10, 15, 15, 15, 15, 15], ""max_component"": 15, ""local_assignments"": 165920, ""minfill_width"": 5, ""minfill_work"": 2168, ""minfill_order"": [39, 40, 41, 86, 87, 0, 1, 2, 60, 61, 3, 4, 5, 62, 63, 6, 7, 8, 64, 65, 9, 10, 11, 66, 67, 12, 13, 14, 68, 69, 15, 16, 17, 70, 36, 37, 38, 71, 84, 85, 18, 19, 20, 72, 42, 43, 44, 73, 88, 89, 21, 22, 23, 74, 45, 46, 47, 75, 90, 91, 24, 25, 26, 76, 48, 49, 50, 77, 92, 93, 27, 28, 29, 78, 51, 52, 53, 79, 94, 95, 30, 31, 32, 80, 54, 55, 56, 81, 96, 97, 33, 34, 35, 82, 57, 58, 59, 83, 98, 99], ""energy_bound"": 260, ""root_bound"": 512, ""crt_primes"": 4, ""arithmetic_burden"": 4440064, ""coefficient_bound"": ""1267650600228229401496703205376"", ""coupling_multiplicities"": {""1"": 260}, ""symmetry"": ""not assumed"", ""degree_signature"": [4, 4, 4, 4, 4, 5, 5, 5, 5, 5, 5, 5, 5, 5, 5, 5, 5, 5, 5, 5, 5, 5, 5, 5, 5, 5, 5, 5, 5, 5, 5, 5, 5, 5, 5, 5, 5, 5, 5, 5, 5, 5, 5, 5, 5, 5, 5, 5, 5, 5, 5, 5, 5, 5, 5, 5, 5, 5, 5, 5, 5, 5, 5, 5, 5, 5, 5, 5, 5, 5, 5, 5, 5, 5, 5, 6, 6, 6, 6, 6, 6, 6, 6, 6, 6, 6, 6, 6, 6, 6, 6, 6, 6, 6, 6, 6, 6, 6, 6, 6]}",,,,,
77a5604aad90c69d1eb0d3cc,N100,f4f512facb6a5b46acbf03543c91d6653cb961b30ea9f2a1c1af33255bb1aa0b,28e9e44506fd4dcd854bc2d2f36c432fa3694abe93af29e88f5beca98f42dfa0,N100_P2_PACKET_PLUS_DEPTH_V1,46f1f2fd7b1710ed745060e45f24f9db60f681e8010208e52e657f6e531da178,"[0, 1, 60, 61]",a6ac15413a3704a551d9e56c682c6201a61d1ab4b927a9c5fb182fc84b45df57,,warm_components,LOCAL_FLINT_CPU,LOCAL_SINGLE_COORDINATOR_FLINT_CPU,CACHE_REUSE,FRESH_EXACT_SOLVE_WITH_INTERNAL_CHECKS_EXCLUDES_EXTERNAL_VERIFICATION,0,0,0,1,14,165920,16384,d5207e6b84fbabee961e83f3860a3bacaca585acd736c092903cacdfff692450,FLINT_EXACT_POLYNOMIAL,2,COMPLETE,OBSERVED_PATTERN,True,0,8,0,CPU exact route includes its native polynomial readout/count checks; independently timed external verification excluded; no subprocess startup,deterministic retained-port-aware elimination or explicit component enumeration,,0.00861549295950681,0.0,0.0,0.0,,0.0,0.002165221027098596,0.01398330507799983,0.01398330507799983,0.0,582a9c5ed1bfdf8f8d7dd1545a19c4ac6b30db574e46c3054621b9c78ef36e06,"{""N"": 100, ""source_family"": ""N100_P2_PACKET_PLUS_DEPTH_V1"", ""graph_hash"": ""28e9e44506fd4dcd854bc2d2f36c432fa3694abe93af29e88f5beca98f42dfa0"", ""source_hash"": ""f4f512facb6a5b46acbf03543c91d6653cb961b30ea9f2a1c1af33255bb1aa0b"", ""edges"": 260, ""degree_min"": 4, ""degree_max"": 6, ""degree_mean"": 5.2, ""degree_std"": 0.5099019513592785, ""components"": 8, ""component_sizes"": [5, 10, 10, 15, 15, 15, 15, 15], ""max_component"": 15, ""local_assignments"": 165920, ""minfill_width"": 5, ""minfill_work"": 2168, ""minfill_order"": [39, 40, 41, 86, 87, 0, 1, 2, 60, 61, 3, 4, 5, 62, 63, 6, 7, 8, 64, 65, 9, 10, 11, 66, 67, 12, 13, 14, 68, 69, 15, 16, 17, 70, 36, 37, 38, 71, 84, 85, 18, 19, 20, 72, 42, 43, 44, 73, 88, 89, 21, 22, 23, 74, 45, 46, 47, 75, 90, 91, 24, 25, 26, 76, 48, 49, 50, 77, 92, 93, 27, 28, 29, 78, 51, 52, 53, 79, 94, 95, 30, 31, 32, 80, 54, 55, 56, 81, 96, 97, 33, 34, 35, 82, 57, 58, 59, 83, 98, 99], ""energy_bound"": 260, ""root_bound"": 512, ""crt_primes"": 4, ""arithmetic_burden"": 4440064, ""coefficient_bound"": ""1267650600228229401496703205376"", ""coupling_multiplicities"": {""1"": 260}, ""symmetry"": ""not assumed"", ""degree_signature"": [4, 4, 4, 4, 4, 5, 5, 5, 5, 5, 5, 5, 5, 5, 5, 5, 5, 5, 5, 5, 5, 5, 5, 5, 5, 5, 5, 5, 5, 5, 5, 5, 5, 5, 5, 5, 5, 5, 5, 5, 5, 5, 5, 5, 5, 5, 5, 5, 5, 5, 5, 5, 5, 5, 5, 5, 5, 5, 5, 5, 5, 5, 5, 5, 5, 5, 5, 5, 5, 5, 5, 5, 5, 5, 5, 6, 6, 6, 6, 6, 6, 6, 6, 6, 6, 6, 6, 6, 6, 6, 6, 6, 6, 6, 6, 6, 6, 6, 6, 6]}",,,,,
bfc4bd3883b43fe14ec2cfb4,N105,5776b29715e9a50cd9f500c1b53e676b5e8d4ed040d40ac02cad5f3eb90e7774,1a5a3f398978af9ec44f29e6dedde0caacb3eaa35df2a7da5f0aada620afb2bf,N105_P9G0_HISTORICAL_PACKET_RESTORATION_V1,46f1f2fd7b1710ed745060e45f24f9db60f681e8010208e52e657f6e531da178,"[0, 1, 60, 61]",a0463e01376b218bbaeba8761671595b4c8d31e88eee47ba51f35a7328d1bb51,,components,LOCAL_FLINT_CPU,LOCAL_SINGLE_COORDINATOR_FLINT_CPU,WARM_NEW_SOURCE,FRESH_EXACT_SOLVE_WITH_INTERNAL_CHECKS_EXCLUDES_EXTERNAL_VERIFICATION,0,0,0,1,14,166912,16384,d5207e6b84fbabee961e83f3860a3bacaca585acd736c092903cacdfff692450,FLINT_EXACT_POLYNOMIAL,0,COMPLETE,OBSERVED_PATTERN,True,167040,0,0,CPU exact route includes its native polynomial readout/count checks; independently timed external verification excluded; no subprocess startup,deterministic retained-port-aware elimination or explicit component enumeration,,0.0230485110078007,0.0,0.0,0.0,,0.0,0.0026260820450261235,0.24408199603203684,0.24408199603203684,0.0,9de7b208fe4f209920c654230adcf9f2dee04eb0623b668c36b69819079a50c3,"{""N"": 105, ""source_family"": ""N105_P9G0_HISTORICAL_PACKET_RESTORATION_V1"", ""graph_hash"": ""1a5a3f398978af9ec44f29e6dedde0caacb3eaa35df2a7da5f0aada620afb2bf"", ""source_hash"": ""5776b29715e9a50cd9f500c1b53e676b5e8d4ed040d40ac02cad5f3eb90e7774"", ""edges"": 275, ""degree_min"": 5, ""degree_max"": 6, ""degree_mean"": 5.238095238095238, ""degree_std"": 0.4259177099999599, ""components"": 8, ""component_sizes"": [10, 10, 10, 15, 15, 15, 15, 15], ""max_component"": 15, ""local_assignments"": 166912, ""minfill_width"": 5, ""minfill_work"": 2328, ""minfill_order"": [0, 1, 2, 60, 61, 3, 4, 5, 62, 63, 6, 7, 8, 64, 65, 9, 10, 11, 66, 67, 12, 13, 14, 68, 69, 15, 16, 17, 70, 36, 37, 38, 71, 84, 85, 18, 19, 20, 72, 42, 43, 44, 73, 88, 89, 21, 22, 23, 74, 45, 46, 47, 75, 90, 91, 24, 25, 26, 76, 48, 49, 50, 77, 92, 93, 27, 28, 29, 78, 51, 52, 53, 79, 94, 95, 30, 31, 32, 80, 54, 55, 56, 81, 96, 97, 33, 34, 35, 82, 57, 58, 59, 83, 98, 99, 39, 40, 41, 86, 87, 100, 101, 102, 103, 104], ""energy_bound"": 275, ""root_bound"": 512, ""crt_primes"": 4, ""arithmetic_burden"": 4767744, ""coefficient_bound"": ""40564819207303340847894502572032"", ""coupling_multiplicities"": {""1"": 275}, ""symmetry"": ""not assumed"", ""degree_signature"": [5, 5, 5, 5, 5, 5, 5, 5, 5, 5, 5, 5, 5, 5, 5, 5, 5, 5, 5, 5, 5, 5, 5, 5, 5, 5, 5, 5, 5, 5, 5, 5, 5, 5, 5, 5, 5, 5, 5, 5, 5, 5, 5, 5, 5, 5, 5, 5, 5, 5, 5, 5, 5, 5, 5, 5, 5, 5, 5, 5, 5, 5, 5, 5, 5, 5, 5, 5, 5, 5, 5, 5, 5, 5, 5, 5, 5, 5, 5, 5, 6, 6, 6, 6, 6, 6, 6, 6, 6, 6, 6, 6, 6, 6, 6, 6, 6, 6, 6, 6, 6, 6, 6, 6, 6]}",,,,,
bfc4bd3883b43fe14ec2cfb4,N105,5776b29715e9a50cd9f500c1b53e676b5e8d4ed040d40ac02cad5f3eb90e7774,1a5a3f398978af9ec44f29e6dedde0caacb3eaa35df2a7da5f0aada620afb2bf,N105_P9G0_HISTORICAL_PACKET_RESTORATION_V1,46f1f2fd7b1710ed745060e45f24f9db60f681e8010208e52e657f6e531da178,"[0, 1, 60, 61]",36f415dc55f796534a8292eff61c9d1ffba193f9b9c59e84c444064502b52234,,variable_elimination,LOCAL_FLINT_CPU,LOCAL_SINGLE_COORDINATOR_FLINT_CPU,WARM_NEW_SOURCE,FRESH_EXACT_SOLVE_WITH_INTERNAL_CHECKS_EXCLUDES_EXTERNAL_VERIFICATION,0,0,0,1,5,2313,32,d5207e6b84fbabee961e83f3860a3bacaca585acd736c092903cacdfff692450,FLINT_EXACT_POLYNOMIAL,0,COMPLETE,OBSERVED_PATTERN,True,28546,0,0,CPU exact route includes its native polynomial readout/count checks; independently timed external verification excluded; no subprocess startup,deterministic retained-port-aware elimination or explicit component enumeration,,0.0230485110078007,0.0,0.0,0.0,,0.0,0.0022978379856795073,0.024194170022383332,0.024194170022383332,0.0,9de7b208fe4f209920c654230adcf9f2dee04eb0623b668c36b69819079a50c3,"{""N"": 105, ""source_family"": ""N105_P9G0_HISTORICAL_PACKET_RESTORATION_V1"", ""graph_hash"": ""1a5a3f398978af9ec44f29e6dedde0caacb3eaa35df2a7da5f0aada620afb2bf"", ""source_hash"": ""5776b29715e9a50cd9f500c1b53e676b5e8d4ed040d40ac02cad5f3eb90e7774"", ""edges"": 275, ""degree_min"": 5, ""degree_max"": 6, ""degree_mean"": 5.238095238095238, ""degree_std"": 0.4259177099999599, ""components"": 8, ""component_sizes"": [10, 10, 10, 15, 15, 15, 15, 15], ""max_component"": 15, ""local_assignments"": 166912, ""minfill_width"": 5, ""minfill_work"": 2328, ""minfill_order"": [0, 1, 2, 60, 61, 3, 4, 5, 62, 63, 6, 7, 8, 64, 65, 9, 10, 11, 66, 67, 12, 13, 14, 68, 69, 15, 16, 17, 70, 36, 37, 38, 71, 84, 85, 18, 19, 20, 72, 42, 43, 44, 73, 88, 89, 21, 22, 23, 74, 45, 46, 47, 75, 90, 91, 24, 25, 26, 76, 48, 49, 50, 77, 92, 93, 27, 28, 29, 78, 51, 52, 53, 79, 94, 95, 30, 31, 32, 80, 54, 55, 56, 81, 96, 97, 33, 34, 35, 82, 57, 58, 59, 83, 98, 99, 39, 40, 41, 86, 87, 100, 101, 102, 103, 104], ""energy_bound"": 275, ""root_bound"": 512, ""crt_primes"": 4, ""arithmetic_burden"": 4767744, ""coefficient_bound"": ""40564819207303340847894502572032"", ""coupling_multiplicities"": {""1"": 275}, ""symmetry"": ""not assumed"", ""degree_signature"": [5, 5, 5, 5, 5, 5, 5, 5, 5, 5, 5, 5, 5, 5, 5, 5, 5, 5, 5, 5, 5, 5, 5, 5, 5, 5, 5, 5, 5, 5, 5, 5, 5, 5, 5, 5, 5, 5, 5, 5, 5, 5, 5, 5, 5, 5, 5, 5, 5, 5, 5, 5, 5, 5, 5, 5, 5, 5, 5, 5, 5, 5, 5, 5, 5, 5, 5, 5, 5, 5, 5, 5, 5, 5, 5, 5, 5, 5, 5, 5, 6, 6, 6, 6, 6, 6, 6, 6, 6, 6, 6, 6, 6, 6, 6, 6, 6, 6, 6, 6, 6, 6, 6, 6, 6]}",,,,,
bfc4bd3883b43fe14ec2cfb4,N105,5776b29715e9a50cd9f500c1b53e676b5e8d4ed040d40ac02cad5f3eb90e7774,1a5a3f398978af9ec44f29e6dedde0caacb3eaa35df2a7da5f0aada620afb2bf,N105_P9G0_HISTORICAL_PACKET_RESTORATION_V1,46f1f2fd7b1710ed745060e45f24f9db60f681e8010208e52e657f6e531da178,"[0, 1, 60, 61]",b5075449eeaa00176fa42f3da9fdff93ddfd4bef5a814729e28ce1d431fd5fc2,,memo_components,LOCAL_FLINT_CPU,LOCAL_SINGLE_COORDINATOR_FLINT_CPU,WARM_NEW_SOURCE,FRESH_EXACT_SOLVE_WITH_INTERNAL_CHECKS_EXCLUDES_EXTERNAL_VERIFICATION,0,0,0,1,14,166912,16384,d5207e6b84fbabee961e83f3860a3bacaca585acd736c092903cacdfff692450,FLINT_EXACT_POLYNOMIAL,0,COMPLETE,OBSERVED_PATTERN,True,67603,4,4,CPU exact route includes its native polynomial readout/count checks; independently timed external verification excluded; no subprocess startup,deterministic retained-port-aware elimination or explicit component enumeration,,0.0230485110078007,0.0,0.0,0.0,,0.0,0.002471904968842864,0.10651268099900335,0.10651268099900335,0.0,9de7b208fe4f209920c654230adcf9f2dee04eb0623b668c36b69819079a50c3,"{""N"": 105, ""source_family"": ""N105_P9G0_HISTORICAL_PACKET_RESTORATION_V1"", ""graph_hash"": ""1a5a3f398978af9ec44f29e6dedde0caacb3eaa35df2a7da5f0aada620afb2bf"", ""source_hash"": ""5776b29715e9a50cd9f500c1b53e676b5e8d4ed040d40ac02cad5f3eb90e7774"", ""edges"": 275, ""degree_min"": 5, ""degree_max"": 6, ""degree_mean"": 5.238095238095238, ""degree_std"": 0.4259177099999599, ""components"": 8, ""component_sizes"": [10, 10, 10, 15, 15, 15, 15, 15], ""max_component"": 15, ""local_assignments"": 166912, ""minfill_width"": 5, ""minfill_work"": 2328, ""minfill_order"": [0, 1, 2, 60, 61, 3, 4, 5, 62, 63, 6, 7, 8, 64, 65, 9, 10, 11, 66, 67, 12, 13, 14, 68, 69, 15, 16, 17, 70, 36, 37, 38, 71, 84, 85, 18, 19, 20, 72, 42, 43, 44, 73, 88, 89, 21, 22, 23, 74, 45, 46, 47, 75, 90, 91, 24, 25, 26, 76, 48, 49, 50, 77, 92, 93, 27, 28, 29, 78, 51, 52, 53, 79, 94, 95, 30, 31, 32, 80, 54, 55, 56, 81, 96, 97, 33, 34, 35, 82, 57, 58, 59, 83, 98, 99, 39, 40, 41, 86, 87, 100, 101, 102, 103, 104], ""energy_bound"": 275, ""root_bound"": 512, ""crt_primes"": 4, ""arithmetic_burden"": 4767744, ""coefficient_bound"": ""40564819207303340847894502572032"", ""coupling_multiplicities"": {""1"": 275}, ""symmetry"": ""not assumed"", ""degree_signature"": [5, 5, 5, 5, 5, 5, 5, 5, 5, 5, 5, 5, 5, 5, 5, 5, 5, 5, 5, 5, 5, 5, 5, 5, 5, 5, 5, 5, 5, 5, 5, 5, 5, 5, 5, 5, 5, 5, 5, 5, 5, 5, 5, 5, 5, 5, 5, 5, 5, 5, 5, 5, 5, 5, 5, 5, 5, 5, 5, 5, 5, 5, 5, 5, 5, 5, 5, 5, 5, 5, 5, 5, 5, 5, 5, 5, 5, 5, 5, 5, 6, 6, 6, 6, 6, 6, 6, 6, 6, 6, 6, 6, 6, 6, 6, 6, 6, 6, 6, 6, 6, 6, 6, 6, 6]}",,,,,
bfc4bd3883b43fe14ec2cfb4,N105,5776b29715e9a50cd9f500c1b53e676b5e8d4ed040d40ac02cad5f3eb90e7774,1a5a3f398978af9ec44f29e6dedde0caacb3eaa35df2a7da5f0aada620afb2bf,N105_P9G0_HISTORICAL_PACKET_RESTORATION_V1,46f1f2fd7b1710ed745060e45f24f9db60f681e8010208e52e657f6e531da178,"[0, 1, 60, 61]",9f381cca28e40506d8ac88dfbef352c29577c82dd8927bb442bafa0c14a1d713,,warm_components,LOCAL_FLINT_CPU,LOCAL_SINGLE_COORDINATOR_FLINT_CPU,WARM_NEW_SOURCE,FRESH_EXACT_SOLVE_WITH_INTERNAL_CHECKS_EXCLUDES_EXTERNAL_VERIFICATION,0,0,0,1,14,166912,16384,d5207e6b84fbabee961e83f3860a3bacaca585acd736c092903cacdfff692450,FLINT_EXACT_POLYNOMIAL,0,COMPLETE,OBSERVED_PATTERN,True,67603,4,4,CPU exact route includes its native polynomial readout/count checks; independently timed external verification excluded; no subprocess startup,deterministic retained-port-aware elimination or explicit component enumeration,,0.0230485110078007,0.0,0.0,0.0,,0.0,0.0030179449822753668,0.11094627995043993,0.11094627995043993,0.0,9de7b208fe4f209920c654230adcf9f2dee04eb0623b668c36b69819079a50c3,"{""N"": 105, ""source_family"": ""N105_P9G0_HISTORICAL_PACKET_RESTORATION_V1"", ""graph_hash"": ""1a5a3f398978af9ec44f29e6dedde0caacb3eaa35df2a7da5f0aada620afb2bf"", ""source_hash"": ""5776b29715e9a50cd9f500c1b53e676b5e8d4ed040d40ac02cad5f3eb90e7774"", ""edges"": 275, ""degree_min"": 5, ""degree_max"": 6, ""degree_mean"": 5.238095238095238, ""degree_std"": 0.4259177099999599, ""components"": 8, ""component_sizes"": [10, 10, 10, 15, 15, 15, 15, 15], ""max_component"": 15, ""local_assignments"": 166912, ""minfill_width"": 5, ""minfill_work"": 2328, ""minfill_order"": [0, 1, 2, 60, 61, 3, 4, 5, 62, 63, 6, 7, 8, 64, 65, 9, 10, 11, 66, 67, 12, 13, 14, 68, 69, 15, 16, 17, 70, 36, 37, 38, 71, 84, 85, 18, 19, 20, 72, 42, 43, 44, 73, 88, 89, 21, 22, 23, 74, 45, 46, 47, 75, 90, 91, 24, 25, 26, 76, 48, 49, 50, 77, 92, 93, 27, 28, 29, 78, 51, 52, 53, 79, 94, 95, 30, 31, 32, 80, 54, 55, 56, 81, 96, 97, 33, 34, 35, 82, 57, 58, 59, 83, 98, 99, 39, 40, 41, 86, 87, 100, 101, 102, 103, 104], ""energy_bound"": 275, ""root_bound"": 512, ""crt_primes"": 4, ""arithmetic_burden"": 4767744, ""coefficient_bound"": ""40564819207303340847894502572032"", ""coupling_multiplicities"": {""1"": 275}, ""symmetry"": ""not assumed"", ""degree_signature"": [5, 5, 5, 5, 5, 5, 5, 5, 5, 5, 5, 5, 5, 5, 5, 5, 5, 5, 5, 5, 5, 5, 5, 5, 5, 5, 5, 5, 5, 5, 5, 5, 5, 5, 5, 5, 5, 5, 5, 5, 5, 5, 5, 5, 5, 5, 5, 5, 5, 5, 5, 5, 5, 5, 5, 5, 5, 5, 5, 5, 5, 5, 5, 5, 5, 5, 5, 5, 5, 5, 5, 5, 5, 5, 5, 5, 5, 5, 5, 5, 6, 6, 6, 6, 6, 6, 6, 6, 6, 6, 6, 6, 6, 6, 6, 6, 6, 6, 6, 6, 6, 6, 6, 6, 6]}",,,,,
bfc4bd3883b43fe14ec2cfb4,N105,5776b29715e9a50cd9f500c1b53e676b5e8d4ed040d40ac02cad5f3eb90e7774,1a5a3f398978af9ec44f29e6dedde0caacb3eaa35df2a7da5f0aada620afb2bf,N105_P9G0_HISTORICAL_PACKET_RESTORATION_V1,46f1f2fd7b1710ed745060e45f24f9db60f681e8010208e52e657f6e531da178,"[0, 1, 60, 61]",9f381cca28e40506d8ac88dfbef352c29577c82dd8927bb442bafa0c14a1d713,,warm_components,LOCAL_FLINT_CPU,LOCAL_SINGLE_COORDINATOR_FLINT_CPU,CACHE_REUSE,FRESH_EXACT_SOLVE_WITH_INTERNAL_CHECKS_EXCLUDES_EXTERNAL_VERIFICATION,0,0,0,1,14,166912,16384,d5207e6b84fbabee961e83f3860a3bacaca585acd736c092903cacdfff692450,FLINT_EXACT_POLYNOMIAL,1,COMPLETE,OBSERVED_PATTERN,True,0,8,0,CPU exact route includes its native polynomial readout/count checks; independently timed external verification excluded; no subprocess startup,deterministic retained-port-aware elimination or explicit component enumeration,,0.0230485110078007,0.0,0.0,0.0,,0.0,0.005467350012622774,0.02587813895661384,0.02587813895661384,0.0,9de7b208fe4f209920c654230adcf9f2dee04eb0623b668c36b69819079a50c3,"{""N"": 105, ""source_family"": ""N105_P9G0_HISTORICAL_PACKET_RESTORATION_V1"", ""graph_hash"": ""1a5a3f398978af9ec44f29e6dedde0caacb3eaa35df2a7da5f0aada620afb2bf"", ""source_hash"": ""5776b29715e9a50cd9f500c1b53e676b5e8d4ed040d40ac02cad5f3eb90e7774"", ""edges"": 275, ""degree_min"": 5, ""degree_max"": 6, ""degree_mean"": 5.238095238095238, ""degree_std"": 0.4259177099999599, ""components"": 8, ""component_sizes"": [10, 10, 10, 15, 15, 15, 15, 15], ""max_component"": 15, ""local_assignments"": 166912, ""minfill_width"": 5, ""minfill_work"": 2328, ""minfill_order"": [0, 1, 2, 60, 61, 3, 4, 5, 62, 63, 6, 7, 8, 64, 65, 9, 10, 11, 66, 67, 12, 13, 14, 68, 69, 15, 16, 17, 70, 36, 37, 38, 71, 84, 85, 18, 19, 20, 72, 42, 43, 44, 73, 88, 89, 21, 22, 23, 74, 45, 46, 47, 75, 90, 91, 24, 25, 26, 76, 48, 49, 50, 77, 92, 93, 27, 28, 29, 78, 51, 52, 53, 79, 94, 95, 30, 31, 32, 80, 54, 55, 56, 81, 96, 97, 33, 34, 35, 82, 57, 58, 59, 83, 98, 99, 39, 40, 41, 86, 87, 100, 101, 102, 103, 104], ""energy_bound"": 275, ""root_bound"": 512, ""crt_primes"": 4, ""arithmetic_burden"": 4767744, ""coefficient_bound"": ""40564819207303340847894502572032"", ""coupling_multiplicities"": {""1"": 275}, ""symmetry"": ""not assumed"", ""degree_signature"": [5, 5, 5, 5, 5, 5, 5, 5, 5, 5, 5, 5, 5, 5, 5, 5, 5, 5, 5, 5, 5, 5, 5, 5, 5, 5, 5, 5, 5, 5, 5, 5, 5, 5, 5, 5, 5, 5, 5, 5, 5, 5, 5, 5, 5, 5, 5, 5, 5, 5, 5, 5, 5, 5, 5, 5, 5, 5, 5, 5, 5, 5, 5, 5, 5, 5, 5, 5, 5, 5, 5, 5, 5, 5, 5, 5, 5, 5, 5, 5, 6, 6, 6, 6, 6, 6, 6, 6, 6, 6, 6, 6, 6, 6, 6, 6, 6, 6, 6, 6, 6, 6, 6, 6, 6]}",,,,,
bfc4bd3883b43fe14ec2cfb4,N105,5776b29715e9a50cd9f500c1b53e676b5e8d4ed040d40ac02cad5f3eb90e7774,1a5a3f398978af9ec44f29e6dedde0caacb3eaa35df2a7da5f0aada620afb2bf,N105_P9G0_HISTORICAL_PACKET_RESTORATION_V1,46f1f2fd7b1710ed745060e45f24f9db60f681e8010208e52e657f6e531da178,"[0, 1, 60, 61]",b5075449eeaa00176fa42f3da9fdff93ddfd4bef5a814729e28ce1d431fd5fc2,,memo_components,LOCAL_FLINT_CPU,LOCAL_SINGLE_COORDINATOR_FLINT_CPU,WARM_SAME_SOURCE,FRESH_EXACT_SOLVE_WITH_INTERNAL_CHECKS_EXCLUDES_EXTERNAL_VERIFICATION,0,0,0,1,14,166912,16384,d5207e6b84fbabee961e83f3860a3bacaca585acd736c092903cacdfff692450,FLINT_EXACT_POLYNOMIAL,1,COMPLETE,OBSERVED_PATTERN,True,67603,4,4,CPU exact route includes its native polynomial readout/count checks; independently timed external verification excluded; no subprocess startup,deterministic retained-port-aware elimination or explicit component enumeration,,0.0230485110078007,0.0,0.0,0.0,,0.0,0.0024764250265434384,0.10873080999590456,0.10873080999590456,0.0,9de7b208fe4f209920c654230adcf9f2dee04eb0623b668c36b69819079a50c3,"{""N"": 105, ""source_family"": ""N105_P9G0_HISTORICAL_PACKET_RESTORATION_V1"", ""graph_hash"": ""1a5a3f398978af9ec44f29e6dedde0caacb3eaa35df2a7da5f0aada620afb2bf"", ""source_hash"": ""5776b29715e9a50cd9f500c1b53e676b5e8d4ed040d40ac02cad5f3eb90e7774"", ""edges"": 275, ""degree_min"": 5, ""degree_max"": 6, ""degree_mean"": 5.238095238095238, ""degree_std"": 0.4259177099999599, ""components"": 8, ""component_sizes"": [10, 10, 10, 15, 15, 15, 15, 15], ""max_component"": 15, ""local_assignments"": 166912, ""minfill_width"": 5, ""minfill_work"": 2328, ""minfill_order"": [0, 1, 2, 60, 61, 3, 4, 5, 62, 63, 6, 7, 8, 64, 65, 9, 10, 11, 66, 67, 12, 13, 14, 68, 69, 15, 16, 17, 70, 36, 37, 38, 71, 84, 85, 18, 19, 20, 72, 42, 43, 44, 73, 88, 89, 21, 22, 23, 74, 45, 46, 47, 75, 90, 91, 24, 25, 26, 76, 48, 49, 50, 77, 92, 93, 27, 28, 29, 78, 51, 52, 53, 79, 94, 95, 30, 31, 32, 80, 54, 55, 56, 81, 96, 97, 33, 34, 35, 82, 57, 58, 59, 83, 98, 99, 39, 40, 41, 86, 87, 100, 101, 102, 103, 104], ""energy_bound"": 275, ""root_bound"": 512, ""crt_primes"": 4, ""arithmetic_burden"": 4767744, ""coefficient_bound"": ""40564819207303340847894502572032"", ""coupling_multiplicities"": {""1"": 275}, ""symmetry"": ""not assumed"", ""degree_signature"": [5, 5, 5, 5, 5, 5, 5, 5, 5, 5, 5, 5, 5, 5, 5, 5, 5, 5, 5, 5, 5, 5, 5, 5, 5, 5, 5, 5, 5, 5, 5, 5, 5, 5, 5, 5, 5, 5, 5, 5, 5, 5, 5, 5, 5, 5, 5, 5, 5, 5, 5, 5, 5, 5, 5, 5, 5, 5, 5, 5, 5, 5, 5, 5, 5, 5, 5, 5, 5, 5, 5, 5, 5, 5, 5, 5, 5, 5, 5, 5, 6, 6, 6, 6, 6, 6, 6, 6, 6, 6, 6, 6, 6, 6, 6, 6, 6, 6, 6, 6, 6, 6, 6, 6, 6]}",,,,,
bfc4bd3883b43fe14ec2cfb4,N105,5776b29715e9a50cd9f500c1b53e676b5e8d4ed040d40ac02cad5f3eb90e7774,1a5a3f398978af9ec44f29e6dedde0caacb3eaa35df2a7da5f0aada620afb2bf,N105_P9G0_HISTORICAL_PACKET_RESTORATION_V1,46f1f2fd7b1710ed745060e45f24f9db60f681e8010208e52e657f6e531da178,"[0, 1, 60, 61]",36f415dc55f796534a8292eff61c9d1ffba193f9b9c59e84c444064502b52234,,variable_elimination,LOCAL_FLINT_CPU,LOCAL_SINGLE_COORDINATOR_FLINT_CPU,WARM_SAME_SOURCE,FRESH_EXACT_SOLVE_WITH_INTERNAL_CHECKS_EXCLUDES_EXTERNAL_VERIFICATION,0,0,0,1,5,2313,32,d5207e6b84fbabee961e83f3860a3bacaca585acd736c092903cacdfff692450,FLINT_EXACT_POLYNOMIAL,1,COMPLETE,OBSERVED_PATTERN,True,28546,0,0,CPU exact route includes its native polynomial readout/count checks; independently timed external verification excluded; no subprocess startup,deterministic retained-port-aware elimination or explicit component enumeration,,0.0230485110078007,0.0,0.0,0.0,,0.0,0.0022822479950264096,0.024796778918243945,0.024796778918243945,0.0,9de7b208fe4f209920c654230adcf9f2dee04eb0623b668c36b69819079a50c3,"{""N"": 105, ""source_family"": ""N105_P9G0_HISTORICAL_PACKET_RESTORATION_V1"", ""graph_hash"": ""1a5a3f398978af9ec44f29e6dedde0caacb3eaa35df2a7da5f0aada620afb2bf"", ""source_hash"": ""5776b29715e9a50cd9f500c1b53e676b5e8d4ed040d40ac02cad5f3eb90e7774"", ""edges"": 275, ""degree_min"": 5, ""degree_max"": 6, ""degree_mean"": 5.238095238095238, ""degree_std"": 0.4259177099999599, ""components"": 8, ""component_sizes"": [10, 10, 10, 15, 15, 15, 15, 15], ""max_component"": 15, ""local_assignments"": 166912, ""minfill_width"": 5, ""minfill_work"": 2328, ""minfill_order"": [0, 1, 2, 60, 61, 3, 4, 5, 62, 63, 6, 7, 8, 64, 65, 9, 10, 11, 66, 67, 12, 13, 14, 68, 69, 15, 16, 17, 70, 36, 37, 38, 71, 84, 85, 18, 19, 20, 72, 42, 43, 44, 73, 88, 89, 21, 22, 23, 74, 45, 46, 47, 75, 90, 91, 24, 25, 26, 76, 48, 49, 50, 77, 92, 93, 27, 28, 29, 78, 51, 52, 53, 79, 94, 95, 30, 31, 32, 80, 54, 55, 56, 81, 96, 97, 33, 34, 35, 82, 57, 58, 59, 83, 98, 99, 39, 40, 41, 86, 87, 100, 101, 102, 103, 104], ""energy_bound"": 275, ""root_bound"": 512, ""crt_primes"": 4, ""arithmetic_burden"": 4767744, ""coefficient_bound"": ""40564819207303340847894502572032"", ""coupling_multiplicities"": {""1"": 275}, ""symmetry"": ""not assumed"", ""degree_signature"": [5, 5, 5, 5, 5, 5, 5, 5, 5, 5, 5, 5, 5, 5, 5, 5, 5, 5, 5, 5, 5, 5, 5, 5, 5, 5, 5, 5, 5, 5, 5, 5, 5, 5, 5, 5, 5, 5, 5, 5, 5, 5, 5, 5, 5, 5, 5, 5, 5, 5, 5, 5, 5, 5, 5, 5, 5, 5, 5, 5, 5, 5, 5, 5, 5, 5, 5, 5, 5, 5, 5, 5, 5, 5, 5, 5, 5, 5, 5, 5, 6, 6, 6, 6, 6, 6, 6, 6, 6, 6, 6, 6, 6, 6, 6, 6, 6, 6, 6, 6, 6, 6, 6, 6, 6]}",,,,,
bfc4bd3883b43fe14ec2cfb4,N105,5776b29715e9a50cd9f500c1b53e676b5e8d4ed040d40ac02cad5f3eb90e7774,1a5a3f398978af9ec44f29e6dedde0caacb3eaa35df2a7da5f0aada620afb2bf,N105_P9G0_HISTORICAL_PACKET_RESTORATION_V1,46f1f2fd7b1710ed745060e45f24f9db60f681e8010208e52e657f6e531da178,"[0, 1, 60, 61]",a0463e01376b218bbaeba8761671595b4c8d31e88eee47ba51f35a7328d1bb51,,components,LOCAL_FLINT_CPU,LOCAL_SINGLE_COORDINATOR_FLINT_CPU,WARM_SAME_SOURCE,FRESH_EXACT_SOLVE_WITH_INTERNAL_CHECKS_EXCLUDES_EXTERNAL_VERIFICATION,0,0,0,1,14,166912,16384,d5207e6b84fbabee961e83f3860a3bacaca585acd736c092903cacdfff692450,FLINT_EXACT_POLYNOMIAL,1,COMPLETE,OBSERVED_PATTERN,True,167040,0,0,CPU exact route includes its native polynomial readout/count checks; independently timed external verification excluded; no subprocess startup,deterministic retained-port-aware elimination or explicit component enumeration,,0.0230485110078007,0.0,0.0,0.0,,0.0,0.002602452994324267,0.23669246095232666,0.23669246095232666,0.0,9de7b208fe4f209920c654230adcf9f2dee04eb0623b668c36b69819079a50c3,"{""N"": 105, ""source_family"": ""N105_P9G0_HISTORICAL_PACKET_RESTORATION_V1"", ""graph_hash"": ""1a5a3f398978af9ec44f29e6dedde0caacb3eaa35df2a7da5f0aada620afb2bf"", ""source_hash"": ""5776b29715e9a50cd9f500c1b53e676b5e8d4ed040d40ac02cad5f3eb90e7774"", ""edges"": 275, ""degree_min"": 5, ""degree_max"": 6, ""degree_mean"": 5.238095238095238, ""degree_std"": 0.4259177099999599, ""components"": 8, ""component_sizes"": [10, 10, 10, 15, 15, 15, 15, 15], ""max_component"": 15, ""local_assignments"": 166912, ""minfill_width"": 5, ""minfill_work"": 2328, ""minfill_order"": [0, 1, 2, 60, 61, 3, 4, 5, 62, 63, 6, 7, 8, 64, 65, 9, 10, 11, 66, 67, 12, 13, 14, 68, 69, 15, 16, 17, 70, 36, 37, 38, 71, 84, 85, 18, 19, 20, 72, 42, 43, 44, 73, 88, 89, 21, 22, 23, 74, 45, 46, 47, 75, 90, 91, 24, 25, 26, 76, 48, 49, 50, 77, 92, 93, 27, 28, 29, 78, 51, 52, 53, 79, 94, 95, 30, 31, 32, 80, 54, 55, 56, 81, 96, 97, 33, 34, 35, 82, 57, 58, 59, 83, 98, 99, 39, 40, 41, 86, 87, 100, 101, 102, 103, 104], ""energy_bound"": 275, ""root_bound"": 512, ""crt_primes"": 4, ""arithmetic_burden"": 4767744, ""coefficient_bound"": ""40564819207303340847894502572032"", ""coupling_multiplicities"": {""1"": 275}, ""symmetry"": ""not assumed"", ""degree_signature"": [5, 5, 5, 5, 5, 5, 5, 5, 5, 5, 5, 5, 5, 5, 5, 5, 5, 5, 5, 5, 5, 5, 5, 5, 5, 5, 5, 5, 5, 5, 5, 5, 5, 5, 5, 5, 5, 5, 5, 5, 5, 5, 5, 5, 5, 5, 5, 5, 5, 5, 5, 5, 5, 5, 5, 5, 5, 5, 5, 5, 5, 5, 5, 5, 5, 5, 5, 5, 5, 5, 5, 5, 5, 5, 5, 5, 5, 5, 5, 5, 6, 6, 6, 6, 6, 6, 6, 6, 6, 6, 6, 6, 6, 6, 6, 6, 6, 6, 6, 6, 6, 6, 6, 6, 6]}",,,,,
bfc4bd3883b43fe14ec2cfb4,N105,5776b29715e9a50cd9f500c1b53e676b5e8d4ed040d40ac02cad5f3eb90e7774,1a5a3f398978af9ec44f29e6dedde0caacb3eaa35df2a7da5f0aada620afb2bf,N105_P9G0_HISTORICAL_PACKET_RESTORATION_V1,46f1f2fd7b1710ed745060e45f24f9db60f681e8010208e52e657f6e531da178,"[0, 1, 60, 61]",a0463e01376b218bbaeba8761671595b4c8d31e88eee47ba51f35a7328d1bb51,,components,LOCAL_FLINT_CPU,LOCAL_SINGLE_COORDINATOR_FLINT_CPU,WARM_SAME_SOURCE,FRESH_EXACT_SOLVE_WITH_INTERNAL_CHECKS_EXCLUDES_EXTERNAL_VERIFICATION,0,0,0,1,14,166912,16384,d5207e6b84fbabee961e83f3860a3bacaca585acd736c092903cacdfff692450,FLINT_EXACT_POLYNOMIAL,2,COMPLETE,OBSERVED_PATTERN,True,167040,0,0,CPU exact route includes its native polynomial readout/count checks; independently timed external verification excluded; no subprocess startup,deterministic retained-port-aware elimination or explicit component enumeration,,0.0230485110078007,0.0,0.0,0.0,,0.0,0.0026286719366908073,0.22585434699431062,0.22585434699431062,0.0,9de7b208fe4f209920c654230adcf9f2dee04eb0623b668c36b69819079a50c3,"{""N"": 105, ""source_family"": ""N105_P9G0_HISTORICAL_PACKET_RESTORATION_V1"", ""graph_hash"": ""1a5a3f398978af9ec44f29e6dedde0caacb3eaa35df2a7da5f0aada620afb2bf"", ""source_hash"": ""5776b29715e9a50cd9f500c1b53e676b5e8d4ed040d40ac02cad5f3eb90e7774"", ""edges"": 275, ""degree_min"": 5, ""degree_max"": 6, ""degree_mean"": 5.238095238095238, ""degree_std"": 0.4259177099999599, ""components"": 8, ""component_sizes"": [10, 10, 10, 15, 15, 15, 15, 15], ""max_component"": 15, ""local_assignments"": 166912, ""minfill_width"": 5, ""minfill_work"": 2328, ""minfill_order"": [0, 1, 2, 60, 61, 3, 4, 5, 62, 63, 6, 7, 8, 64, 65, 9, 10, 11, 66, 67, 12, 13, 14, 68, 69, 15, 16, 17, 70, 36, 37, 38, 71, 84, 85, 18, 19, 20, 72, 42, 43, 44, 73, 88, 89, 21, 22, 23, 74, 45, 46, 47, 75, 90, 91, 24, 25, 26, 76, 48, 49, 50, 77, 92, 93, 27, 28, 29, 78, 51, 52, 53, 79, 94, 95, 30, 31, 32, 80, 54, 55, 56, 81, 96, 97, 33, 34, 35, 82, 57, 58, 59, 83, 98, 99, 39, 40, 41, 86, 87, 100, 101, 102, 103, 104], ""energy_bound"": 275, ""root_bound"": 512, ""crt_primes"": 4, ""arithmetic_burden"": 4767744, ""coefficient_bound"": ""40564819207303340847894502572032"", ""coupling_multiplicities"": {""1"": 275}, ""symmetry"": ""not assumed"", ""degree_signature"": [5, 5, 5, 5, 5, 5, 5, 5, 5, 5, 5, 5, 5, 5, 5, 5, 5, 5, 5, 5, 5, 5, 5, 5, 5, 5, 5, 5, 5, 5, 5, 5, 5, 5, 5, 5, 5, 5, 5, 5, 5, 5, 5, 5, 5, 5, 5, 5, 5, 5, 5, 5, 5, 5, 5, 5, 5, 5, 5, 5, 5, 5, 5, 5, 5, 5, 5, 5, 5, 5, 5, 5, 5, 5, 5, 5, 5, 5, 5, 5, 6, 6, 6, 6, 6, 6, 6, 6, 6, 6, 6, 6, 6, 6, 6, 6, 6, 6, 6, 6, 6, 6, 6, 6, 6]}",,,,,
bfc4bd3883b43fe14ec2cfb4,N105,5776b29715e9a50cd9f500c1b53e676b5e8d4ed040d40ac02cad5f3eb90e7774,1a5a3f398978af9ec44f29e6dedde0caacb3eaa35df2a7da5f0aada620afb2bf,N105_P9G0_HISTORICAL_PACKET_RESTORATION_V1,46f1f2fd7b1710ed745060e45f24f9db60f681e8010208e52e657f6e531da178,"[0, 1, 60, 61]",36f415dc55f796534a8292eff61c9d1ffba193f9b9c59e84c444064502b52234,,variable_elimination,LOCAL_FLINT_CPU,LOCAL_SINGLE_COORDINATOR_FLINT_CPU,WARM_SAME_SOURCE,FRESH_EXACT_SOLVE_WITH_INTERNAL_CHECKS_EXCLUDES_EXTERNAL_VERIFICATION,0,0,0,1,5,2313,32,d5207e6b84fbabee961e83f3860a3bacaca585acd736c092903cacdfff692450,FLINT_EXACT_POLYNOMIAL,2,COMPLETE,OBSERVED_PATTERN,True,28546,0,0,CPU exact route includes its native polynomial readout/count checks; independently timed external verification excluded; no subprocess startup,deterministic retained-port-aware elimination or explicit component enumeration,,0.0230485110078007,0.0,0.0,0.0,,0.0,0.0023156870156526566,0.024245589040219784,0.024245589040219784,0.0,9de7b208fe4f209920c654230adcf9f2dee04eb0623b668c36b69819079a50c3,"{""N"": 105, ""source_family"": ""N105_P9G0_HISTORICAL_PACKET_RESTORATION_V1"", ""graph_hash"": ""1a5a3f398978af9ec44f29e6dedde0caacb3eaa35df2a7da5f0aada620afb2bf"", ""source_hash"": ""5776b29715e9a50cd9f500c1b53e676b5e8d4ed040d40ac02cad5f3eb90e7774"", ""edges"": 275, ""degree_min"": 5, ""degree_max"": 6, ""degree_mean"": 5.238095238095238, ""degree_std"": 0.4259177099999599, ""components"": 8, ""component_sizes"": [10, 10, 10, 15, 15, 15, 15, 15], ""max_component"": 15, ""local_assignments"": 166912, ""minfill_width"": 5, ""minfill_work"": 2328, ""minfill_order"": [0, 1, 2, 60, 61, 3, 4, 5, 62, 63, 6, 7, 8, 64, 65, 9, 10, 11, 66, 67, 12, 13, 14, 68, 69, 15, 16, 17, 70, 36, 37, 38, 71, 84, 85, 18, 19, 20, 72, 42, 43, 44, 73, 88, 89, 21, 22, 23, 74, 45, 46, 47, 75, 90, 91, 24, 25, 26, 76, 48, 49, 50, 77, 92, 93, 27, 28, 29, 78, 51, 52, 53, 79, 94, 95, 30, 31, 32, 80, 54, 55, 56, 81, 96, 97, 33, 34, 35, 82, 57, 58, 59, 83, 98, 99, 39, 40, 41, 86, 87, 100, 101, 102, 103, 104], ""energy_bound"": 275, ""root_bound"": 512, ""crt_primes"": 4, ""arithmetic_burden"": 4767744, ""coefficient_bound"": ""40564819207303340847894502572032"", ""coupling_multiplicities"": {""1"": 275}, ""symmetry"": ""not assumed"", ""degree_signature"": [5, 5, 5, 5, 5, 5, 5, 5, 5, 5, 5, 5, 5, 5, 5, 5, 5, 5, 5, 5, 5, 5, 5, 5, 5, 5, 5, 5, 5, 5, 5, 5, 5, 5, 5, 5, 5, 5, 5, 5, 5, 5, 5, 5, 5, 5, 5, 5, 5, 5, 5, 5, 5, 5, 5, 5, 5, 5, 5, 5, 5, 5, 5, 5, 5, 5, 5, 5, 5, 5, 5, 5, 5, 5, 5, 5, 5, 5, 5, 5, 6, 6, 6, 6, 6, 6, 6, 6, 6, 6, 6, 6, 6, 6, 6, 6, 6, 6, 6, 6, 6, 6, 6, 6, 6]}",,,,,
bfc4bd3883b43fe14ec2cfb4,N105,5776b29715e9a50cd9f500c1b53e676b5e8d4ed040d40ac02cad5f3eb90e7774,1a5a3f398978af9ec44f29e6dedde0caacb3eaa35df2a7da5f0aada620afb2bf,N105_P9G0_HISTORICAL_PACKET_RESTORATION_V1,46f1f2fd7b1710ed745060e45f24f9db60f681e8010208e52e657f6e531da178,"[0, 1, 60, 61]",b5075449eeaa00176fa42f3da9fdff93ddfd4bef5a814729e28ce1d431fd5fc2,,memo_components,LOCAL_FLINT_CPU,LOCAL_SINGLE_COORDINATOR_FLINT_CPU,WARM_SAME_SOURCE,FRESH_EXACT_SOLVE_WITH_INTERNAL_CHECKS_EXCLUDES_EXTERNAL_VERIFICATION,0,0,0,1,14,166912,16384,d5207e6b84fbabee961e83f3860a3bacaca585acd736c092903cacdfff692450,FLINT_EXACT_POLYNOMIAL,2,COMPLETE,OBSERVED_PATTERN,True,67603,4,4,CPU exact route includes its native polynomial readout/count checks; independently timed external verification excluded; no subprocess startup,deterministic retained-port-aware elimination or explicit component enumeration,,0.0230485110078007,0.0,0.0,0.0,,0.0,0.0025046339724212885,0.10557593696285039,0.10557593696285039,0.0,9de7b208fe4f209920c654230adcf9f2dee04eb0623b668c36b69819079a50c3,"{""N"": 105, ""source_family"": ""N105_P9G0_HISTORICAL_PACKET_RESTORATION_V1"", ""graph_hash"": ""1a5a3f398978af9ec44f29e6dedde0caacb3eaa35df2a7da5f0aada620afb2bf"", ""source_hash"": ""5776b29715e9a50cd9f500c1b53e676b5e8d4ed040d40ac02cad5f3eb90e7774"", ""edges"": 275, ""degree_min"": 5, ""degree_max"": 6, ""degree_mean"": 5.238095238095238, ""degree_std"": 0.4259177099999599, ""components"": 8, ""component_sizes"": [10, 10, 10, 15, 15, 15, 15, 15], ""max_component"": 15, ""local_assignments"": 166912, ""minfill_width"": 5, ""minfill_work"": 2328, ""minfill_order"": [0, 1, 2, 60, 61, 3, 4, 5, 62, 63, 6, 7, 8, 64, 65, 9, 10, 11, 66, 67, 12, 13, 14, 68, 69, 15, 16, 17, 70, 36, 37, 38, 71, 84, 85, 18, 19, 20, 72, 42, 43, 44, 73, 88, 89, 21, 22, 23, 74, 45, 46, 47, 75, 90, 91, 24, 25, 26, 76, 48, 49, 50, 77, 92, 93, 27, 28, 29, 78, 51, 52, 53, 79, 94, 95, 30, 31, 32, 80, 54, 55, 56, 81, 96, 97, 33, 34, 35, 82, 57, 58, 59, 83, 98, 99, 39, 40, 41, 86, 87, 100, 101, 102, 103, 104], ""energy_bound"": 275, ""root_bound"": 512, ""crt_primes"": 4, ""arithmetic_burden"": 4767744, ""coefficient_bound"": ""40564819207303340847894502572032"", ""coupling_multiplicities"": {""1"": 275}, ""symmetry"": ""not assumed"", ""degree_signature"": [5, 5, 5, 5, 5, 5, 5, 5, 5, 5, 5, 5, 5, 5, 5, 5, 5, 5, 5, 5, 5, 5, 5, 5, 5, 5, 5, 5, 5, 5, 5, 5, 5, 5, 5, 5, 5, 5, 5, 5, 5, 5, 5, 5, 5, 5, 5, 5, 5, 5, 5, 5, 5, 5, 5, 5, 5, 5, 5, 5, 5, 5, 5, 5, 5, 5, 5, 5, 5, 5, 5, 5, 5, 5, 5, 5, 5, 5, 5, 5, 6, 6, 6, 6, 6, 6, 6, 6, 6, 6, 6, 6, 6, 6, 6, 6, 6, 6, 6, 6, 6, 6, 6, 6, 6]}",,,,,
bfc4bd3883b43fe14ec2cfb4,N105,5776b29715e9a50cd9f500c1b53e676b5e8d4ed040d40ac02cad5f3eb90e7774,1a5a3f398978af9ec44f29e6dedde0caacb3eaa35df2a7da5f0aada620afb2bf,N105_P9G0_HISTORICAL_PACKET_RESTORATION_V1,46f1f2fd7b1710ed745060e45f24f9db60f681e8010208e52e657f6e531da178,"[0, 1, 60, 61]",9f381cca28e40506d8ac88dfbef352c29577c82dd8927bb442bafa0c14a1d713,,warm_components,LOCAL_FLINT_CPU,LOCAL_SINGLE_COORDINATOR_FLINT_CPU,CACHE_REUSE,FRESH_EXACT_SOLVE_WITH_INTERNAL_CHECKS_EXCLUDES_EXTERNAL_VERIFICATION,0,0,0,1,14,166912,16384,d5207e6b84fbabee961e83f3860a3bacaca585acd736c092903cacdfff692450,FLINT_EXACT_POLYNOMIAL,2,COMPLETE,OBSERVED_PATTERN,True,0,8,0,CPU exact route includes its native polynomial readout/count checks; independently timed external verification excluded; no subprocess startup,deterministic retained-port-aware elimination or explicit component enumeration,,0.0230485110078007,0.0,0.0,0.0,,0.0,0.0022106600226834416,0.014049643999896944,0.014049643999896944,0.0,9de7b208fe4f209920c654230adcf9f2dee04eb0623b668c36b69819079a50c3,"{""N"": 105, ""source_family"": ""N105_P9G0_HISTORICAL_PACKET_RESTORATION_V1"", ""graph_hash"": ""1a5a3f398978af9ec44f29e6dedde0caacb3eaa35df2a7da5f0aada620afb2bf"", ""source_hash"": ""5776b29715e9a50cd9f500c1b53e676b5e8d4ed040d40ac02cad5f3eb90e7774"", ""edges"": 275, ""degree_min"": 5, ""degree_max"": 6, ""degree_mean"": 5.238095238095238, ""degree_std"": 0.4259177099999599, ""components"": 8, ""component_sizes"": [10, 10, 10, 15, 15, 15, 15, 15], ""max_component"": 15, ""local_assignments"": 166912, ""minfill_width"": 5, ""minfill_work"": 2328, ""minfill_order"": [0, 1, 2, 60, 61, 3, 4, 5, 62, 63, 6, 7, 8, 64, 65, 9, 10, 11, 66, 67, 12, 13, 14, 68, 69, 15, 16, 17, 70, 36, 37, 38, 71, 84, 85, 18, 19, 20, 72, 42, 43, 44, 73, 88, 89, 21, 22, 23, 74, 45, 46, 47, 75, 90, 91, 24, 25, 26, 76, 48, 49, 50, 77, 92, 93, 27, 28, 29, 78, 51, 52, 53, 79, 94, 95, 30, 31, 32, 80, 54, 55, 56, 81, 96, 97, 33, 34, 35, 82, 57, 58, 59, 83, 98, 99, 39, 40, 41, 86, 87, 100, 101, 102, 103, 104], ""energy_bound"": 275, ""root_bound"": 512, ""crt_primes"": 4, ""arithmetic_burden"": 4767744, ""coefficient_bound"": ""40564819207303340847894502572032"", ""coupling_multiplicities"": {""1"": 275}, ""symmetry"": ""not assumed"", ""degree_signature"": [5, 5, 5, 5, 5, 5, 5, 5, 5, 5, 5, 5, 5, 5, 5, 5, 5, 5, 5, 5, 5, 5, 5, 5, 5, 5, 5, 5, 5, 5, 5, 5, 5, 5, 5, 5, 5, 5, 5, 5, 5, 5, 5, 5, 5, 5, 5, 5, 5, 5, 5, 5, 5, 5, 5, 5, 5, 5, 5, 5, 5, 5, 5, 5, 5, 5, 5, 5, 5, 5, 5, 5, 5, 5, 5, 5, 5, 5, 5, 5, 6, 6, 6, 6, 6, 6, 6, 6, 6, 6, 6, 6, 6, 6, 6, 6, 6, 6, 6, 6, 6, 6, 6, 6, 6]}",,,,,
07038db5aac24bb7e823e742,N072,2c949e8f79d3db8e94006a1e043cf1865a85042263efe0e3794f0385ac4e8ff4,645ec4b5f11db7d843704080284a94872bc81e317cd1f3a9150949add7913874,N96_INDUCED_TRANSITION_LADDER_V1,f2f991d74dfbb2edf7f4475dcb7d82989de00a71e44bb11d4a6fbb49442577b6,"[0, 1, 2, 3]",0a97dafbbf7cec197eedf4a4e42a4a9c12016d00e6b90bbb1e3d91a527971fce,017641906e7f6fc870196e5ffd95c6cc58471502d4a162f385413926d500bcf0,tie_portfolio,COOP14_MIG_BRANCH_GROUP,1d2a6f95014703ca171206e42701c52355b89dab08ba0a9b72b3d193a3b620d4,WARM_SAME_SOURCE,FRESH_EXACT_SOLVE_WITH_INTERNAL_CHECKS_EXCLUDES_EXTERNAL_VERIFICATION,16,512,3,1,13,37446,8192,d5207e6b84fbabee961e83f3860a3bacaca585acd736c092903cacdfff692450,NUMPY_BATCHED_INVERSE_NTT_INTEGER_CRT,1,COMPLETE,OBSERVED_PATTERN,True,,,,,,5459968,1.1244570659473538,0.006868715048767626,0.053221361,0.018727809,0.0018803859129548073,0.007730949087045193,0.005198265076614916,0.081637483,,0.0,8b777c8d39398abd04cbe8f8f4708678831da85ebdd000cacf07d5dfe9606516,"{""N"": 72, ""source_family"": ""N96_INDUCED_TRANSITION_LADDER_V1"", ""graph_hash"": ""645ec4b5f11db7d843704080284a94872bc81e317cd1f3a9150949add7913874"", ""source_hash"": ""2c949e8f79d3db8e94006a1e043cf1865a85042263efe0e3794f0385ac4e8ff4"", ""edges"": 132, ""degree_min"": 1, ""degree_max"": 5, ""degree_mean"": 3.6666666666666665, ""degree_std"": 0.927960727138337, ""components"": 1, ""component_sizes"": [72], ""max_component"": 72, ""local_assignments"": 4722366482869645213696, ""minfill_width"": 13, ""minfill_work"": 43537, ""minfill_order"": [25, 1, 11, 62, 60, 15, 20, 29, 0, 3, 6, 23, 27, 31, 32, 34, 37, 39, 52, 41, 42, 43, 64, 48, 59, 68, 8, 50, 24, 17, 33, 38, 47, 66, 69, 7, 45, 63, 9, 70, 58, 18, 51, 61, 46, 16, 10, 2, 4, 5, 26, 12, 30, 65, 19, 14, 44, 54, 13, 21, 22, 28, 35, 36, 40, 49, 53, 55, 56, 57, 67, 71], ""energy_bound"": 349, ""root_bound"": 512, ""crt_primes"": 3, ""arithmetic_burden"": 66872832, ""coefficient_bound"": ""4722366482869645213696"", ""coupling_multiplicities"": {""3"": 30, ""-1"": 23, ""-2"": 23, ""1"": 24, ""-3"": 15, ""2"": 17}, ""symmetry"": ""not assumed"", ""degree_signature"": [1, 2, 2, 2, 2, 3, 3, 3, 3, 3, 3, 3, 3, 3, 3, 3, 3, 3, 3, 3, 3, 3, 3, 3, 3, 3, 3, 3, 3, 3, 3, 3, 3, 3, 4, 4, 4, 4, 4, 4, 4, 4, 4, 4, 4, 4, 4, 4, 4, 4, 4, 4, 4, 4, 4, 4, 5, 5, 5, 5, 5, 5, 5, 5, 5, 5, 5, 5, 5, 5, 5, 5]}",407280,"[52419, 52420, 52421, 52422, 52423, 52424, 52425, 52426, 52427, 52428, 52429, 52430, 52431, 52432]","[80, 96, 96, 96, 96, 112, 144, 112, 96, 96, 176, 80, 160, 96]",WARM_SAME_SOURCE,focused
07038db5aac24bb7e823e742,N072,2c949e8f79d3db8e94006a1e043cf1865a85042263efe0e3794f0385ac4e8ff4,645ec4b5f11db7d843704080284a94872bc81e317cd1f3a9150949add7913874,N96_INDUCED_TRANSITION_LADDER_V1,f2f991d74dfbb2edf7f4475dcb7d82989de00a71e44bb11d4a6fbb49442577b6,"[0, 1, 2, 3]",0a97dafbbf7cec197eedf4a4e42a4a9c12016d00e6b90bbb1e3d91a527971fce,017641906e7f6fc870196e5ffd95c6cc58471502d4a162f385413926d500bcf0,tie_portfolio,COOP14_MIG_BRANCH_GROUP,1d2a6f95014703ca171206e42701c52355b89dab08ba0a9b72b3d193a3b620d4,WARM_SAME_SOURCE,FRESH_EXACT_SOLVE_WITH_INTERNAL_CHECKS_EXCLUDES_EXTERNAL_VERIFICATION,16,512,3,1,13,37446,8192,d5207e6b84fbabee961e83f3860a3bacaca585acd736c092903cacdfff692450,NUMPY_BATCHED_INVERSE_NTT_INTEGER_CRT,2,COMPLETE,OBSERVED_PATTERN,True,,,,,,5459968,1.1244570659473538,0.006868715048767626,0.060579087,0.021110086,0.003318689181469381,0.012160858818530618,0.005447251023724675,0.097292079,,0.0,8b777c8d39398abd04cbe8f8f4708678831da85ebdd000cacf07d5dfe9606516,"{""N"": 72, ""source_family"": ""N96_INDUCED_TRANSITION_LADDER_V1"", ""graph_hash"": ""645ec4b5f11db7d843704080284a94872bc81e317cd1f3a9150949add7913874"", ""source_hash"": ""2c949e8f79d3db8e94006a1e043cf1865a85042263efe0e3794f0385ac4e8ff4"", ""edges"": 132, ""degree_min"": 1, ""degree_max"": 5, ""degree_mean"": 3.6666666666666665, ""degree_std"": 0.927960727138337, ""components"": 1, ""component_sizes"": [72], ""max_component"": 72, ""local_assignments"": 4722366482869645213696, ""minfill_width"": 13, ""minfill_work"": 43537, ""minfill_order"": [25, 1, 11, 62, 60, 15, 20, 29, 0, 3, 6, 23, 27, 31, 32, 34, 37, 39, 52, 41, 42, 43, 64, 48, 59, 68, 8, 50, 24, 17, 33, 38, 47, 66, 69, 7, 45, 63, 9, 70, 58, 18, 51, 61, 46, 16, 10, 2, 4, 5, 26, 12, 30, 65, 19, 14, 44, 54, 13, 21, 22, 28, 35, 36, 40, 49, 53, 55, 56, 57, 67, 71], ""energy_bound"": 349, ""root_bound"": 512, ""crt_primes"": 3, ""arithmetic_burden"": 66872832, ""coefficient_bound"": ""4722366482869645213696"", ""coupling_multiplicities"": {""3"": 30, ""-1"": 23, ""-2"": 23, ""1"": 24, ""-3"": 15, ""2"": 17}, ""symmetry"": ""not assumed"", ""degree_signature"": [1, 2, 2, 2, 2, 3, 3, 3, 3, 3, 3, 3, 3, 3, 3, 3, 3, 3, 3, 3, 3, 3, 3, 3, 3, 3, 3, 3, 3, 3, 3, 3, 3, 3, 4, 4, 4, 4, 4, 4, 4, 4, 4, 4, 4, 4, 4, 4, 4, 4, 4, 4, 4, 4, 4, 4, 5, 5, 5, 5, 5, 5, 5, 5, 5, 5, 5, 5, 5, 5, 5, 5]}",407280,"[52419, 52420, 52421, 52422, 52423, 52424, 52425, 52426, 52427, 52428, 52429, 52430, 52431, 52432]","[80, 176, 80, 128, 192, 80, 80, 80, 128, 112, 80, 128, 112, 80]",WARM_SAME_SOURCE,focused
07038db5aac24bb7e823e742,N072,2c949e8f79d3db8e94006a1e043cf1865a85042263efe0e3794f0385ac4e8ff4,645ec4b5f11db7d843704080284a94872bc81e317cd1f3a9150949add7913874,N96_INDUCED_TRANSITION_LADDER_V1,f2f991d74dfbb2edf7f4475dcb7d82989de00a71e44bb11d4a6fbb49442577b6,"[0, 1, 2, 3]",0a97dafbbf7cec197eedf4a4e42a4a9c12016d00e6b90bbb1e3d91a527971fce,017641906e7f6fc870196e5ffd95c6cc58471502d4a162f385413926d500bcf0,tie_portfolio,COOP14_MIG_BRANCH_GROUP,1d2a6f95014703ca171206e42701c52355b89dab08ba0a9b72b3d193a3b620d4,WARM_SAME_SOURCE,FRESH_EXACT_SOLVE_WITH_INTERNAL_CHECKS_EXCLUDES_EXTERNAL_VERIFICATION,16,512,3,1,13,37446,8192,d5207e6b84fbabee961e83f3860a3bacaca585acd736c092903cacdfff692450,NUMPY_BATCHED_INVERSE_NTT_INTEGER_CRT,3,COMPLETE,OBSERVED_PATTERN,True,,,,,,5459968,1.1244570659473538,0.006868715048767626,0.078354494,0.02137664,0.0034154088934883475,0.012200117106511652,0.005052878055721521,0.115476868,,0.0,8b777c8d39398abd04cbe8f8f4708678831da85ebdd000cacf07d5dfe9606516,"{""N"": 72, ""source_family"": ""N96_INDUCED_TRANSITION_LADDER_V1"", ""graph_hash"": ""645ec4b5f11db7d843704080284a94872bc81e317cd1f3a9150949add7913874"", ""source_hash"": ""2c949e8f79d3db8e94006a1e043cf1865a85042263efe0e3794f0385ac4e8ff4"", ""edges"": 132, ""degree_min"": 1, ""degree_max"": 5, ""degree_mean"": 3.6666666666666665, ""degree_std"": 0.927960727138337, ""components"": 1, ""component_sizes"": [72], ""max_component"": 72, ""local_assignments"": 4722366482869645213696, ""minfill_width"": 13, ""minfill_work"": 43537, ""minfill_order"": [25, 1, 11, 62, 60, 15, 20, 29, 0, 3, 6, 23, 27, 31, 32, 34, 37, 39, 52, 41, 42, 43, 64, 48, 59, 68, 8, 50, 24, 17, 33, 38, 47, 66, 69, 7, 45, 63, 9, 70, 58, 18, 51, 61, 46, 16, 10, 2, 4, 5, 26, 12, 30, 65, 19, 14, 44, 54, 13, 21, 22, 28, 35, 36, 40, 49, 53, 55, 56, 57, 67, 71], ""energy_bound"": 349, ""root_bound"": 512, ""crt_primes"": 3, ""arithmetic_burden"": 66872832, ""coefficient_bound"": ""4722366482869645213696"", ""coupling_multiplicities"": {""3"": 30, ""-1"": 23, ""-2"": 23, ""1"": 24, ""-3"": 15, ""2"": 17}, ""symmetry"": ""not assumed"", ""degree_signature"": [1, 2, 2, 2, 2, 3, 3, 3, 3, 3, 3, 3, 3, 3, 3, 3, 3, 3, 3, 3, 3, 3, 3, 3, 3, 3, 3, 3, 3, 3, 3, 3, 3, 3, 4, 4, 4, 4, 4, 4, 4, 4, 4, 4, 4, 4, 4, 4, 4, 4, 4, 4, 4, 4, 4, 4, 5, 5, 5, 5, 5, 5, 5, 5, 5, 5, 5, 5, 5, 5, 5, 5]}",407280,"[52419, 52420, 52421, 52422, 52423, 52424, 52425, 52426, 52427, 52428, 52429, 52430, 52431, 52432]","[144, 96, 96, 112, 160, 128, 80, 64, 176, 64, 144, 96, 96, 80]",WARM_SAME_SOURCE,focused
9dde4ca1719442aae86d0d44,N084,a9276261b491353b7a97dfe6fa8053ce22f644b61fc21d0b3c8e160a13727b0c,87e50f929aae0668d5104e5418201bb1a55e05f9990e161d8608b4272056b2f4,N96_INDUCED_TRANSITION_LADDER_V1,f2f991d74dfbb2edf7f4475dcb7d82989de00a71e44bb11d4a6fbb49442577b6,"[0, 1, 2, 3]",df459afe4918c4a5d2601a5fc00975c11aee6d4fd21a1ef6c4aa65578eb9404b,9f27ccc3889c6e14860e169491c096f1b7f9264d9e9daa25ad5d912e43e99648,expanded_portfolio,COOP14_MIG_BRANCH_GROUP,1d2a6f95014703ca171206e42701c52355b89dab08ba0a9b72b3d193a3b620d4,WARM_SAME_SOURCE,FRESH_EXACT_SOLVE_WITH_INTERNAL_CHECKS_EXCLUDES_EXTERNAL_VERIFICATION,16,512,3,8,16,4066208,65536,d5207e6b84fbabee961e83f3860a3bacaca585acd736c092903cacdfff692450,NUMPY_BATCHED_INVERSE_NTT_INTEGER_CRT,1,COMPLETE,OBSERVED_PATTERN,True,,,,,,72135680,2.756655086996034,0.017388643929734826,0.255524847,0.089185186,0.00477193295955658,0.02869194804044342,0.006994882016442716,0.37840726,,0.0,c3fd9c86bbc441f4e170d8c75189db0f271a4aaaaefeffffee315ea3b0aa0401,"{""N"": 84, ""source_family"": ""N96_INDUCED_TRANSITION_LADDER_V1"", ""graph_hash"": ""87e50f929aae0668d5104e5418201bb1a55e05f9990e161d8608b4272056b2f4"", ""source_hash"": ""a9276261b491353b7a97dfe6fa8053ce22f644b61fc21d0b3c8e160a13727b0c"", ""edges"": 183, ""degree_min"": 2, ""degree_max"": 5, ""degree_mean"": 4.357142857142857, ""degree_std"": 0.7342449497671083, ""components"": 1, ""component_sizes"": [84], ""max_component"": 84, ""local_assignments"": 19342813113834066795298816, ""minfill_width"": 22, ""minfill_work"": 15123219, ""minfill_order"": [60, 15, 20, 0, 6, 12, 32, 41, 51, 59, 64, 50, 34, 62, 11, 76, 82, 24, 3, 25, 33, 38, 48, 63, 67, 39, 8, 16, 47, 68, 19, 56, 37, 69, 55, 65, 7, 43, 2, 52, 40, 66, 17, 77, 22, 58, 72, 79, 42, 9, 61, 75, 10, 73, 78, 27, 74, 46, 57, 35, 36, 1, 4, 5, 13, 14, 18, 21, 23, 26, 28, 29, 30, 31, 44, 45, 49, 53, 54, 70, 71, 80, 81, 83], ""energy_bound"": 460, ""root_bound"": 512, ""crt_primes"": 3, ""arithmetic_burden"": 23229264384, ""coefficient_bound"": ""19342813113834066795298816"", ""coupling_multiplicities"": {""3"": 34, ""-1"": 35, ""-2"": 32, ""1"": 34, ""-3"": 24, ""2"": 24}, ""symmetry"": ""not assumed"", ""degree_signature"": [2, 3, 3, 3, 3, 3, 3, 3, 3, 3, 3, 4, 4, 4, 4, 4, 4, 4, 4, 4, 4, 4, 4, 4, 4, 4, 4, 4, 4, 4, 4, 4, 4, 4, 4, 4, 4, 4, 4, 4, 4, 4, 5, 5, 5, 5, 5, 5, 5, 5, 5, 5, 5, 5, 5, 5, 5, 5, 5, 5, 5, 5, 5, 5, 5, 5, 5, 5, 5, 5, 5, 5, 5, 5, 5, 5, 5, 5, 5, 5, 5, 5, 5, 5]}",5424144,"[52752, 52753, 52754, 52755, 52756, 52757, 52758, 52759, 52760, 52761, 52762, 52763, 52764, 52765]","[112, 112, 112, 112, 112, 96, 112, 112, 96, 112, 112, 112, 112, 112]",WARM_SAME_SOURCE,focused
9dde4ca1719442aae86d0d44,N084,a9276261b491353b7a97dfe6fa8053ce22f644b61fc21d0b3c8e160a13727b0c,87e50f929aae0668d5104e5418201bb1a55e05f9990e161d8608b4272056b2f4,N96_INDUCED_TRANSITION_LADDER_V1,f2f991d74dfbb2edf7f4475dcb7d82989de00a71e44bb11d4a6fbb49442577b6,"[0, 1, 2, 3]",df459afe4918c4a5d2601a5fc00975c11aee6d4fd21a1ef6c4aa65578eb9404b,9f27ccc3889c6e14860e169491c096f1b7f9264d9e9daa25ad5d912e43e99648,expanded_portfolio,COOP14_MIG_BRANCH_GROUP,1d2a6f95014703ca171206e42701c52355b89dab08ba0a9b72b3d193a3b620d4,WARM_SAME_SOURCE,FRESH_EXACT_SOLVE_WITH_INTERNAL_CHECKS_EXCLUDES_EXTERNAL_VERIFICATION,16,512,3,8,16,4066208,65536,d5207e6b84fbabee961e83f3860a3bacaca585acd736c092903cacdfff692450,NUMPY_BATCHED_INVERSE_NTT_INTEGER_CRT,2,COMPLETE,OBSERVED_PATTERN,True,,,,,,72135680,2.756655086996034,0.017388643929734826,0.226013704,0.090892155,0.004704055027104914,0.019051382972895086,0.006277475971728563,0.340809184,,0.0,c3fd9c86bbc441f4e170d8c75189db0f271a4aaaaefeffffee315ea3b0aa0401,"{""N"": 84, ""source_family"": ""N96_INDUCED_TRANSITION_LADDER_V1"", ""graph_hash"": ""87e50f929aae0668d5104e5418201bb1a55e05f9990e161d8608b4272056b2f4"", ""source_hash"": ""a9276261b491353b7a97dfe6fa8053ce22f644b61fc21d0b3c8e160a13727b0c"", ""edges"": 183, ""degree_min"": 2, ""degree_max"": 5, ""degree_mean"": 4.357142857142857, ""degree_std"": 0.7342449497671083, ""components"": 1, ""component_sizes"": [84], ""max_component"": 84, ""local_assignments"": 19342813113834066795298816, ""minfill_width"": 22, ""minfill_work"": 15123219, ""minfill_order"": [60, 15, 20, 0, 6, 12, 32, 41, 51, 59, 64, 50, 34, 62, 11, 76, 82, 24, 3, 25, 33, 38, 48, 63, 67, 39, 8, 16, 47, 68, 19, 56, 37, 69, 55, 65, 7, 43, 2, 52, 40, 66, 17, 77, 22, 58, 72, 79, 42, 9, 61, 75, 10, 73, 78, 27, 74, 46, 57, 35, 36, 1, 4, 5, 13, 14, 18, 21, 23, 26, 28, 29, 30, 31, 44, 45, 49, 53, 54, 70, 71, 80, 81, 83], ""energy_bound"": 460, ""root_bound"": 512, ""crt_primes"": 3, ""arithmetic_burden"": 23229264384, ""coefficient_bound"": ""19342813113834066795298816"", ""coupling_multiplicities"": {""3"": 34, ""-1"": 35, ""-2"": 32, ""1"": 34, ""-3"": 24, ""2"": 24}, ""symmetry"": ""not assumed"", ""degree_signature"": [2, 3, 3, 3, 3, 3, 3, 3, 3, 3, 3, 4, 4, 4, 4, 4, 4, 4, 4, 4, 4, 4, 4, 4, 4, 4, 4, 4, 4, 4, 4, 4, 4, 4, 4, 4, 4, 4, 4, 4, 4, 4, 5, 5, 5, 5, 5, 5, 5, 5, 5, 5, 5, 5, 5, 5, 5, 5, 5, 5, 5, 5, 5, 5, 5, 5, 5, 5, 5, 5, 5, 5, 5, 5, 5, 5, 5, 5, 5, 5, 5, 5, 5, 5]}",5424144,"[52752, 52753, 52754, 52755, 52756, 52757, 52758, 52759, 52760, 52761, 52762, 52763, 52764, 52765]","[112, 112, 112, 112, 112, 96, 96, 112, 112, 112, 112, 112, 112, 112]",WARM_SAME_SOURCE,focused
9dde4ca1719442aae86d0d44,N084,a9276261b491353b7a97dfe6fa8053ce22f644b61fc21d0b3c8e160a13727b0c,87e50f929aae0668d5104e5418201bb1a55e05f9990e161d8608b4272056b2f4,N96_INDUCED_TRANSITION_LADDER_V1,f2f991d74dfbb2edf7f4475dcb7d82989de00a71e44bb11d4a6fbb49442577b6,"[0, 1, 2, 3]",df459afe4918c4a5d2601a5fc00975c11aee6d4fd21a1ef6c4aa65578eb9404b,9f27ccc3889c6e14860e169491c096f1b7f9264d9e9daa25ad5d912e43e99648,expanded_portfolio,COOP14_MIG_BRANCH_GROUP,1d2a6f95014703ca171206e42701c52355b89dab08ba0a9b72b3d193a3b620d4,WARM_SAME_SOURCE,FRESH_EXACT_SOLVE_WITH_INTERNAL_CHECKS_EXCLUDES_EXTERNAL_VERIFICATION,16,512,3,8,16,4066208,65536,d5207e6b84fbabee961e83f3860a3bacaca585acd736c092903cacdfff692450,NUMPY_BATCHED_INVERSE_NTT_INTEGER_CRT,3,COMPLETE,OBSERVED_PATTERN,True,,,,,,72135680,2.756655086996034,0.017388643929734826,0.235665739,0.088775814,0.004749964107759297,0.019931505892240704,0.007053342065773904,0.34928297,,0.0,c3fd9c86bbc441f4e170d8c75189db0f271a4aaaaefeffffee315ea3b0aa0401,"{""N"": 84, ""source_family"": ""N96_INDUCED_TRANSITION_LADDER_V1"", ""graph_hash"": ""87e50f929aae0668d5104e5418201bb1a55e05f9990e161d8608b4272056b2f4"", ""source_hash"": ""a9276261b491353b7a97dfe6fa8053ce22f644b61fc21d0b3c8e160a13727b0c"", ""edges"": 183, ""degree_min"": 2, ""degree_max"": 5, ""degree_mean"": 4.357142857142857, ""degree_std"": 0.7342449497671083, ""components"": 1, ""component_sizes"": [84], ""max_component"": 84, ""local_assignments"": 19342813113834066795298816, ""minfill_width"": 22, ""minfill_work"": 15123219, ""minfill_order"": [60, 15, 20, 0, 6, 12, 32, 41, 51, 59, 64, 50, 34, 62, 11, 76, 82, 24, 3, 25, 33, 38, 48, 63, 67, 39, 8, 16, 47, 68, 19, 56, 37, 69, 55, 65, 7, 43, 2, 52, 40, 66, 17, 77, 22, 58, 72, 79, 42, 9, 61, 75, 10, 73, 78, 27, 74, 46, 57, 35, 36, 1, 4, 5, 13, 14, 18, 21, 23, 26, 28, 29, 30, 31, 44, 45, 49, 53, 54, 70, 71, 80, 81, 83], ""energy_bound"": 460, ""root_bound"": 512, ""crt_primes"": 3, ""arithmetic_burden"": 23229264384, ""coefficient_bound"": ""19342813113834066795298816"", ""coupling_multiplicities"": {""3"": 34, ""-1"": 35, ""-2"": 32, ""1"": 34, ""-3"": 24, ""2"": 24}, ""symmetry"": ""not assumed"", ""degree_signature"": [2, 3, 3, 3, 3, 3, 3, 3, 3, 3, 3, 4, 4, 4, 4, 4, 4, 4, 4, 4, 4, 4, 4, 4, 4, 4, 4, 4, 4, 4, 4, 4, 4, 4, 4, 4, 4, 4, 4, 4, 4, 4, 5, 5, 5, 5, 5, 5, 5, 5, 5, 5, 5, 5, 5, 5, 5, 5, 5, 5, 5, 5, 5, 5, 5, 5, 5, 5, 5, 5, 5, 5, 5, 5, 5, 5, 5, 5, 5, 5, 5, 5, 5, 5]}",5424144,"[52752, 52753, 52754, 52755, 52756, 52757, 52758, 52759, 52760, 52761, 52762, 52763, 52764, 52765]","[112, 112, 112, 112, 112, 96, 112, 96, 112, 112, 112, 112, 112, 112]",WARM_SAME_SOURCE,focused
197cc0f45f3d045624685aed,N090,6b3e60db691983154e059577c5a5e4ad912c1b3e9347d81507a90c49fe59e463,6eb160420fa48047e1e8b134dd33e3fd7cdf46a24a92f216b327b4e2515fa9fd,N96_INDUCED_TRANSITION_LADDER_V1,f2f991d74dfbb2edf7f4475dcb7d82989de00a71e44bb11d4a6fbb49442577b6,"[0, 1, 2, 3]",d0fbd9c30f0ddd4afca8c2fad3d9e2eca42d5ea75dcaf6641a37b6d3f5ad0783,85b855a31f767bfadf02a46d1eb9145d05754020437aca5ef6718b99130d4602,fresh_min_fill,COOP14_MIG_BRANCH_GROUP,1d2a6f95014703ca171206e42701c52355b89dab08ba0a9b72b3d193a3b620d4,WARM_SAME_SOURCE,FRESH_EXACT_SOLVE_WITH_INTERNAL_CHECKS_EXCLUDES_EXTERNAL_VERIFICATION,16,1024,4,32,18,58879232,262144,d5207e6b84fbabee961e83f3860a3bacaca585acd736c092903cacdfff692450,NUMPY_BATCHED_INVERSE_NTT_INTEGER_CRT,1,COMPLETE,OBSERVED_PATTERN,True,,,,,,262880768,0.0004215630469843745,0.06996255600824952,0.706897619,1.039831857,0.005538259167224169,0.01449592583277583,0.021443499019369483,1.766909158,,0.0,9c0fa4186a9acf3cbe491cac1da1a4dbb77efe64bb7917685fcdf0426acfd661,"{""N"": 90, ""source_family"": ""N96_INDUCED_TRANSITION_LADDER_V1"", ""graph_hash"": ""6eb160420fa48047e1e8b134dd33e3fd7cdf46a24a92f216b327b4e2515fa9fd"", ""source_hash"": ""6b3e60db691983154e059577c5a5e4ad912c1b3e9347d81507a90c49fe59e463"", ""edges"": 210, ""degree_min"": 2, ""degree_max"": 5, ""degree_mean"": 4.666666666666667, ""degree_std"": 0.5962847939999439, ""components"": 1, ""component_sizes"": [90], ""max_component"": 90, ""local_assignments"": 1237940039285380274899124224, ""minfill_width"": 28, ""minfill_work"": 951809499, ""minfill_order"": [60, 0, 20, 41, 15, 16, 34, 3, 12, 22, 25, 33, 48, 51, 59, 67, 81, 50, 68, 77, 11, 14, 23, 39, 63, 76, 78, 32, 6, 8, 38, 37, 4, 42, 61, 79, 52, 58, 31, 47, 84, 19, 73, 13, 17, 29, 55, 7, 89, 62, 9, 40, 2, 86, 10, 88, 46, 30, 75, 36, 69, 1, 5, 18, 21, 24, 26, 27, 28, 35, 43, 44, 45, 49, 53, 54, 56, 57, 64, 65, 66, 70, 71, 72, 74, 80, 82, 83, 85, 87], ""energy_bound"": 521, ""root_bound"": 1024, ""crt_primes"": 4, ""arithmetic_burden"": 3898611707904, ""coefficient_bound"": ""1237940039285380274899124224"", ""coupling_multiplicities"": {""3"": 40, ""-1"": 40, ""-2"": 37, ""1"": 39, ""-3"": 27, ""2"": 27}, ""symmetry"": ""not assumed"", ""degree_signature"": [2, 3, 3, 3, 4, 4, 4, 4, 4, 4, 4, 4, 4, 4, 4, 4, 4, 4, 4, 4, 4, 4, 4, 4, 4, 5, 5, 5, 5, 5, 5, 5, 5, 5, 5, 5, 5, 5, 5, 5, 5, 5, 5, 5, 5, 5, 5, 5, 5, 5, 5, 5, 5, 5, 5, 5, 5, 5, 5, 5, 5, 5, 5, 5, 5, 5, 5, 5, 5, 5, 5, 5, 5, 5, 5, 5, 5, 5, 5, 5, 5, 5, 5, 5, 5, 5, 5, 5, 5, 5]}",20657072,"[53052, 53053, 53054, 53055, 53056, 53057, 53059, 53060, 53061, 53062, 53063, 53064, 53065, 53066]","[304, 288, 288, 304, 288, 304, 288, 288, 288, 288, 288, 304, 288, 288]",WARM_SAME_SOURCE,focused
197cc0f45f3d045624685aed,N090,6b3e60db691983154e059577c5a5e4ad912c1b3e9347d81507a90c49fe59e463,6eb160420fa48047e1e8b134dd33e3fd7cdf46a24a92f216b327b4e2515fa9fd,N96_INDUCED_TRANSITION_LADDER_V1,f2f991d74dfbb2edf7f4475dcb7d82989de00a71e44bb11d4a6fbb49442577b6,"[0, 1, 2, 3]",d0fbd9c30f0ddd4afca8c2fad3d9e2eca42d5ea75dcaf6641a37b6d3f5ad0783,85b855a31f767bfadf02a46d1eb9145d05754020437aca5ef6718b99130d4602,fresh_min_fill,COOP14_MIG_BRANCH_GROUP,1d2a6f95014703ca171206e42701c52355b89dab08ba0a9b72b3d193a3b620d4,WARM_SAME_SOURCE,FRESH_EXACT_SOLVE_WITH_INTERNAL_CHECKS_EXCLUDES_EXTERNAL_VERIFICATION,16,1024,4,32,18,58879232,262144,d5207e6b84fbabee961e83f3860a3bacaca585acd736c092903cacdfff692450,NUMPY_BATCHED_INVERSE_NTT_INTEGER_CRT,2,COMPLETE,OBSERVED_PATTERN,True,,,,,,262880768,0.0004215630469843745,0.06996255600824952,0.699828878,1.041565305,0.012924913899041712,0.03039719710095829,0.00807968305889517,1.78494183,,0.0,9c0fa4186a9acf3cbe491cac1da1a4dbb77efe64bb7917685fcdf0426acfd661,"{""N"": 90, ""source_family"": ""N96_INDUCED_TRANSITION_LADDER_V1"", ""graph_hash"": ""6eb160420fa48047e1e8b134dd33e3fd7cdf46a24a92f216b327b4e2515fa9fd"", ""source_hash"": ""6b3e60db691983154e059577c5a5e4ad912c1b3e9347d81507a90c49fe59e463"", ""edges"": 210, ""degree_min"": 2, ""degree_max"": 5, ""degree_mean"": 4.666666666666667, ""degree_std"": 0.5962847939999439, ""components"": 1, ""component_sizes"": [90], ""max_component"": 90, ""local_assignments"": 1237940039285380274899124224, ""minfill_width"": 28, ""minfill_work"": 951809499, ""minfill_order"": [60, 0, 20, 41, 15, 16, 34, 3, 12, 22, 25, 33, 48, 51, 59, 67, 81, 50, 68, 77, 11, 14, 23, 39, 63, 76, 78, 32, 6, 8, 38, 37, 4, 42, 61, 79, 52, 58, 31, 47, 84, 19, 73, 13, 17, 29, 55, 7, 89, 62, 9, 40, 2, 86, 10, 88, 46, 30, 75, 36, 69, 1, 5, 18, 21, 24, 26, 27, 28, 35, 43, 44, 45, 49, 53, 54, 56, 57, 64, 65, 66, 70, 71, 72, 74, 80, 82, 83, 85, 87], ""energy_bound"": 521, ""root_bound"": 1024, ""crt_primes"": 4, ""arithmetic_burden"": 3898611707904, ""coefficient_bound"": ""1237940039285380274899124224"", ""coupling_multiplicities"": {""3"": 40, ""-1"": 40, ""-2"": 37, ""1"": 39, ""-3"": 27, ""2"": 27}, ""symmetry"": ""not assumed"", ""degree_signature"": [2, 3, 3, 3, 4, 4, 4, 4, 4, 4, 4, 4, 4, 4, 4, 4, 4, 4, 4, 4, 4, 4, 4, 4, 4, 5, 5, 5, 5, 5, 5, 5, 5, 5, 5, 5, 5, 5, 5, 5, 5, 5, 5, 5, 5, 5, 5, 5, 5, 5, 5, 5, 5, 5, 5, 5, 5, 5, 5, 5, 5, 5, 5, 5, 5, 5, 5, 5, 5, 5, 5, 5, 5, 5, 5, 5, 5, 5, 5, 5, 5, 5, 5, 5, 5, 5, 5, 5, 5, 5]}",20657072,"[53052, 53053, 53054, 53055, 53056, 53057, 53059, 53060, 53061, 53062, 53063, 53064, 53065, 53066]","[304, 288, 304, 304, 288, 288, 288, 288, 288, 288, 288, 288, 304, 288]",WARM_SAME_SOURCE,focused
197cc0f45f3d045624685aed,N090,6b3e60db691983154e059577c5a5e4ad912c1b3e9347d81507a90c49fe59e463,6eb160420fa48047e1e8b134dd33e3fd7cdf46a24a92f216b327b4e2515fa9fd,N96_INDUCED_TRANSITION_LADDER_V1,f2f991d74dfbb2edf7f4475dcb7d82989de00a71e44bb11d4a6fbb49442577b6,"[0, 1, 2, 3]",d0fbd9c30f0ddd4afca8c2fad3d9e2eca42d5ea75dcaf6641a37b6d3f5ad0783,85b855a31f767bfadf02a46d1eb9145d05754020437aca5ef6718b99130d4602,fresh_min_fill,COOP14_MIG_BRANCH_GROUP,1d2a6f95014703ca171206e42701c52355b89dab08ba0a9b72b3d193a3b620d4,WARM_SAME_SOURCE,FRESH_EXACT_SOLVE_WITH_INTERNAL_CHECKS_EXCLUDES_EXTERNAL_VERIFICATION,16,1024,4,32,18,58879232,262144,d5207e6b84fbabee961e83f3860a3bacaca585acd736c092903cacdfff692450,NUMPY_BATCHED_INVERSE_NTT_INTEGER_CRT,3,COMPLETE,OBSERVED_PATTERN,True,,,,,,262880768,0.0004215630469843745,0.06996255600824952,0.67605414,1.037553398,0.013587241875939071,0.02725584412406093,0.007190839038230479,1.75469151,,0.0,9c0fa4186a9acf3cbe491cac1da1a4dbb77efe64bb7917685fcdf0426acfd661,"{""N"": 90, ""source_family"": ""N96_INDUCED_TRANSITION_LADDER_V1"", ""graph_hash"": ""6eb160420fa48047e1e8b134dd33e3fd7cdf46a24a92f216b327b4e2515fa9fd"", ""source_hash"": ""6b3e60db691983154e059577c5a5e4ad912c1b3e9347d81507a90c49fe59e463"", ""edges"": 210, ""degree_min"": 2, ""degree_max"": 5, ""degree_mean"": 4.666666666666667, ""degree_std"": 0.5962847939999439, ""components"": 1, ""component_sizes"": [90], ""max_component"": 90, ""local_assignments"": 1237940039285380274899124224, ""minfill_width"": 28, ""minfill_work"": 951809499, ""minfill_order"": [60, 0, 20, 41, 15, 16, 34, 3, 12, 22, 25, 33, 48, 51, 59, 67, 81, 50, 68, 77, 11, 14, 23, 39, 63, 76, 78, 32, 6, 8, 38, 37, 4, 42, 61, 79, 52, 58, 31, 47, 84, 19, 73, 13, 17, 29, 55, 7, 89, 62, 9, 40, 2, 86, 10, 88, 46, 30, 75, 36, 69, 1, 5, 18, 21, 24, 26, 27, 28, 35, 43, 44, 45, 49, 53, 54, 56, 57, 64, 65, 66, 70, 71, 72, 74, 80, 82, 83, 85, 87], ""energy_bound"": 521, ""root_bound"": 1024, ""crt_primes"": 4, ""arithmetic_burden"": 3898611707904, ""coefficient_bound"": ""1237940039285380274899124224"", ""coupling_multiplicities"": {""3"": 40, ""-1"": 40, ""-2"": 37, ""1"": 39, ""-3"": 27, ""2"": 27}, ""symmetry"": ""not assumed"", ""degree_signature"": [2, 3, 3, 3, 4, 4, 4, 4, 4, 4, 4, 4, 4, 4, 4, 4, 4, 4, 4, 4, 4, 4, 4, 4, 4, 5, 5, 5, 5, 5, 5, 5, 5, 5, 5, 5, 5, 5, 5, 5, 5, 5, 5, 5, 5, 5, 5, 5, 5, 5, 5, 5, 5, 5, 5, 5, 5, 5, 5, 5, 5, 5, 5, 5, 5, 5, 5, 5, 5, 5, 5, 5, 5, 5, 5, 5, 5, 5, 5, 5, 5, 5, 5, 5, 5, 5, 5, 5, 5, 5]}",20657072,"[53052, 53053, 53054, 53055, 53056, 53057, 53059, 53060, 53061, 53062, 53063, 53064, 53065, 53066]","[304, 304, 304, 288, 288, 288, 304, 288, 288, 288, 288, 288, 288, 288]",WARM_SAME_SOURCE,focused
397ed4ce5c9f15dcaffe998c,N096,dad9c1331dbc9b401ff729dde21b4e477b7b749ffea3504dab5b38c2c5d8fb44,6a741a395db2348150108dd98618e2c8fba13a369a364cfd9d97ebffea4901fa,N96_INDUCED_TRANSITION_LADDER_V1,f2f991d74dfbb2edf7f4475dcb7d82989de00a71e44bb11d4a6fbb49442577b6,"[0, 1, 2, 3]",a865de1d7956b8d7ad9fab90e8e195a4a86a1366c3d9af1520240f38d60034c2,6d074097a49ac819b178b7c0553ed25318a259c69008c95429d170794f8759ee,fresh_min_fill,COOP14_MIG_BRANCH_GROUP,1d2a6f95014703ca171206e42701c52355b89dab08ba0a9b72b3d193a3b620d4,WARM_SAME_SOURCE,FRESH_EXACT_SOLVE_WITH_INTERNAL_CHECKS_EXCLUDES_EXTERNAL_VERIFICATION,16,1024,4,32,22,641754752,4194304,d5207e6b84fbabee961e83f3860a3bacaca585acd736c092903cacdfff692450,NUMPY_BATCHED_INVERSE_NTT_INTEGER_CRT,1,COMPLETE,OBSERVED_PATTERN,True,,,,,,2917739008,0.0006917470600455999,0.5773739520227537,0.811094045,9.007030412,0.013918349053710699,0.040551772946289304,0.00728091795463115,9.923256731,,0.0,eb83de000a70771e682fc5fd3e83f8535eceaecd88d30617caf336b67b36695d,"{""N"": 96, ""source_family"": ""N96_INDUCED_TRANSITION_LADDER_V1"", ""graph_hash"": ""6a741a395db2348150108dd98618e2c8fba13a369a364cfd9d97ebffea4901fa"", ""source_hash"": ""dad9c1331dbc9b401ff729dde21b4e477b7b749ffea3504dab5b38c2c5d8fb44"", ""edges"": 240, ""degree_min"": 5, ""degree_max"": 5, ""degree_mean"": 5, ""degree_std"": 0.0, ""components"": 1, ""component_sizes"": [96], ""max_component"": 96, ""local_assignments"": 79228162514264337593543950336, ""minfill_width"": 32, ""minfill_work"": 16698150047, ""minfill_order"": [15, 34, 50, 77, 82, 94, 3, 11, 20, 16, 24, 32, 63, 39, 44, 17, 18, 52, 27, 66, 78, 85, 88, 1, 4, 8, 33, 68, 48, 25, 69, 61, 19, 65, 22, 49, 56, 90, 38, 92, 73, 91, 55, 62, 7, 70, 64, 45, 29, 95, 26, 79, 57, 86, 5, 0, 2, 35, 71, 36, 47, 60, 93, 6, 9, 10, 12, 13, 14, 21, 23, 28, 30, 31, 37, 40, 41, 42, 43, 46, 51, 53, 54, 58, 59, 67, 72, 74, 75, 76, 80, 81, 83, 84, 87, 89], ""energy_bound"": 590, ""root_bound"": 1024, ""crt_primes"": 4, ""arithmetic_burden"": 68395622592512, ""coefficient_bound"": ""79228162514264337593543950336"", ""coupling_multiplicities"": {""3"": 47, ""-1"": 44, ""-2"": 41, ""2"": 33, ""1"": 45, ""-3"": 30}, ""symmetry"": ""not assumed"", ""degree_signature"": [5, 5, 5, 5, 5, 5, 5, 5, 5, 5, 5, 5, 5, 5, 5, 5, 5, 5, 5, 5, 5, 5, 5, 5, 5, 5, 5, 5, 5, 5, 5, 5, 5, 5, 5, 5, 5, 5, 5, 5, 5, 5, 5, 5, 5, 5, 5, 5, 5, 5, 5, 5, 5, 5, 5, 5, 5, 5, 5, 5, 5, 5, 5, 5, 5, 5, 5, 5, 5, 5, 5, 5, 5, 5, 5, 5, 5, 5, 5, 5, 5, 5, 5, 5, 5, 5, 5, 5, 5, 5, 5, 5, 5, 5, 5, 5]}",235278256,"[54493, 54494, 54495, 54496, 54497, 54498, 54499, 54500, 54501, 54502, 54503, 54504, 54505, 54506]","[288, 288, 288, 304, 304, 288, 288, 304, 288, 288, 288, 288, 304, 288]",WARM_SAME_SOURCE,focused
397ed4ce5c9f15dcaffe998c,N096,dad9c1331dbc9b401ff729dde21b4e477b7b749ffea3504dab5b38c2c5d8fb44,6a741a395db2348150108dd98618e2c8fba13a369a364cfd9d97ebffea4901fa,N96_INDUCED_TRANSITION_LADDER_V1,f2f991d74dfbb2edf7f4475dcb7d82989de00a71e44bb11d4a6fbb49442577b6,"[0, 1, 2, 3]",e6a3c5b7678a2e6761257ab6156de12e275c5ef60853165d1e7622bdfaa0592a,5e41d1760eb18bac845ae3d8eda407f1e653b37456b702db62734074278600df,expanded_portfolio,COOP14_MIG_BRANCH_GROUP,1d2a6f95014703ca171206e42701c52355b89dab08ba0a9b72b3d193a3b620d4,WARM_NEW_PLAN,FRESH_EXACT_SOLVE_WITH_INTERNAL_CHECKS_EXCLUDES_EXTERNAL_VERIFICATION,16,1024,4,16,21,203956800,2097152,d5207e6b84fbabee961e83f3860a3bacaca585acd736c092903cacdfff692450,NUMPY_BATCHED_INVERSE_NTT_INTEGER_CRT,1,COMPLETE,OBSERVED_PATTERN,True,,,,,,1978777088,0.0006917470600455999,0.5773739520227537,0.523773894,2.762313572,0.009112754953093827,0.04421652804690617,0.007196099031716585,3.386353948,,0.0,d4e40dd285bf9e76ae6136d06213aaacc14c9084038fbbef2daabcbcdedcece5,"{""N"": 96, ""source_family"": ""N96_INDUCED_TRANSITION_LADDER_V1"", ""graph_hash"": ""6a741a395db2348150108dd98618e2c8fba13a369a364cfd9d97ebffea4901fa"", ""source_hash"": ""dad9c1331dbc9b401ff729dde21b4e477b7b749ffea3504dab5b38c2c5d8fb44"", ""edges"": 240, ""degree_min"": 5, ""degree_max"": 5, ""degree_mean"": 5, ""degree_std"": 0.0, ""components"": 1, ""component_sizes"": [96], ""max_component"": 96, ""local_assignments"": 79228162514264337593543950336, ""minfill_width"": 32, ""minfill_work"": 16698150047, ""minfill_order"": [15, 34, 50, 77, 82, 94, 3, 11, 20, 16, 24, 32, 63, 39, 44, 17, 18, 52, 27, 66, 78, 85, 88, 1, 4, 8, 33, 68, 48, 25, 69, 61, 19, 65, 22, 49, 56, 90, 38, 92, 73, 91, 55, 62, 7, 70, 64, 45, 29, 95, 26, 79, 57, 86, 5, 0, 2, 35, 71, 36, 47, 60, 93, 6, 9, 10, 12, 13, 14, 21, 23, 28, 30, 31, 37, 40, 41, 42, 43, 46, 51, 53, 54, 58, 59, 67, 72, 74, 75, 76, 80, 81, 83, 84, 87, 89], ""energy_bound"": 590, ""root_bound"": 1024, ""crt_primes"": 4, ""arithmetic_burden"": 68395622592512, ""coefficient_bound"": ""79228162514264337593543950336"", ""coupling_multiplicities"": {""3"": 47, ""-1"": 44, ""-2"": 41, ""2"": 33, ""1"": 45, ""-3"": 30}, ""symmetry"": ""not assumed"", ""degree_signature"": [5, 5, 5, 5, 5, 5, 5, 5, 5, 5, 5, 5, 5, 5, 5, 5, 5, 5, 5, 5, 5, 5, 5, 5, 5, 5, 5, 5, 5, 5, 5, 5, 5, 5, 5, 5, 5, 5, 5, 5, 5, 5, 5, 5, 5, 5, 5, 5, 5, 5, 5, 5, 5, 5, 5, 5, 5, 5, 5, 5, 5, 5, 5, 5, 5, 5, 5, 5, 5, 5, 5, 5, 5, 5, 5, 5, 5, 5, 5, 5, 5, 5, 5, 5, 5, 5, 5, 5, 5, 5, 5, 5, 5, 5, 5, 5]}",128034992,"[54493, 54494, 54495, 54496, 54497, 54498, 54499, 54500, 54501, 54502, 54503, 54504, 54505, 54506]","[304, 288, 288, 288, 304, 288, 288, 288, 288, 304, 288, 304, 288, 288]",WARM_NEW_PLAN,focused
397ed4ce5c9f15dcaffe998c,N096,dad9c1331dbc9b401ff729dde21b4e477b7b749ffea3504dab5b38c2c5d8fb44,6a741a395db2348150108dd98618e2c8fba13a369a364cfd9d97ebffea4901fa,N96_INDUCED_TRANSITION_LADDER_V1,f2f991d74dfbb2edf7f4475dcb7d82989de00a71e44bb11d4a6fbb49442577b6,"[0, 1, 2, 3]",e6a3c5b7678a2e6761257ab6156de12e275c5ef60853165d1e7622bdfaa0592a,5e41d1760eb18bac845ae3d8eda407f1e653b37456b702db62734074278600df,expanded_portfolio,COOP14_MIG_BRANCH_GROUP,1d2a6f95014703ca171206e42701c52355b89dab08ba0a9b72b3d193a3b620d4,WARM_SAME_SOURCE,FRESH_EXACT_SOLVE_WITH_INTERNAL_CHECKS_EXCLUDES_EXTERNAL_VERIFICATION,16,1024,4,16,21,203956800,2097152,d5207e6b84fbabee961e83f3860a3bacaca585acd736c092903cacdfff692450,NUMPY_BATCHED_INVERSE_NTT_INTEGER_CRT,2,COMPLETE,OBSERVED_PATTERN,True,,,,,,1978777088,0.0006917470600455999,0.5773739520227537,0.491128196,2.762568088,0.012628859956748784,0.03446863604325122,0.0075951530598104,3.354809071,,0.0,d4e40dd285bf9e76ae6136d06213aaacc14c9084038fbbef2daabcbcdedcece5,"{""N"": 96, ""source_family"": ""N96_INDUCED_TRANSITION_LADDER_V1"", ""graph_hash"": ""6a741a395db2348150108dd98618e2c8fba13a369a364cfd9d97ebffea4901fa"", ""source_hash"": ""dad9c1331dbc9b401ff729dde21b4e477b7b749ffea3504dab5b38c2c5d8fb44"", ""edges"": 240, ""degree_min"": 5, ""degree_max"": 5, ""degree_mean"": 5, ""degree_std"": 0.0, ""components"": 1, ""component_sizes"": [96], ""max_component"": 96, ""local_assignments"": 79228162514264337593543950336, ""minfill_width"": 32, ""minfill_work"": 16698150047, ""minfill_order"": [15, 34, 50, 77, 82, 94, 3, 11, 20, 16, 24, 32, 63, 39, 44, 17, 18, 52, 27, 66, 78, 85, 88, 1, 4, 8, 33, 68, 48, 25, 69, 61, 19, 65, 22, 49, 56, 90, 38, 92, 73, 91, 55, 62, 7, 70, 64, 45, 29, 95, 26, 79, 57, 86, 5, 0, 2, 35, 71, 36, 47, 60, 93, 6, 9, 10, 12, 13, 14, 21, 23, 28, 30, 31, 37, 40, 41, 42, 43, 46, 51, 53, 54, 58, 59, 67, 72, 74, 75, 76, 80, 81, 83, 84, 87, 89], ""energy_bound"": 590, ""root_bound"": 1024, ""crt_primes"": 4, ""arithmetic_burden"": 68395622592512, ""coefficient_bound"": ""79228162514264337593543950336"", ""coupling_multiplicities"": {""3"": 47, ""-1"": 44, ""-2"": 41, ""2"": 33, ""1"": 45, ""-3"": 30}, ""symmetry"": ""not assumed"", ""degree_signature"": [5, 5, 5, 5, 5, 5, 5, 5, 5, 5, 5, 5, 5, 5, 5, 5, 5, 5, 5, 5, 5, 5, 5, 5, 5, 5, 5, 5, 5, 5, 5, 5, 5, 5, 5, 5, 5, 5, 5, 5, 5, 5, 5, 5, 5, 5, 5, 5, 5, 5, 5, 5, 5, 5, 5, 5, 5, 5, 5, 5, 5, 5, 5, 5, 5, 5, 5, 5, 5, 5, 5, 5, 5, 5, 5, 5, 5, 5, 5, 5, 5, 5, 5, 5, 5, 5, 5, 5, 5, 5, 5, 5, 5, 5, 5, 5]}",128034992,"[54493, 54494, 54495, 54496, 54497, 54498, 54499, 54500, 54501, 54502, 54503, 54504, 54505, 54506]","[288, 288, 288, 304, 288, 288, 288, 304, 288, 288, 288, 304, 304, 288]",WARM_SAME_SOURCE,focused
397ed4ce5c9f15dcaffe998c,N096,dad9c1331dbc9b401ff729dde21b4e477b7b749ffea3504dab5b38c2c5d8fb44,6a741a395db2348150108dd98618e2c8fba13a369a364cfd9d97ebffea4901fa,N96_INDUCED_TRANSITION_LADDER_V1,f2f991d74dfbb2edf7f4475dcb7d82989de00a71e44bb11d4a6fbb49442577b6,"[0, 1, 2, 3]",a865de1d7956b8d7ad9fab90e8e195a4a86a1366c3d9af1520240f38d60034c2,6d074097a49ac819b178b7c0553ed25318a259c69008c95429d170794f8759ee,fresh_min_fill,COOP14_MIG_BRANCH_GROUP,1d2a6f95014703ca171206e42701c52355b89dab08ba0a9b72b3d193a3b620d4,WARM_NEW_PLAN,FRESH_EXACT_SOLVE_WITH_INTERNAL_CHECKS_EXCLUDES_EXTERNAL_VERIFICATION,16,1024,4,32,22,641754752,4194304,d5207e6b84fbabee961e83f3860a3bacaca585acd736c092903cacdfff692450,NUMPY_BATCHED_INVERSE_NTT_INTEGER_CRT,2,COMPLETE,OBSERVED_PATTERN,True,,,,,,2917739008,0.0006917470600455999,0.5773739520227537,0.856703648,8.978054087,0.014506586943753064,0.02828061705624694,0.007322616991586983,9.925774385,,0.0,eb83de000a70771e682fc5fd3e83f8535eceaecd88d30617caf336b67b36695d,"{""N"": 96, ""source_family"": ""N96_INDUCED_TRANSITION_LADDER_V1"", ""graph_hash"": ""6a741a395db2348150108dd98618e2c8fba13a369a364cfd9d97ebffea4901fa"", ""source_hash"": ""dad9c1331dbc9b401ff729dde21b4e477b7b749ffea3504dab5b38c2c5d8fb44"", ""edges"": 240, ""degree_min"": 5, ""degree_max"": 5, ""degree_mean"": 5, ""degree_std"": 0.0, ""components"": 1, ""component_sizes"": [96], ""max_component"": 96, ""local_assignments"": 79228162514264337593543950336, ""minfill_width"": 32, ""minfill_work"": 16698150047, ""minfill_order"": [15, 34, 50, 77, 82, 94, 3, 11, 20, 16, 24, 32, 63, 39, 44, 17, 18, 52, 27, 66, 78, 85, 88, 1, 4, 8, 33, 68, 48, 25, 69, 61, 19, 65, 22, 49, 56, 90, 38, 92, 73, 91, 55, 62, 7, 70, 64, 45, 29, 95, 26, 79, 57, 86, 5, 0, 2, 35, 71, 36, 47, 60, 93, 6, 9, 10, 12, 13, 14, 21, 23, 28, 30, 31, 37, 40, 41, 42, 43, 46, 51, 53, 54, 58, 59, 67, 72, 74, 75, 76, 80, 81, 83, 84, 87, 89], ""energy_bound"": 590, ""root_bound"": 1024, ""crt_primes"": 4, ""arithmetic_burden"": 68395622592512, ""coefficient_bound"": ""79228162514264337593543950336"", ""coupling_multiplicities"": {""3"": 47, ""-1"": 44, ""-2"": 41, ""2"": 33, ""1"": 45, ""-3"": 30}, ""symmetry"": ""not assumed"", ""degree_signature"": [5, 5, 5, 5, 5, 5, 5, 5, 5, 5, 5, 5, 5, 5, 5, 5, 5, 5, 5, 5, 5, 5, 5, 5, 5, 5, 5, 5, 5, 5, 5, 5, 5, 5, 5, 5, 5, 5, 5, 5, 5, 5, 5, 5, 5, 5, 5, 5, 5, 5, 5, 5, 5, 5, 5, 5, 5, 5, 5, 5, 5, 5, 5, 5, 5, 5, 5, 5, 5, 5, 5, 5, 5, 5, 5, 5, 5, 5, 5, 5, 5, 5, 5, 5, 5, 5, 5, 5, 5, 5, 5, 5, 5, 5, 5, 5]}",235278256,"[54493, 54494, 54495, 54496, 54497, 54498, 54499, 54500, 54501, 54502, 54503, 54504, 54505, 54506]","[304, 288, 288, 288, 304, 288, 288, 304, 288, 288, 288, 304, 288, 288]",WARM_NEW_PLAN,focused
397ed4ce5c9f15dcaffe998c,N096,dad9c1331dbc9b401ff729dde21b4e477b7b749ffea3504dab5b38c2c5d8fb44,6a741a395db2348150108dd98618e2c8fba13a369a364cfd9d97ebffea4901fa,N96_INDUCED_TRANSITION_LADDER_V1,f2f991d74dfbb2edf7f4475dcb7d82989de00a71e44bb11d4a6fbb49442577b6,"[0, 1, 2, 3]",a865de1d7956b8d7ad9fab90e8e195a4a86a1366c3d9af1520240f38d60034c2,6d074097a49ac819b178b7c0553ed25318a259c69008c95429d170794f8759ee,fresh_min_fill,COOP14_MIG_BRANCH_GROUP,1d2a6f95014703ca171206e42701c52355b89dab08ba0a9b72b3d193a3b620d4,WARM_SAME_SOURCE,FRESH_EXACT_SOLVE_WITH_INTERNAL_CHECKS_EXCLUDES_EXTERNAL_VERIFICATION,16,1024,4,32,22,641754752,4194304,d5207e6b84fbabee961e83f3860a3bacaca585acd736c092903cacdfff692450,NUMPY_BATCHED_INVERSE_NTT_INTEGER_CRT,3,COMPLETE,OBSERVED_PATTERN,True,,,,,,2917739008,0.0006917470600455999,0.5773739520227537,0.818898775,8.972807872,0.012508222949691117,0.03412934205030888,0.007256848970428109,9.908070487,,0.0,eb83de000a70771e682fc5fd3e83f8535eceaecd88d30617caf336b67b36695d,"{""N"": 96, ""source_family"": ""N96_INDUCED_TRANSITION_LADDER_V1"", ""graph_hash"": ""6a741a395db2348150108dd98618e2c8fba13a369a364cfd9d97ebffea4901fa"", ""source_hash"": ""dad9c1331dbc9b401ff729dde21b4e477b7b749ffea3504dab5b38c2c5d8fb44"", ""edges"": 240, ""degree_min"": 5, ""degree_max"": 5, ""degree_mean"": 5, ""degree_std"": 0.0, ""components"": 1, ""component_sizes"": [96], ""max_component"": 96, ""local_assignments"": 79228162514264337593543950336, ""minfill_width"": 32, ""minfill_work"": 16698150047, ""minfill_order"": [15, 34, 50, 77, 82, 94, 3, 11, 20, 16, 24, 32, 63, 39, 44, 17, 18, 52, 27, 66, 78, 85, 88, 1, 4, 8, 33, 68, 48, 25, 69, 61, 19, 65, 22, 49, 56, 90, 38, 92, 73, 91, 55, 62, 7, 70, 64, 45, 29, 95, 26, 79, 57, 86, 5, 0, 2, 35, 71, 36, 47, 60, 93, 6, 9, 10, 12, 13, 14, 21, 23, 28, 30, 31, 37, 40, 41, 42, 43, 46, 51, 53, 54, 58, 59, 67, 72, 74, 75, 76, 80, 81, 83, 84, 87, 89], ""energy_bound"": 590, ""root_bound"": 1024, ""crt_primes"": 4, ""arithmetic_burden"": 68395622592512, ""coefficient_bound"": ""79228162514264337593543950336"", ""coupling_multiplicities"": {""3"": 47, ""-1"": 44, ""-2"": 41, ""2"": 33, ""1"": 45, ""-3"": 30}, ""symmetry"": ""not assumed"", ""degree_signature"": [5, 5, 5, 5, 5, 5, 5, 5, 5, 5, 5, 5, 5, 5, 5, 5, 5, 5, 5, 5, 5, 5, 5, 5, 5, 5, 5, 5, 5, 5, 5, 5, 5, 5, 5, 5, 5, 5, 5, 5, 5, 5, 5, 5, 5, 5, 5, 5, 5, 5, 5, 5, 5, 5, 5, 5, 5, 5, 5, 5, 5, 5, 5, 5, 5, 5, 5, 5, 5, 5, 5, 5, 5, 5, 5, 5, 5, 5, 5, 5, 5, 5, 5, 5, 5, 5, 5, 5, 5, 5, 5, 5, 5, 5, 5, 5]}",235278256,"[54493, 54494, 54495, 54496, 54497, 54498, 54499, 54500, 54501, 54502, 54503, 54504, 54505, 54506]","[288, 288, 288, 304, 304, 288, 288, 304, 288, 288, 288, 304, 288, 288]",WARM_SAME_SOURCE,focused
397ed4ce5c9f15dcaffe998c,N096,dad9c1331dbc9b401ff729dde21b4e477b7b749ffea3504dab5b38c2c5d8fb44,6a741a395db2348150108dd98618e2c8fba13a369a364cfd9d97ebffea4901fa,N96_INDUCED_TRANSITION_LADDER_V1,f2f991d74dfbb2edf7f4475dcb7d82989de00a71e44bb11d4a6fbb49442577b6,"[0, 1, 2, 3]",e6a3c5b7678a2e6761257ab6156de12e275c5ef60853165d1e7622bdfaa0592a,5e41d1760eb18bac845ae3d8eda407f1e653b37456b702db62734074278600df,expanded_portfolio,COOP14_MIG_BRANCH_GROUP,1d2a6f95014703ca171206e42701c52355b89dab08ba0a9b72b3d193a3b620d4,WARM_NEW_PLAN,FRESH_EXACT_SOLVE_WITH_INTERNAL_CHECKS_EXCLUDES_EXTERNAL_VERIFICATION,16,1024,4,16,21,203956800,2097152,d5207e6b84fbabee961e83f3860a3bacaca585acd736c092903cacdfff692450,NUMPY_BATCHED_INVERSE_NTT_INTEGER_CRT,3,COMPLETE,OBSERVED_PATTERN,True,,,,,,1978777088,0.0006917470600455999,0.5773739520227537,0.538318691,2.76241446,0.013214058941230178,0.03401196505876982,0.007652670959942043,3.401549803,,0.0,d4e40dd285bf9e76ae6136d06213aaacc14c9084038fbbef2daabcbcdedcece5,"{""N"": 96, ""source_family"": ""N96_INDUCED_TRANSITION_LADDER_V1"", ""graph_hash"": ""6a741a395db2348150108dd98618e2c8fba13a369a364cfd9d97ebffea4901fa"", ""source_hash"": ""dad9c1331dbc9b401ff729dde21b4e477b7b749ffea3504dab5b38c2c5d8fb44"", ""edges"": 240, ""degree_min"": 5, ""degree_max"": 5, ""degree_mean"": 5, ""degree_std"": 0.0, ""components"": 1, ""component_sizes"": [96], ""max_component"": 96, ""local_assignments"": 79228162514264337593543950336, ""minfill_width"": 32, ""minfill_work"": 16698150047, ""minfill_order"": [15, 34, 50, 77, 82, 94, 3, 11, 20, 16, 24, 32, 63, 39, 44, 17, 18, 52, 27, 66, 78, 85, 88, 1, 4, 8, 33, 68, 48, 25, 69, 61, 19, 65, 22, 49, 56, 90, 38, 92, 73, 91, 55, 62, 7, 70, 64, 45, 29, 95, 26, 79, 57, 86, 5, 0, 2, 35, 71, 36, 47, 60, 93, 6, 9, 10, 12, 13, 14, 21, 23, 28, 30, 31, 37, 40, 41, 42, 43, 46, 51, 53, 54, 58, 59, 67, 72, 74, 75, 76, 80, 81, 83, 84, 87, 89], ""energy_bound"": 590, ""root_bound"": 1024, ""crt_primes"": 4, ""arithmetic_burden"": 68395622592512, ""coefficient_bound"": ""79228162514264337593543950336"", ""coupling_multiplicities"": {""3"": 47, ""-1"": 44, ""-2"": 41, ""2"": 33, ""1"": 45, ""-3"": 30}, ""symmetry"": ""not assumed"", ""degree_signature"": [5, 5, 5, 5, 5, 5, 5, 5, 5, 5, 5, 5, 5, 5, 5, 5, 5, 5, 5, 5, 5, 5, 5, 5, 5, 5, 5, 5, 5, 5, 5, 5, 5, 5, 5, 5, 5, 5, 5, 5, 5, 5, 5, 5, 5, 5, 5, 5, 5, 5, 5, 5, 5, 5, 5, 5, 5, 5, 5, 5, 5, 5, 5, 5, 5, 5, 5, 5, 5, 5, 5, 5, 5, 5, 5, 5, 5, 5, 5, 5, 5, 5, 5, 5, 5, 5, 5, 5, 5, 5, 5, 5, 5, 5, 5, 5]}",128034992,"[54493, 54494, 54495, 54496, 54497, 54498, 54499, 54500, 54501, 54502, 54503, 54504, 54505, 54506]","[288, 288, 288, 304, 288, 288, 288, 304, 288, 288, 288, 304, 288, 304]",WARM_NEW_PLAN,focused
b5d60a71c85c85deb39ad86e,N100,f4f512facb6a5b46acbf03543c91d6653cb961b30ea9f2a1c1af33255bb1aa0b,28e9e44506fd4dcd854bc2d2f36c432fa3694abe93af29e88f5beca98f42dfa0,N100_P2_PACKET_PLUS_DEPTH_V1,46f1f2fd7b1710ed745060e45f24f9db60f681e8010208e52e657f6e531da178,"[0, 1, 60, 61]",9bba112fdafcc7ff8767041e14b7104dc56bb4e85722a3fea8c9f3578fb4077f,e9ac9c038ee9ecaca98d29e052662172f98094e122668a5f2730f37924bcec72,fresh_min_fill,COOP14_MIG_BRANCH_GROUP,1d2a6f95014703ca171206e42701c52355b89dab08ba0a9b72b3d193a3b620d4,WARM_SAME_SOURCE,FRESH_EXACT_SOLVE_WITH_INTERNAL_CHECKS_EXCLUDES_EXTERNAL_VERIFICATION,16,512,4,1,5,2153,32,d5207e6b84fbabee961e83f3860a3bacaca585acd736c092903cacdfff692450,NUMPY_BATCHED_INVERSE_NTT_INTEGER_CRT,1,COMPLETE,OBSERVED_PATTERN,True,,,,,,343988224,1.8092374500120059,0.025118864024989307,0.053236775,0.027518571,0.002199999988079071,0.007784109011920929,0.004051307099871337,0.090824744,,0.0,3238c4ef8a2a23d767c29695fee610d940919582d26db02a4ef21088b610d43f,"{""N"": 100, ""source_family"": ""N100_P2_PACKET_PLUS_DEPTH_V1"", ""graph_hash"": ""28e9e44506fd4dcd854bc2d2f36c432fa3694abe93af29e88f5beca98f42dfa0"", ""source_hash"": ""f4f512facb6a5b46acbf03543c91d6653cb961b30ea9f2a1c1af33255bb1aa0b"", ""edges"": 260, ""degree_min"": 4, ""degree_max"": 6, ""degree_mean"": 5.2, ""degree_std"": 0.5099019513592785, ""components"": 8, ""component_sizes"": [5, 10, 10, 15, 15, 15, 15, 15], ""max_component"": 15, ""local_assignments"": 165920, ""minfill_width"": 5, ""minfill_work"": 2168, ""minfill_order"": [39, 40, 41, 86, 87, 0, 1, 2, 60, 61, 3, 4, 5, 62, 63, 6, 7, 8, 64, 65, 9, 10, 11, 66, 67, 12, 13, 14, 68, 69, 15, 16, 17, 70, 36, 37, 38, 71, 84, 85, 18, 19, 20, 72, 42, 43, 44, 73, 88, 89, 21, 22, 23, 74, 45, 46, 47, 75, 90, 91, 24, 25, 26, 76, 48, 49, 50, 77, 92, 93, 27, 28, 29, 78, 51, 52, 53, 79, 94, 95, 30, 31, 32, 80, 54, 55, 56, 81, 96, 97, 33, 34, 35, 82, 57, 58, 59, 83, 98, 99], ""energy_bound"": 260, ""root_bound"": 512, ""crt_primes"": 4, ""arithmetic_burden"": 4440064, ""coefficient_bound"": ""1267650600228229401496703205376"", ""coupling_multiplicities"": {""1"": 260}, ""symmetry"": ""not assumed"", ""degree_signature"": [4, 4, 4, 4, 4, 5, 5, 5, 5, 5, 5, 5, 5, 5, 5, 5, 5, 5, 5, 5, 5, 5, 5, 5, 5, 5, 5, 5, 5, 5, 5, 5, 5, 5, 5, 5, 5, 5, 5, 5, 5, 5, 5, 5, 5, 5, 5, 5, 5, 5, 5, 5, 5, 5, 5, 5, 5, 5, 5, 5, 5, 5, 5, 5, 5, 5, 5, 5, 5, 5, 5, 5, 5, 5, 5, 6, 6, 6, 6, 6, 6, 6, 6, 6, 6, 6, 6, 6, 6, 6, 6, 6, 6, 6, 6, 6, 6, 6, 6, 6]}",3444,"[54493, 54494, 54495, 54496, 54497, 54498, 54499, 54500, 54501, 54502, 54503, 54504, 54505, 54506]","[160, 160, 160, 112, 160, 160, 160, 144, 96, 160, 160, 96, 160, 160]",WARM_SAME_SOURCE,focused
b5d60a71c85c85deb39ad86e,N100,f4f512facb6a5b46acbf03543c91d6653cb961b30ea9f2a1c1af33255bb1aa0b,28e9e44506fd4dcd854bc2d2f36c432fa3694abe93af29e88f5beca98f42dfa0,N100_P2_PACKET_PLUS_DEPTH_V1,46f1f2fd7b1710ed745060e45f24f9db60f681e8010208e52e657f6e531da178,"[0, 1, 60, 61]",9bba112fdafcc7ff8767041e14b7104dc56bb4e85722a3fea8c9f3578fb4077f,e9ac9c038ee9ecaca98d29e052662172f98094e122668a5f2730f37924bcec72,fresh_min_fill,COOP14_MIG_BRANCH_GROUP,1d2a6f95014703ca171206e42701c52355b89dab08ba0a9b72b3d193a3b620d4,WARM_SAME_SOURCE,FRESH_EXACT_SOLVE_WITH_INTERNAL_CHECKS_EXCLUDES_EXTERNAL_VERIFICATION,16,512,4,1,5,2153,32,d5207e6b84fbabee961e83f3860a3bacaca585acd736c092903cacdfff692450,NUMPY_BATCHED_INVERSE_NTT_INTEGER_CRT,2,COMPLETE,OBSERVED_PATTERN,True,,,,,,343988224,1.8092374500120059,0.025118864024989307,0.054460682,0.028000253,0.003816130105406046,0.012696509894593953,0.004028006922453642,0.099058694,,0.0,3238c4ef8a2a23d767c29695fee610d940919582d26db02a4ef21088b610d43f,"{""N"": 100, ""source_family"": ""N100_P2_PACKET_PLUS_DEPTH_V1"", ""graph_hash"": ""28e9e44506fd4dcd854bc2d2f36c432fa3694abe93af29e88f5beca98f42dfa0"", ""source_hash"": ""f4f512facb6a5b46acbf03543c91d6653cb961b30ea9f2a1c1af33255bb1aa0b"", ""edges"": 260, ""degree_min"": 4, ""degree_max"": 6, ""degree_mean"": 5.2, ""degree_std"": 0.5099019513592785, ""components"": 8, ""component_sizes"": [5, 10, 10, 15, 15, 15, 15, 15], ""max_component"": 15, ""local_assignments"": 165920, ""minfill_width"": 5, ""minfill_work"": 2168, ""minfill_order"": [39, 40, 41, 86, 87, 0, 1, 2, 60, 61, 3, 4, 5, 62, 63, 6, 7, 8, 64, 65, 9, 10, 11, 66, 67, 12, 13, 14, 68, 69, 15, 16, 17, 70, 36, 37, 38, 71, 84, 85, 18, 19, 20, 72, 42, 43, 44, 73, 88, 89, 21, 22, 23, 74, 45, 46, 47, 75, 90, 91, 24, 25, 26, 76, 48, 49, 50, 77, 92, 93, 27, 28, 29, 78, 51, 52, 53, 79, 94, 95, 30, 31, 32, 80, 54, 55, 56, 81, 96, 97, 33, 34, 35, 82, 57, 58, 59, 83, 98, 99], ""energy_bound"": 260, ""root_bound"": 512, ""crt_primes"": 4, ""arithmetic_burden"": 4440064, ""coefficient_bound"": ""1267650600228229401496703205376"", ""coupling_multiplicities"": {""1"": 260}, ""symmetry"": ""not assumed"", ""degree_signature"": [4, 4, 4, 4, 4, 5, 5, 5, 5, 5, 5, 5, 5, 5, 5, 5, 5, 5, 5, 5, 5, 5, 5, 5, 5, 5, 5, 5, 5, 5, 5, 5, 5, 5, 5, 5, 5, 5, 5, 5, 5, 5, 5, 5, 5, 5, 5, 5, 5, 5, 5, 5, 5, 5, 5, 5, 5, 5, 5, 5, 5, 5, 5, 5, 5, 5, 5, 5, 5, 5, 5, 5, 5, 5, 5, 6, 6, 6, 6, 6, 6, 6, 6, 6, 6, 6, 6, 6, 6, 6, 6, 6, 6, 6, 6, 6, 6, 6, 6, 6]}",3444,"[54493, 54494, 54495, 54496, 54497, 54498, 54499, 54500, 54501, 54502, 54503, 54504, 54505, 54506]","[176, 176, 112, 144, 176, 176, 112, 176, 176, 112, 112, 176, 112, 112]",WARM_SAME_SOURCE,focused
b5d60a71c85c85deb39ad86e,N100,f4f512facb6a5b46acbf03543c91d6653cb961b30ea9f2a1c1af33255bb1aa0b,28e9e44506fd4dcd854bc2d2f36c432fa3694abe93af29e88f5beca98f42dfa0,N100_P2_PACKET_PLUS_DEPTH_V1,46f1f2fd7b1710ed745060e45f24f9db60f681e8010208e52e657f6e531da178,"[0, 1, 60, 61]",9bba112fdafcc7ff8767041e14b7104dc56bb4e85722a3fea8c9f3578fb4077f,e9ac9c038ee9ecaca98d29e052662172f98094e122668a5f2730f37924bcec72,fresh_min_fill,COOP14_MIG_BRANCH_GROUP,1d2a6f95014703ca171206e42701c52355b89dab08ba0a9b72b3d193a3b620d4,WARM_SAME_SOURCE,FRESH_EXACT_SOLVE_WITH_INTERNAL_CHECKS_EXCLUDES_EXTERNAL_VERIFICATION,16,512,4,1,5,2153,32,d5207e6b84fbabee961e83f3860a3bacaca585acd736c092903cacdfff692450,NUMPY_BATCHED_INVERSE_NTT_INTEGER_CRT,3,COMPLETE,OBSERVED_PATTERN,True,,,,,,343988224,1.8092374500120059,0.025118864024989307,0.053567119,0.026125326,0.0029577170498669147,0.008280768950133086,0.004193003987893462,0.09102504,,0.0,3238c4ef8a2a23d767c29695fee610d940919582d26db02a4ef21088b610d43f,"{""N"": 100, ""source_family"": ""N100_P2_PACKET_PLUS_DEPTH_V1"", ""graph_hash"": ""28e9e44506fd4dcd854bc2d2f36c432fa3694abe93af29e88f5beca98f42dfa0"", ""source_hash"": ""f4f512facb6a5b46acbf03543c91d6653cb961b30ea9f2a1c1af33255bb1aa0b"", ""edges"": 260, ""degree_min"": 4, ""degree_max"": 6, ""degree_mean"": 5.2, ""degree_std"": 0.5099019513592785, ""components"": 8, ""component_sizes"": [5, 10, 10, 15, 15, 15, 15, 15], ""max_component"": 15, ""local_assignments"": 165920, ""minfill_width"": 5, ""minfill_work"": 2168, ""minfill_order"": [39, 40, 41, 86, 87, 0, 1, 2, 60, 61, 3, 4, 5, 62, 63, 6, 7, 8, 64, 65, 9, 10, 11, 66, 67, 12, 13, 14, 68, 69, 15, 16, 17, 70, 36, 37, 38, 71, 84, 85, 18, 19, 20, 72, 42, 43, 44, 73, 88, 89, 21, 22, 23, 74, 45, 46, 47, 75, 90, 91, 24, 25, 26, 76, 48, 49, 50, 77, 92, 93, 27, 28, 29, 78, 51, 52, 53, 79, 94, 95, 30, 31, 32, 80, 54, 55, 56, 81, 96, 97, 33, 34, 35, 82, 57, 58, 59, 83, 98, 99], ""energy_bound"": 260, ""root_bound"": 512, ""crt_primes"": 4, ""arithmetic_burden"": 4440064, ""coefficient_bound"": ""1267650600228229401496703205376"", ""coupling_multiplicities"": {""1"": 260}, ""symmetry"": ""not assumed"", ""degree_signature"": [4, 4, 4, 4, 4, 5, 5, 5, 5, 5, 5, 5, 5, 5, 5, 5, 5, 5, 5, 5, 5, 5, 5, 5, 5, 5, 5, 5, 5, 5, 5, 5, 5, 5, 5, 5, 5, 5, 5, 5, 5, 5, 5, 5, 5, 5, 5, 5, 5, 5, 5, 5, 5, 5, 5, 5, 5, 5, 5, 5, 5, 5, 5, 5, 5, 5, 5, 5, 5, 5, 5, 5, 5, 5, 5, 6, 6, 6, 6, 6, 6, 6, 6, 6, 6, 6, 6, 6, 6, 6, 6, 6, 6, 6, 6, 6, 6, 6, 6, 6]}",3444,"[54493, 54494, 54495, 54496, 54497, 54498, 54499, 54500, 54501, 54502, 54503, 54504, 54505, 54506]","[160, 160, 160, 112, 176, 160, 176, 96, 112, 112, 160, 144, 160, 160]",WARM_SAME_SOURCE,focused
5d39c43351fcc8732dd71700,N105,5776b29715e9a50cd9f500c1b53e676b5e8d4ed040d40ac02cad5f3eb90e7774,1a5a3f398978af9ec44f29e6dedde0caacb3eaa35df2a7da5f0aada620afb2bf,N105_P9G0_HISTORICAL_PACKET_RESTORATION_V1,46f1f2fd7b1710ed745060e45f24f9db60f681e8010208e52e657f6e531da178,"[0, 1, 60, 61]",4ce49b3bd57787671e8d84190fc6ac27792c247097b95e747076012c6fbf8164,6a6f783dc891750586becb563080fe829139ecd3fda3737d3bec91ff18cf050b,fresh_min_fill,COOP14_MIG_BRANCH_GROUP,1d2a6f95014703ca171206e42701c52355b89dab08ba0a9b72b3d193a3b620d4,WARM_SAME_SOURCE,FRESH_EXACT_SOLVE_WITH_INTERNAL_CHECKS_EXCLUDES_EXTERNAL_VERIFICATION,16,512,4,1,5,2313,32,d5207e6b84fbabee961e83f3860a3bacaca585acd736c092903cacdfff692450,NUMPY_BATCHED_INVERSE_NTT_INTEGER_CRT,1,COMPLETE,OBSERVED_PATTERN,True,,,,,,344028160,1.9718982310732827,0.006959103047847748,0.056663322,0.02868069,0.0036689238622784615,0.025745413137721537,0.004238783032633364,0.114842507,,0.0,020797de5f798950f4dc55148da28f5c9daf285323bd44f404c9065d9db60d09,"{""N"": 105, ""source_family"": ""N105_P9G0_HISTORICAL_PACKET_RESTORATION_V1"", ""graph_hash"": ""1a5a3f398978af9ec44f29e6dedde0caacb3eaa35df2a7da5f0aada620afb2bf"", ""source_hash"": ""5776b29715e9a50cd9f500c1b53e676b5e8d4ed040d40ac02cad5f3eb90e7774"", ""edges"": 275, ""degree_min"": 5, ""degree_max"": 6, ""degree_mean"": 5.238095238095238, ""degree_std"": 0.4259177099999599, ""components"": 8, ""component_sizes"": [10, 10, 10, 15, 15, 15, 15, 15], ""max_component"": 15, ""local_assignments"": 166912, ""minfill_width"": 5, ""minfill_work"": 2328, ""minfill_order"": [0, 1, 2, 60, 61, 3, 4, 5, 62, 63, 6, 7, 8, 64, 65, 9, 10, 11, 66, 67, 12, 13, 14, 68, 69, 15, 16, 17, 70, 36, 37, 38, 71, 84, 85, 18, 19, 20, 72, 42, 43, 44, 73, 88, 89, 21, 22, 23, 74, 45, 46, 47, 75, 90, 91, 24, 25, 26, 76, 48, 49, 50, 77, 92, 93, 27, 28, 29, 78, 51, 52, 53, 79, 94, 95, 30, 31, 32, 80, 54, 55, 56, 81, 96, 97, 33, 34, 35, 82, 57, 58, 59, 83, 98, 99, 39, 40, 41, 86, 87, 100, 101, 102, 103, 104], ""energy_bound"": 275, ""root_bound"": 512, ""crt_primes"": 4, ""arithmetic_burden"": 4767744, ""coefficient_bound"": ""40564819207303340847894502572032"", ""coupling_multiplicities"": {""1"": 275}, ""symmetry"": ""not assumed"", ""degree_signature"": [5, 5, 5, 5, 5, 5, 5, 5, 5, 5, 5, 5, 5, 5, 5, 5, 5, 5, 5, 5, 5, 5, 5, 5, 5, 5, 5, 5, 5, 5, 5, 5, 5, 5, 5, 5, 5, 5, 5, 5, 5, 5, 5, 5, 5, 5, 5, 5, 5, 5, 5, 5, 5, 5, 5, 5, 5, 5, 5, 5, 5, 5, 5, 5, 5, 5, 5, 5, 5, 5, 5, 5, 5, 5, 5, 5, 5, 5, 5, 5, 6, 6, 6, 6, 6, 6, 6, 6, 6, 6, 6, 6, 6, 6, 6, 6, 6, 6, 6, 6, 6, 6, 6, 6, 6]}",3444,"[54493, 54494, 54495, 54496, 54497, 54498, 54499, 54500, 54501, 54502, 54503, 54504, 54505, 54506]","[160, 160, 160, 160, 144, 144, 160, 144, 160, 96, 144, 96, 160, 160]",WARM_SAME_SOURCE,focused
5d39c43351fcc8732dd71700,N105,5776b29715e9a50cd9f500c1b53e676b5e8d4ed040d40ac02cad5f3eb90e7774,1a5a3f398978af9ec44f29e6dedde0caacb3eaa35df2a7da5f0aada620afb2bf,N105_P9G0_HISTORICAL_PACKET_RESTORATION_V1,46f1f2fd7b1710ed745060e45f24f9db60f681e8010208e52e657f6e531da178,"[0, 1, 60, 61]",4ce49b3bd57787671e8d84190fc6ac27792c247097b95e747076012c6fbf8164,6a6f783dc891750586becb563080fe829139ecd3fda3737d3bec91ff18cf050b,fresh_min_fill,COOP14_MIG_BRANCH_GROUP,1d2a6f95014703ca171206e42701c52355b89dab08ba0a9b72b3d193a3b620d4,WARM_SAME_SOURCE,FRESH_EXACT_SOLVE_WITH_INTERNAL_CHECKS_EXCLUDES_EXTERNAL_VERIFICATION,16,512,4,1,5,2313,32,d5207e6b84fbabee961e83f3860a3bacaca585acd736c092903cacdfff692450,NUMPY_BATCHED_INVERSE_NTT_INTEGER_CRT,2,COMPLETE,OBSERVED_PATTERN,True,,,,,,344028160,1.9718982310732827,0.006959103047847748,0.060576722,0.030975159,0.002181221963837743,0.008557664036162257,0.0044681389117613435,0.102403024,,0.0,020797de5f798950f4dc55148da28f5c9daf285323bd44f404c9065d9db60d09,"{""N"": 105, ""source_family"": ""N105_P9G0_HISTORICAL_PACKET_RESTORATION_V1"", ""graph_hash"": ""1a5a3f398978af9ec44f29e6dedde0caacb3eaa35df2a7da5f0aada620afb2bf"", ""source_hash"": ""5776b29715e9a50cd9f500c1b53e676b5e8d4ed040d40ac02cad5f3eb90e7774"", ""edges"": 275, ""degree_min"": 5, ""degree_max"": 6, ""degree_mean"": 5.238095238095238, ""degree_std"": 0.4259177099999599, ""components"": 8, ""component_sizes"": [10, 10, 10, 15, 15, 15, 15, 15], ""max_component"": 15, ""local_assignments"": 166912, ""minfill_width"": 5, ""minfill_work"": 2328, ""minfill_order"": [0, 1, 2, 60, 61, 3, 4, 5, 62, 63, 6, 7, 8, 64, 65, 9, 10, 11, 66, 67, 12, 13, 14, 68, 69, 15, 16, 17, 70, 36, 37, 38, 71, 84, 85, 18, 19, 20, 72, 42, 43, 44, 73, 88, 89, 21, 22, 23, 74, 45, 46, 47, 75, 90, 91, 24, 25, 26, 76, 48, 49, 50, 77, 92, 93, 27, 28, 29, 78, 51, 52, 53, 79, 94, 95, 30, 31, 32, 80, 54, 55, 56, 81, 96, 97, 33, 34, 35, 82, 57, 58, 59, 83, 98, 99, 39, 40, 41, 86, 87, 100, 101, 102, 103, 104], ""energy_bound"": 275, ""root_bound"": 512, ""crt_primes"": 4, ""arithmetic_burden"": 4767744, ""coefficient_bound"": ""40564819207303340847894502572032"", ""coupling_multiplicities"": {""1"": 275}, ""symmetry"": ""not assumed"", ""degree_signature"": [5, 5, 5, 5, 5, 5, 5, 5, 5, 5, 5, 5, 5, 5, 5, 5, 5, 5, 5, 5, 5, 5, 5, 5, 5, 5, 5, 5, 5, 5, 5, 5, 5, 5, 5, 5, 5, 5, 5, 5, 5, 5, 5, 5, 5, 5, 5, 5, 5, 5, 5, 5, 5, 5, 5, 5, 5, 5, 5, 5, 5, 5, 5, 5, 5, 5, 5, 5, 5, 5, 5, 5, 5, 5, 5, 5, 5, 5, 5, 5, 6, 6, 6, 6, 6, 6, 6, 6, 6, 6, 6, 6, 6, 6, 6, 6, 6, 6, 6, 6, 6, 6, 6, 6, 6]}",3444,"[54493, 54494, 54495, 54496, 54497, 54498, 54499, 54500, 54501, 54502, 54503, 54504, 54505, 54506]","[160, 176, 160, 128, 144, 144, 112, 160, 176, 128, 144, 128, 112, 176]",WARM_SAME_SOURCE,focused
5d39c43351fcc8732dd71700,N105,5776b29715e9a50cd9f500c1b53e676b5e8d4ed040d40ac02cad5f3eb90e7774,1a5a3f398978af9ec44f29e6dedde0caacb3eaa35df2a7da5f0aada620afb2bf,N105_P9G0_HISTORICAL_PACKET_RESTORATION_V1,46f1f2fd7b1710ed745060e45f24f9db60f681e8010208e52e657f6e531da178,"[0, 1, 60, 61]",4ce49b3bd57787671e8d84190fc6ac27792c247097b95e747076012c6fbf8164,6a6f783dc891750586becb563080fe829139ecd3fda3737d3bec91ff18cf050b,fresh_min_fill,COOP14_MIG_BRANCH_GROUP,1d2a6f95014703ca171206e42701c52355b89dab08ba0a9b72b3d193a3b620d4,WARM_SAME_SOURCE,FRESH_EXACT_SOLVE_WITH_INTERNAL_CHECKS_EXCLUDES_EXTERNAL_VERIFICATION,16,512,4,1,5,2313,32,d5207e6b84fbabee961e83f3860a3bacaca585acd736c092903cacdfff692450,NUMPY_BATCHED_INVERSE_NTT_INTEGER_CRT,3,COMPLETE,OBSERVED_PATTERN,True,,,,,,344028160,1.9718982310732827,0.006959103047847748,0.058802974,0.031115366,0.0036886839661747217,0.013468235033825278,0.004690455039963126,0.107189816,,0.0,020797de5f798950f4dc55148da28f5c9daf285323bd44f404c9065d9db60d09,"{""N"": 105, ""source_family"": ""N105_P9G0_HISTORICAL_PACKET_RESTORATION_V1"", ""graph_hash"": ""1a5a3f398978af9ec44f29e6dedde0caacb3eaa35df2a7da5f0aada620afb2bf"", ""source_hash"": ""5776b29715e9a50cd9f500c1b53e676b5e8d4ed040d40ac02cad5f3eb90e7774"", ""edges"": 275, ""degree_min"": 5, ""degree_max"": 6, ""degree_mean"": 5.238095238095238, ""degree_std"": 0.4259177099999599, ""components"": 8, ""component_sizes"": [10, 10, 10, 15, 15, 15, 15, 15], ""max_component"": 15, ""local_assignments"": 166912, ""minfill_width"": 5, ""minfill_work"": 2328, ""minfill_order"": [0, 1, 2, 60, 61, 3, 4, 5, 62, 63, 6, 7, 8, 64, 65, 9, 10, 11, 66, 67, 12, 13, 14, 68, 69, 15, 16, 17, 70, 36, 37, 38, 71, 84, 85, 18, 19, 20, 72, 42, 43, 44, 73, 88, 89, 21, 22, 23, 74, 45, 46, 47, 75, 90, 91, 24, 25, 26, 76, 48, 49, 50, 77, 92, 93, 27, 28, 29, 78, 51, 52, 53, 79, 94, 95, 30, 31, 32, 80, 54, 55, 56, 81, 96, 97, 33, 34, 35, 82, 57, 58, 59, 83, 98, 99, 39, 40, 41, 86, 87, 100, 101, 102, 103, 104], ""energy_bound"": 275, ""root_bound"": 512, ""crt_primes"": 4, ""arithmetic_burden"": 4767744, ""coefficient_bound"": ""40564819207303340847894502572032"", ""coupling_multiplicities"": {""1"": 275}, ""symmetry"": ""not assumed"", ""degree_signature"": [5, 5, 5, 5, 5, 5, 5, 5, 5, 5, 5, 5, 5, 5, 5, 5, 5, 5, 5, 5, 5, 5, 5, 5, 5, 5, 5, 5, 5, 5, 5, 5, 5, 5, 5, 5, 5, 5, 5, 5, 5, 5, 5, 5, 5, 5, 5, 5, 5, 5, 5, 5, 5, 5, 5, 5, 5, 5, 5, 5, 5, 5, 5, 5, 5, 5, 5, 5, 5, 5, 5, 5, 5, 5, 5, 5, 5, 5, 5, 5, 6, 6, 6, 6, 6, 6, 6, 6, 6, 6, 6, 6, 6, 6, 6, 6, 6, 6, 6, 6, 6, 6, 6, 6, 6]}",3444,"[54493, 54494, 54495, 54496, 54497, 54498, 54499, 54500, 54501, 54502, 54503, 54504, 54505, 54506]","[160, 176, 160, 96, 160, 176, 176, 160, 160, 112, 128, 144, 144, 96]",WARM_SAME_SOURCE,focused
867a00853fbbd5c073f1f543,N024,23e5189c367e97c6f5689f15ec54e6d0aa61cd43346758be28ea6c77327c3ed6,0d755115e88cb2d11c89c56622c66ea8d189ef5ff7dc6e5913bdc590a1e3e374,N96_INDUCED_TRANSITION_LADDER_V1,f2f991d74dfbb2edf7f4475dcb7d82989de00a71e44bb11d4a6fbb49442577b6,"[0, 1, 2, 3]",684af504adde9c88bc3d4dce8cbc686ea9635ad884a3121f784288a02874bdf4,,components,LOCAL_FLINT_CPU,LOCAL_SINGLE_COORDINATOR_FLINT_CPU,WARM_NEW_SOURCE,FRESH_EXACT_SOLVE_WITH_INTERNAL_CHECKS_EXCLUDES_EXTERNAL_VERIFICATION,0,0,0,1,9,1074,512,d5207e6b84fbabee961e83f3860a3bacaca585acd736c092903cacdfff692450,FLINT_EXACT_POLYNOMIAL,0,COMPLETE,OBSERVED_PATTERN,True,1206,0,0,CPU exact route includes its native polynomial readout/count checks; independently timed external verification excluded; no subprocess startup,deterministic retained-port-aware elimination or explicit component enumeration,,0.00035792402923107147,0.0,0.0,0.0,,0.0,0.000839115004055202,0.007569982088170946,0.007569982088170946,0.0,6c96f0014c2bf0d068c261380674b57e59d5dd997a7783362288658ca2eb569e,"{""N"": 24, ""source_family"": ""N96_INDUCED_TRANSITION_LADDER_V1"", ""graph_hash"": ""0d755115e88cb2d11c89c56622c66ea8d189ef5ff7dc6e5913bdc590a1e3e374"", ""source_hash"": ""23e5189c367e97c6f5689f15ec54e6d0aa61cd43346758be28ea6c77327c3ed6"", ""edges"": 19, ""degree_min"": 0, ""degree_max"": 4, ""degree_mean"": 1.5833333333333333, ""degree_std"": 1.2555432644432802, ""components"": 9, ""component_sizes"": [1, 1, 1, 1, 1, 2, 2, 5, 10], ""max_component"": 10, ""local_assignments"": 1074, ""minfill_width"": 3, ""minfill_work"": 59, ""minfill_order"": [12, 16, 18, 22, 23, 0, 1, 11, 10, 13, 3, 14, 17, 15, 2, 20, 21, 19, 4, 6, 5, 7, 8, 9], ""energy_bound"": 61, ""root_bound"": 64, ""crt_primes"": 1, ""arithmetic_burden"": 3776, ""coefficient_bound"": ""16777216"", ""coupling_multiplicities"": {""3"": 4, ""1"": 3, ""-1"": 5, ""-2"": 5, ""-3"": 2}, ""symmetry"": ""not assumed"", ""degree_signature"": [0, 0, 0, 0, 0, 1, 1, 1, 1, 1, 1, 1, 1, 1, 2, 2, 2, 3, 3, 3, 3, 3, 4, 4]}",,,,,
867a00853fbbd5c073f1f543,N024,23e5189c367e97c6f5689f15ec54e6d0aa61cd43346758be28ea6c77327c3ed6,0d755115e88cb2d11c89c56622c66ea8d189ef5ff7dc6e5913bdc590a1e3e374,N96_INDUCED_TRANSITION_LADDER_V1,f2f991d74dfbb2edf7f4475dcb7d82989de00a71e44bb11d4a6fbb49442577b6,"[0, 1, 2, 3]",4f34ece02e06556e7d52881169331aee096a332c0e0e9bd7b405f295c881ddf8,,variable_elimination,LOCAL_FLINT_CPU,LOCAL_SINGLE_COORDINATOR_FLINT_CPU,WARM_NEW_SOURCE,FRESH_EXACT_SOLVE_WITH_INTERNAL_CHECKS_EXCLUDES_EXTERNAL_VERIFICATION,0,0,0,1,3,53,8,d5207e6b84fbabee961e83f3860a3bacaca585acd736c092903cacdfff692450,FLINT_EXACT_POLYNOMIAL,0,COMPLETE,OBSERVED_PATTERN,True,686,0,0,CPU exact route includes its native polynomial readout/count checks; independently timed external verification excluded; no subprocess startup,deterministic retained-port-aware elimination or explicit component enumeration,,0.00035792402923107147,0.0,0.0,0.0,,0.0,0.0008433449547737837,0.0032432409934699535,0.0032432409934699535,0.0,6c96f0014c2bf0d068c261380674b57e59d5dd997a7783362288658ca2eb569e,"{""N"": 24, ""source_family"": ""N96_INDUCED_TRANSITION_LADDER_V1"", ""graph_hash"": ""0d755115e88cb2d11c89c56622c66ea8d189ef5ff7dc6e5913bdc590a1e3e374"", ""source_hash"": ""23e5189c367e97c6f5689f15ec54e6d0aa61cd43346758be28ea6c77327c3ed6"", ""edges"": 19, ""degree_min"": 0, ""degree_max"": 4, ""degree_mean"": 1.5833333333333333, ""degree_std"": 1.2555432644432802, ""components"": 9, ""component_sizes"": [1, 1, 1, 1, 1, 2, 2, 5, 10], ""max_component"": 10, ""local_assignments"": 1074, ""minfill_width"": 3, ""minfill_work"": 59, ""minfill_order"": [12, 16, 18, 22, 23, 0, 1, 11, 10, 13, 3, 14, 17, 15, 2, 20, 21, 19, 4, 6, 5, 7, 8, 9], ""energy_bound"": 61, ""root_bound"": 64, ""crt_primes"": 1, ""arithmetic_burden"": 3776, ""coefficient_bound"": ""16777216"", ""coupling_multiplicities"": {""3"": 4, ""1"": 3, ""-1"": 5, ""-2"": 5, ""-3"": 2}, ""symmetry"": ""not assumed"", ""degree_signature"": [0, 0, 0, 0, 0, 1, 1, 1, 1, 1, 1, 1, 1, 1, 2, 2, 2, 3, 3, 3, 3, 3, 4, 4]}",,,,,
867a00853fbbd5c073f1f543,N024,23e5189c367e97c6f5689f15ec54e6d0aa61cd43346758be28ea6c77327c3ed6,0d755115e88cb2d11c89c56622c66ea8d189ef5ff7dc6e5913bdc590a1e3e374,N96_INDUCED_TRANSITION_LADDER_V1,f2f991d74dfbb2edf7f4475dcb7d82989de00a71e44bb11d4a6fbb49442577b6,"[0, 1, 2, 3]",4f34ece02e06556e7d52881169331aee096a332c0e0e9bd7b405f295c881ddf8,,variable_elimination,LOCAL_FLINT_CPU,LOCAL_SINGLE_COORDINATOR_FLINT_CPU,WARM_SAME_SOURCE,FRESH_EXACT_SOLVE_WITH_INTERNAL_CHECKS_EXCLUDES_EXTERNAL_VERIFICATION,0,0,0,1,3,53,8,d5207e6b84fbabee961e83f3860a3bacaca585acd736c092903cacdfff692450,FLINT_EXACT_POLYNOMIAL,1,COMPLETE,OBSERVED_PATTERN,True,686,0,0,CPU exact route includes its native polynomial readout/count checks; independently timed external verification excluded; no subprocess startup,deterministic retained-port-aware elimination or explicit component enumeration,,0.00035792402923107147,0.0,0.0,0.0,,0.0,0.0008263950003311038,0.002951105940155685,0.002951105940155685,0.0,6c96f0014c2bf0d068c261380674b57e59d5dd997a7783362288658ca2eb569e,"{""N"": 24, ""source_family"": ""N96_INDUCED_TRANSITION_LADDER_V1"", ""graph_hash"": ""0d755115e88cb2d11c89c56622c66ea8d189ef5ff7dc6e5913bdc590a1e3e374"", ""source_hash"": ""23e5189c367e97c6f5689f15ec54e6d0aa61cd43346758be28ea6c77327c3ed6"", ""edges"": 19, ""degree_min"": 0, ""degree_max"": 4, ""degree_mean"": 1.5833333333333333, ""degree_std"": 1.2555432644432802, ""components"": 9, ""component_sizes"": [1, 1, 1, 1, 1, 2, 2, 5, 10], ""max_component"": 10, ""local_assignments"": 1074, ""minfill_width"": 3, ""minfill_work"": 59, ""minfill_order"": [12, 16, 18, 22, 23, 0, 1, 11, 10, 13, 3, 14, 17, 15, 2, 20, 21, 19, 4, 6, 5, 7, 8, 9], ""energy_bound"": 61, ""root_bound"": 64, ""crt_primes"": 1, ""arithmetic_burden"": 3776, ""coefficient_bound"": ""16777216"", ""coupling_multiplicities"": {""3"": 4, ""1"": 3, ""-1"": 5, ""-2"": 5, ""-3"": 2}, ""symmetry"": ""not assumed"", ""degree_signature"": [0, 0, 0, 0, 0, 1, 1, 1, 1, 1, 1, 1, 1, 1, 2, 2, 2, 3, 3, 3, 3, 3, 4, 4]}",,,,,
867a00853fbbd5c073f1f543,N024,23e5189c367e97c6f5689f15ec54e6d0aa61cd43346758be28ea6c77327c3ed6,0d755115e88cb2d11c89c56622c66ea8d189ef5ff7dc6e5913bdc590a1e3e374,N96_INDUCED_TRANSITION_LADDER_V1,f2f991d74dfbb2edf7f4475dcb7d82989de00a71e44bb11d4a6fbb49442577b6,"[0, 1, 2, 3]",684af504adde9c88bc3d4dce8cbc686ea9635ad884a3121f784288a02874bdf4,,components,LOCAL_FLINT_CPU,LOCAL_SINGLE_COORDINATOR_FLINT_CPU,WARM_SAME_SOURCE,FRESH_EXACT_SOLVE_WITH_INTERNAL_CHECKS_EXCLUDES_EXTERNAL_VERIFICATION,0,0,0,1,9,1074,512,d5207e6b84fbabee961e83f3860a3bacaca585acd736c092903cacdfff692450,FLINT_EXACT_POLYNOMIAL,1,COMPLETE,OBSERVED_PATTERN,True,1206,0,0,CPU exact route includes its native polynomial readout/count checks; independently timed external verification excluded; no subprocess startup,deterministic retained-port-aware elimination or explicit component enumeration,,0.00035792402923107147,0.0,0.0,0.0,,0.0,0.0008249449310824275,0.0038944799453020096,0.0038944799453020096,0.0,6c96f0014c2bf0d068c261380674b57e59d5dd997a7783362288658ca2eb569e,"{""N"": 24, ""source_family"": ""N96_INDUCED_TRANSITION_LADDER_V1"", ""graph_hash"": ""0d755115e88cb2d11c89c56622c66ea8d189ef5ff7dc6e5913bdc590a1e3e374"", ""source_hash"": ""23e5189c367e97c6f5689f15ec54e6d0aa61cd43346758be28ea6c77327c3ed6"", ""edges"": 19, ""degree_min"": 0, ""degree_max"": 4, ""degree_mean"": 1.5833333333333333, ""degree_std"": 1.2555432644432802, ""components"": 9, ""component_sizes"": [1, 1, 1, 1, 1, 2, 2, 5, 10], ""max_component"": 10, ""local_assignments"": 1074, ""minfill_width"": 3, ""minfill_work"": 59, ""minfill_order"": [12, 16, 18, 22, 23, 0, 1, 11, 10, 13, 3, 14, 17, 15, 2, 20, 21, 19, 4, 6, 5, 7, 8, 9], ""energy_bound"": 61, ""root_bound"": 64, ""crt_primes"": 1, ""arithmetic_burden"": 3776, ""coefficient_bound"": ""16777216"", ""coupling_multiplicities"": {""3"": 4, ""1"": 3, ""-1"": 5, ""-2"": 5, ""-3"": 2}, ""symmetry"": ""not assumed"", ""degree_signature"": [0, 0, 0, 0, 0, 1, 1, 1, 1, 1, 1, 1, 1, 1, 2, 2, 2, 3, 3, 3, 3, 3, 4, 4]}",,,,,
867a00853fbbd5c073f1f543,N024,23e5189c367e97c6f5689f15ec54e6d0aa61cd43346758be28ea6c77327c3ed6,0d755115e88cb2d11c89c56622c66ea8d189ef5ff7dc6e5913bdc590a1e3e374,N96_INDUCED_TRANSITION_LADDER_V1,f2f991d74dfbb2edf7f4475dcb7d82989de00a71e44bb11d4a6fbb49442577b6,"[0, 1, 2, 3]",684af504adde9c88bc3d4dce8cbc686ea9635ad884a3121f784288a02874bdf4,,components,LOCAL_FLINT_CPU,LOCAL_SINGLE_COORDINATOR_FLINT_CPU,WARM_SAME_SOURCE,FRESH_EXACT_SOLVE_WITH_INTERNAL_CHECKS_EXCLUDES_EXTERNAL_VERIFICATION,0,0,0,1,9,1074,512,d5207e6b84fbabee961e83f3860a3bacaca585acd736c092903cacdfff692450,FLINT_EXACT_POLYNOMIAL,2,COMPLETE,OBSERVED_PATTERN,True,1206,0,0,CPU exact route includes its native polynomial readout/count checks; independently timed external verification excluded; no subprocess startup,deterministic retained-port-aware elimination or explicit component enumeration,,0.00035792402923107147,0.0,0.0,0.0,,0.0,0.0008180959848687053,0.0038651289651170373,0.0038651289651170373,0.0,6c96f0014c2bf0d068c261380674b57e59d5dd997a7783362288658ca2eb569e,"{""N"": 24, ""source_family"": ""N96_INDUCED_TRANSITION_LADDER_V1"", ""graph_hash"": ""0d755115e88cb2d11c89c56622c66ea8d189ef5ff7dc6e5913bdc590a1e3e374"", ""source_hash"": ""23e5189c367e97c6f5689f15ec54e6d0aa61cd43346758be28ea6c77327c3ed6"", ""edges"": 19, ""degree_min"": 0, ""degree_max"": 4, ""degree_mean"": 1.5833333333333333, ""degree_std"": 1.2555432644432802, ""components"": 9, ""component_sizes"": [1, 1, 1, 1, 1, 2, 2, 5, 10], ""max_component"": 10, ""local_assignments"": 1074, ""minfill_width"": 3, ""minfill_work"": 59, ""minfill_order"": [12, 16, 18, 22, 23, 0, 1, 11, 10, 13, 3, 14, 17, 15, 2, 20, 21, 19, 4, 6, 5, 7, 8, 9], ""energy_bound"": 61, ""root_bound"": 64, ""crt_primes"": 1, ""arithmetic_burden"": 3776, ""coefficient_bound"": ""16777216"", ""coupling_multiplicities"": {""3"": 4, ""1"": 3, ""-1"": 5, ""-2"": 5, ""-3"": 2}, ""symmetry"": ""not assumed"", ""degree_signature"": [0, 0, 0, 0, 0, 1, 1, 1, 1, 1, 1, 1, 1, 1, 2, 2, 2, 3, 3, 3, 3, 3, 4, 4]}",,,,,
867a00853fbbd5c073f1f543,N024,23e5189c367e97c6f5689f15ec54e6d0aa61cd43346758be28ea6c77327c3ed6,0d755115e88cb2d11c89c56622c66ea8d189ef5ff7dc6e5913bdc590a1e3e374,N96_INDUCED_TRANSITION_LADDER_V1,f2f991d74dfbb2edf7f4475dcb7d82989de00a71e44bb11d4a6fbb49442577b6,"[0, 1, 2, 3]",4f34ece02e06556e7d52881169331aee096a332c0e0e9bd7b405f295c881ddf8,,variable_elimination,LOCAL_FLINT_CPU,LOCAL_SINGLE_COORDINATOR_FLINT_CPU,WARM_SAME_SOURCE,FRESH_EXACT_SOLVE_WITH_INTERNAL_CHECKS_EXCLUDES_EXTERNAL_VERIFICATION,0,0,0,1,3,53,8,d5207e6b84fbabee961e83f3860a3bacaca585acd736c092903cacdfff692450,FLINT_EXACT_POLYNOMIAL,2,COMPLETE,OBSERVED_PATTERN,True,686,0,0,CPU exact route includes its native polynomial readout/count checks; independently timed external verification excluded; no subprocess startup,deterministic retained-port-aware elimination or explicit component enumeration,,0.00035792402923107147,0.0,0.0,0.0,,0.0,0.0008216450223699212,0.0029714059783145785,0.0029714059783145785,0.0,6c96f0014c2bf0d068c261380674b57e59d5dd997a7783362288658ca2eb569e,"{""N"": 24, ""source_family"": ""N96_INDUCED_TRANSITION_LADDER_V1"", ""graph_hash"": ""0d755115e88cb2d11c89c56622c66ea8d189ef5ff7dc6e5913bdc590a1e3e374"", ""source_hash"": ""23e5189c367e97c6f5689f15ec54e6d0aa61cd43346758be28ea6c77327c3ed6"", ""edges"": 19, ""degree_min"": 0, ""degree_max"": 4, ""degree_mean"": 1.5833333333333333, ""degree_std"": 1.2555432644432802, ""components"": 9, ""component_sizes"": [1, 1, 1, 1, 1, 2, 2, 5, 10], ""max_component"": 10, ""local_assignments"": 1074, ""minfill_width"": 3, ""minfill_work"": 59, ""minfill_order"": [12, 16, 18, 22, 23, 0, 1, 11, 10, 13, 3, 14, 17, 15, 2, 20, 21, 19, 4, 6, 5, 7, 8, 9], ""energy_bound"": 61, ""root_bound"": 64, ""crt_primes"": 1, ""arithmetic_burden"": 3776, ""coefficient_bound"": ""16777216"", ""coupling_multiplicities"": {""3"": 4, ""1"": 3, ""-1"": 5, ""-2"": 5, ""-3"": 2}, ""symmetry"": ""not assumed"", ""degree_signature"": [0, 0, 0, 0, 0, 1, 1, 1, 1, 1, 1, 1, 1, 1, 2, 2, 2, 3, 3, 3, 3, 3, 4, 4]}",,,,,
1f3fa1f45e07708b8089b6fd,N078,5a976c34f66269cff9d4e0a2ae2b690e1b1e4467ce6fb7789ccf4ce4ff392ba5,6a3bd8d809750dd0ecd926d2bcd6745227e4dca2551b8045d89aadb82272b049,N96_INDUCED_TRANSITION_LADDER_V1,f2f991d74dfbb2edf7f4475dcb7d82989de00a71e44bb11d4a6fbb49442577b6,"[0, 1, 2, 3]",58e8a00979bccfed0276fec9f5bdcf859a3957e5c346ed88b8bf8edb6f628269,db3c96bbe439ac6ff41712c4701f72f91f134f1e692569e279ec6a9b43d5423f,transition_priority,COOP14_MIG_BRANCH_GROUP,1d2a6f95014703ca171206e42701c52355b89dab08ba0a9b72b3d193a3b620d4,WARM_SAME_SOURCE,FRESH_EXACT_SOLVE_WITH_INTERNAL_CHECKS_EXCLUDES_EXTERNAL_VERIFICATION,16,512,3,1,18,688808,262144,d5207e6b84fbabee961e83f3860a3bacaca585acd736c092903cacdfff692450,NUMPY_BATCHED_INVERSE_NTT_INTEGER_CRT,1,COMPLETE,OBSERVED_PATTERN,True,,,,,,97586688,0.00015804707072675228,0.04662569402717054,0.125644611,0.028417195,0.005397310946136713,0.020137656053863286,0.006401453982107341,0.179732591,,0.0,0c0ae16bf02511597263215347227cdb2e182d44abc6b91649e4f2847e1f34e9,"{""N"": 78, ""source_family"": ""N96_INDUCED_TRANSITION_LADDER_V1"", ""graph_hash"": ""6a3bd8d809750dd0ecd926d2bcd6745227e4dca2551b8045d89aadb82272b049"", ""source_hash"": ""5a976c34f66269cff9d4e0a2ae2b690e1b1e4467ce6fb7789ccf4ce4ff392ba5"", ""edges"": 158, ""degree_min"": 2, ""degree_max"": 5, ""degree_mean"": 4.051282051282051, ""degree_std"": 0.8755574912289166, ""components"": 1, ""component_sizes"": [78], ""max_component"": 78, ""local_assignments"": 302231454903657293676544, ""minfill_width"": 18, ""minfill_work"": 948847, ""minfill_order"": [25, 60, 15, 20, 29, 62, 0, 3, 6, 24, 31, 32, 34, 37, 41, 51, 59, 64, 68, 8, 50, 1, 11, 28, 33, 42, 47, 69, 76, 48, 67, 39, 12, 54, 21, 74, 43, 23, 40, 75, 9, 77, 56, 16, 5, 2, 63, 44, 46, 52, 14, 30, 73, 10, 7, 26, 61, 65, 27, 57, 4, 13, 17, 18, 19, 22, 35, 36, 38, 45, 49, 53, 55, 58, 66, 70, 71, 72], ""energy_bound"": 404, ""root_bound"": 512, ""crt_primes"": 3, ""arithmetic_burden"": 1457428992, ""coefficient_bound"": ""302231454903657293676544"", ""coupling_multiplicities"": {""3"": 32, ""-1"": 30, ""-2"": 27, ""1"": 30, ""-3"": 20, ""2"": 19}, ""symmetry"": ""not assumed"", ""degree_signature"": [2, 2, 3, 3, 3, 3, 3, 3, 3, 3, 3, 3, 3, 3, 3, 3, 3, 3, 3, 3, 3, 3, 3, 3, 4, 4, 4, 4, 4, 4, 4, 4, 4, 4, 4, 4, 4, 4, 4, 4, 4, 4, 4, 4, 4, 4, 4, 4, 5, 5, 5, 5, 5, 5, 5, 5, 5, 5, 5, 5, 5, 5, 5, 5, 5, 5, 5, 5, 5, 5, 5, 5, 5, 5, 5, 5, 5, 5]}",9132016,"[59976, 59977, 59978, 59979, 59980, 59981, 59982, 59983, 59984, 59985, 59986, 59987, 59988, 59989]","[112, 176, 176, 192, 80, 80, 80, 112, 80, 80, 96, 80, 112, 80]",WARM_SAME_SOURCE,focused
1f3fa1f45e07708b8089b6fd,N078,5a976c34f66269cff9d4e0a2ae2b690e1b1e4467ce6fb7789ccf4ce4ff392ba5,6a3bd8d809750dd0ecd926d2bcd6745227e4dca2551b8045d89aadb82272b049,N96_INDUCED_TRANSITION_LADDER_V1,f2f991d74dfbb2edf7f4475dcb7d82989de00a71e44bb11d4a6fbb49442577b6,"[0, 1, 2, 3]",58e8a00979bccfed0276fec9f5bdcf859a3957e5c346ed88b8bf8edb6f628269,db3c96bbe439ac6ff41712c4701f72f91f134f1e692569e279ec6a9b43d5423f,transition_priority,COOP14_MIG_BRANCH_GROUP,1d2a6f95014703ca171206e42701c52355b89dab08ba0a9b72b3d193a3b620d4,WARM_SAME_SOURCE,FRESH_EXACT_SOLVE_WITH_INTERNAL_CHECKS_EXCLUDES_EXTERNAL_VERIFICATION,16,512,3,1,18,688808,262144,d5207e6b84fbabee961e83f3860a3bacaca585acd736c092903cacdfff692450,NUMPY_BATCHED_INVERSE_NTT_INTEGER_CRT,2,COMPLETE,OBSERVED_PATTERN,True,,,,,,97586688,0.00015804707072675228,0.04662569402717054,0.121395739,0.025672754,0.004259031848050654,0.013950308151949347,0.007191529963165522,0.165415941,,0.0,0c0ae16bf02511597263215347227cdb2e182d44abc6b91649e4f2847e1f34e9,"{""N"": 78, ""source_family"": ""N96_INDUCED_TRANSITION_LADDER_V1"", ""graph_hash"": ""6a3bd8d809750dd0ecd926d2bcd6745227e4dca2551b8045d89aadb82272b049"", ""source_hash"": ""5a976c34f66269cff9d4e0a2ae2b690e1b1e4467ce6fb7789ccf4ce4ff392ba5"", ""edges"": 158, ""degree_min"": 2, ""degree_max"": 5, ""degree_mean"": 4.051282051282051, ""degree_std"": 0.8755574912289166, ""components"": 1, ""component_sizes"": [78], ""max_component"": 78, ""local_assignments"": 302231454903657293676544, ""minfill_width"": 18, ""minfill_work"": 948847, ""minfill_order"": [25, 60, 15, 20, 29, 62, 0, 3, 6, 24, 31, 32, 34, 37, 41, 51, 59, 64, 68, 8, 50, 1, 11, 28, 33, 42, 47, 69, 76, 48, 67, 39, 12, 54, 21, 74, 43, 23, 40, 75, 9, 77, 56, 16, 5, 2, 63, 44, 46, 52, 14, 30, 73, 10, 7, 26, 61, 65, 27, 57, 4, 13, 17, 18, 19, 22, 35, 36, 38, 45, 49, 53, 55, 58, 66, 70, 71, 72], ""energy_bound"": 404, ""root_bound"": 512, ""crt_primes"": 3, ""arithmetic_burden"": 1457428992, ""coefficient_bound"": ""302231454903657293676544"", ""coupling_multiplicities"": {""3"": 32, ""-1"": 30, ""-2"": 27, ""1"": 30, ""-3"": 20, ""2"": 19}, ""symmetry"": ""not assumed"", ""degree_signature"": [2, 2, 3, 3, 3, 3, 3, 3, 3, 3, 3, 3, 3, 3, 3, 3, 3, 3, 3, 3, 3, 3, 3, 3, 4, 4, 4, 4, 4, 4, 4, 4, 4, 4, 4, 4, 4, 4, 4, 4, 4, 4, 4, 4, 4, 4, 4, 4, 5, 5, 5, 5, 5, 5, 5, 5, 5, 5, 5, 5, 5, 5, 5, 5, 5, 5, 5, 5, 5, 5, 5, 5, 5, 5, 5, 5, 5, 5]}",9132016,"[59976, 59977, 59978, 59979, 59980, 59981, 59982, 59983, 59984, 59985, 59986, 59987, 59988, 59989]","[112, 192, 128, 192, 80, 112, 96, 80, 80, 80, 80, 112, 112, 80]",WARM_SAME_SOURCE,focused
1f3fa1f45e07708b8089b6fd,N078,5a976c34f66269cff9d4e0a2ae2b690e1b1e4467ce6fb7789ccf4ce4ff392ba5,6a3bd8d809750dd0ecd926d2bcd6745227e4dca2551b8045d89aadb82272b049,N96_INDUCED_TRANSITION_LADDER_V1,f2f991d74dfbb2edf7f4475dcb7d82989de00a71e44bb11d4a6fbb49442577b6,"[0, 1, 2, 3]",58e8a00979bccfed0276fec9f5bdcf859a3957e5c346ed88b8bf8edb6f628269,db3c96bbe439ac6ff41712c4701f72f91f134f1e692569e279ec6a9b43d5423f,transition_priority,COOP14_MIG_BRANCH_GROUP,1d2a6f95014703ca171206e42701c52355b89dab08ba0a9b72b3d193a3b620d4,WARM_SAME_SOURCE,FRESH_EXACT_SOLVE_WITH_INTERNAL_CHECKS_EXCLUDES_EXTERNAL_VERIFICATION,16,512,3,1,18,688808,262144,d5207e6b84fbabee961e83f3860a3bacaca585acd736c092903cacdfff692450,NUMPY_BATCHED_INVERSE_NTT_INTEGER_CRT,3,COMPLETE,OBSERVED_PATTERN,True,,,,,,97586688,0.00015804707072675228,0.04662569402717054,0.135256778,0.028457584,0.004670984926633537,0.019548876073366462,0.006359454011544585,0.18805962,,0.0,0c0ae16bf02511597263215347227cdb2e182d44abc6b91649e4f2847e1f34e9,"{""N"": 78, ""source_family"": ""N96_INDUCED_TRANSITION_LADDER_V1"", ""graph_hash"": ""6a3bd8d809750dd0ecd926d2bcd6745227e4dca2551b8045d89aadb82272b049"", ""source_hash"": ""5a976c34f66269cff9d4e0a2ae2b690e1b1e4467ce6fb7789ccf4ce4ff392ba5"", ""edges"": 158, ""degree_min"": 2, ""degree_max"": 5, ""degree_mean"": 4.051282051282051, ""degree_std"": 0.8755574912289166, ""components"": 1, ""component_sizes"": [78], ""max_component"": 78, ""local_assignments"": 302231454903657293676544, ""minfill_width"": 18, ""minfill_work"": 948847, ""minfill_order"": [25, 60, 15, 20, 29, 62, 0, 3, 6, 24, 31, 32, 34, 37, 41, 51, 59, 64, 68, 8, 50, 1, 11, 28, 33, 42, 47, 69, 76, 48, 67, 39, 12, 54, 21, 74, 43, 23, 40, 75, 9, 77, 56, 16, 5, 2, 63, 44, 46, 52, 14, 30, 73, 10, 7, 26, 61, 65, 27, 57, 4, 13, 17, 18, 19, 22, 35, 36, 38, 45, 49, 53, 55, 58, 66, 70, 71, 72], ""energy_bound"": 404, ""root_bound"": 512, ""crt_primes"": 3, ""arithmetic_burden"": 1457428992, ""coefficient_bound"": ""302231454903657293676544"", ""coupling_multiplicities"": {""3"": 32, ""-1"": 30, ""-2"": 27, ""1"": 30, ""-3"": 20, ""2"": 19}, ""symmetry"": ""not assumed"", ""degree_signature"": [2, 2, 3, 3, 3, 3, 3, 3, 3, 3, 3, 3, 3, 3, 3, 3, 3, 3, 3, 3, 3, 3, 3, 3, 4, 4, 4, 4, 4, 4, 4, 4, 4, 4, 4, 4, 4, 4, 4, 4, 4, 4, 4, 4, 4, 4, 4, 4, 5, 5, 5, 5, 5, 5, 5, 5, 5, 5, 5, 5, 5, 5, 5, 5, 5, 5, 5, 5, 5, 5, 5, 5, 5, 5, 5, 5, 5, 5]}",9132016,"[59976, 59977, 59978, 59979, 59980, 59981, 59982, 59983, 59984, 59985, 59986, 59987, 59988, 59989]","[96, 112, 80, 128, 128, 128, 160, 96, 80, 96, 96, 96, 112, 128]",WARM_SAME_SOURCE,focused
b5fad9d6a8cbd26357edd4db,N087,79d702f8631e6b005b45d8f9b8b1b2a2cd8f1da5dd8dcf37f5d1a188bb440e5e,d5999846c0584a9633964a8b0dad6c36880753f757e96b756984a2c4ed4559d6,N96_INDUCED_TRANSITION_LADDER_V1,f2f991d74dfbb2edf7f4475dcb7d82989de00a71e44bb11d4a6fbb49442577b6,"[0, 1, 2, 3]",770e489bf378032509cb13c318769e9816c717ab9ed2020f52e583b7813ff7bc,6dd955133f14d830cd63fbd52104baeec8fc64913d8dde293a0f645e49157e12,tie_portfolio,COOP14_MIG_BRANCH_GROUP,1d2a6f95014703ca171206e42701c52355b89dab08ba0a9b72b3d193a3b620d4,WARM_SAME_SOURCE,FRESH_EXACT_SOLVE_WITH_INTERNAL_CHECKS_EXCLUDES_EXTERNAL_VERIFICATION,16,512,3,1,20,9111100,1048576,d5207e6b84fbabee961e83f3860a3bacaca585acd736c092903cacdfff692450,NUMPY_BATCHED_INVERSE_NTT_INTEGER_CRT,1,COMPLETE,OBSERVED_PATTERN,True,,,,,,1277754880,0.00039409298915416,0.18436257692519575,0.240357762,0.059698398,0.004829232930205762,0.010961290069794238,0.008476865943521261,0.315958542,,0.0,dee4daa906ee08f5ea1ad6d8c7653f37e896bd2a91908a6a1708b960b84ca8e1,"{""N"": 87, ""source_family"": ""N96_INDUCED_TRANSITION_LADDER_V1"", ""graph_hash"": ""d5999846c0584a9633964a8b0dad6c36880753f757e96b756984a2c4ed4559d6"", ""source_hash"": ""79d702f8631e6b005b45d8f9b8b1b2a2cd8f1da5dd8dcf37f5d1a188bb440e5e"", ""edges"": 196, ""degree_min"": 2, ""degree_max"": 5, ""degree_mean"": 4.505747126436781, ""degree_std"": 0.6759168012868578, ""components"": 1, ""component_sizes"": [87], ""max_component"": 87, ""local_assignments"": 154742504910672534362390528, ""minfill_width"": 26, ""minfill_work"": 166450211, ""minfill_order"": [60, 15, 20, 0, 12, 41, 51, 50, 16, 34, 82, 24, 3, 6, 21, 25, 33, 38, 39, 48, 59, 67, 8, 52, 47, 68, 77, 11, 84, 55, 56, 78, 37, 69, 61, 2, 27, 73, 42, 7, 9, 63, 17, 1, 32, 64, 66, 62, 22, 81, 57, 36, 76, 74, 72, 44, 79, 35, 43, 4, 5, 10, 13, 14, 18, 19, 23, 26, 28, 29, 30, 31, 40, 45, 46, 49, 53, 54, 58, 65, 70, 71, 75, 80, 83, 85, 86], ""energy_bound"": 487, ""root_bound"": 512, ""crt_primes"": 3, ""arithmetic_burden"": 255667524096, ""coefficient_bound"": ""154742504910672534362390528"", ""coupling_multiplicities"": {""3"": 37, ""-1"": 36, ""-2"": 35, ""1"": 38, ""-3"": 24, ""2"": 26}, ""symmetry"": ""not assumed"", ""degree_signature"": [2, 3, 3, 3, 3, 3, 3, 4, 4, 4, 4, 4, 4, 4, 4, 4, 4, 4, 4, 4, 4, 4, 4, 4, 4, 4, 4, 4, 4, 4, 4, 4, 4, 4, 4, 5, 5, 5, 5, 5, 5, 5, 5, 5, 5, 5, 5, 5, 5, 5, 5, 5, 5, 5, 5, 5, 5, 5, 5, 5, 5, 5, 5, 5, 5, 5, 5, 5, 5, 5, 5, 5, 5, 5, 5, 5, 5, 5, 5, 5, 5, 5, 5, 5, 5, 5, 5]}",104229232,"[59976, 59977, 59978, 59979, 59980, 59981, 59982, 59983, 59984, 59985, 59986, 59987, 59988, 59989]","[112, 112, 112, 96, 112, 112, 112, 112, 96, 112, 112, 112, 112, 112]",WARM_SAME_SOURCE,focused
b5fad9d6a8cbd26357edd4db,N087,79d702f8631e6b005b45d8f9b8b1b2a2cd8f1da5dd8dcf37f5d1a188bb440e5e,d5999846c0584a9633964a8b0dad6c36880753f757e96b756984a2c4ed4559d6,N96_INDUCED_TRANSITION_LADDER_V1,f2f991d74dfbb2edf7f4475dcb7d82989de00a71e44bb11d4a6fbb49442577b6,"[0, 1, 2, 3]",770e489bf378032509cb13c318769e9816c717ab9ed2020f52e583b7813ff7bc,6dd955133f14d830cd63fbd52104baeec8fc64913d8dde293a0f645e49157e12,tie_portfolio,COOP14_MIG_BRANCH_GROUP,1d2a6f95014703ca171206e42701c52355b89dab08ba0a9b72b3d193a3b620d4,WARM_SAME_SOURCE,FRESH_EXACT_SOLVE_WITH_INTERNAL_CHECKS_EXCLUDES_EXTERNAL_VERIFICATION,16,512,3,1,20,9111100,1048576,d5207e6b84fbabee961e83f3860a3bacaca585acd736c092903cacdfff692450,NUMPY_BATCHED_INVERSE_NTT_INTEGER_CRT,2,COMPLETE,OBSERVED_PATTERN,True,,,,,,1277754880,0.00039409298915416,0.18436257692519575,0.298306322,0.056881608,0.004761485033668578,0.020481706966331423,0.007173599908128381,0.380591,,0.0,dee4daa906ee08f5ea1ad6d8c7653f37e896bd2a91908a6a1708b960b84ca8e1,"{""N"": 87, ""source_family"": ""N96_INDUCED_TRANSITION_LADDER_V1"", ""graph_hash"": ""d5999846c0584a9633964a8b0dad6c36880753f757e96b756984a2c4ed4559d6"", ""source_hash"": ""79d702f8631e6b005b45d8f9b8b1b2a2cd8f1da5dd8dcf37f5d1a188bb440e5e"", ""edges"": 196, ""degree_min"": 2, ""degree_max"": 5, ""degree_mean"": 4.505747126436781, ""degree_std"": 0.6759168012868578, ""components"": 1, ""component_sizes"": [87], ""max_component"": 87, ""local_assignments"": 154742504910672534362390528, ""minfill_width"": 26, ""minfill_work"": 166450211, ""minfill_order"": [60, 15, 20, 0, 12, 41, 51, 50, 16, 34, 82, 24, 3, 6, 21, 25, 33, 38, 39, 48, 59, 67, 8, 52, 47, 68, 77, 11, 84, 55, 56, 78, 37, 69, 61, 2, 27, 73, 42, 7, 9, 63, 17, 1, 32, 64, 66, 62, 22, 81, 57, 36, 76, 74, 72, 44, 79, 35, 43, 4, 5, 10, 13, 14, 18, 19, 23, 26, 28, 29, 30, 31, 40, 45, 46, 49, 53, 54, 58, 65, 70, 71, 75, 80, 83, 85, 86], ""energy_bound"": 487, ""root_bound"": 512, ""crt_primes"": 3, ""arithmetic_burden"": 255667524096, ""coefficient_bound"": ""154742504910672534362390528"", ""coupling_multiplicities"": {""3"": 37, ""-1"": 36, ""-2"": 35, ""1"": 38, ""-3"": 24, ""2"": 26}, ""symmetry"": ""not assumed"", ""degree_signature"": [2, 3, 3, 3, 3, 3, 3, 4, 4, 4, 4, 4, 4, 4, 4, 4, 4, 4, 4, 4, 4, 4, 4, 4, 4, 4, 4, 4, 4, 4, 4, 4, 4, 4, 4, 5, 5, 5, 5, 5, 5, 5, 5, 5, 5, 5, 5, 5, 5, 5, 5, 5, 5, 5, 5, 5, 5, 5, 5, 5, 5, 5, 5, 5, 5, 5, 5, 5, 5, 5, 5, 5, 5, 5, 5, 5, 5, 5, 5, 5, 5, 5, 5, 5, 5, 5, 5]}",104229232,"[59976, 59977, 59978, 59979, 59980, 59981, 59982, 59983, 59984, 59985, 59986, 59987, 59988, 59989]","[96, 112, 112, 112, 112, 96, 112, 112, 112, 112, 112, 112, 112, 112]",WARM_SAME_SOURCE,focused
b5fad9d6a8cbd26357edd4db,N087,79d702f8631e6b005b45d8f9b8b1b2a2cd8f1da5dd8dcf37f5d1a188bb440e5e,d5999846c0584a9633964a8b0dad6c36880753f757e96b756984a2c4ed4559d6,N96_INDUCED_TRANSITION_LADDER_V1,f2f991d74dfbb2edf7f4475dcb7d82989de00a71e44bb11d4a6fbb49442577b6,"[0, 1, 2, 3]",770e489bf378032509cb13c318769e9816c717ab9ed2020f52e583b7813ff7bc,6dd955133f14d830cd63fbd52104baeec8fc64913d8dde293a0f645e49157e12,tie_portfolio,COOP14_MIG_BRANCH_GROUP,1d2a6f95014703ca171206e42701c52355b89dab08ba0a9b72b3d193a3b620d4,WARM_SAME_SOURCE,FRESH_EXACT_SOLVE_WITH_INTERNAL_CHECKS_EXCLUDES_EXTERNAL_VERIFICATION,16,512,3,1,20,9111100,1048576,d5207e6b84fbabee961e83f3860a3bacaca585acd736c092903cacdfff692450,NUMPY_BATCHED_INVERSE_NTT_INTEGER_CRT,3,COMPLETE,OBSERVED_PATTERN,True,,,,,,1277754880,0.00039409298915416,0.18436257692519575,0.287683884,0.057214802,0.004811563063412905,0.020735943936587096,0.00839893810916692,0.370626,,0.0,dee4daa906ee08f5ea1ad6d8c7653f37e896bd2a91908a6a1708b960b84ca8e1,"{""N"": 87, ""source_family"": ""N96_INDUCED_TRANSITION_LADDER_V1"", ""graph_hash"": ""d5999846c0584a9633964a8b0dad6c36880753f757e96b756984a2c4ed4559d6"", ""source_hash"": ""79d702f8631e6b005b45d8f9b8b1b2a2cd8f1da5dd8dcf37f5d1a188bb440e5e"", ""edges"": 196, ""degree_min"": 2, ""degree_max"": 5, ""degree_mean"": 4.505747126436781, ""degree_std"": 0.6759168012868578, ""components"": 1, ""component_sizes"": [87], ""max_component"": 87, ""local_assignments"": 154742504910672534362390528, ""minfill_width"": 26, ""minfill_work"": 166450211, ""minfill_order"": [60, 15, 20, 0, 12, 41, 51, 50, 16, 34, 82, 24, 3, 6, 21, 25, 33, 38, 39, 48, 59, 67, 8, 52, 47, 68, 77, 11, 84, 55, 56, 78, 37, 69, 61, 2, 27, 73, 42, 7, 9, 63, 17, 1, 32, 64, 66, 62, 22, 81, 57, 36, 76, 74, 72, 44, 79, 35, 43, 4, 5, 10, 13, 14, 18, 19, 23, 26, 28, 29, 30, 31, 40, 45, 46, 49, 53, 54, 58, 65, 70, 71, 75, 80, 83, 85, 86], ""energy_bound"": 487, ""root_bound"": 512, ""crt_primes"": 3, ""arithmetic_burden"": 255667524096, ""coefficient_bound"": ""154742504910672534362390528"", ""coupling_multiplicities"": {""3"": 37, ""-1"": 36, ""-2"": 35, ""1"": 38, ""-3"": 24, ""2"": 26}, ""symmetry"": ""not assumed"", ""degree_signature"": [2, 3, 3, 3, 3, 3, 3, 4, 4, 4, 4, 4, 4, 4, 4, 4, 4, 4, 4, 4, 4, 4, 4, 4, 4, 4, 4, 4, 4, 4, 4, 4, 4, 4, 4, 5, 5, 5, 5, 5, 5, 5, 5, 5, 5, 5, 5, 5, 5, 5, 5, 5, 5, 5, 5, 5, 5, 5, 5, 5, 5, 5, 5, 5, 5, 5, 5, 5, 5, 5, 5, 5, 5, 5, 5, 5, 5, 5, 5, 5, 5, 5, 5, 5, 5, 5, 5]}",104229232,"[59976, 59977, 59978, 59979, 59980, 59981, 59982, 59983, 59984, 59985, 59986, 59987, 59988, 59989]","[112, 112, 112, 112, 112, 112, 112, 112, 112, 112, 96, 96, 112, 112]",WARM_SAME_SOURCE,focused
3a12e1169182049281893c35,N080,943df0e82445feae09928be7af24b337ee45bf1f96d77a5aa68eb7a83c4d9c6f,e0768c427800ea265d9d8aed1e401fe560866246a7d336bc556ada0bdb580e7c,N96_INDUCED_TRANSITION_LADDER_V1,f2f991d74dfbb2edf7f4475dcb7d82989de00a71e44bb11d4a6fbb49442577b6,"[0, 1, 2, 3]",4c10920a93396615ed7f669ae27bed2886da84729671d3f9d30f4c8a13a138da,0e0da7808bebe32b8231fd9b8ff72ecd09f4d325f0fb4f758704b5f72a11152f,transition_priority,COOP14_MIG_BRANCH_GROUP,1d2a6f95014703ca171206e42701c52355b89dab08ba0a9b72b3d193a3b620d4,WARM_SAME_SOURCE,FRESH_EXACT_SOLVE_WITH_INTERNAL_CHECKS_EXCLUDES_EXTERNAL_VERIFICATION,16,512,3,1,17,672760,131072,d5207e6b84fbabee961e83f3860a3bacaca585acd736c092903cacdfff692450,NUMPY_BATCHED_INVERSE_NTT_INTEGER_CRT,1,COMPLETE,OBSERVED_PATTERN,True,,,,,,202537472,0.00035436300095170736,0.046673564007505774,0.145215597,0.035356419,0.003497916040942073,0.014118744959057926,0.006643319968134165,0.198338314,,0.0,e228040c47bd52c935e6d48fdfc8f463089cf54fc89722cae0ca70a3ab360065,"{""N"": 80, ""source_family"": ""N96_INDUCED_TRANSITION_LADDER_V1"", ""graph_hash"": ""e0768c427800ea265d9d8aed1e401fe560866246a7d336bc556ada0bdb580e7c"", ""source_hash"": ""943df0e82445feae09928be7af24b337ee45bf1f96d77a5aa68eb7a83c4d9c6f"", ""edges"": 166, ""degree_min"": 2, ""degree_max"": 5, ""degree_mean"": 4.15, ""degree_std"": 0.8077747210701756, ""components"": 1, ""component_sizes"": [80], ""max_component"": 80, ""local_assignments"": 1208925819614629174706176, ""minfill_width"": 19, ""minfill_work"": 3325231, ""minfill_order"": [25, 60, 15, 20, 29, 0, 6, 24, 32, 37, 41, 51, 59, 64, 68, 8, 50, 33, 34, 42, 47, 62, 11, 66, 3, 38, 48, 63, 67, 39, 16, 69, 76, 56, 74, 23, 7, 9, 77, 61, 2, 17, 58, 46, 1, 73, 78, 12, 52, 27, 22, 19, 10, 43, 65, 30, 13, 40, 54, 75, 49, 4, 5, 14, 18, 21, 26, 28, 31, 35, 36, 44, 45, 53, 55, 57, 70, 71, 72, 79], ""energy_bound"": 418, ""root_bound"": 512, ""crt_primes"": 3, ""arithmetic_burden"": 5107554816, ""coefficient_bound"": ""1208925819614629174706176"", ""coupling_multiplicities"": {""3"": 32, ""-1"": 33, ""-2"": 27, ""1"": 33, ""-3"": 21, ""2"": 20}, ""symmetry"": ""not assumed"", ""degree_signature"": [2, 2, 3, 3, 3, 3, 3, 3, 3, 3, 3, 3, 3, 3, 3, 3, 3, 4, 4, 4, 4, 4, 4, 4, 4, 4, 4, 4, 4, 4, 4, 4, 4, 4, 4, 4, 4, 4, 4, 4, 4, 4, 4, 4, 4, 4, 4, 4, 4, 5, 5, 5, 5, 5, 5, 5, 5, 5, 5, 5, 5, 5, 5, 5, 5, 5, 5, 5, 5, 5, 5, 5, 5, 5, 5, 5, 5, 5, 5, 5]}",7071760,"[59976, 59977, 59978, 59979, 59980, 59981, 59982, 59983, 59984, 59985, 59986, 59987, 59988, 59989]","[80, 112, 160, 192, 112, 192, 64, 80, 96, 64, 112, 112, 96, 64]",WARM_SAME_SOURCE,focused
3a12e1169182049281893c35,N080,943df0e82445feae09928be7af24b337ee45bf1f96d77a5aa68eb7a83c4d9c6f,e0768c427800ea265d9d8aed1e401fe560866246a7d336bc556ada0bdb580e7c,N96_INDUCED_TRANSITION_LADDER_V1,f2f991d74dfbb2edf7f4475dcb7d82989de00a71e44bb11d4a6fbb49442577b6,"[0, 1, 2, 3]",4c10920a93396615ed7f669ae27bed2886da84729671d3f9d30f4c8a13a138da,0e0da7808bebe32b8231fd9b8ff72ecd09f4d325f0fb4f758704b5f72a11152f,transition_priority,COOP14_MIG_BRANCH_GROUP,1d2a6f95014703ca171206e42701c52355b89dab08ba0a9b72b3d193a3b620d4,WARM_SAME_SOURCE,FRESH_EXACT_SOLVE_WITH_INTERNAL_CHECKS_EXCLUDES_EXTERNAL_VERIFICATION,16,512,3,1,17,672760,131072,d5207e6b84fbabee961e83f3860a3bacaca585acd736c092903cacdfff692450,NUMPY_BATCHED_INVERSE_NTT_INTEGER_CRT,2,COMPLETE,OBSERVED_PATTERN,True,,,,,,202537472,0.00035436300095170736,0.046673564007505774,0.243400087,0.026977371,0.005350741907022893,0.021689077092977106,0.00690614408813417,0.297575995,,0.0,e228040c47bd52c935e6d48fdfc8f463089cf54fc89722cae0ca70a3ab360065,"{""N"": 80, ""source_family"": ""N96_INDUCED_TRANSITION_LADDER_V1"", ""graph_hash"": ""e0768c427800ea265d9d8aed1e401fe560866246a7d336bc556ada0bdb580e7c"", ""source_hash"": ""943df0e82445feae09928be7af24b337ee45bf1f96d77a5aa68eb7a83c4d9c6f"", ""edges"": 166, ""degree_min"": 2, ""degree_max"": 5, ""degree_mean"": 4.15, ""degree_std"": 0.8077747210701756, ""components"": 1, ""component_sizes"": [80], ""max_component"": 80, ""local_assignments"": 1208925819614629174706176, ""minfill_width"": 19, ""minfill_work"": 3325231, ""minfill_order"": [25, 60, 15, 20, 29, 0, 6, 24, 32, 37, 41, 51, 59, 64, 68, 8, 50, 33, 34, 42, 47, 62, 11, 66, 3, 38, 48, 63, 67, 39, 16, 69, 76, 56, 74, 23, 7, 9, 77, 61, 2, 17, 58, 46, 1, 73, 78, 12, 52, 27, 22, 19, 10, 43, 65, 30, 13, 40, 54, 75, 49, 4, 5, 14, 18, 21, 26, 28, 31, 35, 36, 44, 45, 53, 55, 57, 70, 71, 72, 79], ""energy_bound"": 418, ""root_bound"": 512, ""crt_primes"": 3, ""arithmetic_burden"": 5107554816, ""coefficient_bound"": ""1208925819614629174706176"", ""coupling_multiplicities"": {""3"": 32, ""-1"": 33, ""-2"": 27, ""1"": 33, ""-3"": 21, ""2"": 20}, ""symmetry"": ""not assumed"", ""degree_signature"": [2, 2, 3, 3, 3, 3, 3, 3, 3, 3, 3, 3, 3, 3, 3, 3, 3, 4, 4, 4, 4, 4, 4, 4, 4, 4, 4, 4, 4, 4, 4, 4, 4, 4, 4, 4, 4, 4, 4, 4, 4, 4, 4, 4, 4, 4, 4, 4, 4, 5, 5, 5, 5, 5, 5, 5, 5, 5, 5, 5, 5, 5, 5, 5, 5, 5, 5, 5, 5, 5, 5, 5, 5, 5, 5, 5, 5, 5, 5, 5]}",7071760,"[59976, 59977, 59978, 59979, 59980, 59981, 59982, 59983, 59984, 59985, 59986, 59987, 59988, 59989]","[32, 160, 64, 192, 80, 192, 96, 192, 128, 80, 64, 80, 80, 96]",WARM_SAME_SOURCE,focused
3a12e1169182049281893c35,N080,943df0e82445feae09928be7af24b337ee45bf1f96d77a5aa68eb7a83c4d9c6f,e0768c427800ea265d9d8aed1e401fe560866246a7d336bc556ada0bdb580e7c,N96_INDUCED_TRANSITION_LADDER_V1,f2f991d74dfbb2edf7f4475dcb7d82989de00a71e44bb11d4a6fbb49442577b6,"[0, 1, 2, 3]",4c10920a93396615ed7f669ae27bed2886da84729671d3f9d30f4c8a13a138da,0e0da7808bebe32b8231fd9b8ff72ecd09f4d325f0fb4f758704b5f72a11152f,transition_priority,COOP14_MIG_BRANCH_GROUP,1d2a6f95014703ca171206e42701c52355b89dab08ba0a9b72b3d193a3b620d4,WARM_SAME_SOURCE,FRESH_EXACT_SOLVE_WITH_INTERNAL_CHECKS_EXCLUDES_EXTERNAL_VERIFICATION,16,512,3,1,17,672760,131072,d5207e6b84fbabee961e83f3860a3bacaca585acd736c092903cacdfff692450,NUMPY_BATCHED_INVERSE_NTT_INTEGER_CRT,3,COMPLETE,OBSERVED_PATTERN,True,,,,,,202537472,0.00035436300095170736,0.046673564007505774,0.352275163,0.028083811,0.004712545080110431,0.01488538891988957,0.007417915971018374,0.400121456,,0.0,e228040c47bd52c935e6d48fdfc8f463089cf54fc89722cae0ca70a3ab360065,"{""N"": 80, ""source_family"": ""N96_INDUCED_TRANSITION_LADDER_V1"", ""graph_hash"": ""e0768c427800ea265d9d8aed1e401fe560866246a7d336bc556ada0bdb580e7c"", ""source_hash"": ""943df0e82445feae09928be7af24b337ee45bf1f96d77a5aa68eb7a83c4d9c6f"", ""edges"": 166, ""degree_min"": 2, ""degree_max"": 5, ""degree_mean"": 4.15, ""degree_std"": 0.8077747210701756, ""components"": 1, ""component_sizes"": [80], ""max_component"": 80, ""local_assignments"": 1208925819614629174706176, ""minfill_width"": 19, ""minfill_work"": 3325231, ""minfill_order"": [25, 60, 15, 20, 29, 0, 6, 24, 32, 37, 41, 51, 59, 64, 68, 8, 50, 33, 34, 42, 47, 62, 11, 66, 3, 38, 48, 63, 67, 39, 16, 69, 76, 56, 74, 23, 7, 9, 77, 61, 2, 17, 58, 46, 1, 73, 78, 12, 52, 27, 22, 19, 10, 43, 65, 30, 13, 40, 54, 75, 49, 4, 5, 14, 18, 21, 26, 28, 31, 35, 36, 44, 45, 53, 55, 57, 70, 71, 72, 79], ""energy_bound"": 418, ""root_bound"": 512, ""crt_primes"": 3, ""arithmetic_burden"": 5107554816, ""coefficient_bound"": ""1208925819614629174706176"", ""coupling_multiplicities"": {""3"": 32, ""-1"": 33, ""-2"": 27, ""1"": 33, ""-3"": 21, ""2"": 20}, ""symmetry"": ""not assumed"", ""degree_signature"": [2, 2, 3, 3, 3, 3, 3, 3, 3, 3, 3, 3, 3, 3, 3, 3, 3, 4, 4, 4, 4, 4, 4, 4, 4, 4, 4, 4, 4, 4, 4, 4, 4, 4, 4, 4, 4, 4, 4, 4, 4, 4, 4, 4, 4, 4, 4, 4, 4, 5, 5, 5, 5, 5, 5, 5, 5, 5, 5, 5, 5, 5, 5, 5, 5, 5, 5, 5, 5, 5, 5, 5, 5, 5, 5, 5, 5, 5, 5, 5]}",7071760,"[59976, 59977, 59978, 59979, 59980, 59981, 59982, 59983, 59984, 59985, 59986, 59987, 59988, 59989]","[160, 96, 80, 224, 80, 96, 96, 96, 96, 96, 80, 160, 80, 96]",WARM_SAME_SOURCE,focused
34a37ff4b41b6ef764e7ceff,N079,52c770b6a8ed6f639d8ded5cf7726d339612662a322afafdd3bd79ab3b766ecd,8f842662e36b9b8a2364c5951d7fb9365d65b70a3c5ce128f50ba5cd472e9361,N96_INDUCED_TRANSITION_LADDER_V1,f2f991d74dfbb2edf7f4475dcb7d82989de00a71e44bb11d4a6fbb49442577b6,"[0, 1, 2, 3]",42c1f799bcc36b3c5bfd4bec1499b48c2460d21025c0e18c8403721820190fd6,0351ea0e98daca6d4a8426e3f64c2a64db05f0b095c30bdb3237c421cfcd3496,fresh_min_fill,COOP14_MIG_BRANCH_GROUP,1d2a6f95014703ca171206e42701c52355b89dab08ba0a9b72b3d193a3b620d4,WARM_SAME_SOURCE,FRESH_EXACT_SOLVE_WITH_INTERNAL_CHECKS_EXCLUDES_EXTERNAL_VERIFICATION,16,512,3,1,18,1177136,262144,d5207e6b84fbabee961e83f3860a3bacaca585acd736c092903cacdfff692450,NUMPY_BATCHED_INVERSE_NTT_INTEGER_CRT,1,COMPLETE,OBSERVED_PATTERN,True,,,,,,277754880,0.00024444598238915205,0.04881509498227388,0.257953913,0.029644853,0.004711864050477743,0.018591102949522258,0.006409224006347358,0.311047041,,0.0,c6eb10fd6e633d796ce3e9dfd111b8a078a8e170b2c8a88f9aac6c4d12e991f2,"{""N"": 79, ""source_family"": ""N96_INDUCED_TRANSITION_LADDER_V1"", ""graph_hash"": ""8f842662e36b9b8a2364c5951d7fb9365d65b70a3c5ce128f50ba5cd472e9361"", ""source_hash"": ""52c770b6a8ed6f639d8ded5cf7726d339612662a322afafdd3bd79ab3b766ecd"", ""edges"": 162, ""degree_min"": 2, ""degree_max"": 5, ""degree_mean"": 4.10126582278481, ""degree_std"": 0.8508363228762562, ""components"": 1, ""component_sizes"": [79], ""max_component"": 79, ""local_assignments"": 604462909807314587353088, ""minfill_width"": 20, ""minfill_work"": 2931343, ""minfill_order"": [25, 60, 15, 20, 29, 0, 3, 6, 24, 32, 34, 37, 41, 51, 59, 64, 68, 8, 50, 1, 33, 42, 47, 62, 11, 66, 69, 48, 63, 67, 39, 16, 76, 56, 74, 23, 2, 7, 9, 77, 61, 17, 38, 58, 46, 73, 78, 12, 52, 27, 22, 19, 40, 10, 43, 65, 75, 30, 13, 54, 49, 4, 5, 14, 18, 21, 26, 28, 31, 35, 36, 44, 45, 53, 55, 57, 70, 71, 72], ""energy_bound"": 410, ""root_bound"": 512, ""crt_primes"": 3, ""arithmetic_burden"": 4502542848, ""coefficient_bound"": ""604462909807314587353088"", ""coupling_multiplicities"": {""3"": 32, ""-1"": 32, ""-2"": 27, ""1"": 32, ""-3"": 20, ""2"": 19}, ""symmetry"": ""not assumed"", ""degree_signature"": [2, 2, 3, 3, 3, 3, 3, 3, 3, 3, 3, 3, 3, 3, 3, 3, 3, 3, 3, 3, 3, 4, 4, 4, 4, 4, 4, 4, 4, 4, 4, 4, 4, 4, 4, 4, 4, 4, 4, 4, 4, 4, 4, 4, 4, 4, 4, 4, 5, 5, 5, 5, 5, 5, 5, 5, 5, 5, 5, 5, 5, 5, 5, 5, 5, 5, 5, 5, 5, 5, 5, 5, 5, 5, 5, 5, 5, 5, 5]}",13160432,"[59976, 59977, 59978, 59979, 59980, 59981, 59982, 59983, 59984, 59985, 59986, 59987, 59988, 59989]","[144, 112, 112, 112, 112, 96, 112, 112, 112, 96, 96, 112, 96, 112]",WARM_SAME_SOURCE,focused
34a37ff4b41b6ef764e7ceff,N079,52c770b6a8ed6f639d8ded5cf7726d339612662a322afafdd3bd79ab3b766ecd,8f842662e36b9b8a2364c5951d7fb9365d65b70a3c5ce128f50ba5cd472e9361,N96_INDUCED_TRANSITION_LADDER_V1,f2f991d74dfbb2edf7f4475dcb7d82989de00a71e44bb11d4a6fbb49442577b6,"[0, 1, 2, 3]",42c1f799bcc36b3c5bfd4bec1499b48c2460d21025c0e18c8403721820190fd6,0351ea0e98daca6d4a8426e3f64c2a64db05f0b095c30bdb3237c421cfcd3496,fresh_min_fill,COOP14_MIG_BRANCH_GROUP,1d2a6f95014703ca171206e42701c52355b89dab08ba0a9b72b3d193a3b620d4,WARM_SAME_SOURCE,FRESH_EXACT_SOLVE_WITH_INTERNAL_CHECKS_EXCLUDES_EXTERNAL_VERIFICATION,16,512,3,1,18,1177136,262144,d5207e6b84fbabee961e83f3860a3bacaca585acd736c092903cacdfff692450,NUMPY_BATCHED_INVERSE_NTT_INTEGER_CRT,2,COMPLETE,OBSERVED_PATTERN,True,,,,,,277754880,0.00024444598238915205,0.04881509498227388,0.164977629,0.029942867,0.004968319088220596,0.018541653911779404,0.006574410945177078,0.218650236,,0.0,c6eb10fd6e633d796ce3e9dfd111b8a078a8e170b2c8a88f9aac6c4d12e991f2,"{""N"": 79, ""source_family"": ""N96_INDUCED_TRANSITION_LADDER_V1"", ""graph_hash"": ""8f842662e36b9b8a2364c5951d7fb9365d65b70a3c5ce128f50ba5cd472e9361"", ""source_hash"": ""52c770b6a8ed6f639d8ded5cf7726d339612662a322afafdd3bd79ab3b766ecd"", ""edges"": 162, ""degree_min"": 2, ""degree_max"": 5, ""degree_mean"": 4.10126582278481, ""degree_std"": 0.8508363228762562, ""components"": 1, ""component_sizes"": [79], ""max_component"": 79, ""local_assignments"": 604462909807314587353088, ""minfill_width"": 20, ""minfill_work"": 2931343, ""minfill_order"": [25, 60, 15, 20, 29, 0, 3, 6, 24, 32, 34, 37, 41, 51, 59, 64, 68, 8, 50, 1, 33, 42, 47, 62, 11, 66, 69, 48, 63, 67, 39, 16, 76, 56, 74, 23, 2, 7, 9, 77, 61, 17, 38, 58, 46, 73, 78, 12, 52, 27, 22, 19, 40, 10, 43, 65, 75, 30, 13, 54, 49, 4, 5, 14, 18, 21, 26, 28, 31, 35, 36, 44, 45, 53, 55, 57, 70, 71, 72], ""energy_bound"": 410, ""root_bound"": 512, ""crt_primes"": 3, ""arithmetic_burden"": 4502542848, ""coefficient_bound"": ""604462909807314587353088"", ""coupling_multiplicities"": {""3"": 32, ""-1"": 32, ""-2"": 27, ""1"": 32, ""-3"": 20, ""2"": 19}, ""symmetry"": ""not assumed"", ""degree_signature"": [2, 2, 3, 3, 3, 3, 3, 3, 3, 3, 3, 3, 3, 3, 3, 3, 3, 3, 3, 3, 3, 4, 4, 4, 4, 4, 4, 4, 4, 4, 4, 4, 4, 4, 4, 4, 4, 4, 4, 4, 4, 4, 4, 4, 4, 4, 4, 4, 5, 5, 5, 5, 5, 5, 5, 5, 5, 5, 5, 5, 5, 5, 5, 5, 5, 5, 5, 5, 5, 5, 5, 5, 5, 5, 5, 5, 5, 5, 5]}",13160432,"[59976, 59977, 59978, 59979, 59980, 59981, 59982, 59983, 59984, 59985, 59986, 59987, 59988, 59989]","[96, 144, 96, 112, 112, 128, 96, 112, 112, 144, 96, 96, 96, 96]",WARM_SAME_SOURCE,focused
34a37ff4b41b6ef764e7ceff,N079,52c770b6a8ed6f639d8ded5cf7726d339612662a322afafdd3bd79ab3b766ecd,8f842662e36b9b8a2364c5951d7fb9365d65b70a3c5ce128f50ba5cd472e9361,N96_INDUCED_TRANSITION_LADDER_V1,f2f991d74dfbb2edf7f4475dcb7d82989de00a71e44bb11d4a6fbb49442577b6,"[0, 1, 2, 3]",42c1f799bcc36b3c5bfd4bec1499b48c2460d21025c0e18c8403721820190fd6,0351ea0e98daca6d4a8426e3f64c2a64db05f0b095c30bdb3237c421cfcd3496,fresh_min_fill,COOP14_MIG_BRANCH_GROUP,1d2a6f95014703ca171206e42701c52355b89dab08ba0a9b72b3d193a3b620d4,WARM_SAME_SOURCE,FRESH_EXACT_SOLVE_WITH_INTERNAL_CHECKS_EXCLUDES_EXTERNAL_VERIFICATION,16,512,3,1,18,1177136,262144,d5207e6b84fbabee961e83f3860a3bacaca585acd736c092903cacdfff692450,NUMPY_BATCHED_INVERSE_NTT_INTEGER_CRT,3,COMPLETE,OBSERVED_PATTERN,True,,,,,,277754880,0.00024444598238915205,0.04881509498227388,0.150946223,0.027281795,0.004765982856042683,0.018336338143957315,0.006527762045152485,0.201474777,,0.0,c6eb10fd6e633d796ce3e9dfd111b8a078a8e170b2c8a88f9aac6c4d12e991f2,"{""N"": 79, ""source_family"": ""N96_INDUCED_TRANSITION_LADDER_V1"", ""graph_hash"": ""8f842662e36b9b8a2364c5951d7fb9365d65b70a3c5ce128f50ba5cd472e9361"", ""source_hash"": ""52c770b6a8ed6f639d8ded5cf7726d339612662a322afafdd3bd79ab3b766ecd"", ""edges"": 162, ""degree_min"": 2, ""degree_max"": 5, ""degree_mean"": 4.10126582278481, ""degree_std"": 0.8508363228762562, ""components"": 1, ""component_sizes"": [79], ""max_component"": 79, ""local_assignments"": 604462909807314587353088, ""minfill_width"": 20, ""minfill_work"": 2931343, ""minfill_order"": [25, 60, 15, 20, 29, 0, 3, 6, 24, 32, 34, 37, 41, 51, 59, 64, 68, 8, 50, 1, 33, 42, 47, 62, 11, 66, 69, 48, 63, 67, 39, 16, 76, 56, 74, 23, 2, 7, 9, 77, 61, 17, 38, 58, 46, 73, 78, 12, 52, 27, 22, 19, 40, 10, 43, 65, 75, 30, 13, 54, 49, 4, 5, 14, 18, 21, 26, 28, 31, 35, 36, 44, 45, 53, 55, 57, 70, 71, 72], ""energy_bound"": 410, ""root_bound"": 512, ""crt_primes"": 3, ""arithmetic_burden"": 4502542848, ""coefficient_bound"": ""604462909807314587353088"", ""coupling_multiplicities"": {""3"": 32, ""-1"": 32, ""-2"": 27, ""1"": 32, ""-3"": 20, ""2"": 19}, ""symmetry"": ""not assumed"", ""degree_signature"": [2, 2, 3, 3, 3, 3, 3, 3, 3, 3, 3, 3, 3, 3, 3, 3, 3, 3, 3, 3, 3, 4, 4, 4, 4, 4, 4, 4, 4, 4, 4, 4, 4, 4, 4, 4, 4, 4, 4, 4, 4, 4, 4, 4, 4, 4, 4, 4, 5, 5, 5, 5, 5, 5, 5, 5, 5, 5, 5, 5, 5, 5, 5, 5, 5, 5, 5, 5, 5, 5, 5, 5, 5, 5, 5, 5, 5, 5, 5]}",13160432,"[59976, 59977, 59978, 59979, 59980, 59981, 59982, 59983, 59984, 59985, 59986, 59987, 59988, 59989]","[96, 112, 112, 80, 80, 112, 80, 192, 80, 176, 96, 112, 112, 96]",WARM_SAME_SOURCE,focused
b2836d9781e388fc610a298f,N074,27bbd81c034e6049fc1c3f96ef55b8d3f6e439915574d3b0b39d82004c1fae69,e78b7226fdf50fd7721a80d49ca46f6ce861f9aff7d2bfd771467276302f8e50,N96_INDUCED_TRANSITION_LADDER_V1,f2f991d74dfbb2edf7f4475dcb7d82989de00a71e44bb11d4a6fbb49442577b6,"[0, 1, 2, 3]",7ee65974250950bf78b53a74e6b97ba6153df165fbb4f8f94d677a42b389573c,f7972e1b5ddafed70c1ccce338d0dc0a681a5b412052c975ef5ed051776654ab,fresh_min_fill,COOP14_MIG_BRANCH_GROUP,1d2a6f95014703ca171206e42701c52355b89dab08ba0a9b72b3d193a3b620d4,WARM_SAME_SOURCE,FRESH_EXACT_SOLVE_WITH_INTERNAL_CHECKS_EXCLUDES_EXTERNAL_VERIFICATION,16,512,3,1,14,77106,16384,d5207e6b84fbabee961e83f3860a3bacaca585acd736c092903cacdfff692450,NUMPY_BATCHED_INVERSE_NTT_INTEGER_CRT,1,COMPLETE,OBSERVED_PATTERN,True,,,,,,137524224,0.00033183395862579346,0.01793721504509449,0.062063565,0.025082955,0.004712224937975407,0.014957489062024595,0.00603243091609329,0.106952511,,0.0,9d199b9668a949b8507444e17e72f709d3e3f9e013d13ee3d5d72899a6888af1,"{""N"": 74, ""source_family"": ""N96_INDUCED_TRANSITION_LADDER_V1"", ""graph_hash"": ""e78b7226fdf50fd7721a80d49ca46f6ce861f9aff7d2bfd771467276302f8e50"", ""source_hash"": ""27bbd81c034e6049fc1c3f96ef55b8d3f6e439915574d3b0b39d82004c1fae69"", ""edges"": 141, ""degree_min"": 1, ""degree_max"": 5, ""degree_mean"": 3.810810810810811, ""degree_std"": 0.9252563658715508, ""components"": 1, ""component_sizes"": [74], ""max_component"": 74, ""local_assignments"": 18889465931478580854784, ""minfill_width"": 14, ""minfill_work"": 68761, ""minfill_order"": [25, 60, 62, 11, 15, 20, 29, 0, 3, 6, 24, 27, 31, 32, 34, 37, 38, 41, 42, 52, 55, 59, 68, 8, 39, 50, 28, 33, 43, 64, 47, 69, 7, 45, 48, 67, 12, 19, 70, 1, 58, 73, 51, 4, 46, 5, 10, 65, 9, 26, 61, 23, 71, 16, 30, 66, 56, 54, 17, 2, 13, 14, 18, 21, 22, 35, 36, 40, 44, 49, 53, 57, 63, 72], ""energy_bound"": 368, ""root_bound"": 512, ""crt_primes"": 3, ""arithmetic_burden"": 105616896, ""coefficient_bound"": ""18889465931478580854784"", ""coupling_multiplicities"": {""3"": 31, ""-1"": 26, ""-2"": 25, ""1"": 26, ""-3"": 16, ""2"": 17}, ""symmetry"": ""not assumed"", ""degree_signature"": [1, 2, 2, 3, 3, 3, 3, 3, 3, 3, 3, 3, 3, 3, 3, 3, 3, 3, 3, 3, 3, 3, 3, 3, 3, 3, 3, 3, 3, 3, 3, 4, 4, 4, 4, 4, 4, 4, 4, 4, 4, 4, 4, 4, 4, 4, 4, 4, 4, 4, 4, 4, 4, 5, 5, 5, 5, 5, 5, 5, 5, 5, 5, 5, 5, 5, 5, 5, 5, 5, 5, 5, 5, 5]}",869536,"[59976, 59977, 59978, 59979, 59980, 59981, 59982, 59983, 59984, 59985, 59986, 59987, 59988, 59989]","[96, 80, 96, 112, 96, 128, 64, 80, 192, 96, 112, 192, 112, 80]",WARM_SAME_SOURCE,focused
b2836d9781e388fc610a298f,N074,27bbd81c034e6049fc1c3f96ef55b8d3f6e439915574d3b0b39d82004c1fae69,e78b7226fdf50fd7721a80d49ca46f6ce861f9aff7d2bfd771467276302f8e50,N96_INDUCED_TRANSITION_LADDER_V1,f2f991d74dfbb2edf7f4475dcb7d82989de00a71e44bb11d4a6fbb49442577b6,"[0, 1, 2, 3]",7ee65974250950bf78b53a74e6b97ba6153df165fbb4f8f94d677a42b389573c,f7972e1b5ddafed70c1ccce338d0dc0a681a5b412052c975ef5ed051776654ab,fresh_min_fill,COOP14_MIG_BRANCH_GROUP,1d2a6f95014703ca171206e42701c52355b89dab08ba0a9b72b3d193a3b620d4,WARM_SAME_SOURCE,FRESH_EXACT_SOLVE_WITH_INTERNAL_CHECKS_EXCLUDES_EXTERNAL_VERIFICATION,16,512,3,1,14,77106,16384,d5207e6b84fbabee961e83f3860a3bacaca585acd736c092903cacdfff692450,NUMPY_BATCHED_INVERSE_NTT_INTEGER_CRT,2,COMPLETE,OBSERVED_PATTERN,True,,,,,,137524224,0.00033183395862579346,0.01793721504509449,0.064618569,0.02480367,0.004677536082454026,0.014855259917545976,0.005768444971181452,0.109096222,,0.0,9d199b9668a949b8507444e17e72f709d3e3f9e013d13ee3d5d72899a6888af1,"{""N"": 74, ""source_family"": ""N96_INDUCED_TRANSITION_LADDER_V1"", ""graph_hash"": ""e78b7226fdf50fd7721a80d49ca46f6ce861f9aff7d2bfd771467276302f8e50"", ""source_hash"": ""27bbd81c034e6049fc1c3f96ef55b8d3f6e439915574d3b0b39d82004c1fae69"", ""edges"": 141, ""degree_min"": 1, ""degree_max"": 5, ""degree_mean"": 3.810810810810811, ""degree_std"": 0.9252563658715508, ""components"": 1, ""component_sizes"": [74], ""max_component"": 74, ""local_assignments"": 18889465931478580854784, ""minfill_width"": 14, ""minfill_work"": 68761, ""minfill_order"": [25, 60, 62, 11, 15, 20, 29, 0, 3, 6, 24, 27, 31, 32, 34, 37, 38, 41, 42, 52, 55, 59, 68, 8, 39, 50, 28, 33, 43, 64, 47, 69, 7, 45, 48, 67, 12, 19, 70, 1, 58, 73, 51, 4, 46, 5, 10, 65, 9, 26, 61, 23, 71, 16, 30, 66, 56, 54, 17, 2, 13, 14, 18, 21, 22, 35, 36, 40, 44, 49, 53, 57, 63, 72], ""energy_bound"": 368, ""root_bound"": 512, ""crt_primes"": 3, ""arithmetic_burden"": 105616896, ""coefficient_bound"": ""18889465931478580854784"", ""coupling_multiplicities"": {""3"": 31, ""-1"": 26, ""-2"": 25, ""1"": 26, ""-3"": 16, ""2"": 17}, ""symmetry"": ""not assumed"", ""degree_signature"": [1, 2, 2, 3, 3, 3, 3, 3, 3, 3, 3, 3, 3, 3, 3, 3, 3, 3, 3, 3, 3, 3, 3, 3, 3, 3, 3, 3, 3, 3, 3, 4, 4, 4, 4, 4, 4, 4, 4, 4, 4, 4, 4, 4, 4, 4, 4, 4, 4, 4, 4, 4, 4, 5, 5, 5, 5, 5, 5, 5, 5, 5, 5, 5, 5, 5, 5, 5, 5, 5, 5, 5, 5, 5]}",869536,"[59976, 59977, 59978, 59979, 59980, 59981, 59982, 59983, 59984, 59985, 59986, 59987, 59988, 59989]","[96, 96, 112, 112, 96, 96, 48, 112, 112, 128, 176, 192, 112, 48]",WARM_SAME_SOURCE,focused
b2836d9781e388fc610a298f,N074,27bbd81c034e6049fc1c3f96ef55b8d3f6e439915574d3b0b39d82004c1fae69,e78b7226fdf50fd7721a80d49ca46f6ce861f9aff7d2bfd771467276302f8e50,N96_INDUCED_TRANSITION_LADDER_V1,f2f991d74dfbb2edf7f4475dcb7d82989de00a71e44bb11d4a6fbb49442577b6,"[0, 1, 2, 3]",7ee65974250950bf78b53a74e6b97ba6153df165fbb4f8f94d677a42b389573c,f7972e1b5ddafed70c1ccce338d0dc0a681a5b412052c975ef5ed051776654ab,fresh_min_fill,COOP14_MIG_BRANCH_GROUP,1d2a6f95014703ca171206e42701c52355b89dab08ba0a9b72b3d193a3b620d4,WARM_SAME_SOURCE,FRESH_EXACT_SOLVE_WITH_INTERNAL_CHECKS_EXCLUDES_EXTERNAL_VERIFICATION,16,512,3,1,14,77106,16384,d5207e6b84fbabee961e83f3860a3bacaca585acd736c092903cacdfff692450,NUMPY_BATCHED_INVERSE_NTT_INTEGER_CRT,3,COMPLETE,OBSERVED_PATTERN,True,,,,,,137524224,0.00033183395862579346,0.01793721504509449,0.060878856,0.020685035,0.0047126548597589135,0.015088986140241085,0.006226157071068883,0.10149439,,0.0,9d199b9668a949b8507444e17e72f709d3e3f9e013d13ee3d5d72899a6888af1,"{""N"": 74, ""source_family"": ""N96_INDUCED_TRANSITION_LADDER_V1"", ""graph_hash"": ""e78b7226fdf50fd7721a80d49ca46f6ce861f9aff7d2bfd771467276302f8e50"", ""source_hash"": ""27bbd81c034e6049fc1c3f96ef55b8d3f6e439915574d3b0b39d82004c1fae69"", ""edges"": 141, ""degree_min"": 1, ""degree_max"": 5, ""degree_mean"": 3.810810810810811, ""degree_std"": 0.9252563658715508, ""components"": 1, ""component_sizes"": [74], ""max_component"": 74, ""local_assignments"": 18889465931478580854784, ""minfill_width"": 14, ""minfill_work"": 68761, ""minfill_order"": [25, 60, 62, 11, 15, 20, 29, 0, 3, 6, 24, 27, 31, 32, 34, 37, 38, 41, 42, 52, 55, 59, 68, 8, 39, 50, 28, 33, 43, 64, 47, 69, 7, 45, 48, 67, 12, 19, 70, 1, 58, 73, 51, 4, 46, 5, 10, 65, 9, 26, 61, 23, 71, 16, 30, 66, 56, 54, 17, 2, 13, 14, 18, 21, 22, 35, 36, 40, 44, 49, 53, 57, 63, 72], ""energy_bound"": 368, ""root_bound"": 512, ""crt_primes"": 3, ""arithmetic_burden"": 105616896, ""coefficient_bound"": ""18889465931478580854784"", ""coupling_multiplicities"": {""3"": 31, ""-1"": 26, ""-2"": 25, ""1"": 26, ""-3"": 16, ""2"": 17}, ""symmetry"": ""not assumed"", ""degree_signature"": [1, 2, 2, 3, 3, 3, 3, 3, 3, 3, 3, 3, 3, 3, 3, 3, 3, 3, 3, 3, 3, 3, 3, 3, 3, 3, 3, 3, 3, 3, 3, 4, 4, 4, 4, 4, 4, 4, 4, 4, 4, 4, 4, 4, 4, 4, 4, 4, 4, 4, 4, 4, 4, 5, 5, 5, 5, 5, 5, 5, 5, 5, 5, 5, 5, 5, 5, 5, 5, 5, 5, 5, 5, 5]}",869536,"[59976, 59977, 59978, 59979, 59980, 59981, 59982, 59983, 59984, 59985, 59986, 59987, 59988, 59989]","[96, 64, 160, 144, 128, 80, 80, 80, 96, 96, 96, 160, 96, 160]",WARM_SAME_SOURCE,focused
685de9468b897b9c21699741,N088,114fb989d5ec62cbf483788d83475ecdfad12802e5c0e9011a983df59f20608a,68ace9b6f03948c280af81b1b51ebc72b52f4587c94460a70df5c3ae86632ea1,N96_INDUCED_TRANSITION_LADDER_V1,f2f991d74dfbb2edf7f4475dcb7d82989de00a71e44bb11d4a6fbb49442577b6,"[0, 1, 2, 3]",648a7c6a6bd865453725b0bd235738a6d2d593c600641557246f5cce01d14640,93ee43b3892160c0bbdcc147f547c8ab506d77bb5886a0fbab3bc36c166a0e78,tie_portfolio,COOP14_MIG_BRANCH_GROUP,1d2a6f95014703ca171206e42701c52355b89dab08ba0a9b72b3d193a3b620d4,WARM_SAME_SOURCE,FRESH_EXACT_SOLVE_WITH_INTERNAL_CHECKS_EXCLUDES_EXTERNAL_VERIFICATION,16,512,3,16,18,22404032,262144,d5207e6b84fbabee961e83f3860a3bacaca585acd736c092903cacdfff692450,NUMPY_BATCHED_INVERSE_NTT_INTEGER_CRT,1,COMPLETE,OBSERVED_PATTERN,True,,,,,,321051136,0.00015207694377750158,0.027658408042043447,0.600708779,0.202680585,0.0019888048991560936,0.009372519100843907,0.008307929034344852,0.814862356,,0.0,eca5fe647b57f1b916e6ea37238b0dd626b44e09fe4b446d19a80ad9b437b50c,"{""N"": 88, ""source_family"": ""N96_INDUCED_TRANSITION_LADDER_V1"", ""graph_hash"": ""68ace9b6f03948c280af81b1b51ebc72b52f4587c94460a70df5c3ae86632ea1"", ""source_hash"": ""114fb989d5ec62cbf483788d83475ecdfad12802e5c0e9011a983df59f20608a"", ""edges"": 200, ""degree_min"": 2, ""degree_max"": 5, ""degree_mean"": 4.545454545454546, ""degree_std"": 0.655554777357089, ""components"": 1, ""component_sizes"": [88], ""max_component"": 88, ""local_assignments"": 309485009821345068724781056, ""minfill_width"": 24, ""minfill_work"": 108552347, ""minfill_order"": [60, 0, 12, 20, 41, 51, 15, 50, 16, 34, 82, 24, 3, 6, 21, 25, 33, 39, 48, 59, 67, 8, 47, 68, 77, 11, 84, 64, 55, 56, 38, 78, 37, 69, 27, 61, 42, 7, 9, 63, 17, 2, 32, 66, 73, 52, 62, 1, 22, 81, 57, 49, 76, 74, 65, 10, 43, 19, 85, 30, 14, 46, 36, 4, 5, 13, 18, 23, 26, 28, 29, 31, 35, 40, 44, 45, 53, 54, 58, 70, 71, 72, 75, 79, 80, 83, 86, 87], ""energy_bound"": 499, ""root_bound"": 512, ""crt_primes"": 3, ""arithmetic_burden"": 166736404992, ""coefficient_bound"": ""309485009821345068724781056"", ""coupling_multiplicities"": {""3"": 39, ""-1"": 36, ""-2"": 35, ""1"": 39, ""-3"": 25, ""2"": 26}, ""symmetry"": ""not assumed"", ""degree_signature"": [2, 3, 3, 3, 3, 3, 4, 4, 4, 4, 4, 4, 4, 4, 4, 4, 4, 4, 4, 4, 4, 4, 4, 4, 4, 4, 4, 4, 4, 4, 4, 4, 4, 5, 5, 5, 5, 5, 5, 5, 5, 5, 5, 5, 5, 5, 5, 5, 5, 5, 5, 5, 5, 5, 5, 5, 5, 5, 5, 5, 5, 5, 5, 5, 5, 5, 5, 5, 5, 5, 5, 5, 5, 5, 5, 5, 5, 5, 5, 5, 5, 5, 5, 5, 5, 5, 5, 5]}",16486032,"[59976, 59977, 59978, 59979, 59980, 59981, 59982, 59983, 59984, 59985, 59986, 59987, 59988, 59989]","[112, 112, 112, 112, 112, 112, 96, 112, 112, 112, 112, 112, 112, 96]",WARM_SAME_SOURCE,focused
685de9468b897b9c21699741,N088,114fb989d5ec62cbf483788d83475ecdfad12802e5c0e9011a983df59f20608a,68ace9b6f03948c280af81b1b51ebc72b52f4587c94460a70df5c3ae86632ea1,N96_INDUCED_TRANSITION_LADDER_V1,f2f991d74dfbb2edf7f4475dcb7d82989de00a71e44bb11d4a6fbb49442577b6,"[0, 1, 2, 3]",648a7c6a6bd865453725b0bd235738a6d2d593c600641557246f5cce01d14640,93ee43b3892160c0bbdcc147f547c8ab506d77bb5886a0fbab3bc36c166a0e78,tie_portfolio,COOP14_MIG_BRANCH_GROUP,1d2a6f95014703ca171206e42701c52355b89dab08ba0a9b72b3d193a3b620d4,WARM_SAME_SOURCE,FRESH_EXACT_SOLVE_WITH_INTERNAL_CHECKS_EXCLUDES_EXTERNAL_VERIFICATION,16,512,3,16,18,22404032,262144,d5207e6b84fbabee961e83f3860a3bacaca585acd736c092903cacdfff692450,NUMPY_BATCHED_INVERSE_NTT_INTEGER_CRT,2,COMPLETE,OBSERVED_PATTERN,True,,,,,,321051136,0.00015207694377750158,0.027658408042043447,0.364367063,0.192307383,0.003360438975505531,0.016210546024494468,0.008396617020480335,0.576419568,,0.0,eca5fe647b57f1b916e6ea37238b0dd626b44e09fe4b446d19a80ad9b437b50c,"{""N"": 88, ""source_family"": ""N96_INDUCED_TRANSITION_LADDER_V1"", ""graph_hash"": ""68ace9b6f03948c280af81b1b51ebc72b52f4587c94460a70df5c3ae86632ea1"", ""source_hash"": ""114fb989d5ec62cbf483788d83475ecdfad12802e5c0e9011a983df59f20608a"", ""edges"": 200, ""degree_min"": 2, ""degree_max"": 5, ""degree_mean"": 4.545454545454546, ""degree_std"": 0.655554777357089, ""components"": 1, ""component_sizes"": [88], ""max_component"": 88, ""local_assignments"": 309485009821345068724781056, ""minfill_width"": 24, ""minfill_work"": 108552347, ""minfill_order"": [60, 0, 12, 20, 41, 51, 15, 50, 16, 34, 82, 24, 3, 6, 21, 25, 33, 39, 48, 59, 67, 8, 47, 68, 77, 11, 84, 64, 55, 56, 38, 78, 37, 69, 27, 61, 42, 7, 9, 63, 17, 2, 32, 66, 73, 52, 62, 1, 22, 81, 57, 49, 76, 74, 65, 10, 43, 19, 85, 30, 14, 46, 36, 4, 5, 13, 18, 23, 26, 28, 29, 31, 35, 40, 44, 45, 53, 54, 58, 70, 71, 72, 75, 79, 80, 83, 86, 87], ""energy_bound"": 499, ""root_bound"": 512, ""crt_primes"": 3, ""arithmetic_burden"": 166736404992, ""coefficient_bound"": ""309485009821345068724781056"", ""coupling_multiplicities"": {""3"": 39, ""-1"": 36, ""-2"": 35, ""1"": 39, ""-3"": 25, ""2"": 26}, ""symmetry"": ""not assumed"", ""degree_signature"": [2, 3, 3, 3, 3, 3, 4, 4, 4, 4, 4, 4, 4, 4, 4, 4, 4, 4, 4, 4, 4, 4, 4, 4, 4, 4, 4, 4, 4, 4, 4, 4, 4, 5, 5, 5, 5, 5, 5, 5, 5, 5, 5, 5, 5, 5, 5, 5, 5, 5, 5, 5, 5, 5, 5, 5, 5, 5, 5, 5, 5, 5, 5, 5, 5, 5, 5, 5, 5, 5, 5, 5, 5, 5, 5, 5, 5, 5, 5, 5, 5, 5, 5, 5, 5, 5, 5, 5]}",16486032,"[59976, 59977, 59978, 59979, 59980, 59981, 59982, 59983, 59984, 59985, 59986, 59987, 59988, 59989]","[96, 112, 112, 112, 112, 96, 112, 112, 112, 112, 112, 112, 112, 112]",WARM_SAME_SOURCE,focused
685de9468b897b9c21699741,N088,114fb989d5ec62cbf483788d83475ecdfad12802e5c0e9011a983df59f20608a,68ace9b6f03948c280af81b1b51ebc72b52f4587c94460a70df5c3ae86632ea1,N96_INDUCED_TRANSITION_LADDER_V1,f2f991d74dfbb2edf7f4475dcb7d82989de00a71e44bb11d4a6fbb49442577b6,"[0, 1, 2, 3]",648a7c6a6bd865453725b0bd235738a6d2d593c600641557246f5cce01d14640,93ee43b3892160c0bbdcc147f547c8ab506d77bb5886a0fbab3bc36c166a0e78,tie_portfolio,COOP14_MIG_BRANCH_GROUP,1d2a6f95014703ca171206e42701c52355b89dab08ba0a9b72b3d193a3b620d4,WARM_SAME_SOURCE,FRESH_EXACT_SOLVE_WITH_INTERNAL_CHECKS_EXCLUDES_EXTERNAL_VERIFICATION,16,512,3,16,18,22404032,262144,d5207e6b84fbabee961e83f3860a3bacaca585acd736c092903cacdfff692450,NUMPY_BATCHED_INVERSE_NTT_INTEGER_CRT,3,COMPLETE,OBSERVED_PATTERN,True,,,,,,321051136,0.00015207694377750158,0.027658408042043447,0.380239946,0.213808013,0.003374369000084698,0.016002658999915303,0.008718131924979389,0.613605304,,0.0,eca5fe647b57f1b916e6ea37238b0dd626b44e09fe4b446d19a80ad9b437b50c,"{""N"": 88, ""source_family"": ""N96_INDUCED_TRANSITION_LADDER_V1"", ""graph_hash"": ""68ace9b6f03948c280af81b1b51ebc72b52f4587c94460a70df5c3ae86632ea1"", ""source_hash"": ""114fb989d5ec62cbf483788d83475ecdfad12802e5c0e9011a983df59f20608a"", ""edges"": 200, ""degree_min"": 2, ""degree_max"": 5, ""degree_mean"": 4.545454545454546, ""degree_std"": 0.655554777357089, ""components"": 1, ""component_sizes"": [88], ""max_component"": 88, ""local_assignments"": 309485009821345068724781056, ""minfill_width"": 24, ""minfill_work"": 108552347, ""minfill_order"": [60, 0, 12, 20, 41, 51, 15, 50, 16, 34, 82, 24, 3, 6, 21, 25, 33, 39, 48, 59, 67, 8, 47, 68, 77, 11, 84, 64, 55, 56, 38, 78, 37, 69, 27, 61, 42, 7, 9, 63, 17, 2, 32, 66, 73, 52, 62, 1, 22, 81, 57, 49, 76, 74, 65, 10, 43, 19, 85, 30, 14, 46, 36, 4, 5, 13, 18, 23, 26, 28, 29, 31, 35, 40, 44, 45, 53, 54, 58, 70, 71, 72, 75, 79, 80, 83, 86, 87], ""energy_bound"": 499, ""root_bound"": 512, ""crt_primes"": 3, ""arithmetic_burden"": 166736404992, ""coefficient_bound"": ""309485009821345068724781056"", ""coupling_multiplicities"": {""3"": 39, ""-1"": 36, ""-2"": 35, ""1"": 39, ""-3"": 25, ""2"": 26}, ""symmetry"": ""not assumed"", ""degree_signature"": [2, 3, 3, 3, 3, 3, 4, 4, 4, 4, 4, 4, 4, 4, 4, 4, 4, 4, 4, 4, 4, 4, 4, 4, 4, 4, 4, 4, 4, 4, 4, 4, 4, 5, 5, 5, 5, 5, 5, 5, 5, 5, 5, 5, 5, 5, 5, 5, 5, 5, 5, 5, 5, 5, 5, 5, 5, 5, 5, 5, 5, 5, 5, 5, 5, 5, 5, 5, 5, 5, 5, 5, 5, 5, 5, 5, 5, 5, 5, 5, 5, 5, 5, 5, 5, 5, 5, 5]}",16486032,"[59976, 59977, 59978, 59979, 59980, 59981, 59982, 59983, 59984, 59985, 59986, 59987, 59988, 59989]","[112, 112, 112, 96, 112, 112, 112, 112, 112, 112, 96, 112, 112, 112]",WARM_SAME_SOURCE,focused
9076114b03da7982253e2dff,N057,986767a29753ce0f33650ae3a63a52aa0afb2514d700ecba9597db36a7000f12,1e2e4c31536f2c9048fb3a7bab94b6b3dad2347ad6dc6373308dac98d2eccdf7,N96_INDUCED_TRANSITION_LADDER_V1,f2f991d74dfbb2edf7f4475dcb7d82989de00a71e44bb11d4a6fbb49442577b6,"[0, 1, 2, 3]",510ac16f111df958bb1943293b75d9bb5d4aaa1f6f93859d7294d34c4ce40cb8,,variable_elimination,LOCAL_FLINT_CPU,LOCAL_SINGLE_COORDINATOR_FLINT_CPU,WARM_NEW_SOURCE,FRESH_EXACT_SOLVE_WITH_INTERNAL_CHECKS_EXCLUDES_EXTERNAL_VERIFICATION,0,0,0,1,8,1751,256,d5207e6b84fbabee961e83f3860a3bacaca585acd736c092903cacdfff692450,FLINT_EXACT_POLYNOMIAL,0,COMPLETE,OBSERVED_PATTERN,True,15884,0,0,CPU exact route includes its native polynomial readout/count checks; independently timed external verification excluded; no subprocess startup,deterministic retained-port-aware elimination or explicit component enumeration,,0.005499000078998506,0.0,0.0,0.0,,0.0,0.002659610938280821,0.025330060976557434,0.025330060976557434,0.0,6e1b76cfde644e25cdbe1b04186942cfd687d9331d554ffb1e531efd544c77f8,"{""N"": 57, ""source_family"": ""N96_INDUCED_TRANSITION_LADDER_V1"", ""graph_hash"": ""1e2e4c31536f2c9048fb3a7bab94b6b3dad2347ad6dc6373308dac98d2eccdf7"", ""source_hash"": ""986767a29753ce0f33650ae3a63a52aa0afb2514d700ecba9597db36a7000f12"", ""edges"": 81, ""degree_min"": 0, ""degree_max"": 5, ""degree_mean"": 2.8421052631578947, ""degree_std"": 0.9695264476946035, ""components"": 2, ""component_sizes"": [1, 56], ""max_component"": 56, ""local_assignments"": 72057594037927938, ""minfill_width"": 8, ""minfill_work"": 1698, ""minfill_order"": [25, 31, 32, 21, 1, 11, 12, 17, 23, 28, 29, 34, 37, 39, 42, 43, 44, 48, 50, 52, 55, 13, 15, 20, 16, 36, 0, 6, 18, 27, 41, 46, 4, 8, 45, 54, 3, 19, 22, 51, 7, 35, 5, 33, 9, 40, 47, 14, 2, 10, 24, 26, 30, 38, 49, 53, 56], ""energy_bound"": 226, ""root_bound"": 256, ""crt_primes"": 2, ""arithmetic_burden"": 869376, ""coefficient_bound"": ""144115188075855872"", ""coupling_multiplicities"": {""3"": 21, ""-1"": 16, ""-2"": 13, ""1"": 16, ""-3"": 5, ""2"": 10}, ""symmetry"": ""not assumed"", ""degree_signature"": [0, 1, 1, 2, 2, 2, 2, 2, 2, 2, 2, 2, 2, 2, 2, 2, 2, 2, 2, 2, 2, 3, 3, 3, 3, 3, 3, 3, 3, 3, 3, 3, 3, 3, 3, 3, 3, 3, 3, 3, 3, 3, 3, 4, 4, 4, 4, 4, 4, 4, 4, 4, 4, 4, 4, 5, 5]}",,,,,
9076114b03da7982253e2dff,N057,986767a29753ce0f33650ae3a63a52aa0afb2514d700ecba9597db36a7000f12,1e2e4c31536f2c9048fb3a7bab94b6b3dad2347ad6dc6373308dac98d2eccdf7,N96_INDUCED_TRANSITION_LADDER_V1,f2f991d74dfbb2edf7f4475dcb7d82989de00a71e44bb11d4a6fbb49442577b6,"[0, 1, 2, 3]",510ac16f111df958bb1943293b75d9bb5d4aaa1f6f93859d7294d34c4ce40cb8,,variable_elimination,LOCAL_FLINT_CPU,LOCAL_SINGLE_COORDINATOR_FLINT_CPU,WARM_SAME_SOURCE,FRESH_EXACT_SOLVE_WITH_INTERNAL_CHECKS_EXCLUDES_EXTERNAL_VERIFICATION,0,0,0,1,8,1751,256,d5207e6b84fbabee961e83f3860a3bacaca585acd736c092903cacdfff692450,FLINT_EXACT_POLYNOMIAL,1,COMPLETE,OBSERVED_PATTERN,True,15884,0,0,CPU exact route includes its native polynomial readout/count checks; independently timed external verification excluded; no subprocess startup,deterministic retained-port-aware elimination or explicit component enumeration,,0.005499000078998506,0.0,0.0,0.0,,0.0,0.001822196994908154,0.022237256984226406,0.022237256984226406,0.0,6e1b76cfde644e25cdbe1b04186942cfd687d9331d554ffb1e531efd544c77f8,"{""N"": 57, ""source_family"": ""N96_INDUCED_TRANSITION_LADDER_V1"", ""graph_hash"": ""1e2e4c31536f2c9048fb3a7bab94b6b3dad2347ad6dc6373308dac98d2eccdf7"", ""source_hash"": ""986767a29753ce0f33650ae3a63a52aa0afb2514d700ecba9597db36a7000f12"", ""edges"": 81, ""degree_min"": 0, ""degree_max"": 5, ""degree_mean"": 2.8421052631578947, ""degree_std"": 0.9695264476946035, ""components"": 2, ""component_sizes"": [1, 56], ""max_component"": 56, ""local_assignments"": 72057594037927938, ""minfill_width"": 8, ""minfill_work"": 1698, ""minfill_order"": [25, 31, 32, 21, 1, 11, 12, 17, 23, 28, 29, 34, 37, 39, 42, 43, 44, 48, 50, 52, 55, 13, 15, 20, 16, 36, 0, 6, 18, 27, 41, 46, 4, 8, 45, 54, 3, 19, 22, 51, 7, 35, 5, 33, 9, 40, 47, 14, 2, 10, 24, 26, 30, 38, 49, 53, 56], ""energy_bound"": 226, ""root_bound"": 256, ""crt_primes"": 2, ""arithmetic_burden"": 869376, ""coefficient_bound"": ""144115188075855872"", ""coupling_multiplicities"": {""3"": 21, ""-1"": 16, ""-2"": 13, ""1"": 16, ""-3"": 5, ""2"": 10}, ""symmetry"": ""not assumed"", ""degree_signature"": [0, 1, 1, 2, 2, 2, 2, 2, 2, 2, 2, 2, 2, 2, 2, 2, 2, 2, 2, 2, 2, 3, 3, 3, 3, 3, 3, 3, 3, 3, 3, 3, 3, 3, 3, 3, 3, 3, 3, 3, 3, 3, 3, 4, 4, 4, 4, 4, 4, 4, 4, 4, 4, 4, 4, 5, 5]}",,,,,
9076114b03da7982253e2dff,N057,986767a29753ce0f33650ae3a63a52aa0afb2514d700ecba9597db36a7000f12,1e2e4c31536f2c9048fb3a7bab94b6b3dad2347ad6dc6373308dac98d2eccdf7,N96_INDUCED_TRANSITION_LADDER_V1,f2f991d74dfbb2edf7f4475dcb7d82989de00a71e44bb11d4a6fbb49442577b6,"[0, 1, 2, 3]",510ac16f111df958bb1943293b75d9bb5d4aaa1f6f93859d7294d34c4ce40cb8,,variable_elimination,LOCAL_FLINT_CPU,LOCAL_SINGLE_COORDINATOR_FLINT_CPU,WARM_SAME_SOURCE,FRESH_EXACT_SOLVE_WITH_INTERNAL_CHECKS_EXCLUDES_EXTERNAL_VERIFICATION,0,0,0,1,8,1751,256,d5207e6b84fbabee961e83f3860a3bacaca585acd736c092903cacdfff692450,FLINT_EXACT_POLYNOMIAL,2,COMPLETE,OBSERVED_PATTERN,True,15884,0,0,CPU exact route includes its native polynomial readout/count checks; independently timed external verification excluded; no subprocess startup,deterministic retained-port-aware elimination or explicit component enumeration,,0.005499000078998506,0.0,0.0,0.0,,0.0,0.0018194470321759582,0.021571018965914845,0.021571018965914845,0.0,6e1b76cfde644e25cdbe1b04186942cfd687d9331d554ffb1e531efd544c77f8,"{""N"": 57, ""source_family"": ""N96_INDUCED_TRANSITION_LADDER_V1"", ""graph_hash"": ""1e2e4c31536f2c9048fb3a7bab94b6b3dad2347ad6dc6373308dac98d2eccdf7"", ""source_hash"": ""986767a29753ce0f33650ae3a63a52aa0afb2514d700ecba9597db36a7000f12"", ""edges"": 81, ""degree_min"": 0, ""degree_max"": 5, ""degree_mean"": 2.8421052631578947, ""degree_std"": 0.9695264476946035, ""components"": 2, ""component_sizes"": [1, 56], ""max_component"": 56, ""local_assignments"": 72057594037927938, ""minfill_width"": 8, ""minfill_work"": 1698, ""minfill_order"": [25, 31, 32, 21, 1, 11, 12, 17, 23, 28, 29, 34, 37, 39, 42, 43, 44, 48, 50, 52, 55, 13, 15, 20, 16, 36, 0, 6, 18, 27, 41, 46, 4, 8, 45, 54, 3, 19, 22, 51, 7, 35, 5, 33, 9, 40, 47, 14, 2, 10, 24, 26, 30, 38, 49, 53, 56], ""energy_bound"": 226, ""root_bound"": 256, ""crt_primes"": 2, ""arithmetic_burden"": 869376, ""coefficient_bound"": ""144115188075855872"", ""coupling_multiplicities"": {""3"": 21, ""-1"": 16, ""-2"": 13, ""1"": 16, ""-3"": 5, ""2"": 10}, ""symmetry"": ""not assumed"", ""degree_signature"": [0, 1, 1, 2, 2, 2, 2, 2, 2, 2, 2, 2, 2, 2, 2, 2, 2, 2, 2, 2, 2, 3, 3, 3, 3, 3, 3, 3, 3, 3, 3, 3, 3, 3, 3, 3, 3, 3, 3, 3, 3, 3, 3, 4, 4, 4, 4, 4, 4, 4, 4, 4, 4, 4, 4, 5, 5]}",,,,,
c42b86cd05c893d8c62d02fc,N081,a44aa0a4ea9c9cbc1672d4942815975347011434ee93b12c0f3c1c82ff5b875c,a7aa07ced745a30b5a4e5ce07742ac1ad48cfa999b47f2e9b5a971d5e1df3f01,N96_INDUCED_TRANSITION_LADDER_V1,f2f991d74dfbb2edf7f4475dcb7d82989de00a71e44bb11d4a6fbb49442577b6,"[0, 1, 2, 3]",8d039b5da784f9d39035d6e3f740f3b5dc63f61a0017b38ff8cddceb4b7cc54a,c85599251ef259cbcf1e53f4cef938557c2472e866f33db95a2ce3ce862070e8,tie_portfolio,COOP14_MIG_BRANCH_GROUP,1d2a6f95014703ca171206e42701c52355b89dab08ba0a9b72b3d193a3b620d4,WARM_SAME_SOURCE,FRESH_EXACT_SOLVE_WITH_INTERNAL_CHECKS_EXCLUDES_EXTERNAL_VERIFICATION,16,512,3,1,19,2157892,524288,d5207e6b84fbabee961e83f3860a3bacaca585acd736c092903cacdfff692450,NUMPY_BATCHED_INVERSE_NTT_INTEGER_CRT,1,COMPLETE,OBSERVED_PATTERN,True,,,,,,433267712,0.00022199598606675863,0.05657589400652796,0.232524324,0.027650659,0.00466822599992156,0.03412774000007844,0.00605452002491802,0.299113047,,0.0,e620ac270bdcf5a97ea8c29c97ab5a3388307b56299245ec6d328c7f2a276376,"{""N"": 81, ""source_family"": ""N96_INDUCED_TRANSITION_LADDER_V1"", ""graph_hash"": ""a7aa07ced745a30b5a4e5ce07742ac1ad48cfa999b47f2e9b5a971d5e1df3f01"", ""source_hash"": ""a44aa0a4ea9c9cbc1672d4942815975347011434ee93b12c0f3c1c82ff5b875c"", ""edges"": 170, ""degree_min"": 2, ""degree_max"": 5, ""degree_mean"": 4.197530864197531, ""degree_std"": 0.7765029725193278, ""components"": 1, ""component_sizes"": [81], ""max_component"": 81, ""local_assignments"": 2417851639229258349412352, ""minfill_width"": 20, ""minfill_work"": 6647851, ""minfill_order"": [60, 15, 20, 29, 0, 6, 24, 25, 32, 37, 41, 51, 59, 64, 50, 34, 42, 47, 62, 11, 66, 3, 33, 68, 38, 48, 63, 67, 39, 8, 16, 69, 76, 56, 23, 19, 78, 61, 7, 74, 2, 17, 1, 73, 58, 46, 9, 12, 77, 52, 27, 10, 43, 65, 30, 13, 40, 54, 75, 18, 28, 22, 4, 5, 14, 21, 26, 31, 35, 36, 44, 45, 49, 53, 55, 57, 70, 71, 72, 79, 80], ""energy_bound"": 428, ""root_bound"": 512, ""crt_primes"": 3, ""arithmetic_burden"": 10211099136, ""coefficient_bound"": ""2417851639229258349412352"", ""coupling_multiplicities"": {""3"": 33, ""-1"": 33, ""-2"": 27, ""1"": 34, ""-3"": 22, ""2"": 21}, ""symmetry"": ""not assumed"", ""degree_signature"": [2, 3, 3, 3, 3, 3, 3, 3, 3, 3, 3, 3, 3, 3, 3, 3, 4, 4, 4, 4, 4, 4, 4, 4, 4, 4, 4, 4, 4, 4, 4, 4, 4, 4, 4, 4, 4, 4, 4, 4, 4, 4, 4, 4, 4, 4, 4, 4, 5, 5, 5, 5, 5, 5, 5, 5, 5, 5, 5, 5, 5, 5, 5, 5, 5, 5, 5, 5, 5, 5, 5, 5, 5, 5, 5, 5, 5, 5, 5, 5, 5]}",24309072,"[59976, 59977, 59978, 59979, 59980, 59981, 59982, 59983, 59984, 59985, 59986, 59987, 59988, 59989]","[128, 96, 128, 80, 128, 96, 96, 96, 128, 80, 128, 112, 96, 144]",WARM_SAME_SOURCE,focused
c42b86cd05c893d8c62d02fc,N081,a44aa0a4ea9c9cbc1672d4942815975347011434ee93b12c0f3c1c82ff5b875c,a7aa07ced745a30b5a4e5ce07742ac1ad48cfa999b47f2e9b5a971d5e1df3f01,N96_INDUCED_TRANSITION_LADDER_V1,f2f991d74dfbb2edf7f4475dcb7d82989de00a71e44bb11d4a6fbb49442577b6,"[0, 1, 2, 3]",8d039b5da784f9d39035d6e3f740f3b5dc63f61a0017b38ff8cddceb4b7cc54a,c85599251ef259cbcf1e53f4cef938557c2472e866f33db95a2ce3ce862070e8,tie_portfolio,COOP14_MIG_BRANCH_GROUP,1d2a6f95014703ca171206e42701c52355b89dab08ba0a9b72b3d193a3b620d4,WARM_SAME_SOURCE,FRESH_EXACT_SOLVE_WITH_INTERNAL_CHECKS_EXCLUDES_EXTERNAL_VERIFICATION,16,512,3,1,19,2157892,524288,d5207e6b84fbabee961e83f3860a3bacaca585acd736c092903cacdfff692450,NUMPY_BATCHED_INVERSE_NTT_INTEGER_CRT,2,COMPLETE,OBSERVED_PATTERN,True,,,,,,433267712,0.00022199598606675863,0.05657589400652796,0.24375864,0.025838592,0.004867002135142684,0.019917967864857316,0.007513963966630399,0.294558389,,0.0,e620ac270bdcf5a97ea8c29c97ab5a3388307b56299245ec6d328c7f2a276376,"{""N"": 81, ""source_family"": ""N96_INDUCED_TRANSITION_LADDER_V1"", ""graph_hash"": ""a7aa07ced745a30b5a4e5ce07742ac1ad48cfa999b47f2e9b5a971d5e1df3f01"", ""source_hash"": ""a44aa0a4ea9c9cbc1672d4942815975347011434ee93b12c0f3c1c82ff5b875c"", ""edges"": 170, ""degree_min"": 2, ""degree_max"": 5, ""degree_mean"": 4.197530864197531, ""degree_std"": 0.7765029725193278, ""components"": 1, ""component_sizes"": [81], ""max_component"": 81, ""local_assignments"": 2417851639229258349412352, ""minfill_width"": 20, ""minfill_work"": 6647851, ""minfill_order"": [60, 15, 20, 29, 0, 6, 24, 25, 32, 37, 41, 51, 59, 64, 50, 34, 42, 47, 62, 11, 66, 3, 33, 68, 38, 48, 63, 67, 39, 8, 16, 69, 76, 56, 23, 19, 78, 61, 7, 74, 2, 17, 1, 73, 58, 46, 9, 12, 77, 52, 27, 10, 43, 65, 30, 13, 40, 54, 75, 18, 28, 22, 4, 5, 14, 21, 26, 31, 35, 36, 44, 45, 49, 53, 55, 57, 70, 71, 72, 79, 80], ""energy_bound"": 428, ""root_bound"": 512, ""crt_primes"": 3, ""arithmetic_burden"": 10211099136, ""coefficient_bound"": ""2417851639229258349412352"", ""coupling_multiplicities"": {""3"": 33, ""-1"": 33, ""-2"": 27, ""1"": 34, ""-3"": 22, ""2"": 21}, ""symmetry"": ""not assumed"", ""degree_signature"": [2, 3, 3, 3, 3, 3, 3, 3, 3, 3, 3, 3, 3, 3, 3, 3, 4, 4, 4, 4, 4, 4, 4, 4, 4, 4, 4, 4, 4, 4, 4, 4, 4, 4, 4, 4, 4, 4, 4, 4, 4, 4, 4, 4, 4, 4, 4, 4, 5, 5, 5, 5, 5, 5, 5, 5, 5, 5, 5, 5, 5, 5, 5, 5, 5, 5, 5, 5, 5, 5, 5, 5, 5, 5, 5, 5, 5, 5, 5, 5, 5]}",24309072,"[59976, 59977, 59978, 59979, 59980, 59981, 59982, 59983, 59984, 59985, 59986, 59987, 59988, 59989]","[96, 96, 128, 128, 80, 128, 64, 96, 128, 112, 128, 128, 96, 128]",WARM_SAME_SOURCE,focused
c42b86cd05c893d8c62d02fc,N081,a44aa0a4ea9c9cbc1672d4942815975347011434ee93b12c0f3c1c82ff5b875c,a7aa07ced745a30b5a4e5ce07742ac1ad48cfa999b47f2e9b5a971d5e1df3f01,N96_INDUCED_TRANSITION_LADDER_V1,f2f991d74dfbb2edf7f4475dcb7d82989de00a71e44bb11d4a6fbb49442577b6,"[0, 1, 2, 3]",8d039b5da784f9d39035d6e3f740f3b5dc63f61a0017b38ff8cddceb4b7cc54a,c85599251ef259cbcf1e53f4cef938557c2472e866f33db95a2ce3ce862070e8,tie_portfolio,COOP14_MIG_BRANCH_GROUP,1d2a6f95014703ca171206e42701c52355b89dab08ba0a9b72b3d193a3b620d4,WARM_SAME_SOURCE,FRESH_EXACT_SOLVE_WITH_INTERNAL_CHECKS_EXCLUDES_EXTERNAL_VERIFICATION,16,512,3,1,19,2157892,524288,d5207e6b84fbabee961e83f3860a3bacaca585acd736c092903cacdfff692450,NUMPY_BATCHED_INVERSE_NTT_INTEGER_CRT,3,COMPLETE,OBSERVED_PATTERN,True,,,,,,433267712,0.00022199598606675863,0.05657589400652796,0.260191473,0.032438742,0.004717065137811005,0.020252481862188997,0.006394973956048489,0.317744839,,0.0,e620ac270bdcf5a97ea8c29c97ab5a3388307b56299245ec6d328c7f2a276376,"{""N"": 81, ""source_family"": ""N96_INDUCED_TRANSITION_LADDER_V1"", ""graph_hash"": ""a7aa07ced745a30b5a4e5ce07742ac1ad48cfa999b47f2e9b5a971d5e1df3f01"", ""source_hash"": ""a44aa0a4ea9c9cbc1672d4942815975347011434ee93b12c0f3c1c82ff5b875c"", ""edges"": 170, ""degree_min"": 2, ""degree_max"": 5, ""degree_mean"": 4.197530864197531, ""degree_std"": 0.7765029725193278, ""components"": 1, ""component_sizes"": [81], ""max_component"": 81, ""local_assignments"": 2417851639229258349412352, ""minfill_width"": 20, ""minfill_work"": 6647851, ""minfill_order"": [60, 15, 20, 29, 0, 6, 24, 25, 32, 37, 41, 51, 59, 64, 50, 34, 42, 47, 62, 11, 66, 3, 33, 68, 38, 48, 63, 67, 39, 8, 16, 69, 76, 56, 23, 19, 78, 61, 7, 74, 2, 17, 1, 73, 58, 46, 9, 12, 77, 52, 27, 10, 43, 65, 30, 13, 40, 54, 75, 18, 28, 22, 4, 5, 14, 21, 26, 31, 35, 36, 44, 45, 49, 53, 55, 57, 70, 71, 72, 79, 80], ""energy_bound"": 428, ""root_bound"": 512, ""crt_primes"": 3, ""arithmetic_burden"": 10211099136, ""coefficient_bound"": ""2417851639229258349412352"", ""coupling_multiplicities"": {""3"": 33, ""-1"": 33, ""-2"": 27, ""1"": 34, ""-3"": 22, ""2"": 21}, ""symmetry"": ""not assumed"", ""degree_signature"": [2, 3, 3, 3, 3, 3, 3, 3, 3, 3, 3, 3, 3, 3, 3, 3, 4, 4, 4, 4, 4, 4, 4, 4, 4, 4, 4, 4, 4, 4, 4, 4, 4, 4, 4, 4, 4, 4, 4, 4, 4, 4, 4, 4, 4, 4, 4, 4, 5, 5, 5, 5, 5, 5, 5, 5, 5, 5, 5, 5, 5, 5, 5, 5, 5, 5, 5, 5, 5, 5, 5, 5, 5, 5, 5, 5, 5, 5, 5, 5, 5]}",24309072,"[59976, 59977, 59978, 59979, 59980, 59981, 59982, 59983, 59984, 59985, 59986, 59987, 59988, 59989]","[144, 96, 112, 112, 112, 96, 80, 176, 96, 80, 96, 96, 96, 144]",WARM_SAME_SOURCE,focused
7760e2388db227d20ac10567,N058,cca0fa5236bf34624fab111aa12727060e40bf24aefb9370370a75f45cdaf74c,d819b6df41d03c6e64b8099063eb5eddc81716b1f7fab58076c67a37b81526f6,N96_INDUCED_TRANSITION_LADDER_V1,f2f991d74dfbb2edf7f4475dcb7d82989de00a71e44bb11d4a6fbb49442577b6,"[0, 1, 2, 3]",c0f5c79fe09d035db4f83c1b7156d0de93a2921d4fc546820ceb31660c6235dd,,variable_elimination,LOCAL_FLINT_CPU,LOCAL_SINGLE_COORDINATOR_FLINT_CPU,WARM_NEW_SOURCE,FRESH_EXACT_SOLVE_WITH_INTERNAL_CHECKS_EXCLUDES_EXTERNAL_VERIFICATION,0,0,0,1,8,1971,256,d5207e6b84fbabee961e83f3860a3bacaca585acd736c092903cacdfff692450,FLINT_EXACT_POLYNOMIAL,0,COMPLETE,OBSERVED_PATTERN,True,17852,0,0,CPU exact route includes its native polynomial readout/count checks; independently timed external verification excluded; no subprocess startup,deterministic retained-port-aware elimination or explicit component enumeration,,0.0036587740760296583,0.0,0.0,0.0,,0.0,0.0018526759231463075,0.029008393990807235,0.029008393990807235,0.0,adb86d6aea01bef0b73068faf6a17006f84c47f5ad87b4e5abcc4e7bbd77156d,"{""N"": 58, ""source_family"": ""N96_INDUCED_TRANSITION_LADDER_V1"", ""graph_hash"": ""d819b6df41d03c6e64b8099063eb5eddc81716b1f7fab58076c67a37b81526f6"", ""source_hash"": ""cca0fa5236bf34624fab111aa12727060e40bf24aefb9370370a75f45cdaf74c"", ""edges"": 85, ""degree_min"": 0, ""degree_max"": 5, ""degree_mean"": 2.9310344827586206, ""degree_std"": 0.9624334991001974, ""components"": 2, ""component_sizes"": [1, 57], ""max_component"": 57, ""local_assignments"": 144115188075855874, ""minfill_width"": 8, ""minfill_work"": 1878, ""minfill_order"": [25, 31, 32, 21, 1, 11, 12, 28, 29, 34, 37, 39, 42, 43, 48, 50, 52, 55, 13, 15, 20, 16, 36, 0, 6, 17, 18, 22, 27, 41, 46, 4, 8, 54, 19, 24, 49, 51, 7, 2, 35, 57, 5, 9, 26, 10, 40, 44, 14, 3, 23, 30, 33, 38, 45, 47, 53, 56], ""energy_bound"": 235, ""root_bound"": 256, ""crt_primes"": 2, ""arithmetic_burden"": 961536, ""coefficient_bound"": ""288230376151711744"", ""coupling_multiplicities"": {""3"": 21, ""-1"": 16, ""-2"": 15, ""1"": 16, ""-3"": 5, ""2"": 12}, ""symmetry"": ""not assumed"", ""degree_signature"": [0, 1, 1, 2, 2, 2, 2, 2, 2, 2, 2, 2, 2, 2, 2, 2, 2, 2, 3, 3, 3, 3, 3, 3, 3, 3, 3, 3, 3, 3, 3, 3, 3, 3, 3, 3, 3, 3, 3, 3, 3, 3, 4, 4, 4, 4, 4, 4, 4, 4, 4, 4, 4, 4, 4, 4, 5, 5]}",,,,,
7760e2388db227d20ac10567,N058,cca0fa5236bf34624fab111aa12727060e40bf24aefb9370370a75f45cdaf74c,d819b6df41d03c6e64b8099063eb5eddc81716b1f7fab58076c67a37b81526f6,N96_INDUCED_TRANSITION_LADDER_V1,f2f991d74dfbb2edf7f4475dcb7d82989de00a71e44bb11d4a6fbb49442577b6,"[0, 1, 2, 3]",c0f5c79fe09d035db4f83c1b7156d0de93a2921d4fc546820ceb31660c6235dd,,variable_elimination,LOCAL_FLINT_CPU,LOCAL_SINGLE_COORDINATOR_FLINT_CPU,WARM_SAME_SOURCE,FRESH_EXACT_SOLVE_WITH_INTERNAL_CHECKS_EXCLUDES_EXTERNAL_VERIFICATION,0,0,0,1,8,1971,256,d5207e6b84fbabee961e83f3860a3bacaca585acd736c092903cacdfff692450,FLINT_EXACT_POLYNOMIAL,1,COMPLETE,OBSERVED_PATTERN,True,17852,0,0,CPU exact route includes its native polynomial readout/count checks; independently timed external verification excluded; no subprocess startup,deterministic retained-port-aware elimination or explicit component enumeration,,0.0036587740760296583,0.0,0.0,0.0,,0.0,0.002344487002119422,0.02741827303543687,0.02741827303543687,0.0,adb86d6aea01bef0b73068faf6a17006f84c47f5ad87b4e5abcc4e7bbd77156d,"{""N"": 58, ""source_family"": ""N96_INDUCED_TRANSITION_LADDER_V1"", ""graph_hash"": ""d819b6df41d03c6e64b8099063eb5eddc81716b1f7fab58076c67a37b81526f6"", ""source_hash"": ""cca0fa5236bf34624fab111aa12727060e40bf24aefb9370370a75f45cdaf74c"", ""edges"": 85, ""degree_min"": 0, ""degree_max"": 5, ""degree_mean"": 2.9310344827586206, ""degree_std"": 0.9624334991001974, ""components"": 2, ""component_sizes"": [1, 57], ""max_component"": 57, ""local_assignments"": 144115188075855874, ""minfill_width"": 8, ""minfill_work"": 1878, ""minfill_order"": [25, 31, 32, 21, 1, 11, 12, 28, 29, 34, 37, 39, 42, 43, 48, 50, 52, 55, 13, 15, 20, 16, 36, 0, 6, 17, 18, 22, 27, 41, 46, 4, 8, 54, 19, 24, 49, 51, 7, 2, 35, 57, 5, 9, 26, 10, 40, 44, 14, 3, 23, 30, 33, 38, 45, 47, 53, 56], ""energy_bound"": 235, ""root_bound"": 256, ""crt_primes"": 2, ""arithmetic_burden"": 961536, ""coefficient_bound"": ""288230376151711744"", ""coupling_multiplicities"": {""3"": 21, ""-1"": 16, ""-2"": 15, ""1"": 16, ""-3"": 5, ""2"": 12}, ""symmetry"": ""not assumed"", ""degree_signature"": [0, 1, 1, 2, 2, 2, 2, 2, 2, 2, 2, 2, 2, 2, 2, 2, 2, 2, 3, 3, 3, 3, 3, 3, 3, 3, 3, 3, 3, 3, 3, 3, 3, 3, 3, 3, 3, 3, 3, 3, 3, 3, 4, 4, 4, 4, 4, 4, 4, 4, 4, 4, 4, 4, 4, 4, 5, 5]}",,,,,
7760e2388db227d20ac10567,N058,cca0fa5236bf34624fab111aa12727060e40bf24aefb9370370a75f45cdaf74c,d819b6df41d03c6e64b8099063eb5eddc81716b1f7fab58076c67a37b81526f6,N96_INDUCED_TRANSITION_LADDER_V1,f2f991d74dfbb2edf7f4475dcb7d82989de00a71e44bb11d4a6fbb49442577b6,"[0, 1, 2, 3]",c0f5c79fe09d035db4f83c1b7156d0de93a2921d4fc546820ceb31660c6235dd,,variable_elimination,LOCAL_FLINT_CPU,LOCAL_SINGLE_COORDINATOR_FLINT_CPU,WARM_SAME_SOURCE,FRESH_EXACT_SOLVE_WITH_INTERNAL_CHECKS_EXCLUDES_EXTERNAL_VERIFICATION,0,0,0,1,8,1971,256,d5207e6b84fbabee961e83f3860a3bacaca585acd736c092903cacdfff692450,FLINT_EXACT_POLYNOMIAL,2,COMPLETE,OBSERVED_PATTERN,True,17852,0,0,CPU exact route includes its native polynomial readout/count checks; independently timed external verification excluded; no subprocess startup,deterministic retained-port-aware elimination or explicit component enumeration,,0.0036587740760296583,0.0,0.0,0.0,,0.0,0.001878355978988111,0.023904235917143524,0.023904235917143524,0.0,adb86d6aea01bef0b73068faf6a17006f84c47f5ad87b4e5abcc4e7bbd77156d,"{""N"": 58, ""source_family"": ""N96_INDUCED_TRANSITION_LADDER_V1"", ""graph_hash"": ""d819b6df41d03c6e64b8099063eb5eddc81716b1f7fab58076c67a37b81526f6"", ""source_hash"": ""cca0fa5236bf34624fab111aa12727060e40bf24aefb9370370a75f45cdaf74c"", ""edges"": 85, ""degree_min"": 0, ""degree_max"": 5, ""degree_mean"": 2.9310344827586206, ""degree_std"": 0.9624334991001974, ""components"": 2, ""component_sizes"": [1, 57], ""max_component"": 57, ""local_assignments"": 144115188075855874, ""minfill_width"": 8, ""minfill_work"": 1878, ""minfill_order"": [25, 31, 32, 21, 1, 11, 12, 28, 29, 34, 37, 39, 42, 43, 48, 50, 52, 55, 13, 15, 20, 16, 36, 0, 6, 17, 18, 22, 27, 41, 46, 4, 8, 54, 19, 24, 49, 51, 7, 2, 35, 57, 5, 9, 26, 10, 40, 44, 14, 3, 23, 30, 33, 38, 45, 47, 53, 56], ""energy_bound"": 235, ""root_bound"": 256, ""crt_primes"": 2, ""arithmetic_burden"": 961536, ""coefficient_bound"": ""288230376151711744"", ""coupling_multiplicities"": {""3"": 21, ""-1"": 16, ""-2"": 15, ""1"": 16, ""-3"": 5, ""2"": 12}, ""symmetry"": ""not assumed"", ""degree_signature"": [0, 1, 1, 2, 2, 2, 2, 2, 2, 2, 2, 2, 2, 2, 2, 2, 2, 2, 3, 3, 3, 3, 3, 3, 3, 3, 3, 3, 3, 3, 3, 3, 3, 3, 3, 3, 3, 3, 3, 3, 3, 3, 4, 4, 4, 4, 4, 4, 4, 4, 4, 4, 4, 4, 4, 4, 5, 5]}",,,,,
eb2c995c0757f86a10a5edc7,N048,861eb654b511fe3af6078587dacf5fc83cb657b083737bd1d023f344241c54f4,1fa7eeab7ac163936aec4104685bda5863cffc66c74f2720c370ff390300d432,N96_INDUCED_TRANSITION_LADDER_V1,f2f991d74dfbb2edf7f4475dcb7d82989de00a71e44bb11d4a6fbb49442577b6,"[0, 1, 2, 3]",9d040e0c9bdf44b41f15c2f7338270f227292602c5211bcf77621a5ef1f73c5e,,variable_elimination,LOCAL_FLINT_CPU,LOCAL_SINGLE_COORDINATOR_FLINT_CPU,WARM_NEW_SOURCE,FRESH_EXACT_SOLVE_WITH_INTERNAL_CHECKS_EXCLUDES_EXTERNAL_VERIFICATION,0,0,0,1,4,236,16,d5207e6b84fbabee961e83f3860a3bacaca585acd736c092903cacdfff692450,FLINT_EXACT_POLYNOMIAL,0,COMPLETE,OBSERVED_PATTERN,True,2312,0,0,CPU exact route includes its native polynomial readout/count checks; independently timed external verification excluded; no subprocess startup,deterministic retained-port-aware elimination or explicit component enumeration,,0.002835598075762391,0.0,0.0,0.0,,0.0,0.0032922199461609125,0.013201051042415202,0.013201051042415202,0.0,258928b3da62841827c9860b179eb4a9ca599bc953e9309a93ae681fcb8df901,"{""N"": 48, ""source_family"": ""N96_INDUCED_TRANSITION_LADDER_V1"", ""graph_hash"": ""1fa7eeab7ac163936aec4104685bda5863cffc66c74f2720c370ff390300d432"", ""source_hash"": ""861eb654b511fe3af6078587dacf5fc83cb657b083737bd1d023f344241c54f4"", ""edges"": 58, ""degree_min"": 0, ""degree_max"": 5, ""degree_mean"": 2.4166666666666665, ""degree_std"": 1.0573814617041266, ""components"": 3, ""component_sizes"": [1, 1, 46], ""max_component"": 46, ""local_assignments"": 70368744177668, ""minfill_width"": 4, ""minfill_work"": 225, ""minfill_order"": [25, 31, 23, 29, 12, 32, 21, 34, 46, 33, 36, 0, 1, 11, 14, 15, 20, 16, 35, 45, 2, 3, 17, 18, 24, 27, 28, 30, 37, 38, 39, 42, 43, 44, 47, 10, 13, 41, 4, 6, 19, 7, 9, 5, 8, 22, 26, 40], ""energy_bound"": 173, ""root_bound"": 256, ""crt_primes"": 2, ""arithmetic_burden"": 115200, ""coefficient_bound"": ""281474976710656"", ""coupling_multiplicities"": {""3"": 16, ""-1"": 11, ""1"": 11, ""-2"": 11, ""-3"": 5, ""2"": 4}, ""symmetry"": ""not assumed"", ""degree_signature"": [0, 0, 1, 1, 1, 1, 2, 2, 2, 2, 2, 2, 2, 2, 2, 2, 2, 2, 2, 2, 2, 2, 2, 2, 2, 2, 2, 2, 2, 3, 3, 3, 3, 3, 3, 3, 3, 3, 3, 3, 3, 4, 4, 4, 4, 4, 5, 5]}",,,,,
eb2c995c0757f86a10a5edc7,N048,861eb654b511fe3af6078587dacf5fc83cb657b083737bd1d023f344241c54f4,1fa7eeab7ac163936aec4104685bda5863cffc66c74f2720c370ff390300d432,N96_INDUCED_TRANSITION_LADDER_V1,f2f991d74dfbb2edf7f4475dcb7d82989de00a71e44bb11d4a6fbb49442577b6,"[0, 1, 2, 3]",9d040e0c9bdf44b41f15c2f7338270f227292602c5211bcf77621a5ef1f73c5e,,variable_elimination,LOCAL_FLINT_CPU,LOCAL_SINGLE_COORDINATOR_FLINT_CPU,WARM_SAME_SOURCE,FRESH_EXACT_SOLVE_WITH_INTERNAL_CHECKS_EXCLUDES_EXTERNAL_VERIFICATION,0,0,0,1,4,236,16,d5207e6b84fbabee961e83f3860a3bacaca585acd736c092903cacdfff692450,FLINT_EXACT_POLYNOMIAL,1,COMPLETE,OBSERVED_PATTERN,True,2312,0,0,CPU exact route includes its native polynomial readout/count checks; independently timed external verification excluded; no subprocess startup,deterministic retained-port-aware elimination or explicit component enumeration,,0.002835598075762391,0.0,0.0,0.0,,0.0,0.002433915971778333,0.00897738803178072,0.00897738803178072,0.0,258928b3da62841827c9860b179eb4a9ca599bc953e9309a93ae681fcb8df901,"{""N"": 48, ""source_family"": ""N96_INDUCED_TRANSITION_LADDER_V1"", ""graph_hash"": ""1fa7eeab7ac163936aec4104685bda5863cffc66c74f2720c370ff390300d432"", ""source_hash"": ""861eb654b511fe3af6078587dacf5fc83cb657b083737bd1d023f344241c54f4"", ""edges"": 58, ""degree_min"": 0, ""degree_max"": 5, ""degree_mean"": 2.4166666666666665, ""degree_std"": 1.0573814617041266, ""components"": 3, ""component_sizes"": [1, 1, 46], ""max_component"": 46, ""local_assignments"": 70368744177668, ""minfill_width"": 4, ""minfill_work"": 225, ""minfill_order"": [25, 31, 23, 29, 12, 32, 21, 34, 46, 33, 36, 0, 1, 11, 14, 15, 20, 16, 35, 45, 2, 3, 17, 18, 24, 27, 28, 30, 37, 38, 39, 42, 43, 44, 47, 10, 13, 41, 4, 6, 19, 7, 9, 5, 8, 22, 26, 40], ""energy_bound"": 173, ""root_bound"": 256, ""crt_primes"": 2, ""arithmetic_burden"": 115200, ""coefficient_bound"": ""281474976710656"", ""coupling_multiplicities"": {""3"": 16, ""-1"": 11, ""1"": 11, ""-2"": 11, ""-3"": 5, ""2"": 4}, ""symmetry"": ""not assumed"", ""degree_signature"": [0, 0, 1, 1, 1, 1, 2, 2, 2, 2, 2, 2, 2, 2, 2, 2, 2, 2, 2, 2, 2, 2, 2, 2, 2, 2, 2, 2, 2, 3, 3, 3, 3, 3, 3, 3, 3, 3, 3, 3, 3, 4, 4, 4, 4, 4, 5, 5]}",,,,,
eb2c995c0757f86a10a5edc7,N048,861eb654b511fe3af6078587dacf5fc83cb657b083737bd1d023f344241c54f4,1fa7eeab7ac163936aec4104685bda5863cffc66c74f2720c370ff390300d432,N96_INDUCED_TRANSITION_LADDER_V1,f2f991d74dfbb2edf7f4475dcb7d82989de00a71e44bb11d4a6fbb49442577b6,"[0, 1, 2, 3]",9d040e0c9bdf44b41f15c2f7338270f227292602c5211bcf77621a5ef1f73c5e,,variable_elimination,LOCAL_FLINT_CPU,LOCAL_SINGLE_COORDINATOR_FLINT_CPU,WARM_SAME_SOURCE,FRESH_EXACT_SOLVE_WITH_INTERNAL_CHECKS_EXCLUDES_EXTERNAL_VERIFICATION,0,0,0,1,4,236,16,d5207e6b84fbabee961e83f3860a3bacaca585acd736c092903cacdfff692450,FLINT_EXACT_POLYNOMIAL,2,COMPLETE,OBSERVED_PATTERN,True,2312,0,0,CPU exact route includes its native polynomial readout/count checks; independently timed external verification excluded; no subprocess startup,deterministic retained-port-aware elimination or explicit component enumeration,,0.002835598075762391,0.0,0.0,0.0,,0.0,0.001366044976748526,0.00828233000356704,0.00828233000356704,0.0,258928b3da62841827c9860b179eb4a9ca599bc953e9309a93ae681fcb8df901,"{""N"": 48, ""source_family"": ""N96_INDUCED_TRANSITION_LADDER_V1"", ""graph_hash"": ""1fa7eeab7ac163936aec4104685bda5863cffc66c74f2720c370ff390300d432"", ""source_hash"": ""861eb654b511fe3af6078587dacf5fc83cb657b083737bd1d023f344241c54f4"", ""edges"": 58, ""degree_min"": 0, ""degree_max"": 5, ""degree_mean"": 2.4166666666666665, ""degree_std"": 1.0573814617041266, ""components"": 3, ""component_sizes"": [1, 1, 46], ""max_component"": 46, ""local_assignments"": 70368744177668, ""minfill_width"": 4, ""minfill_work"": 225, ""minfill_order"": [25, 31, 23, 29, 12, 32, 21, 34, 46, 33, 36, 0, 1, 11, 14, 15, 20, 16, 35, 45, 2, 3, 17, 18, 24, 27, 28, 30, 37, 38, 39, 42, 43, 44, 47, 10, 13, 41, 4, 6, 19, 7, 9, 5, 8, 22, 26, 40], ""energy_bound"": 173, ""root_bound"": 256, ""crt_primes"": 2, ""arithmetic_burden"": 115200, ""coefficient_bound"": ""281474976710656"", ""coupling_multiplicities"": {""3"": 16, ""-1"": 11, ""1"": 11, ""-2"": 11, ""-3"": 5, ""2"": 4}, ""symmetry"": ""not assumed"", ""degree_signature"": [0, 0, 1, 1, 1, 1, 2, 2, 2, 2, 2, 2, 2, 2, 2, 2, 2, 2, 2, 2, 2, 2, 2, 2, 2, 2, 2, 2, 2, 3, 3, 3, 3, 3, 3, 3, 3, 3, 3, 3, 3, 4, 4, 4, 4, 4, 5, 5]}",,,,,
f0a813947f652da9f0bbdf2e,N047,6e8d1dc4b56e161c91bc546688ab6eb3578be1402e81cb135bd3ff783b459dc8,34b26b0cf3abda3f373b14c30383d8bd9af8dc9dfb532e48d3584978f5d5485e,N96_INDUCED_TRANSITION_LADDER_V1,f2f991d74dfbb2edf7f4475dcb7d82989de00a71e44bb11d4a6fbb49442577b6,"[0, 1, 2, 3]",3c755c8bc1de902457b75724f736eb3233a0bf8bed56070ffcf6b485f03f1acc,,variable_elimination,LOCAL_FLINT_CPU,LOCAL_SINGLE_COORDINATOR_FLINT_CPU,WARM_NEW_SOURCE,FRESH_EXACT_SOLVE_WITH_INTERNAL_CHECKS_EXCLUDES_EXTERNAL_VERIFICATION,0,0,0,1,4,200,16,d5207e6b84fbabee961e83f3860a3bacaca585acd736c092903cacdfff692450,FLINT_EXACT_POLYNOMIAL,0,COMPLETE,OBSERVED_PATTERN,True,1992,0,0,CPU exact route includes its native polynomial readout/count checks; independently timed external verification excluded; no subprocess startup,deterministic retained-port-aware elimination or explicit component enumeration,,0.0026339320465922356,0.0,0.0,0.0,,0.0,0.003269361099228263,0.013164590927772224,0.013164590927772224,0.0,ef4cd12f65d0ffeed75b3e3bc46940b57e2ea70c0f357808683c5a731875f8a9,"{""N"": 47, ""source_family"": ""N96_INDUCED_TRANSITION_LADDER_V1"", ""graph_hash"": ""34b26b0cf3abda3f373b14c30383d8bd9af8dc9dfb532e48d3584978f5d5485e"", ""source_hash"": ""6e8d1dc4b56e161c91bc546688ab6eb3578be1402e81cb135bd3ff783b459dc8"", ""edges"": 56, ""degree_min"": 0, ""degree_max"": 5, ""degree_mean"": 2.382978723404255, ""degree_std"": 1.0629783827061103, ""components"": 3, ""component_sizes"": [1, 1, 45], ""max_component"": 45, ""local_assignments"": 35184372088836, ""minfill_width"": 4, ""minfill_work"": 205, ""minfill_order"": [25, 31, 23, 29, 12, 32, 21, 34, 46, 33, 36, 0, 1, 11, 14, 15, 20, 16, 35, 45, 2, 3, 17, 18, 22, 24, 27, 28, 30, 37, 38, 39, 41, 42, 43, 44, 10, 13, 19, 26, 4, 6, 5, 7, 8, 9, 40], ""energy_bound"": 168, ""root_bound"": 256, ""crt_primes"": 2, ""arithmetic_burden"": 104960, ""coefficient_bound"": ""140737488355328"", ""coupling_multiplicities"": {""3"": 15, ""-1"": 11, ""1"": 11, ""-2"": 10, ""-3"": 5, ""2"": 4}, ""symmetry"": ""not assumed"", ""degree_signature"": [0, 0, 1, 1, 1, 1, 2, 2, 2, 2, 2, 2, 2, 2, 2, 2, 2, 2, 2, 2, 2, 2, 2, 2, 2, 2, 2, 2, 2, 2, 3, 3, 3, 3, 3, 3, 3, 3, 3, 3, 4, 4, 4, 4, 4, 5, 5]}",,,,,
f0a813947f652da9f0bbdf2e,N047,6e8d1dc4b56e161c91bc546688ab6eb3578be1402e81cb135bd3ff783b459dc8,34b26b0cf3abda3f373b14c30383d8bd9af8dc9dfb532e48d3584978f5d5485e,N96_INDUCED_TRANSITION_LADDER_V1,f2f991d74dfbb2edf7f4475dcb7d82989de00a71e44bb11d4a6fbb49442577b6,"[0, 1, 2, 3]",3c755c8bc1de902457b75724f736eb3233a0bf8bed56070ffcf6b485f03f1acc,,variable_elimination,LOCAL_FLINT_CPU,LOCAL_SINGLE_COORDINATOR_FLINT_CPU,WARM_SAME_SOURCE,FRESH_EXACT_SOLVE_WITH_INTERNAL_CHECKS_EXCLUDES_EXTERNAL_VERIFICATION,0,0,0,1,4,200,16,d5207e6b84fbabee961e83f3860a3bacaca585acd736c092903cacdfff692450,FLINT_EXACT_POLYNOMIAL,1,COMPLETE,OBSERVED_PATTERN,True,1992,0,0,CPU exact route includes its native polynomial readout/count checks; independently timed external verification excluded; no subprocess startup,deterministic retained-port-aware elimination or explicit component enumeration,,0.0026339320465922356,0.0,0.0,0.0,,0.0,0.0022472190903499722,0.009027246967889369,0.009027246967889369,0.0,ef4cd12f65d0ffeed75b3e3bc46940b57e2ea70c0f357808683c5a731875f8a9,"{""N"": 47, ""source_family"": ""N96_INDUCED_TRANSITION_LADDER_V1"", ""graph_hash"": ""34b26b0cf3abda3f373b14c30383d8bd9af8dc9dfb532e48d3584978f5d5485e"", ""source_hash"": ""6e8d1dc4b56e161c91bc546688ab6eb3578be1402e81cb135bd3ff783b459dc8"", ""edges"": 56, ""degree_min"": 0, ""degree_max"": 5, ""degree_mean"": 2.382978723404255, ""degree_std"": 1.0629783827061103, ""components"": 3, ""component_sizes"": [1, 1, 45], ""max_component"": 45, ""local_assignments"": 35184372088836, ""minfill_width"": 4, ""minfill_work"": 205, ""minfill_order"": [25, 31, 23, 29, 12, 32, 21, 34, 46, 33, 36, 0, 1, 11, 14, 15, 20, 16, 35, 45, 2, 3, 17, 18, 22, 24, 27, 28, 30, 37, 38, 39, 41, 42, 43, 44, 10, 13, 19, 26, 4, 6, 5, 7, 8, 9, 40], ""energy_bound"": 168, ""root_bound"": 256, ""crt_primes"": 2, ""arithmetic_burden"": 104960, ""coefficient_bound"": ""140737488355328"", ""coupling_multiplicities"": {""3"": 15, ""-1"": 11, ""1"": 11, ""-2"": 10, ""-3"": 5, ""2"": 4}, ""symmetry"": ""not assumed"", ""degree_signature"": [0, 0, 1, 1, 1, 1, 2, 2, 2, 2, 2, 2, 2, 2, 2, 2, 2, 2, 2, 2, 2, 2, 2, 2, 2, 2, 2, 2, 2, 2, 3, 3, 3, 3, 3, 3, 3, 3, 3, 3, 4, 4, 4, 4, 4, 5, 5]}",,,,,
f0a813947f652da9f0bbdf2e,N047,6e8d1dc4b56e161c91bc546688ab6eb3578be1402e81cb135bd3ff783b459dc8,34b26b0cf3abda3f373b14c30383d8bd9af8dc9dfb532e48d3584978f5d5485e,N96_INDUCED_TRANSITION_LADDER_V1,f2f991d74dfbb2edf7f4475dcb7d82989de00a71e44bb11d4a6fbb49442577b6,"[0, 1, 2, 3]",3c755c8bc1de902457b75724f736eb3233a0bf8bed56070ffcf6b485f03f1acc,,variable_elimination,LOCAL_FLINT_CPU,LOCAL_SINGLE_COORDINATOR_FLINT_CPU,WARM_SAME_SOURCE,FRESH_EXACT_SOLVE_WITH_INTERNAL_CHECKS_EXCLUDES_EXTERNAL_VERIFICATION,0,0,0,1,4,200,16,d5207e6b84fbabee961e83f3860a3bacaca585acd736c092903cacdfff692450,FLINT_EXACT_POLYNOMIAL,2,COMPLETE,OBSERVED_PATTERN,True,1992,0,0,CPU exact route includes its native polynomial readout/count checks; independently timed external verification excluded; no subprocess startup,deterministic retained-port-aware elimination or explicit component enumeration,,0.0026339320465922356,0.0,0.0,0.0,,0.0,0.0015070820227265358,0.008116242941468954,0.008116242941468954,0.0,ef4cd12f65d0ffeed75b3e3bc46940b57e2ea70c0f357808683c5a731875f8a9,"{""N"": 47, ""source_family"": ""N96_INDUCED_TRANSITION_LADDER_V1"", ""graph_hash"": ""34b26b0cf3abda3f373b14c30383d8bd9af8dc9dfb532e48d3584978f5d5485e"", ""source_hash"": ""6e8d1dc4b56e161c91bc546688ab6eb3578be1402e81cb135bd3ff783b459dc8"", ""edges"": 56, ""degree_min"": 0, ""degree_max"": 5, ""degree_mean"": 2.382978723404255, ""degree_std"": 1.0629783827061103, ""components"": 3, ""component_sizes"": [1, 1, 45], ""max_component"": 45, ""local_assignments"": 35184372088836, ""minfill_width"": 4, ""minfill_work"": 205, ""minfill_order"": [25, 31, 23, 29, 12, 32, 21, 34, 46, 33, 36, 0, 1, 11, 14, 15, 20, 16, 35, 45, 2, 3, 17, 18, 22, 24, 27, 28, 30, 37, 38, 39, 41, 42, 43, 44, 10, 13, 19, 26, 4, 6, 5, 7, 8, 9, 40], ""energy_bound"": 168, ""root_bound"": 256, ""crt_primes"": 2, ""arithmetic_burden"": 104960, ""coefficient_bound"": ""140737488355328"", ""coupling_multiplicities"": {""3"": 15, ""-1"": 11, ""1"": 11, ""-2"": 10, ""-3"": 5, ""2"": 4}, ""symmetry"": ""not assumed"", ""degree_signature"": [0, 0, 1, 1, 1, 1, 2, 2, 2, 2, 2, 2, 2, 2, 2, 2, 2, 2, 2, 2, 2, 2, 2, 2, 2, 2, 2, 2, 2, 2, 3, 3, 3, 3, 3, 3, 3, 3, 3, 3, 4, 4, 4, 4, 4, 5, 5]}",,,,,
52280a7bd7458e6416d8c7b4,N089,25d1fca40ca926b462c3f7e1e1d48d0e7a43c906cf0b2423703ee6d20c036175,3d0509bb1bd883dcf90392f4fdd79848ab77ca0aade9735cf1f78b7b692fd37d,N96_INDUCED_TRANSITION_LADDER_V1,f2f991d74dfbb2edf7f4475dcb7d82989de00a71e44bb11d4a6fbb49442577b6,"[0, 1, 2, 3]",6159a5e206142bec103befbfdc6b3f5e55311127dd01853d9e3e001791284878,4c115869a9cb40b60b4d019389f9f6b325fc66b9799cf4aec09b85fe6a4e613f,fresh_min_fill,COOP14_MIG_BRANCH_GROUP,1d2a6f95014703ca171206e42701c52355b89dab08ba0a9b72b3d193a3b620d4,WARM_SAME_SOURCE,FRESH_EXACT_SOLVE_WITH_INTERNAL_CHECKS_EXCLUDES_EXTERNAL_VERIFICATION,16,512,4,16,18,29439616,262144,d5207e6b84fbabee961e83f3860a3bacaca585acd736c092903cacdfff692450,NUMPY_BATCHED_INVERSE_NTT_INTEGER_CRT,1,COMPLETE,OBSERVED_PATTERN,True,,,,,,259581440,0.00041001196950674057,0.13652379403356463,0.600221757,0.286559474,0.006262777023948729,0.025055924976051268,0.008422728045843542,0.918435537,,0.0,ba5c37fb764b9e2dddda955b8ac368f2f2390707829a922e54b01d925aa32a81,"{""N"": 89, ""source_family"": ""N96_INDUCED_TRANSITION_LADDER_V1"", ""graph_hash"": ""3d0509bb1bd883dcf90392f4fdd79848ab77ca0aade9735cf1f78b7b692fd37d"", ""source_hash"": ""25d1fca40ca926b462c3f7e1e1d48d0e7a43c906cf0b2423703ee6d20c036175"", ""edges"": 205, ""degree_min"": 2, ""degree_max"": 5, ""degree_mean"": 4.606741573033708, ""degree_std"": 0.611095489478074, ""components"": 1, ""component_sizes"": [89], ""max_component"": 89, ""local_assignments"": 618970019642690137449562112, ""minfill_width"": 26, ""minfill_work"": 291639163, ""minfill_order"": [60, 0, 20, 41, 15, 50, 16, 34, 82, 24, 3, 12, 25, 33, 39, 48, 51, 59, 67, 85, 47, 68, 77, 11, 55, 56, 63, 78, 32, 7, 9, 38, 37, 69, 61, 42, 64, 27, 17, 2, 80, 66, 10, 73, 52, 1, 22, 6, 21, 81, 65, 43, 62, 76, 86, 57, 36, 40, 75, 30, 14, 46, 4, 5, 8, 13, 18, 19, 23, 26, 28, 29, 31, 35, 44, 45, 49, 53, 54, 58, 70, 71, 72, 74, 79, 83, 84, 87, 88], ""energy_bound"": 512, ""root_bound"": 1024, ""crt_primes"": 4, ""arithmetic_burden"": 1194554011648, ""coefficient_bound"": ""618970019642690137449562112"", ""coupling_multiplicities"": {""3"": 39, ""-1"": 37, ""-2"": 37, ""1"": 39, ""-3"": 27, ""2"": 26}, ""symmetry"": ""not assumed"", ""degree_signature"": [2, 3, 3, 3, 4, 4, 4, 4, 4, 4, 4, 4, 4, 4, 4, 4, 4, 4, 4, 4, 4, 4, 4, 4, 4, 4, 4, 4, 4, 4, 5, 5, 5, 5, 5, 5, 5, 5, 5, 5, 5, 5, 5, 5, 5, 5, 5, 5, 5, 5, 5, 5, 5, 5, 5, 5, 5, 5, 5, 5, 5, 5, 5, 5, 5, 5, 5, 5, 5, 5, 5, 5, 5, 5, 5, 5, 5, 5, 5, 5, 5, 5, 5, 5, 5, 5, 5, 5, 5]}",20657072,"[62183, 62184, 62185, 62186, 62187, 62188, 62189, 62190, 62191, 62192, 62193, 62194, 62195, 62196]","[144, 160, 144, 160, 160, 144, 144, 144, 128, 144, 144, 144, 144, 144]",WARM_SAME_SOURCE,focused
52280a7bd7458e6416d8c7b4,N089,25d1fca40ca926b462c3f7e1e1d48d0e7a43c906cf0b2423703ee6d20c036175,3d0509bb1bd883dcf90392f4fdd79848ab77ca0aade9735cf1f78b7b692fd37d,N96_INDUCED_TRANSITION_LADDER_V1,f2f991d74dfbb2edf7f4475dcb7d82989de00a71e44bb11d4a6fbb49442577b6,"[0, 1, 2, 3]",6159a5e206142bec103befbfdc6b3f5e55311127dd01853d9e3e001791284878,4c115869a9cb40b60b4d019389f9f6b325fc66b9799cf4aec09b85fe6a4e613f,fresh_min_fill,COOP14_MIG_BRANCH_GROUP,1d2a6f95014703ca171206e42701c52355b89dab08ba0a9b72b3d193a3b620d4,WARM_SAME_SOURCE,FRESH_EXACT_SOLVE_WITH_INTERNAL_CHECKS_EXCLUDES_EXTERNAL_VERIFICATION,16,512,4,16,18,29439616,262144,d5207e6b84fbabee961e83f3860a3bacaca585acd736c092903cacdfff692450,NUMPY_BATCHED_INVERSE_NTT_INTEGER_CRT,2,COMPLETE,OBSERVED_PATTERN,True,,,,,,259581440,0.00041001196950674057,0.13652379403356463,0.49634855,0.28180941,0.006318095023743808,0.02478178097625619,0.008292719954624772,0.809570421,,0.0,ba5c37fb764b9e2dddda955b8ac368f2f2390707829a922e54b01d925aa32a81,"{""N"": 89, ""source_family"": ""N96_INDUCED_TRANSITION_LADDER_V1"", ""graph_hash"": ""3d0509bb1bd883dcf90392f4fdd79848ab77ca0aade9735cf1f78b7b692fd37d"", ""source_hash"": ""25d1fca40ca926b462c3f7e1e1d48d0e7a43c906cf0b2423703ee6d20c036175"", ""edges"": 205, ""degree_min"": 2, ""degree_max"": 5, ""degree_mean"": 4.606741573033708, ""degree_std"": 0.611095489478074, ""components"": 1, ""component_sizes"": [89], ""max_component"": 89, ""local_assignments"": 618970019642690137449562112, ""minfill_width"": 26, ""minfill_work"": 291639163, ""minfill_order"": [60, 0, 20, 41, 15, 50, 16, 34, 82, 24, 3, 12, 25, 33, 39, 48, 51, 59, 67, 85, 47, 68, 77, 11, 55, 56, 63, 78, 32, 7, 9, 38, 37, 69, 61, 42, 64, 27, 17, 2, 80, 66, 10, 73, 52, 1, 22, 6, 21, 81, 65, 43, 62, 76, 86, 57, 36, 40, 75, 30, 14, 46, 4, 5, 8, 13, 18, 19, 23, 26, 28, 29, 31, 35, 44, 45, 49, 53, 54, 58, 70, 71, 72, 74, 79, 83, 84, 87, 88], ""energy_bound"": 512, ""root_bound"": 1024, ""crt_primes"": 4, ""arithmetic_burden"": 1194554011648, ""coefficient_bound"": ""618970019642690137449562112"", ""coupling_multiplicities"": {""3"": 39, ""-1"": 37, ""-2"": 37, ""1"": 39, ""-3"": 27, ""2"": 26}, ""symmetry"": ""not assumed"", ""degree_signature"": [2, 3, 3, 3, 4, 4, 4, 4, 4, 4, 4, 4, 4, 4, 4, 4, 4, 4, 4, 4, 4, 4, 4, 4, 4, 4, 4, 4, 4, 4, 5, 5, 5, 5, 5, 5, 5, 5, 5, 5, 5, 5, 5, 5, 5, 5, 5, 5, 5, 5, 5, 5, 5, 5, 5, 5, 5, 5, 5, 5, 5, 5, 5, 5, 5, 5, 5, 5, 5, 5, 5, 5, 5, 5, 5, 5, 5, 5, 5, 5, 5, 5, 5, 5, 5, 5, 5, 5, 5]}",20657072,"[62183, 62184, 62185, 62186, 62187, 62188, 62189, 62190, 62191, 62192, 62193, 62194, 62195, 62196]","[160, 144, 144, 144, 144, 144, 144, 144, 144, 144, 160, 144, 144, 144]",WARM_SAME_SOURCE,focused
52280a7bd7458e6416d8c7b4,N089,25d1fca40ca926b462c3f7e1e1d48d0e7a43c906cf0b2423703ee6d20c036175,3d0509bb1bd883dcf90392f4fdd79848ab77ca0aade9735cf1f78b7b692fd37d,N96_INDUCED_TRANSITION_LADDER_V1,f2f991d74dfbb2edf7f4475dcb7d82989de00a71e44bb11d4a6fbb49442577b6,"[0, 1, 2, 3]",6159a5e206142bec103befbfdc6b3f5e55311127dd01853d9e3e001791284878,4c115869a9cb40b60b4d019389f9f6b325fc66b9799cf4aec09b85fe6a4e613f,fresh_min_fill,COOP14_MIG_BRANCH_GROUP,1d2a6f95014703ca171206e42701c52355b89dab08ba0a9b72b3d193a3b620d4,WARM_SAME_SOURCE,FRESH_EXACT_SOLVE_WITH_INTERNAL_CHECKS_EXCLUDES_EXTERNAL_VERIFICATION,16,512,4,16,18,29439616,262144,d5207e6b84fbabee961e83f3860a3bacaca585acd736c092903cacdfff692450,NUMPY_BATCHED_INVERSE_NTT_INTEGER_CRT,3,COMPLETE,OBSERVED_PATTERN,True,,,,,,259581440,0.00041001196950674057,0.13652379403356463,0.500189471,0.282549727,0.002577423001639545,0.010062637998360454,0.00827275007031858,0.795512986,,0.0,ba5c37fb764b9e2dddda955b8ac368f2f2390707829a922e54b01d925aa32a81,"{""N"": 89, ""source_family"": ""N96_INDUCED_TRANSITION_LADDER_V1"", ""graph_hash"": ""3d0509bb1bd883dcf90392f4fdd79848ab77ca0aade9735cf1f78b7b692fd37d"", ""source_hash"": ""25d1fca40ca926b462c3f7e1e1d48d0e7a43c906cf0b2423703ee6d20c036175"", ""edges"": 205, ""degree_min"": 2, ""degree_max"": 5, ""degree_mean"": 4.606741573033708, ""degree_std"": 0.611095489478074, ""components"": 1, ""component_sizes"": [89], ""max_component"": 89, ""local_assignments"": 618970019642690137449562112, ""minfill_width"": 26, ""minfill_work"": 291639163, ""minfill_order"": [60, 0, 20, 41, 15, 50, 16, 34, 82, 24, 3, 12, 25, 33, 39, 48, 51, 59, 67, 85, 47, 68, 77, 11, 55, 56, 63, 78, 32, 7, 9, 38, 37, 69, 61, 42, 64, 27, 17, 2, 80, 66, 10, 73, 52, 1, 22, 6, 21, 81, 65, 43, 62, 76, 86, 57, 36, 40, 75, 30, 14, 46, 4, 5, 8, 13, 18, 19, 23, 26, 28, 29, 31, 35, 44, 45, 49, 53, 54, 58, 70, 71, 72, 74, 79, 83, 84, 87, 88], ""energy_bound"": 512, ""root_bound"": 1024, ""crt_primes"": 4, ""arithmetic_burden"": 1194554011648, ""coefficient_bound"": ""618970019642690137449562112"", ""coupling_multiplicities"": {""3"": 39, ""-1"": 37, ""-2"": 37, ""1"": 39, ""-3"": 27, ""2"": 26}, ""symmetry"": ""not assumed"", ""degree_signature"": [2, 3, 3, 3, 4, 4, 4, 4, 4, 4, 4, 4, 4, 4, 4, 4, 4, 4, 4, 4, 4, 4, 4, 4, 4, 4, 4, 4, 4, 4, 5, 5, 5, 5, 5, 5, 5, 5, 5, 5, 5, 5, 5, 5, 5, 5, 5, 5, 5, 5, 5, 5, 5, 5, 5, 5, 5, 5, 5, 5, 5, 5, 5, 5, 5, 5, 5, 5, 5, 5, 5, 5, 5, 5, 5, 5, 5, 5, 5, 5, 5, 5, 5, 5, 5, 5, 5, 5, 5]}",20657072,"[62183, 62184, 62185, 62186, 62187, 62188, 62189, 62190, 62191, 62192, 62193, 62194, 62195, 62196]","[144, 144, 144, 144, 160, 144, 144, 144, 144, 144, 160, 144, 144, 144]",WARM_SAME_SOURCE,focused
8008b5b1dd6c93348a177af9,N061,1db6679f0fa4c024634fd2ed228cfbbbda206e5c94706b1f6c4a2be280c8a3b5,3bb6cb0976ac1c01c7602fa75a6012faf87e984837d08fa85a876f0bc8fe579c,N96_INDUCED_TRANSITION_LADDER_V1,f2f991d74dfbb2edf7f4475dcb7d82989de00a71e44bb11d4a6fbb49442577b6,"[0, 1, 2, 3]",938be7024bb38c642d256672ccd941426e49937b52d58362e9412fb698476829,,variable_elimination,LOCAL_FLINT_CPU,LOCAL_SINGLE_COORDINATOR_FLINT_CPU,WARM_NEW_SOURCE,FRESH_EXACT_SOLVE_WITH_INTERNAL_CHECKS_EXCLUDES_EXTERNAL_VERIFICATION,0,0,0,1,11,7327,2048,d5207e6b84fbabee961e83f3860a3bacaca585acd736c092903cacdfff692450,FLINT_EXACT_POLYNOMIAL,0,COMPLETE,OBSERVED_PATTERN,True,66864,0,0,CPU exact route includes its native polynomial readout/count checks; independently timed external verification excluded; no subprocess startup,deterministic retained-port-aware elimination or explicit component enumeration,,0.0051773060113191605,0.0,0.0,0.0,,0.0,0.0025611239252611995,0.1525854340288788,0.1525854340288788,0.0,c6a5e140aa8e499a574cfdc3b816ac6be8c2686ea26c7eb7cecab10473f699b8,"{""N"": 61, ""source_family"": ""N96_INDUCED_TRANSITION_LADDER_V1"", ""graph_hash"": ""3bb6cb0976ac1c01c7602fa75a6012faf87e984837d08fa85a876f0bc8fe579c"", ""source_hash"": ""1db6679f0fa4c024634fd2ed228cfbbbda206e5c94706b1f6c4a2be280c8a3b5"", ""edges"": 93, ""degree_min"": 0, ""degree_max"": 5, ""degree_mean"": 3.0491803278688523, ""degree_std"": 1.015070529863129, ""components"": 2, ""component_sizes"": [1, 60], ""max_component"": 60, ""local_assignments"": 1152921504606846978, ""minfill_width"": 10, ""minfill_work"": 4050, ""minfill_order"": [25, 31, 1, 11, 12, 28, 29, 32, 34, 37, 39, 42, 43, 48, 50, 52, 55, 60, 13, 15, 20, 36, 0, 6, 17, 18, 21, 22, 27, 41, 46, 59, 8, 54, 58, 23, 45, 51, 7, 9, 35, 5, 26, 10, 44, 24, 56, 40, 47, 2, 3, 4, 14, 16, 19, 30, 33, 38, 49, 53, 57], ""energy_bound"": 251, ""root_bound"": 256, ""crt_primes"": 3, ""arithmetic_burden"": 3110400, ""coefficient_bound"": ""2305843009213693952"", ""coupling_multiplicities"": {""3"": 21, ""-1"": 19, ""-2"": 18, ""1"": 16, ""-3"": 5, ""2"": 14}, ""symmetry"": ""not assumed"", ""degree_signature"": [0, 1, 2, 2, 2, 2, 2, 2, 2, 2, 2, 2, 2, 2, 2, 2, 2, 2, 3, 3, 3, 3, 3, 3, 3, 3, 3, 3, 3, 3, 3, 3, 3, 3, 3, 3, 3, 3, 3, 3, 3, 3, 4, 4, 4, 4, 4, 4, 4, 4, 4, 4, 4, 4, 4, 4, 5, 5, 5, 5, 5]}",,,,,
8008b5b1dd6c93348a177af9,N061,1db6679f0fa4c024634fd2ed228cfbbbda206e5c94706b1f6c4a2be280c8a3b5,3bb6cb0976ac1c01c7602fa75a6012faf87e984837d08fa85a876f0bc8fe579c,N96_INDUCED_TRANSITION_LADDER_V1,f2f991d74dfbb2edf7f4475dcb7d82989de00a71e44bb11d4a6fbb49442577b6,"[0, 1, 2, 3]",938be7024bb38c642d256672ccd941426e49937b52d58362e9412fb698476829,,variable_elimination,LOCAL_FLINT_CPU,LOCAL_SINGLE_COORDINATOR_FLINT_CPU,WARM_SAME_SOURCE,FRESH_EXACT_SOLVE_WITH_INTERNAL_CHECKS_EXCLUDES_EXTERNAL_VERIFICATION,0,0,0,1,11,7327,2048,d5207e6b84fbabee961e83f3860a3bacaca585acd736c092903cacdfff692450,FLINT_EXACT_POLYNOMIAL,1,COMPLETE,OBSERVED_PATTERN,True,66864,0,0,CPU exact route includes its native polynomial readout/count checks; independently timed external verification excluded; no subprocess startup,deterministic retained-port-aware elimination or explicit component enumeration,,0.0051773060113191605,0.0,0.0,0.0,,0.0,0.00238833692856133,0.11649943701922894,0.11649943701922894,0.0,c6a5e140aa8e499a574cfdc3b816ac6be8c2686ea26c7eb7cecab10473f699b8,"{""N"": 61, ""source_family"": ""N96_INDUCED_TRANSITION_LADDER_V1"", ""graph_hash"": ""3bb6cb0976ac1c01c7602fa75a6012faf87e984837d08fa85a876f0bc8fe579c"", ""source_hash"": ""1db6679f0fa4c024634fd2ed228cfbbbda206e5c94706b1f6c4a2be280c8a3b5"", ""edges"": 93, ""degree_min"": 0, ""degree_max"": 5, ""degree_mean"": 3.0491803278688523, ""degree_std"": 1.015070529863129, ""components"": 2, ""component_sizes"": [1, 60], ""max_component"": 60, ""local_assignments"": 1152921504606846978, ""minfill_width"": 10, ""minfill_work"": 4050, ""minfill_order"": [25, 31, 1, 11, 12, 28, 29, 32, 34, 37, 39, 42, 43, 48, 50, 52, 55, 60, 13, 15, 20, 36, 0, 6, 17, 18, 21, 22, 27, 41, 46, 59, 8, 54, 58, 23, 45, 51, 7, 9, 35, 5, 26, 10, 44, 24, 56, 40, 47, 2, 3, 4, 14, 16, 19, 30, 33, 38, 49, 53, 57], ""energy_bound"": 251, ""root_bound"": 256, ""crt_primes"": 3, ""arithmetic_burden"": 3110400, ""coefficient_bound"": ""2305843009213693952"", ""coupling_multiplicities"": {""3"": 21, ""-1"": 19, ""-2"": 18, ""1"": 16, ""-3"": 5, ""2"": 14}, ""symmetry"": ""not assumed"", ""degree_signature"": [0, 1, 2, 2, 2, 2, 2, 2, 2, 2, 2, 2, 2, 2, 2, 2, 2, 2, 3, 3, 3, 3, 3, 3, 3, 3, 3, 3, 3, 3, 3, 3, 3, 3, 3, 3, 3, 3, 3, 3, 3, 3, 4, 4, 4, 4, 4, 4, 4, 4, 4, 4, 4, 4, 4, 4, 5, 5, 5, 5, 5]}",,,,,
8008b5b1dd6c93348a177af9,N061,1db6679f0fa4c024634fd2ed228cfbbbda206e5c94706b1f6c4a2be280c8a3b5,3bb6cb0976ac1c01c7602fa75a6012faf87e984837d08fa85a876f0bc8fe579c,N96_INDUCED_TRANSITION_LADDER_V1,f2f991d74dfbb2edf7f4475dcb7d82989de00a71e44bb11d4a6fbb49442577b6,"[0, 1, 2, 3]",938be7024bb38c642d256672ccd941426e49937b52d58362e9412fb698476829,,variable_elimination,LOCAL_FLINT_CPU,LOCAL_SINGLE_COORDINATOR_FLINT_CPU,WARM_SAME_SOURCE,FRESH_EXACT_SOLVE_WITH_INTERNAL_CHECKS_EXCLUDES_EXTERNAL_VERIFICATION,0,0,0,1,11,7327,2048,d5207e6b84fbabee961e83f3860a3bacaca585acd736c092903cacdfff692450,FLINT_EXACT_POLYNOMIAL,2,COMPLETE,OBSERVED_PATTERN,True,66864,0,0,CPU exact route includes its native polynomial readout/count checks; independently timed external verification excluded; no subprocess startup,deterministic retained-port-aware elimination or explicit component enumeration,,0.0051773060113191605,0.0,0.0,0.0,,0.0,0.0023931560572236776,0.11590671900194138,0.11590671900194138,0.0,c6a5e140aa8e499a574cfdc3b816ac6be8c2686ea26c7eb7cecab10473f699b8,"{""N"": 61, ""source_family"": ""N96_INDUCED_TRANSITION_LADDER_V1"", ""graph_hash"": ""3bb6cb0976ac1c01c7602fa75a6012faf87e984837d08fa85a876f0bc8fe579c"", ""source_hash"": ""1db6679f0fa4c024634fd2ed228cfbbbda206e5c94706b1f6c4a2be280c8a3b5"", ""edges"": 93, ""degree_min"": 0, ""degree_max"": 5, ""degree_mean"": 3.0491803278688523, ""degree_std"": 1.015070529863129, ""components"": 2, ""component_sizes"": [1, 60], ""max_component"": 60, ""local_assignments"": 1152921504606846978, ""minfill_width"": 10, ""minfill_work"": 4050, ""minfill_order"": [25, 31, 1, 11, 12, 28, 29, 32, 34, 37, 39, 42, 43, 48, 50, 52, 55, 60, 13, 15, 20, 36, 0, 6, 17, 18, 21, 22, 27, 41, 46, 59, 8, 54, 58, 23, 45, 51, 7, 9, 35, 5, 26, 10, 44, 24, 56, 40, 47, 2, 3, 4, 14, 16, 19, 30, 33, 38, 49, 53, 57], ""energy_bound"": 251, ""root_bound"": 256, ""crt_primes"": 3, ""arithmetic_burden"": 3110400, ""coefficient_bound"": ""2305843009213693952"", ""coupling_multiplicities"": {""3"": 21, ""-1"": 19, ""-2"": 18, ""1"": 16, ""-3"": 5, ""2"": 14}, ""symmetry"": ""not assumed"", ""degree_signature"": [0, 1, 2, 2, 2, 2, 2, 2, 2, 2, 2, 2, 2, 2, 2, 2, 2, 2, 3, 3, 3, 3, 3, 3, 3, 3, 3, 3, 3, 3, 3, 3, 3, 3, 3, 3, 3, 3, 3, 3, 3, 3, 4, 4, 4, 4, 4, 4, 4, 4, 4, 4, 4, 4, 4, 4, 5, 5, 5, 5, 5]}",,,,,
66320ca6b1d8f1f904850b51,N001,a491b793e84c1e1b274a7012e3d86241c5344fabe6412f3ea99ebfd03ac603cf,0331dad0a9029b132d63bb9b1ddede5947c48855519a04db93b24baeb1dc6278,N96_INDUCED_TRANSITION_LADDER_V1,d0bca111f8628137adc4c16f123496dcdd1d590d06cb5d9acd68b39fe656fb97,[0],0476798373bf8bfcc1ed6a063e495a24bf1837f5b29529a2daa820cef02dd453,,variable_elimination,LOCAL_FLINT_CPU,LOCAL_SINGLE_COORDINATOR_FLINT_CPU,WARM_NEW_SOURCE,FRESH_EXACT_SOLVE_WITH_INTERNAL_CHECKS_EXCLUDES_EXTERNAL_VERIFICATION,0,0,0,1,0,0,1,d5207e6b84fbabee961e83f3860a3bacaca585acd736c092903cacdfff692450,FLINT_EXACT_POLYNOMIAL,0,COMPLETE,OBSERVED_PATTERN,True,2,0,0,CPU exact route includes its native polynomial readout/count checks; independently timed external verification excluded; no subprocess startup,deterministic retained-port-aware elimination or explicit component enumeration,,2.110004425048828e-05,0.0,0.0,0.0,,0.0,7.448799442499876e-05,0.00032889400608837605,0.00032889400608837605,0.0,4b81bcd82c3830903efe203e7489be4d519644e8a1ac74fe73cf3b59feba61fb,"{""N"": 1, ""source_family"": ""N96_INDUCED_TRANSITION_LADDER_V1"", ""graph_hash"": ""0331dad0a9029b132d63bb9b1ddede5947c48855519a04db93b24baeb1dc6278"", ""source_hash"": ""a491b793e84c1e1b274a7012e3d86241c5344fabe6412f3ea99ebfd03ac603cf"", ""edges"": 0, ""degree_min"": 0, ""degree_max"": 0, ""degree_mean"": 0, ""degree_std"": 0.0, ""components"": 1, ""component_sizes"": [1], ""max_component"": 1, ""local_assignments"": 2, ""minfill_width"": 0, ""minfill_work"": 1, ""minfill_order"": [0], ""energy_bound"": 1, ""root_bound"": 2, ""crt_primes"": 1, ""arithmetic_burden"": 2, ""coefficient_bound"": ""2"", ""coupling_multiplicities"": {}, ""symmetry"": ""not assumed"", ""degree_signature"": [0]}",,,,,
66320ca6b1d8f1f904850b51,N001,a491b793e84c1e1b274a7012e3d86241c5344fabe6412f3ea99ebfd03ac603cf,0331dad0a9029b132d63bb9b1ddede5947c48855519a04db93b24baeb1dc6278,N96_INDUCED_TRANSITION_LADDER_V1,d0bca111f8628137adc4c16f123496dcdd1d590d06cb5d9acd68b39fe656fb97,[0],33a459c0ec3a3cb01ffad11d0c12fdb726c6c4e258b373d70bab79ba8ffbf902,,components,LOCAL_FLINT_CPU,LOCAL_SINGLE_COORDINATOR_FLINT_CPU,WARM_NEW_SOURCE,FRESH_EXACT_SOLVE_WITH_INTERNAL_CHECKS_EXCLUDES_EXTERNAL_VERIFICATION,0,0,0,1,0,2,1,d5207e6b84fbabee961e83f3860a3bacaca585acd736c092903cacdfff692450,FLINT_EXACT_POLYNOMIAL,0,COMPLETE,OBSERVED_PATTERN,True,4,0,0,CPU exact route includes its native polynomial readout/count checks; independently timed external verification excluded; no subprocess startup,deterministic retained-port-aware elimination or explicit component enumeration,,2.110004425048828e-05,0.0,0.0,0.0,,0.0,6.311899051070213e-05,0.0002969340421259403,0.0002969340421259403,0.0,4b81bcd82c3830903efe203e7489be4d519644e8a1ac74fe73cf3b59feba61fb,"{""N"": 1, ""source_family"": ""N96_INDUCED_TRANSITION_LADDER_V1"", ""graph_hash"": ""0331dad0a9029b132d63bb9b1ddede5947c48855519a04db93b24baeb1dc6278"", ""source_hash"": ""a491b793e84c1e1b274a7012e3d86241c5344fabe6412f3ea99ebfd03ac603cf"", ""edges"": 0, ""degree_min"": 0, ""degree_max"": 0, ""degree_mean"": 0, ""degree_std"": 0.0, ""components"": 1, ""component_sizes"": [1], ""max_component"": 1, ""local_assignments"": 2, ""minfill_width"": 0, ""minfill_work"": 1, ""minfill_order"": [0], ""energy_bound"": 1, ""root_bound"": 2, ""crt_primes"": 1, ""arithmetic_burden"": 2, ""coefficient_bound"": ""2"", ""coupling_multiplicities"": {}, ""symmetry"": ""not assumed"", ""degree_signature"": [0]}",,,,,
66320ca6b1d8f1f904850b51,N001,a491b793e84c1e1b274a7012e3d86241c5344fabe6412f3ea99ebfd03ac603cf,0331dad0a9029b132d63bb9b1ddede5947c48855519a04db93b24baeb1dc6278,N96_INDUCED_TRANSITION_LADDER_V1,d0bca111f8628137adc4c16f123496dcdd1d590d06cb5d9acd68b39fe656fb97,[0],33a459c0ec3a3cb01ffad11d0c12fdb726c6c4e258b373d70bab79ba8ffbf902,,components,LOCAL_FLINT_CPU,LOCAL_SINGLE_COORDINATOR_FLINT_CPU,WARM_SAME_SOURCE,FRESH_EXACT_SOLVE_WITH_INTERNAL_CHECKS_EXCLUDES_EXTERNAL_VERIFICATION,0,0,0,1,0,2,1,d5207e6b84fbabee961e83f3860a3bacaca585acd736c092903cacdfff692450,FLINT_EXACT_POLYNOMIAL,1,COMPLETE,OBSERVED_PATTERN,True,4,0,0,CPU exact route includes its native polynomial readout/count checks; independently timed external verification excluded; no subprocess startup,deterministic retained-port-aware elimination or explicit component enumeration,,2.110004425048828e-05,0.0,0.0,0.0,,0.0,6.107904482632875e-05,0.00024890503846108913,0.00024890503846108913,0.0,4b81bcd82c3830903efe203e7489be4d519644e8a1ac74fe73cf3b59feba61fb,"{""N"": 1, ""source_family"": ""N96_INDUCED_TRANSITION_LADDER_V1"", ""graph_hash"": ""0331dad0a9029b132d63bb9b1ddede5947c48855519a04db93b24baeb1dc6278"", ""source_hash"": ""a491b793e84c1e1b274a7012e3d86241c5344fabe6412f3ea99ebfd03ac603cf"", ""edges"": 0, ""degree_min"": 0, ""degree_max"": 0, ""degree_mean"": 0, ""degree_std"": 0.0, ""components"": 1, ""component_sizes"": [1], ""max_component"": 1, ""local_assignments"": 2, ""minfill_width"": 0, ""minfill_work"": 1, ""minfill_order"": [0], ""energy_bound"": 1, ""root_bound"": 2, ""crt_primes"": 1, ""arithmetic_burden"": 2, ""coefficient_bound"": ""2"", ""coupling_multiplicities"": {}, ""symmetry"": ""not assumed"", ""degree_signature"": [0]}",,,,,
66320ca6b1d8f1f904850b51,N001,a491b793e84c1e1b274a7012e3d86241c5344fabe6412f3ea99ebfd03ac603cf,0331dad0a9029b132d63bb9b1ddede5947c48855519a04db93b24baeb1dc6278,N96_INDUCED_TRANSITION_LADDER_V1,d0bca111f8628137adc4c16f123496dcdd1d590d06cb5d9acd68b39fe656fb97,[0],0476798373bf8bfcc1ed6a063e495a24bf1837f5b29529a2daa820cef02dd453,,variable_elimination,LOCAL_FLINT_CPU,LOCAL_SINGLE_COORDINATOR_FLINT_CPU,WARM_SAME_SOURCE,FRESH_EXACT_SOLVE_WITH_INTERNAL_CHECKS_EXCLUDES_EXTERNAL_VERIFICATION,0,0,0,1,0,0,1,d5207e6b84fbabee961e83f3860a3bacaca585acd736c092903cacdfff692450,FLINT_EXACT_POLYNOMIAL,1,COMPLETE,OBSERVED_PATTERN,True,2,0,0,CPU exact route includes its native polynomial readout/count checks; independently timed external verification excluded; no subprocess startup,deterministic retained-port-aware elimination or explicit component enumeration,,2.110004425048828e-05,0.0,0.0,0.0,,0.0,5.824898835271597e-05,0.0002577850827947259,0.0002577850827947259,0.0,4b81bcd82c3830903efe203e7489be4d519644e8a1ac74fe73cf3b59feba61fb,"{""N"": 1, ""source_family"": ""N96_INDUCED_TRANSITION_LADDER_V1"", ""graph_hash"": ""0331dad0a9029b132d63bb9b1ddede5947c48855519a04db93b24baeb1dc6278"", ""source_hash"": ""a491b793e84c1e1b274a7012e3d86241c5344fabe6412f3ea99ebfd03ac603cf"", ""edges"": 0, ""degree_min"": 0, ""degree_max"": 0, ""degree_mean"": 0, ""degree_std"": 0.0, ""components"": 1, ""component_sizes"": [1], ""max_component"": 1, ""local_assignments"": 2, ""minfill_width"": 0, ""minfill_work"": 1, ""minfill_order"": [0], ""energy_bound"": 1, ""root_bound"": 2, ""crt_primes"": 1, ""arithmetic_burden"": 2, ""coefficient_bound"": ""2"", ""coupling_multiplicities"": {}, ""symmetry"": ""not assumed"", ""degree_signature"": [0]}",,,,,
66320ca6b1d8f1f904850b51,N001,a491b793e84c1e1b274a7012e3d86241c5344fabe6412f3ea99ebfd03ac603cf,0331dad0a9029b132d63bb9b1ddede5947c48855519a04db93b24baeb1dc6278,N96_INDUCED_TRANSITION_LADDER_V1,d0bca111f8628137adc4c16f123496dcdd1d590d06cb5d9acd68b39fe656fb97,[0],0476798373bf8bfcc1ed6a063e495a24bf1837f5b29529a2daa820cef02dd453,,variable_elimination,LOCAL_FLINT_CPU,LOCAL_SINGLE_COORDINATOR_FLINT_CPU,WARM_SAME_SOURCE,FRESH_EXACT_SOLVE_WITH_INTERNAL_CHECKS_EXCLUDES_EXTERNAL_VERIFICATION,0,0,0,1,0,0,1,d5207e6b84fbabee961e83f3860a3bacaca585acd736c092903cacdfff692450,FLINT_EXACT_POLYNOMIAL,2,COMPLETE,OBSERVED_PATTERN,True,2,0,0,CPU exact route includes its native polynomial readout/count checks; independently timed external verification excluded; no subprocess startup,deterministic retained-port-aware elimination or explicit component enumeration,,2.110004425048828e-05,0.0,0.0,0.0,,0.0,5.7838973589241505e-05,0.0002681849291548133,0.0002681849291548133,0.0,4b81bcd82c3830903efe203e7489be4d519644e8a1ac74fe73cf3b59feba61fb,"{""N"": 1, ""source_family"": ""N96_INDUCED_TRANSITION_LADDER_V1"", ""graph_hash"": ""0331dad0a9029b132d63bb9b1ddede5947c48855519a04db93b24baeb1dc6278"", ""source_hash"": ""a491b793e84c1e1b274a7012e3d86241c5344fabe6412f3ea99ebfd03ac603cf"", ""edges"": 0, ""degree_min"": 0, ""degree_max"": 0, ""degree_mean"": 0, ""degree_std"": 0.0, ""components"": 1, ""component_sizes"": [1], ""max_component"": 1, ""local_assignments"": 2, ""minfill_width"": 0, ""minfill_work"": 1, ""minfill_order"": [0], ""energy_bound"": 1, ""root_bound"": 2, ""crt_primes"": 1, ""arithmetic_burden"": 2, ""coefficient_bound"": ""2"", ""coupling_multiplicities"": {}, ""symmetry"": ""not assumed"", ""degree_signature"": [0]}",,,,,
66320ca6b1d8f1f904850b51,N001,a491b793e84c1e1b274a7012e3d86241c5344fabe6412f3ea99ebfd03ac603cf,0331dad0a9029b132d63bb9b1ddede5947c48855519a04db93b24baeb1dc6278,N96_INDUCED_TRANSITION_LADDER_V1,d0bca111f8628137adc4c16f123496dcdd1d590d06cb5d9acd68b39fe656fb97,[0],33a459c0ec3a3cb01ffad11d0c12fdb726c6c4e258b373d70bab79ba8ffbf902,,components,LOCAL_FLINT_CPU,LOCAL_SINGLE_COORDINATOR_FLINT_CPU,WARM_SAME_SOURCE,FRESH_EXACT_SOLVE_WITH_INTERNAL_CHECKS_EXCLUDES_EXTERNAL_VERIFICATION,0,0,0,1,0,2,1,d5207e6b84fbabee961e83f3860a3bacaca585acd736c092903cacdfff692450,FLINT_EXACT_POLYNOMIAL,2,COMPLETE,OBSERVED_PATTERN,True,4,0,0,CPU exact route includes its native polynomial readout/count checks; independently timed external verification excluded; no subprocess startup,deterministic retained-port-aware elimination or explicit component enumeration,,2.110004425048828e-05,0.0,0.0,0.0,,0.0,0.00032232492230832577,0.0002423049882054329,0.0002423049882054329,0.0,4b81bcd82c3830903efe203e7489be4d519644e8a1ac74fe73cf3b59feba61fb,"{""N"": 1, ""source_family"": ""N96_INDUCED_TRANSITION_LADDER_V1"", ""graph_hash"": ""0331dad0a9029b132d63bb9b1ddede5947c48855519a04db93b24baeb1dc6278"", ""source_hash"": ""a491b793e84c1e1b274a7012e3d86241c5344fabe6412f3ea99ebfd03ac603cf"", ""edges"": 0, ""degree_min"": 0, ""degree_max"": 0, ""degree_mean"": 0, ""degree_std"": 0.0, ""components"": 1, ""component_sizes"": [1], ""max_component"": 1, ""local_assignments"": 2, ""minfill_width"": 0, ""minfill_work"": 1, ""minfill_order"": [0], ""energy_bound"": 1, ""root_bound"": 2, ""crt_primes"": 1, ""arithmetic_burden"": 2, ""coefficient_bound"": ""2"", ""coupling_multiplicities"": {}, ""symmetry"": ""not assumed"", ""degree_signature"": [0]}",,,,,
549d34c0733f80c42aba1b6c,N073,02922ed789f3cf7343cc634dd12ca12989dc36bffae5cc0fd62d872fae23be5a,aed7d0658e1b802fab81f273c2767e0da29b8a233368b3a3aa399d6f364db3aa,N96_INDUCED_TRANSITION_LADDER_V1,f2f991d74dfbb2edf7f4475dcb7d82989de00a71e44bb11d4a6fbb49442577b6,"[0, 1, 2, 3]",7bc045af1830d83ccd63e2a95e6f7cea6b9bf86eec82977b41a9272f459a59db,a6281945e8be8be8720bd9ef749fbe210846ea020ae2c22e3ef14cfb8c59cfbb,tie_portfolio,COOP14_MIG_BRANCH_GROUP,1d2a6f95014703ca171206e42701c52355b89dab08ba0a9b72b3d193a3b620d4,WARM_SAME_SOURCE,FRESH_EXACT_SOLVE_WITH_INTERNAL_CHECKS_EXCLUDES_EXTERNAL_VERIFICATION,16,512,3,1,13,58454,8192,d5207e6b84fbabee961e83f3860a3bacaca585acd736c092903cacdfff692450,NUMPY_BATCHED_INVERSE_NTT_INTEGER_CRT,1,COMPLETE,OBSERVED_PATTERN,True,,,,,,28994560,0.0003527440130710602,0.018502074060961604,0.07228231,0.024679432,0.0048386710695922375,0.013864909930407763,0.006125268992036581,0.11580717,,0.0,ecf235ee257d026c647e4353a75eba367d0dab58ce80088896b08a6e59da881e,"{""N"": 73, ""source_family"": ""N96_INDUCED_TRANSITION_LADDER_V1"", ""graph_hash"": ""aed7d0658e1b802fab81f273c2767e0da29b8a233368b3a3aa399d6f364db3aa"", ""source_hash"": ""02922ed789f3cf7343cc634dd12ca12989dc36bffae5cc0fd62d872fae23be5a"", ""edges"": 137, ""degree_min"": 1, ""degree_max"": 5, ""degree_mean"": 3.7534246575342465, ""degree_std"": 0.9331170611466522, ""components"": 1, ""component_sizes"": [73], ""max_component"": 73, ""local_assignments"": 9444732965739290427392, ""minfill_width"": 14, ""minfill_work"": 71541, ""minfill_order"": [25, 11, 62, 60, 15, 20, 29, 0, 3, 6, 24, 27, 31, 32, 34, 37, 38, 39, 52, 41, 42, 43, 64, 55, 59, 68, 8, 50, 28, 33, 47, 69, 7, 45, 48, 67, 12, 19, 70, 1, 51, 58, 61, 4, 46, 23, 63, 16, 65, 9, 10, 5, 26, 2, 14, 30, 54, 44, 13, 17, 18, 21, 22, 35, 36, 40, 49, 53, 56, 57, 66, 71, 72], ""energy_bound"": 358, ""root_bound"": 512, ""crt_primes"": 3, ""arithmetic_burden"": 109886976, ""coefficient_bound"": ""9444732965739290427392"", ""coupling_multiplicities"": {""3"": 30, ""-1"": 25, ""-2"": 23, ""1"": 26, ""-3"": 16, ""2"": 17}, ""symmetry"": ""not assumed"", ""degree_signature"": [1, 2, 2, 2, 3, 3, 3, 3, 3, 3, 3, 3, 3, 3, 3, 3, 3, 3, 3, 3, 3, 3, 3, 3, 3, 3, 3, 3, 3, 3, 3, 3, 4, 4, 4, 4, 4, 4, 4, 4, 4, 4, 4, 4, 4, 4, 4, 4, 4, 4, 4, 4, 4, 4, 5, 5, 5, 5, 5, 5, 5, 5, 5, 5, 5, 5, 5, 5, 5, 5, 5, 5, 5]}",685168,"[62183, 62184, 62185, 62186, 62187, 62188, 62189, 62190, 62191, 62192, 62193, 62194, 62195, 62196]","[112, 96, 112, 112, 112, 80, 96, 112, 176, 96, 160, 80, 96, 96]",WARM_SAME_SOURCE,focused
549d34c0733f80c42aba1b6c,N073,02922ed789f3cf7343cc634dd12ca12989dc36bffae5cc0fd62d872fae23be5a,aed7d0658e1b802fab81f273c2767e0da29b8a233368b3a3aa399d6f364db3aa,N96_INDUCED_TRANSITION_LADDER_V1,f2f991d74dfbb2edf7f4475dcb7d82989de00a71e44bb11d4a6fbb49442577b6,"[0, 1, 2, 3]",7bc045af1830d83ccd63e2a95e6f7cea6b9bf86eec82977b41a9272f459a59db,a6281945e8be8be8720bd9ef749fbe210846ea020ae2c22e3ef14cfb8c59cfbb,tie_portfolio,COOP14_MIG_BRANCH_GROUP,1d2a6f95014703ca171206e42701c52355b89dab08ba0a9b72b3d193a3b620d4,WARM_SAME_SOURCE,FRESH_EXACT_SOLVE_WITH_INTERNAL_CHECKS_EXCLUDES_EXTERNAL_VERIFICATION,16,512,3,1,13,58454,8192,d5207e6b84fbabee961e83f3860a3bacaca585acd736c092903cacdfff692450,NUMPY_BATCHED_INVERSE_NTT_INTEGER_CRT,2,COMPLETE,OBSERVED_PATTERN,True,,,,,,28994560,0.0003527440130710602,0.018502074060961604,0.113537281,0.023784029,0.004778504022397101,0.0366901339776029,0.0054062019335106015,0.178871826,,0.0,ecf235ee257d026c647e4353a75eba367d0dab58ce80088896b08a6e59da881e,"{""N"": 73, ""source_family"": ""N96_INDUCED_TRANSITION_LADDER_V1"", ""graph_hash"": ""aed7d0658e1b802fab81f273c2767e0da29b8a233368b3a3aa399d6f364db3aa"", ""source_hash"": ""02922ed789f3cf7343cc634dd12ca12989dc36bffae5cc0fd62d872fae23be5a"", ""edges"": 137, ""degree_min"": 1, ""degree_max"": 5, ""degree_mean"": 3.7534246575342465, ""degree_std"": 0.9331170611466522, ""components"": 1, ""component_sizes"": [73], ""max_component"": 73, ""local_assignments"": 9444732965739290427392, ""minfill_width"": 14, ""minfill_work"": 71541, ""minfill_order"": [25, 11, 62, 60, 15, 20, 29, 0, 3, 6, 24, 27, 31, 32, 34, 37, 38, 39, 52, 41, 42, 43, 64, 55, 59, 68, 8, 50, 28, 33, 47, 69, 7, 45, 48, 67, 12, 19, 70, 1, 51, 58, 61, 4, 46, 23, 63, 16, 65, 9, 10, 5, 26, 2, 14, 30, 54, 44, 13, 17, 18, 21, 22, 35, 36, 40, 49, 53, 56, 57, 66, 71, 72], ""energy_bound"": 358, ""root_bound"": 512, ""crt_primes"": 3, ""arithmetic_burden"": 109886976, ""coefficient_bound"": ""9444732965739290427392"", ""coupling_multiplicities"": {""3"": 30, ""-1"": 25, ""-2"": 23, ""1"": 26, ""-3"": 16, ""2"": 17}, ""symmetry"": ""not assumed"", ""degree_signature"": [1, 2, 2, 2, 3, 3, 3, 3, 3, 3, 3, 3, 3, 3, 3, 3, 3, 3, 3, 3, 3, 3, 3, 3, 3, 3, 3, 3, 3, 3, 3, 3, 4, 4, 4, 4, 4, 4, 4, 4, 4, 4, 4, 4, 4, 4, 4, 4, 4, 4, 4, 4, 4, 4, 5, 5, 5, 5, 5, 5, 5, 5, 5, 5, 5, 5, 5, 5, 5, 5, 5, 5, 5]}",685168,"[62183, 62184, 62185, 62186, 62187, 62188, 62189, 62190, 62191, 62192, 62193, 62194, 62195, 62196]","[96, 96, 96, 144, 96, 96, 96, 112, 96, 144, 144, 96, 128, 96]",WARM_SAME_SOURCE,focused
549d34c0733f80c42aba1b6c,N073,02922ed789f3cf7343cc634dd12ca12989dc36bffae5cc0fd62d872fae23be5a,aed7d0658e1b802fab81f273c2767e0da29b8a233368b3a3aa399d6f364db3aa,N96_INDUCED_TRANSITION_LADDER_V1,f2f991d74dfbb2edf7f4475dcb7d82989de00a71e44bb11d4a6fbb49442577b6,"[0, 1, 2, 3]",7bc045af1830d83ccd63e2a95e6f7cea6b9bf86eec82977b41a9272f459a59db,a6281945e8be8be8720bd9ef749fbe210846ea020ae2c22e3ef14cfb8c59cfbb,tie_portfolio,COOP14_MIG_BRANCH_GROUP,1d2a6f95014703ca171206e42701c52355b89dab08ba0a9b72b3d193a3b620d4,WARM_SAME_SOURCE,FRESH_EXACT_SOLVE_WITH_INTERNAL_CHECKS_EXCLUDES_EXTERNAL_VERIFICATION,16,512,3,1,13,58454,8192,d5207e6b84fbabee961e83f3860a3bacaca585acd736c092903cacdfff692450,NUMPY_BATCHED_INVERSE_NTT_INTEGER_CRT,3,COMPLETE,OBSERVED_PATTERN,True,,,,,,28994560,0.0003527440130710602,0.018502074060961604,0.072640702,0.02209863,0.0032065020641312003,0.012900875935868798,0.005893312976695597,0.110983367,,0.0,ecf235ee257d026c647e4353a75eba367d0dab58ce80088896b08a6e59da881e,"{""N"": 73, ""source_family"": ""N96_INDUCED_TRANSITION_LADDER_V1"", ""graph_hash"": ""aed7d0658e1b802fab81f273c2767e0da29b8a233368b3a3aa399d6f364db3aa"", ""source_hash"": ""02922ed789f3cf7343cc634dd12ca12989dc36bffae5cc0fd62d872fae23be5a"", ""edges"": 137, ""degree_min"": 1, ""degree_max"": 5, ""degree_mean"": 3.7534246575342465, ""degree_std"": 0.9331170611466522, ""components"": 1, ""component_sizes"": [73], ""max_component"": 73, ""local_assignments"": 9444732965739290427392, ""minfill_width"": 14, ""minfill_work"": 71541, ""minfill_order"": [25, 11, 62, 60, 15, 20, 29, 0, 3, 6, 24, 27, 31, 32, 34, 37, 38, 39, 52, 41, 42, 43, 64, 55, 59, 68, 8, 50, 28, 33, 47, 69, 7, 45, 48, 67, 12, 19, 70, 1, 51, 58, 61, 4, 46, 23, 63, 16, 65, 9, 10, 5, 26, 2, 14, 30, 54, 44, 13, 17, 18, 21, 22, 35, 36, 40, 49, 53, 56, 57, 66, 71, 72], ""energy_bound"": 358, ""root_bound"": 512, ""crt_primes"": 3, ""arithmetic_burden"": 109886976, ""coefficient_bound"": ""9444732965739290427392"", ""coupling_multiplicities"": {""3"": 30, ""-1"": 25, ""-2"": 23, ""1"": 26, ""-3"": 16, ""2"": 17}, ""symmetry"": ""not assumed"", ""degree_signature"": [1, 2, 2, 2, 3, 3, 3, 3, 3, 3, 3, 3, 3, 3, 3, 3, 3, 3, 3, 3, 3, 3, 3, 3, 3, 3, 3, 3, 3, 3, 3, 3, 4, 4, 4, 4, 4, 4, 4, 4, 4, 4, 4, 4, 4, 4, 4, 4, 4, 4, 4, 4, 4, 4, 5, 5, 5, 5, 5, 5, 5, 5, 5, 5, 5, 5, 5, 5, 5, 5, 5, 5, 5]}",685168,"[62183, 62184, 62185, 62186, 62187, 62188, 62189, 62190, 62191, 62192, 62193, 62194, 62195, 62196]","[80, 112, 112, 112, 80, 80, 192, 96, 112, 176, 96, 80, 96, 112]",WARM_SAME_SOURCE,focused
2093511581517a4caf2dfe94,N062,9f9c7be5ccc783511221060aaedb1206c06dbf858cd3b5d099d484ba7df44d1d,96e80047ca61dd214669a558f30f4c6012d133ce8a91fa1586564a534e4b4f05,N96_INDUCED_TRANSITION_LADDER_V1,f2f991d74dfbb2edf7f4475dcb7d82989de00a71e44bb11d4a6fbb49442577b6,"[0, 1, 2, 3]",a6187ec988bcc20c35e5937d7025bf86593d9e6682a7764a015c619c384b8161,,variable_elimination,LOCAL_FLINT_CPU,LOCAL_SINGLE_COORDINATOR_FLINT_CPU,WARM_NEW_SOURCE,FRESH_EXACT_SOLVE_WITH_INTERNAL_CHECKS_EXCLUDES_EXTERNAL_VERIFICATION,0,0,0,1,11,7539,2048,d5207e6b84fbabee961e83f3860a3bacaca585acd736c092903cacdfff692450,FLINT_EXACT_POLYNOMIAL,0,COMPLETE,OBSERVED_PATTERN,True,69136,0,0,CPU exact route includes its native polynomial readout/count checks; independently timed external verification excluded; no subprocess startup,deterministic retained-port-aware elimination or explicit component enumeration,,0.008069294039160013,0.0,0.0,0.0,,0.0,0.0025789040373638272,0.15839799703098834,0.15839799703098834,0.0,957b6843dfc17de2acb11b28497bdbfd936a0fa803fc5d453efb57843e2f54b1,"{""N"": 62, ""source_family"": ""N96_INDUCED_TRANSITION_LADDER_V1"", ""graph_hash"": ""96e80047ca61dd214669a558f30f4c6012d133ce8a91fa1586564a534e4b4f05"", ""source_hash"": ""9f9c7be5ccc783511221060aaedb1206c06dbf858cd3b5d099d484ba7df44d1d"", ""edges"": 98, ""degree_min"": 0, ""degree_max"": 5, ""degree_mean"": 3.161290322580645, ""degree_std"": 1.0347751569255124, ""components"": 2, ""component_sizes"": [1, 61], ""max_component"": 61, ""local_assignments"": 2305843009213693954, ""minfill_width"": 10, ""minfill_work"": 4390, ""minfill_order"": [25, 31, 1, 11, 12, 28, 32, 34, 37, 39, 42, 48, 52, 55, 60, 15, 20, 29, 36, 50, 0, 3, 6, 18, 21, 22, 27, 41, 43, 46, 59, 8, 54, 58, 17, 45, 23, 51, 7, 9, 35, 61, 26, 5, 10, 44, 24, 56, 40, 13, 49, 2, 4, 14, 16, 19, 30, 33, 38, 47, 53, 57], ""energy_bound"": 264, ""root_bound"": 512, ""crt_primes"": 3, ""arithmetic_burden"": 6743040, ""coefficient_bound"": ""4611686018427387904"", ""coupling_multiplicities"": {""3"": 22, ""-1"": 19, ""-2"": 18, ""1"": 18, ""-3"": 7, ""2"": 14}, ""symmetry"": ""not assumed"", ""degree_signature"": [0, 1, 2, 2, 2, 2, 2, 2, 2, 2, 2, 2, 2, 2, 2, 3, 3, 3, 3, 3, 3, 3, 3, 3, 3, 3, 3, 3, 3, 3, 3, 3, 3, 3, 3, 3, 3, 3, 3, 3, 3, 4, 4, 4, 4, 4, 4, 4, 4, 4, 4, 4, 4, 4, 4, 5, 5, 5, 5, 5, 5, 5]}",,,,,
2093511581517a4caf2dfe94,N062,9f9c7be5ccc783511221060aaedb1206c06dbf858cd3b5d099d484ba7df44d1d,96e80047ca61dd214669a558f30f4c6012d133ce8a91fa1586564a534e4b4f05,N96_INDUCED_TRANSITION_LADDER_V1,f2f991d74dfbb2edf7f4475dcb7d82989de00a71e44bb11d4a6fbb49442577b6,"[0, 1, 2, 3]",a6187ec988bcc20c35e5937d7025bf86593d9e6682a7764a015c619c384b8161,,variable_elimination,LOCAL_FLINT_CPU,LOCAL_SINGLE_COORDINATOR_FLINT_CPU,WARM_SAME_SOURCE,FRESH_EXACT_SOLVE_WITH_INTERNAL_CHECKS_EXCLUDES_EXTERNAL_VERIFICATION,0,0,0,1,11,7539,2048,d5207e6b84fbabee961e83f3860a3bacaca585acd736c092903cacdfff692450,FLINT_EXACT_POLYNOMIAL,1,COMPLETE,OBSERVED_PATTERN,True,69136,0,0,CPU exact route includes its native polynomial readout/count checks; independently timed external verification excluded; no subprocess startup,deterministic retained-port-aware elimination or explicit component enumeration,,0.008069294039160013,0.0,0.0,0.0,,0.0,0.0027397809317335486,0.12730647099670023,0.12730647099670023,0.0,957b6843dfc17de2acb11b28497bdbfd936a0fa803fc5d453efb57843e2f54b1,"{""N"": 62, ""source_family"": ""N96_INDUCED_TRANSITION_LADDER_V1"", ""graph_hash"": ""96e80047ca61dd214669a558f30f4c6012d133ce8a91fa1586564a534e4b4f05"", ""source_hash"": ""9f9c7be5ccc783511221060aaedb1206c06dbf858cd3b5d099d484ba7df44d1d"", ""edges"": 98, ""degree_min"": 0, ""degree_max"": 5, ""degree_mean"": 3.161290322580645, ""degree_std"": 1.0347751569255124, ""components"": 2, ""component_sizes"": [1, 61], ""max_component"": 61, ""local_assignments"": 2305843009213693954, ""minfill_width"": 10, ""minfill_work"": 4390, ""minfill_order"": [25, 31, 1, 11, 12, 28, 32, 34, 37, 39, 42, 48, 52, 55, 60, 15, 20, 29, 36, 50, 0, 3, 6, 18, 21, 22, 27, 41, 43, 46, 59, 8, 54, 58, 17, 45, 23, 51, 7, 9, 35, 61, 26, 5, 10, 44, 24, 56, 40, 13, 49, 2, 4, 14, 16, 19, 30, 33, 38, 47, 53, 57], ""energy_bound"": 264, ""root_bound"": 512, ""crt_primes"": 3, ""arithmetic_burden"": 6743040, ""coefficient_bound"": ""4611686018427387904"", ""coupling_multiplicities"": {""3"": 22, ""-1"": 19, ""-2"": 18, ""1"": 18, ""-3"": 7, ""2"": 14}, ""symmetry"": ""not assumed"", ""degree_signature"": [0, 1, 2, 2, 2, 2, 2, 2, 2, 2, 2, 2, 2, 2, 2, 3, 3, 3, 3, 3, 3, 3, 3, 3, 3, 3, 3, 3, 3, 3, 3, 3, 3, 3, 3, 3, 3, 3, 3, 3, 3, 4, 4, 4, 4, 4, 4, 4, 4, 4, 4, 4, 4, 4, 4, 5, 5, 5, 5, 5, 5, 5]}",,,,,
2093511581517a4caf2dfe94,N062,9f9c7be5ccc783511221060aaedb1206c06dbf858cd3b5d099d484ba7df44d1d,96e80047ca61dd214669a558f30f4c6012d133ce8a91fa1586564a534e4b4f05,N96_INDUCED_TRANSITION_LADDER_V1,f2f991d74dfbb2edf7f4475dcb7d82989de00a71e44bb11d4a6fbb49442577b6,"[0, 1, 2, 3]",a6187ec988bcc20c35e5937d7025bf86593d9e6682a7764a015c619c384b8161,,variable_elimination,LOCAL_FLINT_CPU,LOCAL_SINGLE_COORDINATOR_FLINT_CPU,WARM_SAME_SOURCE,FRESH_EXACT_SOLVE_WITH_INTERNAL_CHECKS_EXCLUDES_EXTERNAL_VERIFICATION,0,0,0,1,11,7539,2048,d5207e6b84fbabee961e83f3860a3bacaca585acd736c092903cacdfff692450,FLINT_EXACT_POLYNOMIAL,2,COMPLETE,OBSERVED_PATTERN,True,69136,0,0,CPU exact route includes its native polynomial readout/count checks; independently timed external verification excluded; no subprocess startup,deterministic retained-port-aware elimination or explicit component enumeration,,0.008069294039160013,0.0,0.0,0.0,,0.0,0.0024914940586313605,0.12317216699011624,0.12317216699011624,0.0,957b6843dfc17de2acb11b28497bdbfd936a0fa803fc5d453efb57843e2f54b1,"{""N"": 62, ""source_family"": ""N96_INDUCED_TRANSITION_LADDER_V1"", ""graph_hash"": ""96e80047ca61dd214669a558f30f4c6012d133ce8a91fa1586564a534e4b4f05"", ""source_hash"": ""9f9c7be5ccc783511221060aaedb1206c06dbf858cd3b5d099d484ba7df44d1d"", ""edges"": 98, ""degree_min"": 0, ""degree_max"": 5, ""degree_mean"": 3.161290322580645, ""degree_std"": 1.0347751569255124, ""components"": 2, ""component_sizes"": [1, 61], ""max_component"": 61, ""local_assignments"": 2305843009213693954, ""minfill_width"": 10, ""minfill_work"": 4390, ""minfill_order"": [25, 31, 1, 11, 12, 28, 32, 34, 37, 39, 42, 48, 52, 55, 60, 15, 20, 29, 36, 50, 0, 3, 6, 18, 21, 22, 27, 41, 43, 46, 59, 8, 54, 58, 17, 45, 23, 51, 7, 9, 35, 61, 26, 5, 10, 44, 24, 56, 40, 13, 49, 2, 4, 14, 16, 19, 30, 33, 38, 47, 53, 57], ""energy_bound"": 264, ""root_bound"": 512, ""crt_primes"": 3, ""arithmetic_burden"": 6743040, ""coefficient_bound"": ""4611686018427387904"", ""coupling_multiplicities"": {""3"": 22, ""-1"": 19, ""-2"": 18, ""1"": 18, ""-3"": 7, ""2"": 14}, ""symmetry"": ""not assumed"", ""degree_signature"": [0, 1, 2, 2, 2, 2, 2, 2, 2, 2, 2, 2, 2, 2, 2, 3, 3, 3, 3, 3, 3, 3, 3, 3, 3, 3, 3, 3, 3, 3, 3, 3, 3, 3, 3, 3, 3, 3, 3, 3, 3, 4, 4, 4, 4, 4, 4, 4, 4, 4, 4, 4, 4, 4, 4, 5, 5, 5, 5, 5, 5, 5]}",,,,,
7d31292ac6576affec95ea6d,N002,99c151a7f54c9f60633fb0580f3836cc4fccdbca6f9762c6376ef037b21b6eeb,97cae03cf91610ceacc7f88e7f97637763d4a96f50c9da364fc8d3ee33768940,N96_INDUCED_TRANSITION_LADDER_V1,463f2998327eb3a694145e6014444480b2235be84aa6cfd57871cc64f1cd816c,"[0, 1]",e6c1233557627924599194e5d68e01d256613e30b5d2cd853d78bf36567f530f,,variable_elimination,LOCAL_FLINT_CPU,LOCAL_SINGLE_COORDINATOR_FLINT_CPU,WARM_NEW_SOURCE,FRESH_EXACT_SOLVE_WITH_INTERNAL_CHECKS_EXCLUDES_EXTERNAL_VERIFICATION,0,0,0,1,0,0,1,d5207e6b84fbabee961e83f3860a3bacaca585acd736c092903cacdfff692450,FLINT_EXACT_POLYNOMIAL,0,COMPLETE,OBSERVED_PATTERN,True,12,0,0,CPU exact route includes its native polynomial readout/count checks; independently timed external verification excluded; no subprocess startup,deterministic retained-port-aware elimination or explicit component enumeration,,2.0939973182976246e-05,0.0,0.0,0.0,,0.0,0.00010157900396734476,0.0006323279812932014,0.0006323279812932014,0.0,efb2a1a6486f49d0fce704a52bd1d22fa69a0660ce48e346d9649be033ba3a2e,"{""N"": 2, ""source_family"": ""N96_INDUCED_TRANSITION_LADDER_V1"", ""graph_hash"": ""97cae03cf91610ceacc7f88e7f97637763d4a96f50c9da364fc8d3ee33768940"", ""source_hash"": ""99c151a7f54c9f60633fb0580f3836cc4fccdbca6f9762c6376ef037b21b6eeb"", ""edges"": 1, ""degree_min"": 1, ""degree_max"": 1, ""degree_mean"": 1, ""degree_std"": 0.0, ""components"": 1, ""component_sizes"": [2], ""max_component"": 2, ""local_assignments"": 4, ""minfill_width"": 1, ""minfill_work"": 3, ""minfill_order"": [0, 1], ""energy_bound"": 6, ""root_bound"": 8, ""crt_primes"": 1, ""arithmetic_burden"": 24, ""coefficient_bound"": ""4"", ""coupling_multiplicities"": {""3"": 1}, ""symmetry"": ""not assumed"", ""degree_signature"": [1, 1]}",,,,,
7d31292ac6576affec95ea6d,N002,99c151a7f54c9f60633fb0580f3836cc4fccdbca6f9762c6376ef037b21b6eeb,97cae03cf91610ceacc7f88e7f97637763d4a96f50c9da364fc8d3ee33768940,N96_INDUCED_TRANSITION_LADDER_V1,463f2998327eb3a694145e6014444480b2235be84aa6cfd57871cc64f1cd816c,"[0, 1]",5e421e53853ca38985c6afde7f61d222d407bc4ff6c9d98432de726541f2ae51,,components,LOCAL_FLINT_CPU,LOCAL_SINGLE_COORDINATOR_FLINT_CPU,WARM_NEW_SOURCE,FRESH_EXACT_SOLVE_WITH_INTERNAL_CHECKS_EXCLUDES_EXTERNAL_VERIFICATION,0,0,0,1,1,4,2,d5207e6b84fbabee961e83f3860a3bacaca585acd736c092903cacdfff692450,FLINT_EXACT_POLYNOMIAL,0,COMPLETE,OBSERVED_PATTERN,True,8,0,0,CPU exact route includes its native polynomial readout/count checks; independently timed external verification excluded; no subprocess startup,deterministic retained-port-aware elimination or explicit component enumeration,,2.0939973182976246e-05,0.0,0.0,0.0,,0.0,7.996801286935806e-05,0.0003461940214037895,0.0003461940214037895,0.0,efb2a1a6486f49d0fce704a52bd1d22fa69a0660ce48e346d9649be033ba3a2e,"{""N"": 2, ""source_family"": ""N96_INDUCED_TRANSITION_LADDER_V1"", ""graph_hash"": ""97cae03cf91610ceacc7f88e7f97637763d4a96f50c9da364fc8d3ee33768940"", ""source_hash"": ""99c151a7f54c9f60633fb0580f3836cc4fccdbca6f9762c6376ef037b21b6eeb"", ""edges"": 1, ""degree_min"": 1, ""degree_max"": 1, ""degree_mean"": 1, ""degree_std"": 0.0, ""components"": 1, ""component_sizes"": [2], ""max_component"": 2, ""local_assignments"": 4, ""minfill_width"": 1, ""minfill_work"": 3, ""minfill_order"": [0, 1], ""energy_bound"": 6, ""root_bound"": 8, ""crt_primes"": 1, ""arithmetic_burden"": 24, ""coefficient_bound"": ""4"", ""coupling_multiplicities"": {""3"": 1}, ""symmetry"": ""not assumed"", ""degree_signature"": [1, 1]}",,,,,
7d31292ac6576affec95ea6d,N002,99c151a7f54c9f60633fb0580f3836cc4fccdbca6f9762c6376ef037b21b6eeb,97cae03cf91610ceacc7f88e7f97637763d4a96f50c9da364fc8d3ee33768940,N96_INDUCED_TRANSITION_LADDER_V1,463f2998327eb3a694145e6014444480b2235be84aa6cfd57871cc64f1cd816c,"[0, 1]",5e421e53853ca38985c6afde7f61d222d407bc4ff6c9d98432de726541f2ae51,,components,LOCAL_FLINT_CPU,LOCAL_SINGLE_COORDINATOR_FLINT_CPU,WARM_SAME_SOURCE,FRESH_EXACT_SOLVE_WITH_INTERNAL_CHECKS_EXCLUDES_EXTERNAL_VERIFICATION,0,0,0,1,1,4,2,d5207e6b84fbabee961e83f3860a3bacaca585acd736c092903cacdfff692450,FLINT_EXACT_POLYNOMIAL,1,COMPLETE,OBSERVED_PATTERN,True,8,0,0,CPU exact route includes its native polynomial readout/count checks; independently timed external verification excluded; no subprocess startup,deterministic retained-port-aware elimination or explicit component enumeration,,2.0939973182976246e-05,0.0,0.0,0.0,,0.0,7.907894905656576e-05,0.0003036640118807554,0.0003036640118807554,0.0,efb2a1a6486f49d0fce704a52bd1d22fa69a0660ce48e346d9649be033ba3a2e,"{""N"": 2, ""source_family"": ""N96_INDUCED_TRANSITION_LADDER_V1"", ""graph_hash"": ""97cae03cf91610ceacc7f88e7f97637763d4a96f50c9da364fc8d3ee33768940"", ""source_hash"": ""99c151a7f54c9f60633fb0580f3836cc4fccdbca6f9762c6376ef037b21b6eeb"", ""edges"": 1, ""degree_min"": 1, ""degree_max"": 1, ""degree_mean"": 1, ""degree_std"": 0.0, ""components"": 1, ""component_sizes"": [2], ""max_component"": 2, ""local_assignments"": 4, ""minfill_width"": 1, ""minfill_work"": 3, ""minfill_order"": [0, 1], ""energy_bound"": 6, ""root_bound"": 8, ""crt_primes"": 1, ""arithmetic_burden"": 24, ""coefficient_bound"": ""4"", ""coupling_multiplicities"": {""3"": 1}, ""symmetry"": ""not assumed"", ""degree_signature"": [1, 1]}",,,,,
7d31292ac6576affec95ea6d,N002,99c151a7f54c9f60633fb0580f3836cc4fccdbca6f9762c6376ef037b21b6eeb,97cae03cf91610ceacc7f88e7f97637763d4a96f50c9da364fc8d3ee33768940,N96_INDUCED_TRANSITION_LADDER_V1,463f2998327eb3a694145e6014444480b2235be84aa6cfd57871cc64f1cd816c,"[0, 1]",e6c1233557627924599194e5d68e01d256613e30b5d2cd853d78bf36567f530f,,variable_elimination,LOCAL_FLINT_CPU,LOCAL_SINGLE_COORDINATOR_FLINT_CPU,WARM_SAME_SOURCE,FRESH_EXACT_SOLVE_WITH_INTERNAL_CHECKS_EXCLUDES_EXTERNAL_VERIFICATION,0,0,0,1,0,0,1,d5207e6b84fbabee961e83f3860a3bacaca585acd736c092903cacdfff692450,FLINT_EXACT_POLYNOMIAL,1,COMPLETE,OBSERVED_PATTERN,True,12,0,0,CPU exact route includes its native polynomial readout/count checks; independently timed external verification excluded; no subprocess startup,deterministic retained-port-aware elimination or explicit component enumeration,,2.0939973182976246e-05,0.0,0.0,0.0,,0.0,7.749802898615599e-05,0.0003562639467418194,0.0003562639467418194,0.0,efb2a1a6486f49d0fce704a52bd1d22fa69a0660ce48e346d9649be033ba3a2e,"{""N"": 2, ""source_family"": ""N96_INDUCED_TRANSITION_LADDER_V1"", ""graph_hash"": ""97cae03cf91610ceacc7f88e7f97637763d4a96f50c9da364fc8d3ee33768940"", ""source_hash"": ""99c151a7f54c9f60633fb0580f3836cc4fccdbca6f9762c6376ef037b21b6eeb"", ""edges"": 1, ""degree_min"": 1, ""degree_max"": 1, ""degree_mean"": 1, ""degree_std"": 0.0, ""components"": 1, ""component_sizes"": [2], ""max_component"": 2, ""local_assignments"": 4, ""minfill_width"": 1, ""minfill_work"": 3, ""minfill_order"": [0, 1], ""energy_bound"": 6, ""root_bound"": 8, ""crt_primes"": 1, ""arithmetic_burden"": 24, ""coefficient_bound"": ""4"", ""coupling_multiplicities"": {""3"": 1}, ""symmetry"": ""not assumed"", ""degree_signature"": [1, 1]}",,,,,
7d31292ac6576affec95ea6d,N002,99c151a7f54c9f60633fb0580f3836cc4fccdbca6f9762c6376ef037b21b6eeb,97cae03cf91610ceacc7f88e7f97637763d4a96f50c9da364fc8d3ee33768940,N96_INDUCED_TRANSITION_LADDER_V1,463f2998327eb3a694145e6014444480b2235be84aa6cfd57871cc64f1cd816c,"[0, 1]",e6c1233557627924599194e5d68e01d256613e30b5d2cd853d78bf36567f530f,,variable_elimination,LOCAL_FLINT_CPU,LOCAL_SINGLE_COORDINATOR_FLINT_CPU,WARM_SAME_SOURCE,FRESH_EXACT_SOLVE_WITH_INTERNAL_CHECKS_EXCLUDES_EXTERNAL_VERIFICATION,0,0,0,1,0,0,1,d5207e6b84fbabee961e83f3860a3bacaca585acd736c092903cacdfff692450,FLINT_EXACT_POLYNOMIAL,2,COMPLETE,OBSERVED_PATTERN,True,12,0,0,CPU exact route includes its native polynomial readout/count checks; independently timed external verification excluded; no subprocess startup,deterministic retained-port-aware elimination or explicit component enumeration,,2.0939973182976246e-05,0.0,0.0,0.0,,0.0,8.214893750846386e-05,0.0003525729989632964,0.0003525729989632964,0.0,efb2a1a6486f49d0fce704a52bd1d22fa69a0660ce48e346d9649be033ba3a2e,"{""N"": 2, ""source_family"": ""N96_INDUCED_TRANSITION_LADDER_V1"", ""graph_hash"": ""97cae03cf91610ceacc7f88e7f97637763d4a96f50c9da364fc8d3ee33768940"", ""source_hash"": ""99c151a7f54c9f60633fb0580f3836cc4fccdbca6f9762c6376ef037b21b6eeb"", ""edges"": 1, ""degree_min"": 1, ""degree_max"": 1, ""degree_mean"": 1, ""degree_std"": 0.0, ""components"": 1, ""component_sizes"": [2], ""max_component"": 2, ""local_assignments"": 4, ""minfill_width"": 1, ""minfill_work"": 3, ""minfill_order"": [0, 1], ""energy_bound"": 6, ""root_bound"": 8, ""crt_primes"": 1, ""arithmetic_burden"": 24, ""coefficient_bound"": ""4"", ""coupling_multiplicities"": {""3"": 1}, ""symmetry"": ""not assumed"", ""degree_signature"": [1, 1]}",,,,,
7d31292ac6576affec95ea6d,N002,99c151a7f54c9f60633fb0580f3836cc4fccdbca6f9762c6376ef037b21b6eeb,97cae03cf91610ceacc7f88e7f97637763d4a96f50c9da364fc8d3ee33768940,N96_INDUCED_TRANSITION_LADDER_V1,463f2998327eb3a694145e6014444480b2235be84aa6cfd57871cc64f1cd816c,"[0, 1]",5e421e53853ca38985c6afde7f61d222d407bc4ff6c9d98432de726541f2ae51,,components,LOCAL_FLINT_CPU,LOCAL_SINGLE_COORDINATOR_FLINT_CPU,WARM_SAME_SOURCE,FRESH_EXACT_SOLVE_WITH_INTERNAL_CHECKS_EXCLUDES_EXTERNAL_VERIFICATION,0,0,0,1,1,4,2,d5207e6b84fbabee961e83f3860a3bacaca585acd736c092903cacdfff692450,FLINT_EXACT_POLYNOMIAL,2,COMPLETE,OBSERVED_PATTERN,True,8,0,0,CPU exact route includes its native polynomial readout/count checks; independently timed external verification excluded; no subprocess startup,deterministic retained-port-aware elimination or explicit component enumeration,,2.0939973182976246e-05,0.0,0.0,0.0,,0.0,7.817894220352173e-05,0.00032107403967529535,0.00032107403967529535,0.0,efb2a1a6486f49d0fce704a52bd1d22fa69a0660ce48e346d9649be033ba3a2e,"{""N"": 2, ""source_family"": ""N96_INDUCED_TRANSITION_LADDER_V1"", ""graph_hash"": ""97cae03cf91610ceacc7f88e7f97637763d4a96f50c9da364fc8d3ee33768940"", ""source_hash"": ""99c151a7f54c9f60633fb0580f3836cc4fccdbca6f9762c6376ef037b21b6eeb"", ""edges"": 1, ""degree_min"": 1, ""degree_max"": 1, ""degree_mean"": 1, ""degree_std"": 0.0, ""components"": 1, ""component_sizes"": [2], ""max_component"": 2, ""local_assignments"": 4, ""minfill_width"": 1, ""minfill_work"": 3, ""minfill_order"": [0, 1], ""energy_bound"": 6, ""root_bound"": 8, ""crt_primes"": 1, ""arithmetic_burden"": 24, ""coefficient_bound"": ""4"", ""coupling_multiplicities"": {""3"": 1}, ""symmetry"": ""not assumed"", ""degree_signature"": [1, 1]}",,,,,
b5b92434b2ab29140be32089,N092,db3f1d90469edce7438a20541e8f18a4ac1a591d9f9cc195b32da567c4cd8c45,cdfd0e581f3198357dea35f17eac8900e410dd91d2a8e8a19fa845b16fcd0879,N96_INDUCED_TRANSITION_LADDER_V1,f2f991d74dfbb2edf7f4475dcb7d82989de00a71e44bb11d4a6fbb49442577b6,"[0, 1, 2, 3]",abd09c5d7589cc82e00eba4ec0886ade73fa0c2badc0ca8f4f46d9e6fedc694d,c9e3645cfebcc2c4d530fce48f4c7fb4432272b30bf1fcb8feb8b975663f3116,transition_priority,COOP14_MIG_BRANCH_GROUP,1d2a6f95014703ca171206e42701c52355b89dab08ba0a9b72b3d193a3b620d4,WARM_SAME_SOURCE,FRESH_EXACT_SOLVE_WITH_INTERNAL_CHECKS_EXCLUDES_EXTERNAL_VERIFICATION,16,1024,4,32,18,74167936,262144,d5207e6b84fbabee961e83f3860a3bacaca585acd736c092903cacdfff692450,NUMPY_BATCHED_INVERSE_NTT_INTEGER_CRT,1,COMPLETE,OBSERVED_PATTERN,True,,,,,,327727104,0.00042395200580358505,0.114844377967529,0.837673862,1.196959528,0.01272368908394128,0.032866683916058716,0.00847609608899802,2.080502228,,0.0,8be495f971f255340ad13952d0eb5cefdf1e6062700f312cf9814c617b6c4913,"{""N"": 92, ""source_family"": ""N96_INDUCED_TRANSITION_LADDER_V1"", ""graph_hash"": ""cdfd0e581f3198357dea35f17eac8900e410dd91d2a8e8a19fa845b16fcd0879"", ""source_hash"": ""db3f1d90469edce7438a20541e8f18a4ac1a591d9f9cc195b32da567c4cd8c45"", ""edges"": 220, ""degree_min"": 3, ""degree_max"": 5, ""degree_mean"": 4.782608695652174, ""degree_std"": 0.5070392952039392, ""components"": 1, ""component_sizes"": [92], ""max_component"": 92, ""local_assignments"": 4951760157141521099596496896, ""minfill_width"": 26, ""minfill_work"": 369382079, ""minfill_order"": [0, 20, 41, 60, 12, 22, 25, 33, 51, 67, 81, 15, 16, 34, 50, 68, 77, 3, 11, 14, 23, 39, 48, 63, 76, 78, 4, 6, 8, 38, 70, 84, 19, 65, 52, 18, 61, 47, 86, 31, 90, 7, 1, 73, 29, 64, 24, 46, 58, 10, 9, 43, 88, 89, 27, 59, 32, 2, 79, 17, 30, 62, 66, 57, 69, 5, 13, 21, 26, 28, 35, 36, 37, 40, 42, 44, 45, 49, 53, 54, 55, 56, 71, 72, 74, 75, 80, 82, 83, 85, 87, 91], ""energy_bound"": 547, ""root_bound"": 1024, ""crt_primes"": 4, ""arithmetic_burden"": 1512988995584, ""coefficient_bound"": ""4951760157141521099596496896"", ""coupling_multiplicities"": {""3"": 44, ""-1"": 42, ""-2"": 39, ""1"": 40, ""-3"": 28, ""2"": 27}, ""symmetry"": ""not assumed"", ""degree_signature"": [3, 3, 3, 3, 4, 4, 4, 4, 4, 4, 4, 4, 4, 4, 4, 4, 5, 5, 5, 5, 5, 5, 5, 5, 5, 5, 5, 5, 5, 5, 5, 5, 5, 5, 5, 5, 5, 5, 5, 5, 5, 5, 5, 5, 5, 5, 5, 5, 5, 5, 5, 5, 5, 5, 5, 5, 5, 5, 5, 5, 5, 5, 5, 5, 5, 5, 5, 5, 5, 5, 5, 5, 5, 5, 5, 5, 5, 5, 5, 5, 5, 5, 5, 5, 5, 5, 5, 5, 5, 5, 5, 5]}",24119184,"[62895, 62896, 62897, 62898, 62899, 62900, 62901, 62902, 62903, 62904, 62905, 62906, 62907, 62908]","[288, 288, 304, 288, 304, 288, 288, 304, 288, 288, 304, 288, 288, 288]",WARM_SAME_SOURCE,focused
b5b92434b2ab29140be32089,N092,db3f1d90469edce7438a20541e8f18a4ac1a591d9f9cc195b32da567c4cd8c45,cdfd0e581f3198357dea35f17eac8900e410dd91d2a8e8a19fa845b16fcd0879,N96_INDUCED_TRANSITION_LADDER_V1,f2f991d74dfbb2edf7f4475dcb7d82989de00a71e44bb11d4a6fbb49442577b6,"[0, 1, 2, 3]",abd09c5d7589cc82e00eba4ec0886ade73fa0c2badc0ca8f4f46d9e6fedc694d,c9e3645cfebcc2c4d530fce48f4c7fb4432272b30bf1fcb8feb8b975663f3116,transition_priority,COOP14_MIG_BRANCH_GROUP,1d2a6f95014703ca171206e42701c52355b89dab08ba0a9b72b3d193a3b620d4,WARM_SAME_SOURCE,FRESH_EXACT_SOLVE_WITH_INTERNAL_CHECKS_EXCLUDES_EXTERNAL_VERIFICATION,16,1024,4,32,18,74167936,262144,d5207e6b84fbabee961e83f3860a3bacaca585acd736c092903cacdfff692450,NUMPY_BATCHED_INVERSE_NTT_INTEGER_CRT,2,COMPLETE,OBSERVED_PATTERN,True,,,,,,327727104,0.00042395200580358505,0.114844377967529,0.787953404,1.18245512,0.012966274050995708,0.034057132949004296,0.008683192892931402,2.017697577,,0.0,8be495f971f255340ad13952d0eb5cefdf1e6062700f312cf9814c617b6c4913,"{""N"": 92, ""source_family"": ""N96_INDUCED_TRANSITION_LADDER_V1"", ""graph_hash"": ""cdfd0e581f3198357dea35f17eac8900e410dd91d2a8e8a19fa845b16fcd0879"", ""source_hash"": ""db3f1d90469edce7438a20541e8f18a4ac1a591d9f9cc195b32da567c4cd8c45"", ""edges"": 220, ""degree_min"": 3, ""degree_max"": 5, ""degree_mean"": 4.782608695652174, ""degree_std"": 0.5070392952039392, ""components"": 1, ""component_sizes"": [92], ""max_component"": 92, ""local_assignments"": 4951760157141521099596496896, ""minfill_width"": 26, ""minfill_work"": 369382079, ""minfill_order"": [0, 20, 41, 60, 12, 22, 25, 33, 51, 67, 81, 15, 16, 34, 50, 68, 77, 3, 11, 14, 23, 39, 48, 63, 76, 78, 4, 6, 8, 38, 70, 84, 19, 65, 52, 18, 61, 47, 86, 31, 90, 7, 1, 73, 29, 64, 24, 46, 58, 10, 9, 43, 88, 89, 27, 59, 32, 2, 79, 17, 30, 62, 66, 57, 69, 5, 13, 21, 26, 28, 35, 36, 37, 40, 42, 44, 45, 49, 53, 54, 55, 56, 71, 72, 74, 75, 80, 82, 83, 85, 87, 91], ""energy_bound"": 547, ""root_bound"": 1024, ""crt_primes"": 4, ""arithmetic_burden"": 1512988995584, ""coefficient_bound"": ""4951760157141521099596496896"", ""coupling_multiplicities"": {""3"": 44, ""-1"": 42, ""-2"": 39, ""1"": 40, ""-3"": 28, ""2"": 27}, ""symmetry"": ""not assumed"", ""degree_signature"": [3, 3, 3, 3, 4, 4, 4, 4, 4, 4, 4, 4, 4, 4, 4, 4, 5, 5, 5, 5, 5, 5, 5, 5, 5, 5, 5, 5, 5, 5, 5, 5, 5, 5, 5, 5, 5, 5, 5, 5, 5, 5, 5, 5, 5, 5, 5, 5, 5, 5, 5, 5, 5, 5, 5, 5, 5, 5, 5, 5, 5, 5, 5, 5, 5, 5, 5, 5, 5, 5, 5, 5, 5, 5, 5, 5, 5, 5, 5, 5, 5, 5, 5, 5, 5, 5, 5, 5, 5, 5, 5, 5]}",24119184,"[62895, 62896, 62897, 62898, 62899, 62900, 62901, 62902, 62903, 62904, 62905, 62906, 62907, 62908]","[304, 288, 304, 288, 288, 288, 288, 304, 304, 288, 288, 288, 288, 288]",WARM_SAME_SOURCE,focused
b5b92434b2ab29140be32089,N092,db3f1d90469edce7438a20541e8f18a4ac1a591d9f9cc195b32da567c4cd8c45,cdfd0e581f3198357dea35f17eac8900e410dd91d2a8e8a19fa845b16fcd0879,N96_INDUCED_TRANSITION_LADDER_V1,f2f991d74dfbb2edf7f4475dcb7d82989de00a71e44bb11d4a6fbb49442577b6,"[0, 1, 2, 3]",abd09c5d7589cc82e00eba4ec0886ade73fa0c2badc0ca8f4f46d9e6fedc694d,c9e3645cfebcc2c4d530fce48f4c7fb4432272b30bf1fcb8feb8b975663f3116,transition_priority,COOP14_MIG_BRANCH_GROUP,1d2a6f95014703ca171206e42701c52355b89dab08ba0a9b72b3d193a3b620d4,WARM_SAME_SOURCE,FRESH_EXACT_SOLVE_WITH_INTERNAL_CHECKS_EXCLUDES_EXTERNAL_VERIFICATION,16,1024,4,32,18,74167936,262144,d5207e6b84fbabee961e83f3860a3bacaca585acd736c092903cacdfff692450,NUMPY_BATCHED_INVERSE_NTT_INTEGER_CRT,3,COMPLETE,OBSERVED_PATTERN,True,,,,,,327727104,0.00042395200580358505,0.114844377967529,0.828322362,1.204590609,0.012663570931181312,0.03153061706881869,0.008247309946455061,2.077375945,,0.0,8be495f971f255340ad13952d0eb5cefdf1e6062700f312cf9814c617b6c4913,"{""N"": 92, ""source_family"": ""N96_INDUCED_TRANSITION_LADDER_V1"", ""graph_hash"": ""cdfd0e581f3198357dea35f17eac8900e410dd91d2a8e8a19fa845b16fcd0879"", ""source_hash"": ""db3f1d90469edce7438a20541e8f18a4ac1a591d9f9cc195b32da567c4cd8c45"", ""edges"": 220, ""degree_min"": 3, ""degree_max"": 5, ""degree_mean"": 4.782608695652174, ""degree_std"": 0.5070392952039392, ""components"": 1, ""component_sizes"": [92], ""max_component"": 92, ""local_assignments"": 4951760157141521099596496896, ""minfill_width"": 26, ""minfill_work"": 369382079, ""minfill_order"": [0, 20, 41, 60, 12, 22, 25, 33, 51, 67, 81, 15, 16, 34, 50, 68, 77, 3, 11, 14, 23, 39, 48, 63, 76, 78, 4, 6, 8, 38, 70, 84, 19, 65, 52, 18, 61, 47, 86, 31, 90, 7, 1, 73, 29, 64, 24, 46, 58, 10, 9, 43, 88, 89, 27, 59, 32, 2, 79, 17, 30, 62, 66, 57, 69, 5, 13, 21, 26, 28, 35, 36, 37, 40, 42, 44, 45, 49, 53, 54, 55, 56, 71, 72, 74, 75, 80, 82, 83, 85, 87, 91], ""energy_bound"": 547, ""root_bound"": 1024, ""crt_primes"": 4, ""arithmetic_burden"": 1512988995584, ""coefficient_bound"": ""4951760157141521099596496896"", ""coupling_multiplicities"": {""3"": 44, ""-1"": 42, ""-2"": 39, ""1"": 40, ""-3"": 28, ""2"": 27}, ""symmetry"": ""not assumed"", ""degree_signature"": [3, 3, 3, 3, 4, 4, 4, 4, 4, 4, 4, 4, 4, 4, 4, 4, 5, 5, 5, 5, 5, 5, 5, 5, 5, 5, 5, 5, 5, 5, 5, 5, 5, 5, 5, 5, 5, 5, 5, 5, 5, 5, 5, 5, 5, 5, 5, 5, 5, 5, 5, 5, 5, 5, 5, 5, 5, 5, 5, 5, 5, 5, 5, 5, 5, 5, 5, 5, 5, 5, 5, 5, 5, 5, 5, 5, 5, 5, 5, 5, 5, 5, 5, 5, 5, 5, 5, 5, 5, 5, 5, 5]}",24119184,"[62895, 62896, 62897, 62898, 62899, 62900, 62901, 62902, 62903, 62904, 62905, 62906, 62907, 62908]","[304, 288, 304, 304, 288, 288, 304, 288, 288, 288, 288, 288, 288, 288]",WARM_SAME_SOURCE,focused
fad608fe1a541847c57e048b,N084,a9276261b491353b7a97dfe6fa8053ce22f644b61fc21d0b3c8e160a13727b0c,87e50f929aae0668d5104e5418201bb1a55e05f9990e161d8608b4272056b2f4,N96_INDUCED_TRANSITION_LADDER_V1,f2f991d74dfbb2edf7f4475dcb7d82989de00a71e44bb11d4a6fbb49442577b6,"[0, 1, 2, 3]",d2c65cf4c9998ce9bb1fa374e5d7a11408e43719520899ed111db7fd0d82fad1,3a29e336f0a403c84cd6e7f48b42fa40655b54c6879e270dc39fde5bf40188ac,tie_portfolio,COOP14_MIG_BRANCH_GROUP,1d2a6f95014703ca171206e42701c52355b89dab08ba0a9b72b3d193a3b620d4,WARM_SAME_SOURCE,FRESH_EXACT_SOLVE_WITH_INTERNAL_CHECKS_EXCLUDES_EXTERNAL_VERIFICATION,16,512,3,1,21,7767628,2097152,d5207e6b84fbabee961e83f3860a3bacaca585acd736c092903cacdfff692450,NUMPY_BATCHED_INVERSE_NTT_INTEGER_CRT,1,COMPLETE,OBSERVED_PATTERN,True,,,,,,1109322752,3.039861584082246,0.25736679299734533,0.262789366,0.056548974,0.004718484939076006,0.019746272060923994,0.007887737010605633,0.343960364,,0.0,6b30d0f8188dfa8df8109ec8fc4cf79f0c8bda204617ab1bc484e575f0c4f472,"{""N"": 84, ""source_family"": ""N96_INDUCED_TRANSITION_LADDER_V1"", ""graph_hash"": ""87e50f929aae0668d5104e5418201bb1a55e05f9990e161d8608b4272056b2f4"", ""source_hash"": ""a9276261b491353b7a97dfe6fa8053ce22f644b61fc21d0b3c8e160a13727b0c"", ""edges"": 183, ""degree_min"": 2, ""degree_max"": 5, ""degree_mean"": 4.357142857142857, ""degree_std"": 0.7342449497671083, ""components"": 1, ""component_sizes"": [84], ""max_component"": 84, ""local_assignments"": 19342813113834066795298816, ""minfill_width"": 22, ""minfill_work"": 15123219, ""minfill_order"": [60, 15, 20, 0, 6, 12, 32, 41, 51, 59, 64, 50, 34, 62, 11, 76, 82, 24, 3, 25, 33, 38, 48, 63, 67, 39, 8, 16, 47, 68, 19, 56, 37, 69, 55, 65, 7, 43, 2, 52, 40, 66, 17, 77, 22, 58, 72, 79, 42, 9, 61, 75, 10, 73, 78, 27, 74, 46, 57, 35, 36, 1, 4, 5, 13, 14, 18, 21, 23, 26, 28, 29, 30, 31, 44, 45, 49, 53, 54, 70, 71, 80, 81, 83], ""energy_bound"": 460, ""root_bound"": 512, ""crt_primes"": 3, ""arithmetic_burden"": 23229264384, ""coefficient_bound"": ""19342813113834066795298816"", ""coupling_multiplicities"": {""3"": 34, ""-1"": 35, ""-2"": 32, ""1"": 34, ""-3"": 24, ""2"": 24}, ""symmetry"": ""not assumed"", ""degree_signature"": [2, 3, 3, 3, 3, 3, 3, 3, 3, 3, 3, 4, 4, 4, 4, 4, 4, 4, 4, 4, 4, 4, 4, 4, 4, 4, 4, 4, 4, 4, 4, 4, 4, 4, 4, 4, 4, 4, 4, 4, 4, 4, 5, 5, 5, 5, 5, 5, 5, 5, 5, 5, 5, 5, 5, 5, 5, 5, 5, 5, 5, 5, 5, 5, 5, 5, 5, 5, 5, 5, 5, 5, 5, 5, 5, 5, 5, 5, 5, 5, 5, 5, 5, 5]}",88738704,"[62895, 62896, 62897, 62898, 62899, 62900, 62901, 62902, 62903, 62904, 62905, 62906, 62907, 62908]","[112, 112, 112, 112, 112, 112, 112, 128, 96, 112, 112, 112, 80, 112]",WARM_SAME_SOURCE,focused
fad608fe1a541847c57e048b,N084,a9276261b491353b7a97dfe6fa8053ce22f644b61fc21d0b3c8e160a13727b0c,87e50f929aae0668d5104e5418201bb1a55e05f9990e161d8608b4272056b2f4,N96_INDUCED_TRANSITION_LADDER_V1,f2f991d74dfbb2edf7f4475dcb7d82989de00a71e44bb11d4a6fbb49442577b6,"[0, 1, 2, 3]",df459afe4918c4a5d2601a5fc00975c11aee6d4fd21a1ef6c4aa65578eb9404b,9f27ccc3889c6e14860e169491c096f1b7f9264d9e9daa25ad5d912e43e99648,expanded_portfolio,COOP14_MIG_BRANCH_GROUP,1d2a6f95014703ca171206e42701c52355b89dab08ba0a9b72b3d193a3b620d4,WARM_NEW_PLAN,FRESH_EXACT_SOLVE_WITH_INTERNAL_CHECKS_EXCLUDES_EXTERNAL_VERIFICATION,16,512,3,8,16,4066208,65536,d5207e6b84fbabee961e83f3860a3bacaca585acd736c092903cacdfff692450,NUMPY_BATCHED_INVERSE_NTT_INTEGER_CRT,1,COMPLETE,OBSERVED_PATTERN,True,,,,,,181466112,3.039861584082246,0.25736679299734533,0.293479819,0.095822923,0.004785402910783887,0.019283140089216114,0.007765838992781937,0.413538532,,0.0,c3fd9c86bbc441f4e170d8c75189db0f271a4aaaaefeffffee315ea3b0aa0401,"{""N"": 84, ""source_family"": ""N96_INDUCED_TRANSITION_LADDER_V1"", ""graph_hash"": ""87e50f929aae0668d5104e5418201bb1a55e05f9990e161d8608b4272056b2f4"", ""source_hash"": ""a9276261b491353b7a97dfe6fa8053ce22f644b61fc21d0b3c8e160a13727b0c"", ""edges"": 183, ""degree_min"": 2, ""degree_max"": 5, ""degree_mean"": 4.357142857142857, ""degree_std"": 0.7342449497671083, ""components"": 1, ""component_sizes"": [84], ""max_component"": 84, ""local_assignments"": 19342813113834066795298816, ""minfill_width"": 22, ""minfill_work"": 15123219, ""minfill_order"": [60, 15, 20, 0, 6, 12, 32, 41, 51, 59, 64, 50, 34, 62, 11, 76, 82, 24, 3, 25, 33, 38, 48, 63, 67, 39, 8, 16, 47, 68, 19, 56, 37, 69, 55, 65, 7, 43, 2, 52, 40, 66, 17, 77, 22, 58, 72, 79, 42, 9, 61, 75, 10, 73, 78, 27, 74, 46, 57, 35, 36, 1, 4, 5, 13, 14, 18, 21, 23, 26, 28, 29, 30, 31, 44, 45, 49, 53, 54, 70, 71, 80, 81, 83], ""energy_bound"": 460, ""root_bound"": 512, ""crt_primes"": 3, ""arithmetic_burden"": 23229264384, ""coefficient_bound"": ""19342813113834066795298816"", ""coupling_multiplicities"": {""3"": 34, ""-1"": 35, ""-2"": 32, ""1"": 34, ""-3"": 24, ""2"": 24}, ""symmetry"": ""not assumed"", ""degree_signature"": [2, 3, 3, 3, 3, 3, 3, 3, 3, 3, 3, 4, 4, 4, 4, 4, 4, 4, 4, 4, 4, 4, 4, 4, 4, 4, 4, 4, 4, 4, 4, 4, 4, 4, 4, 4, 4, 4, 4, 4, 4, 4, 5, 5, 5, 5, 5, 5, 5, 5, 5, 5, 5, 5, 5, 5, 5, 5, 5, 5, 5, 5, 5, 5, 5, 5, 5, 5, 5, 5, 5, 5, 5, 5, 5, 5, 5, 5, 5, 5, 5, 5, 5, 5]}",5424144,"[62895, 62896, 62897, 62898, 62899, 62900, 62901, 62902, 62903, 62904, 62905, 62906, 62907, 62908]","[128, 80, 128, 112, 128, 112, 112, 80, 112, 112, 112, 112, 112, 96]",WARM_NEW_PLAN,focused
fad608fe1a541847c57e048b,N084,a9276261b491353b7a97dfe6fa8053ce22f644b61fc21d0b3c8e160a13727b0c,87e50f929aae0668d5104e5418201bb1a55e05f9990e161d8608b4272056b2f4,N96_INDUCED_TRANSITION_LADDER_V1,f2f991d74dfbb2edf7f4475dcb7d82989de00a71e44bb11d4a6fbb49442577b6,"[0, 1, 2, 3]",df459afe4918c4a5d2601a5fc00975c11aee6d4fd21a1ef6c4aa65578eb9404b,9f27ccc3889c6e14860e169491c096f1b7f9264d9e9daa25ad5d912e43e99648,expanded_portfolio,COOP14_MIG_BRANCH_GROUP,1d2a6f95014703ca171206e42701c52355b89dab08ba0a9b72b3d193a3b620d4,WARM_SAME_SOURCE,FRESH_EXACT_SOLVE_WITH_INTERNAL_CHECKS_EXCLUDES_EXTERNAL_VERIFICATION,16,512,3,8,16,4066208,65536,d5207e6b84fbabee961e83f3860a3bacaca585acd736c092903cacdfff692450,NUMPY_BATCHED_INVERSE_NTT_INTEGER_CRT,2,COMPLETE,OBSERVED_PATTERN,True,,,,,,181466112,3.039861584082246,0.25736679299734533,0.223412119,0.090649037,0.004783711978234351,0.02129071502176565,0.008815440000034869,0.34029435,,0.0,c3fd9c86bbc441f4e170d8c75189db0f271a4aaaaefeffffee315ea3b0aa0401,"{""N"": 84, ""source_family"": ""N96_INDUCED_TRANSITION_LADDER_V1"", ""graph_hash"": ""87e50f929aae0668d5104e5418201bb1a55e05f9990e161d8608b4272056b2f4"", ""source_hash"": ""a9276261b491353b7a97dfe6fa8053ce22f644b61fc21d0b3c8e160a13727b0c"", ""edges"": 183, ""degree_min"": 2, ""degree_max"": 5, ""degree_mean"": 4.357142857142857, ""degree_std"": 0.7342449497671083, ""components"": 1, ""component_sizes"": [84], ""max_component"": 84, ""local_assignments"": 19342813113834066795298816, ""minfill_width"": 22, ""minfill_work"": 15123219, ""minfill_order"": [60, 15, 20, 0, 6, 12, 32, 41, 51, 59, 64, 50, 34, 62, 11, 76, 82, 24, 3, 25, 33, 38, 48, 63, 67, 39, 8, 16, 47, 68, 19, 56, 37, 69, 55, 65, 7, 43, 2, 52, 40, 66, 17, 77, 22, 58, 72, 79, 42, 9, 61, 75, 10, 73, 78, 27, 74, 46, 57, 35, 36, 1, 4, 5, 13, 14, 18, 21, 23, 26, 28, 29, 30, 31, 44, 45, 49, 53, 54, 70, 71, 80, 81, 83], ""energy_bound"": 460, ""root_bound"": 512, ""crt_primes"": 3, ""arithmetic_burden"": 23229264384, ""coefficient_bound"": ""19342813113834066795298816"", ""coupling_multiplicities"": {""3"": 34, ""-1"": 35, ""-2"": 32, ""1"": 34, ""-3"": 24, ""2"": 24}, ""symmetry"": ""not assumed"", ""degree_signature"": [2, 3, 3, 3, 3, 3, 3, 3, 3, 3, 3, 4, 4, 4, 4, 4, 4, 4, 4, 4, 4, 4, 4, 4, 4, 4, 4, 4, 4, 4, 4, 4, 4, 4, 4, 4, 4, 4, 4, 4, 4, 4, 5, 5, 5, 5, 5, 5, 5, 5, 5, 5, 5, 5, 5, 5, 5, 5, 5, 5, 5, 5, 5, 5, 5, 5, 5, 5, 5, 5, 5, 5, 5, 5, 5, 5, 5, 5, 5, 5, 5, 5, 5, 5]}",5424144,"[62895, 62896, 62897, 62898, 62899, 62900, 62901, 62902, 62903, 62904, 62905, 62906, 62907, 62908]","[112, 112, 112, 112, 112, 112, 112, 112, 112, 112, 96, 96, 112, 112]",WARM_SAME_SOURCE,focused
fad608fe1a541847c57e048b,N084,a9276261b491353b7a97dfe6fa8053ce22f644b61fc21d0b3c8e160a13727b0c,87e50f929aae0668d5104e5418201bb1a55e05f9990e161d8608b4272056b2f4,N96_INDUCED_TRANSITION_LADDER_V1,f2f991d74dfbb2edf7f4475dcb7d82989de00a71e44bb11d4a6fbb49442577b6,"[0, 1, 2, 3]",d2c65cf4c9998ce9bb1fa374e5d7a11408e43719520899ed111db7fd0d82fad1,3a29e336f0a403c84cd6e7f48b42fa40655b54c6879e270dc39fde5bf40188ac,tie_portfolio,COOP14_MIG_BRANCH_GROUP,1d2a6f95014703ca171206e42701c52355b89dab08ba0a9b72b3d193a3b620d4,WARM_NEW_PLAN,FRESH_EXACT_SOLVE_WITH_INTERNAL_CHECKS_EXCLUDES_EXTERNAL_VERIFICATION,16,512,3,1,21,7767628,2097152,d5207e6b84fbabee961e83f3860a3bacaca585acd736c092903cacdfff692450,NUMPY_BATCHED_INVERSE_NTT_INTEGER_CRT,2,COMPLETE,OBSERVED_PATTERN,True,,,,,,1109322752,3.039861584082246,0.25736679299734533,0.136147052,0.046016675,0.004716586088761687,0.020339079911238313,0.011139128007926047,0.20739699,,0.0,6b30d0f8188dfa8df8109ec8fc4cf79f0c8bda204617ab1bc484e575f0c4f472,"{""N"": 84, ""source_family"": ""N96_INDUCED_TRANSITION_LADDER_V1"", ""graph_hash"": ""87e50f929aae0668d5104e5418201bb1a55e05f9990e161d8608b4272056b2f4"", ""source_hash"": ""a9276261b491353b7a97dfe6fa8053ce22f644b61fc21d0b3c8e160a13727b0c"", ""edges"": 183, ""degree_min"": 2, ""degree_max"": 5, ""degree_mean"": 4.357142857142857, ""degree_std"": 0.7342449497671083, ""components"": 1, ""component_sizes"": [84], ""max_component"": 84, ""local_assignments"": 19342813113834066795298816, ""minfill_width"": 22, ""minfill_work"": 15123219, ""minfill_order"": [60, 15, 20, 0, 6, 12, 32, 41, 51, 59, 64, 50, 34, 62, 11, 76, 82, 24, 3, 25, 33, 38, 48, 63, 67, 39, 8, 16, 47, 68, 19, 56, 37, 69, 55, 65, 7, 43, 2, 52, 40, 66, 17, 77, 22, 58, 72, 79, 42, 9, 61, 75, 10, 73, 78, 27, 74, 46, 57, 35, 36, 1, 4, 5, 13, 14, 18, 21, 23, 26, 28, 29, 30, 31, 44, 45, 49, 53, 54, 70, 71, 80, 81, 83], ""energy_bound"": 460, ""root_bound"": 512, ""crt_primes"": 3, ""arithmetic_burden"": 23229264384, ""coefficient_bound"": ""19342813113834066795298816"", ""coupling_multiplicities"": {""3"": 34, ""-1"": 35, ""-2"": 32, ""1"": 34, ""-3"": 24, ""2"": 24}, ""symmetry"": ""not assumed"", ""degree_signature"": [2, 3, 3, 3, 3, 3, 3, 3, 3, 3, 3, 4, 4, 4, 4, 4, 4, 4, 4, 4, 4, 4, 4, 4, 4, 4, 4, 4, 4, 4, 4, 4, 4, 4, 4, 4, 4, 4, 4, 4, 4, 4, 5, 5, 5, 5, 5, 5, 5, 5, 5, 5, 5, 5, 5, 5, 5, 5, 5, 5, 5, 5, 5, 5, 5, 5, 5, 5, 5, 5, 5, 5, 5, 5, 5, 5, 5, 5, 5, 5, 5, 5, 5, 5]}",88738704,"[62895, 62896, 62897, 62898, 62899, 62900, 62901, 62902, 62903, 62904, 62905, 62906, 62907, 62908]","[112, 112, 112, 112, 112, 112, 112, 112, 96, 112, 112, 96, 112, 112]",WARM_NEW_PLAN,focused
fad608fe1a541847c57e048b,N084,a9276261b491353b7a97dfe6fa8053ce22f644b61fc21d0b3c8e160a13727b0c,87e50f929aae0668d5104e5418201bb1a55e05f9990e161d8608b4272056b2f4,N96_INDUCED_TRANSITION_LADDER_V1,f2f991d74dfbb2edf7f4475dcb7d82989de00a71e44bb11d4a6fbb49442577b6,"[0, 1, 2, 3]",d2c65cf4c9998ce9bb1fa374e5d7a11408e43719520899ed111db7fd0d82fad1,3a29e336f0a403c84cd6e7f48b42fa40655b54c6879e270dc39fde5bf40188ac,tie_portfolio,COOP14_MIG_BRANCH_GROUP,1d2a6f95014703ca171206e42701c52355b89dab08ba0a9b72b3d193a3b620d4,WARM_SAME_SOURCE,FRESH_EXACT_SOLVE_WITH_INTERNAL_CHECKS_EXCLUDES_EXTERNAL_VERIFICATION,16,512,3,1,21,7767628,2097152,d5207e6b84fbabee961e83f3860a3bacaca585acd736c092903cacdfff692450,NUMPY_BATCHED_INVERSE_NTT_INTEGER_CRT,3,COMPLETE,OBSERVED_PATTERN,True,,,,,,1109322752,3.039861584082246,0.25736679299734533,0.177484142,0.047292013,0.004756704089231789,0.02115025591076821,0.007847048109397292,0.250845532,,0.0,6b30d0f8188dfa8df8109ec8fc4cf79f0c8bda204617ab1bc484e575f0c4f472,"{""N"": 84, ""source_family"": ""N96_INDUCED_TRANSITION_LADDER_V1"", ""graph_hash"": ""87e50f929aae0668d5104e5418201bb1a55e05f9990e161d8608b4272056b2f4"", ""source_hash"": ""a9276261b491353b7a97dfe6fa8053ce22f644b61fc21d0b3c8e160a13727b0c"", ""edges"": 183, ""degree_min"": 2, ""degree_max"": 5, ""degree_mean"": 4.357142857142857, ""degree_std"": 0.7342449497671083, ""components"": 1, ""component_sizes"": [84], ""max_component"": 84, ""local_assignments"": 19342813113834066795298816, ""minfill_width"": 22, ""minfill_work"": 15123219, ""minfill_order"": [60, 15, 20, 0, 6, 12, 32, 41, 51, 59, 64, 50, 34, 62, 11, 76, 82, 24, 3, 25, 33, 38, 48, 63, 67, 39, 8, 16, 47, 68, 19, 56, 37, 69, 55, 65, 7, 43, 2, 52, 40, 66, 17, 77, 22, 58, 72, 79, 42, 9, 61, 75, 10, 73, 78, 27, 74, 46, 57, 35, 36, 1, 4, 5, 13, 14, 18, 21, 23, 26, 28, 29, 30, 31, 44, 45, 49, 53, 54, 70, 71, 80, 81, 83], ""energy_bound"": 460, ""root_bound"": 512, ""crt_primes"": 3, ""arithmetic_burden"": 23229264384, ""coefficient_bound"": ""19342813113834066795298816"", ""coupling_multiplicities"": {""3"": 34, ""-1"": 35, ""-2"": 32, ""1"": 34, ""-3"": 24, ""2"": 24}, ""symmetry"": ""not assumed"", ""degree_signature"": [2, 3, 3, 3, 3, 3, 3, 3, 3, 3, 3, 4, 4, 4, 4, 4, 4, 4, 4, 4, 4, 4, 4, 4, 4, 4, 4, 4, 4, 4, 4, 4, 4, 4, 4, 4, 4, 4, 4, 4, 4, 4, 5, 5, 5, 5, 5, 5, 5, 5, 5, 5, 5, 5, 5, 5, 5, 5, 5, 5, 5, 5, 5, 5, 5, 5, 5, 5, 5, 5, 5, 5, 5, 5, 5, 5, 5, 5, 5, 5, 5, 5, 5, 5]}",88738704,"[62895, 62896, 62897, 62898, 62899, 62900, 62901, 62902, 62903, 62904, 62905, 62906, 62907, 62908]","[112, 112, 112, 112, 96, 112, 112, 112, 112, 112, 96, 112, 112, 112]",WARM_SAME_SOURCE,focused
fad608fe1a541847c57e048b,N084,a9276261b491353b7a97dfe6fa8053ce22f644b61fc21d0b3c8e160a13727b0c,87e50f929aae0668d5104e5418201bb1a55e05f9990e161d8608b4272056b2f4,N96_INDUCED_TRANSITION_LADDER_V1,f2f991d74dfbb2edf7f4475dcb7d82989de00a71e44bb11d4a6fbb49442577b6,"[0, 1, 2, 3]",df459afe4918c4a5d2601a5fc00975c11aee6d4fd21a1ef6c4aa65578eb9404b,9f27ccc3889c6e14860e169491c096f1b7f9264d9e9daa25ad5d912e43e99648,expanded_portfolio,COOP14_MIG_BRANCH_GROUP,1d2a6f95014703ca171206e42701c52355b89dab08ba0a9b72b3d193a3b620d4,WARM_NEW_PLAN,FRESH_EXACT_SOLVE_WITH_INTERNAL_CHECKS_EXCLUDES_EXTERNAL_VERIFICATION,16,512,3,8,16,4066208,65536,d5207e6b84fbabee961e83f3860a3bacaca585acd736c092903cacdfff692450,NUMPY_BATCHED_INVERSE_NTT_INTEGER_CRT,3,COMPLETE,OBSERVED_PATTERN,True,,,,,,181466112,3.039861584082246,0.25736679299734533,0.236227217,0.090067347,0.00479617400560528,0.02131026299439472,0.010247503989376128,0.352575168,,0.0,c3fd9c86bbc441f4e170d8c75189db0f271a4aaaaefeffffee315ea3b0aa0401,"{""N"": 84, ""source_family"": ""N96_INDUCED_TRANSITION_LADDER_V1"", ""graph_hash"": ""87e50f929aae0668d5104e5418201bb1a55e05f9990e161d8608b4272056b2f4"", ""source_hash"": ""a9276261b491353b7a97dfe6fa8053ce22f644b61fc21d0b3c8e160a13727b0c"", ""edges"": 183, ""degree_min"": 2, ""degree_max"": 5, ""degree_mean"": 4.357142857142857, ""degree_std"": 0.7342449497671083, ""components"": 1, ""component_sizes"": [84], ""max_component"": 84, ""local_assignments"": 19342813113834066795298816, ""minfill_width"": 22, ""minfill_work"": 15123219, ""minfill_order"": [60, 15, 20, 0, 6, 12, 32, 41, 51, 59, 64, 50, 34, 62, 11, 76, 82, 24, 3, 25, 33, 38, 48, 63, 67, 39, 8, 16, 47, 68, 19, 56, 37, 69, 55, 65, 7, 43, 2, 52, 40, 66, 17, 77, 22, 58, 72, 79, 42, 9, 61, 75, 10, 73, 78, 27, 74, 46, 57, 35, 36, 1, 4, 5, 13, 14, 18, 21, 23, 26, 28, 29, 30, 31, 44, 45, 49, 53, 54, 70, 71, 80, 81, 83], ""energy_bound"": 460, ""root_bound"": 512, ""crt_primes"": 3, ""arithmetic_burden"": 23229264384, ""coefficient_bound"": ""19342813113834066795298816"", ""coupling_multiplicities"": {""3"": 34, ""-1"": 35, ""-2"": 32, ""1"": 34, ""-3"": 24, ""2"": 24}, ""symmetry"": ""not assumed"", ""degree_signature"": [2, 3, 3, 3, 3, 3, 3, 3, 3, 3, 3, 4, 4, 4, 4, 4, 4, 4, 4, 4, 4, 4, 4, 4, 4, 4, 4, 4, 4, 4, 4, 4, 4, 4, 4, 4, 4, 4, 4, 4, 4, 4, 5, 5, 5, 5, 5, 5, 5, 5, 5, 5, 5, 5, 5, 5, 5, 5, 5, 5, 5, 5, 5, 5, 5, 5, 5, 5, 5, 5, 5, 5, 5, 5, 5, 5, 5, 5, 5, 5, 5, 5, 5, 5]}",5424144,"[62895, 62896, 62897, 62898, 62899, 62900, 62901, 62902, 62903, 62904, 62905, 62906, 62907, 62908]","[112, 112, 112, 112, 96, 112, 112, 112, 112, 112, 112, 112, 112, 96]",WARM_NEW_PLAN,focused
656b319c978448374b81284d,N100_gauge,42c452fa693d1ad60ac7fc9d3a81f59829dfe174216303b8233ef35fe7b5e84e,c62eb2201d2340f94936ce9409a2512b6eaffe942047bcd56cb2e9c704863dd1,N100_P2_PACKET_PLUS_DEPTH_V1 -> explicit gauge,46f1f2fd7b1710ed745060e45f24f9db60f681e8010208e52e657f6e531da178,"[0, 1, 60, 61]",d69bd6258512ad66c4e76cc837633ff7a602bb0b4177a9b0afd9035e929dc008,,components,LOCAL_FLINT_CPU,LOCAL_SINGLE_COORDINATOR_FLINT_CPU,WARM_NEW_SOURCE,FRESH_EXACT_SOLVE_WITH_INTERNAL_CHECKS_EXCLUDES_EXTERNAL_VERIFICATION,0,0,0,1,14,165920,16384,d5207e6b84fbabee961e83f3860a3bacaca585acd736c092903cacdfff692450,FLINT_EXACT_POLYNOMIAL,0,COMPLETE,OBSERVED_PATTERN,True,166048,0,0,CPU exact route includes its native polynomial readout/count checks; independently timed external verification excluded; no subprocess startup,deterministic retained-port-aware elimination or explicit component enumeration,,0.008361467975191772,0.0,0.0,0.0,,0.0,0.0029152670176699758,0.2239073000382632,0.2239073000382632,0.0,45ae55d159c40898521456621459eac673cf146e56c2bd155b7165d77cadb992,"{""N"": 100, ""source_family"": ""POD14_GAUGE_VARIANT"", ""graph_hash"": ""c62eb2201d2340f94936ce9409a2512b6eaffe942047bcd56cb2e9c704863dd1"", ""source_hash"": ""42c452fa693d1ad60ac7fc9d3a81f59829dfe174216303b8233ef35fe7b5e84e"", ""edges"": 260, ""degree_min"": 4, ""degree_max"": 6, ""degree_mean"": 5.2, ""degree_std"": 0.5099019513592785, ""components"": 8, ""component_sizes"": [5, 10, 10, 15, 15, 15, 15, 15], ""max_component"": 15, ""local_assignments"": 165920, ""minfill_width"": 5, ""minfill_work"": 2168, ""minfill_order"": [39, 40, 41, 86, 87, 0, 1, 2, 60, 61, 3, 4, 5, 62, 63, 6, 7, 8, 64, 65, 9, 10, 11, 66, 67, 12, 13, 14, 68, 69, 15, 16, 17, 70, 36, 37, 38, 71, 84, 85, 18, 19, 20, 72, 42, 43, 44, 73, 88, 89, 21, 22, 23, 74, 45, 46, 47, 75, 90, 91, 24, 25, 26, 76, 48, 49, 50, 77, 92, 93, 27, 28, 29, 78, 51, 52, 53, 79, 94, 95, 30, 31, 32, 80, 54, 55, 56, 81, 96, 97, 33, 34, 35, 82, 57, 58, 59, 83, 98, 99], ""energy_bound"": 260, ""root_bound"": 512, ""crt_primes"": 4, ""arithmetic_burden"": 4440064, ""coefficient_bound"": ""1267650600228229401496703205376"", ""coupling_multiplicities"": {""1"": 138, ""-1"": 122}, ""symmetry"": ""not assumed"", ""degree_signature"": [4, 4, 4, 4, 4, 5, 5, 5, 5, 5, 5, 5, 5, 5, 5, 5, 5, 5, 5, 5, 5, 5, 5, 5, 5, 5, 5, 5, 5, 5, 5, 5, 5, 5, 5, 5, 5, 5, 5, 5, 5, 5, 5, 5, 5, 5, 5, 5, 5, 5, 5, 5, 5, 5, 5, 5, 5, 5, 5, 5, 5, 5, 5, 5, 5, 5, 5, 5, 5, 5, 5, 5, 5, 5, 5, 6, 6, 6, 6, 6, 6, 6, 6, 6, 6, 6, 6, 6, 6, 6, 6, 6, 6, 6, 6, 6, 6, 6, 6, 6]}",,,,,
656b319c978448374b81284d,N100_gauge,42c452fa693d1ad60ac7fc9d3a81f59829dfe174216303b8233ef35fe7b5e84e,c62eb2201d2340f94936ce9409a2512b6eaffe942047bcd56cb2e9c704863dd1,N100_P2_PACKET_PLUS_DEPTH_V1 -> explicit gauge,46f1f2fd7b1710ed745060e45f24f9db60f681e8010208e52e657f6e531da178,"[0, 1, 60, 61]",493472f62777b19ea0494bbace23c44bbdd844acbcc9e46853c1ad48d1b6af41,,variable_elimination,LOCAL_FLINT_CPU,LOCAL_SINGLE_COORDINATOR_FLINT_CPU,WARM_NEW_SOURCE,FRESH_EXACT_SOLVE_WITH_INTERNAL_CHECKS_EXCLUDES_EXTERNAL_VERIFICATION,0,0,0,1,5,2153,32,d5207e6b84fbabee961e83f3860a3bacaca585acd736c092903cacdfff692450,FLINT_EXACT_POLYNOMIAL,0,COMPLETE,OBSERVED_PATTERN,True,26658,0,0,CPU exact route includes its native polynomial readout/count checks; independently timed external verification excluded; no subprocess startup,deterministic retained-port-aware elimination or explicit component enumeration,,0.008361467975191772,0.0,0.0,0.0,,0.0,0.0023971860064193606,0.023155031027272344,0.023155031027272344,0.0,45ae55d159c40898521456621459eac673cf146e56c2bd155b7165d77cadb992,"{""N"": 100, ""source_family"": ""POD14_GAUGE_VARIANT"", ""graph_hash"": ""c62eb2201d2340f94936ce9409a2512b6eaffe942047bcd56cb2e9c704863dd1"", ""source_hash"": ""42c452fa693d1ad60ac7fc9d3a81f59829dfe174216303b8233ef35fe7b5e84e"", ""edges"": 260, ""degree_min"": 4, ""degree_max"": 6, ""degree_mean"": 5.2, ""degree_std"": 0.5099019513592785, ""components"": 8, ""component_sizes"": [5, 10, 10, 15, 15, 15, 15, 15], ""max_component"": 15, ""local_assignments"": 165920, ""minfill_width"": 5, ""minfill_work"": 2168, ""minfill_order"": [39, 40, 41, 86, 87, 0, 1, 2, 60, 61, 3, 4, 5, 62, 63, 6, 7, 8, 64, 65, 9, 10, 11, 66, 67, 12, 13, 14, 68, 69, 15, 16, 17, 70, 36, 37, 38, 71, 84, 85, 18, 19, 20, 72, 42, 43, 44, 73, 88, 89, 21, 22, 23, 74, 45, 46, 47, 75, 90, 91, 24, 25, 26, 76, 48, 49, 50, 77, 92, 93, 27, 28, 29, 78, 51, 52, 53, 79, 94, 95, 30, 31, 32, 80, 54, 55, 56, 81, 96, 97, 33, 34, 35, 82, 57, 58, 59, 83, 98, 99], ""energy_bound"": 260, ""root_bound"": 512, ""crt_primes"": 4, ""arithmetic_burden"": 4440064, ""coefficient_bound"": ""1267650600228229401496703205376"", ""coupling_multiplicities"": {""1"": 138, ""-1"": 122}, ""symmetry"": ""not assumed"", ""degree_signature"": [4, 4, 4, 4, 4, 5, 5, 5, 5, 5, 5, 5, 5, 5, 5, 5, 5, 5, 5, 5, 5, 5, 5, 5, 5, 5, 5, 5, 5, 5, 5, 5, 5, 5, 5, 5, 5, 5, 5, 5, 5, 5, 5, 5, 5, 5, 5, 5, 5, 5, 5, 5, 5, 5, 5, 5, 5, 5, 5, 5, 5, 5, 5, 5, 5, 5, 5, 5, 5, 5, 5, 5, 5, 5, 5, 6, 6, 6, 6, 6, 6, 6, 6, 6, 6, 6, 6, 6, 6, 6, 6, 6, 6, 6, 6, 6, 6, 6, 6, 6]}",,,,,
656b319c978448374b81284d,N100_gauge,42c452fa693d1ad60ac7fc9d3a81f59829dfe174216303b8233ef35fe7b5e84e,c62eb2201d2340f94936ce9409a2512b6eaffe942047bcd56cb2e9c704863dd1,N100_P2_PACKET_PLUS_DEPTH_V1 -> explicit gauge,46f1f2fd7b1710ed745060e45f24f9db60f681e8010208e52e657f6e531da178,"[0, 1, 60, 61]",493472f62777b19ea0494bbace23c44bbdd844acbcc9e46853c1ad48d1b6af41,,variable_elimination,LOCAL_FLINT_CPU,LOCAL_SINGLE_COORDINATOR_FLINT_CPU,WARM_SAME_SOURCE,FRESH_EXACT_SOLVE_WITH_INTERNAL_CHECKS_EXCLUDES_EXTERNAL_VERIFICATION,0,0,0,1,5,2153,32,d5207e6b84fbabee961e83f3860a3bacaca585acd736c092903cacdfff692450,FLINT_EXACT_POLYNOMIAL,1,COMPLETE,OBSERVED_PATTERN,True,26658,0,0,CPU exact route includes its native polynomial readout/count checks; independently timed external verification excluded; no subprocess startup,deterministic retained-port-aware elimination or explicit component enumeration,,0.008361467975191772,0.0,0.0,0.0,,0.0,0.0024230070412158966,0.0230071620317176,0.0230071620317176,0.0,45ae55d159c40898521456621459eac673cf146e56c2bd155b7165d77cadb992,"{""N"": 100, ""source_family"": ""POD14_GAUGE_VARIANT"", ""graph_hash"": ""c62eb2201d2340f94936ce9409a2512b6eaffe942047bcd56cb2e9c704863dd1"", ""source_hash"": ""42c452fa693d1ad60ac7fc9d3a81f59829dfe174216303b8233ef35fe7b5e84e"", ""edges"": 260, ""degree_min"": 4, ""degree_max"": 6, ""degree_mean"": 5.2, ""degree_std"": 0.5099019513592785, ""components"": 8, ""component_sizes"": [5, 10, 10, 15, 15, 15, 15, 15], ""max_component"": 15, ""local_assignments"": 165920, ""minfill_width"": 5, ""minfill_work"": 2168, ""minfill_order"": [39, 40, 41, 86, 87, 0, 1, 2, 60, 61, 3, 4, 5, 62, 63, 6, 7, 8, 64, 65, 9, 10, 11, 66, 67, 12, 13, 14, 68, 69, 15, 16, 17, 70, 36, 37, 38, 71, 84, 85, 18, 19, 20, 72, 42, 43, 44, 73, 88, 89, 21, 22, 23, 74, 45, 46, 47, 75, 90, 91, 24, 25, 26, 76, 48, 49, 50, 77, 92, 93, 27, 28, 29, 78, 51, 52, 53, 79, 94, 95, 30, 31, 32, 80, 54, 55, 56, 81, 96, 97, 33, 34, 35, 82, 57, 58, 59, 83, 98, 99], ""energy_bound"": 260, ""root_bound"": 512, ""crt_primes"": 4, ""arithmetic_burden"": 4440064, ""coefficient_bound"": ""1267650600228229401496703205376"", ""coupling_multiplicities"": {""1"": 138, ""-1"": 122}, ""symmetry"": ""not assumed"", ""degree_signature"": [4, 4, 4, 4, 4, 5, 5, 5, 5, 5, 5, 5, 5, 5, 5, 5, 5, 5, 5, 5, 5, 5, 5, 5, 5, 5, 5, 5, 5, 5, 5, 5, 5, 5, 5, 5, 5, 5, 5, 5, 5, 5, 5, 5, 5, 5, 5, 5, 5, 5, 5, 5, 5, 5, 5, 5, 5, 5, 5, 5, 5, 5, 5, 5, 5, 5, 5, 5, 5, 5, 5, 5, 5, 5, 5, 6, 6, 6, 6, 6, 6, 6, 6, 6, 6, 6, 6, 6, 6, 6, 6, 6, 6, 6, 6, 6, 6, 6, 6, 6]}",,,,,
656b319c978448374b81284d,N100_gauge,42c452fa693d1ad60ac7fc9d3a81f59829dfe174216303b8233ef35fe7b5e84e,c62eb2201d2340f94936ce9409a2512b6eaffe942047bcd56cb2e9c704863dd1,N100_P2_PACKET_PLUS_DEPTH_V1 -> explicit gauge,46f1f2fd7b1710ed745060e45f24f9db60f681e8010208e52e657f6e531da178,"[0, 1, 60, 61]",d69bd6258512ad66c4e76cc837633ff7a602bb0b4177a9b0afd9035e929dc008,,components,LOCAL_FLINT_CPU,LOCAL_SINGLE_COORDINATOR_FLINT_CPU,WARM_SAME_SOURCE,FRESH_EXACT_SOLVE_WITH_INTERNAL_CHECKS_EXCLUDES_EXTERNAL_VERIFICATION,0,0,0,1,14,165920,16384,d5207e6b84fbabee961e83f3860a3bacaca585acd736c092903cacdfff692450,FLINT_EXACT_POLYNOMIAL,1,COMPLETE,OBSERVED_PATTERN,True,166048,0,0,CPU exact route includes its native polynomial readout/count checks; independently timed external verification excluded; no subprocess startup,deterministic retained-port-aware elimination or explicit component enumeration,,0.008361467975191772,0.0,0.0,0.0,,0.0,0.0029378270264714956,0.2217818379867822,0.2217818379867822,0.0,45ae55d159c40898521456621459eac673cf146e56c2bd155b7165d77cadb992,"{""N"": 100, ""source_family"": ""POD14_GAUGE_VARIANT"", ""graph_hash"": ""c62eb2201d2340f94936ce9409a2512b6eaffe942047bcd56cb2e9c704863dd1"", ""source_hash"": ""42c452fa693d1ad60ac7fc9d3a81f59829dfe174216303b8233ef35fe7b5e84e"", ""edges"": 260, ""degree_min"": 4, ""degree_max"": 6, ""degree_mean"": 5.2, ""degree_std"": 0.5099019513592785, ""components"": 8, ""component_sizes"": [5, 10, 10, 15, 15, 15, 15, 15], ""max_component"": 15, ""local_assignments"": 165920, ""minfill_width"": 5, ""minfill_work"": 2168, ""minfill_order"": [39, 40, 41, 86, 87, 0, 1, 2, 60, 61, 3, 4, 5, 62, 63, 6, 7, 8, 64, 65, 9, 10, 11, 66, 67, 12, 13, 14, 68, 69, 15, 16, 17, 70, 36, 37, 38, 71, 84, 85, 18, 19, 20, 72, 42, 43, 44, 73, 88, 89, 21, 22, 23, 74, 45, 46, 47, 75, 90, 91, 24, 25, 26, 76, 48, 49, 50, 77, 92, 93, 27, 28, 29, 78, 51, 52, 53, 79, 94, 95, 30, 31, 32, 80, 54, 55, 56, 81, 96, 97, 33, 34, 35, 82, 57, 58, 59, 83, 98, 99], ""energy_bound"": 260, ""root_bound"": 512, ""crt_primes"": 4, ""arithmetic_burden"": 4440064, ""coefficient_bound"": ""1267650600228229401496703205376"", ""coupling_multiplicities"": {""1"": 138, ""-1"": 122}, ""symmetry"": ""not assumed"", ""degree_signature"": [4, 4, 4, 4, 4, 5, 5, 5, 5, 5, 5, 5, 5, 5, 5, 5, 5, 5, 5, 5, 5, 5, 5, 5, 5, 5, 5, 5, 5, 5, 5, 5, 5, 5, 5, 5, 5, 5, 5, 5, 5, 5, 5, 5, 5, 5, 5, 5, 5, 5, 5, 5, 5, 5, 5, 5, 5, 5, 5, 5, 5, 5, 5, 5, 5, 5, 5, 5, 5, 5, 5, 5, 5, 5, 5, 6, 6, 6, 6, 6, 6, 6, 6, 6, 6, 6, 6, 6, 6, 6, 6, 6, 6, 6, 6, 6, 6, 6, 6, 6]}",,,,,
656b319c978448374b81284d,N100_gauge,42c452fa693d1ad60ac7fc9d3a81f59829dfe174216303b8233ef35fe7b5e84e,c62eb2201d2340f94936ce9409a2512b6eaffe942047bcd56cb2e9c704863dd1,N100_P2_PACKET_PLUS_DEPTH_V1 -> explicit gauge,46f1f2fd7b1710ed745060e45f24f9db60f681e8010208e52e657f6e531da178,"[0, 1, 60, 61]",d69bd6258512ad66c4e76cc837633ff7a602bb0b4177a9b0afd9035e929dc008,,components,LOCAL_FLINT_CPU,LOCAL_SINGLE_COORDINATOR_FLINT_CPU,WARM_SAME_SOURCE,FRESH_EXACT_SOLVE_WITH_INTERNAL_CHECKS_EXCLUDES_EXTERNAL_VERIFICATION,0,0,0,1,14,165920,16384,d5207e6b84fbabee961e83f3860a3bacaca585acd736c092903cacdfff692450,FLINT_EXACT_POLYNOMIAL,2,COMPLETE,OBSERVED_PATTERN,True,166048,0,0,CPU exact route includes its native polynomial readout/count checks; independently timed external verification excluded; no subprocess startup,deterministic retained-port-aware elimination or explicit component enumeration,,0.008361467975191772,0.0,0.0,0.0,,0.0,0.002949276939034462,0.22428894299082458,0.22428894299082458,0.0,45ae55d159c40898521456621459eac673cf146e56c2bd155b7165d77cadb992,"{""N"": 100, ""source_family"": ""POD14_GAUGE_VARIANT"", ""graph_hash"": ""c62eb2201d2340f94936ce9409a2512b6eaffe942047bcd56cb2e9c704863dd1"", ""source_hash"": ""42c452fa693d1ad60ac7fc9d3a81f59829dfe174216303b8233ef35fe7b5e84e"", ""edges"": 260, ""degree_min"": 4, ""degree_max"": 6, ""degree_mean"": 5.2, ""degree_std"": 0.5099019513592785, ""components"": 8, ""component_sizes"": [5, 10, 10, 15, 15, 15, 15, 15], ""max_component"": 15, ""local_assignments"": 165920, ""minfill_width"": 5, ""minfill_work"": 2168, ""minfill_order"": [39, 40, 41, 86, 87, 0, 1, 2, 60, 61, 3, 4, 5, 62, 63, 6, 7, 8, 64, 65, 9, 10, 11, 66, 67, 12, 13, 14, 68, 69, 15, 16, 17, 70, 36, 37, 38, 71, 84, 85, 18, 19, 20, 72, 42, 43, 44, 73, 88, 89, 21, 22, 23, 74, 45, 46, 47, 75, 90, 91, 24, 25, 26, 76, 48, 49, 50, 77, 92, 93, 27, 28, 29, 78, 51, 52, 53, 79, 94, 95, 30, 31, 32, 80, 54, 55, 56, 81, 96, 97, 33, 34, 35, 82, 57, 58, 59, 83, 98, 99], ""energy_bound"": 260, ""root_bound"": 512, ""crt_primes"": 4, ""arithmetic_burden"": 4440064, ""coefficient_bound"": ""1267650600228229401496703205376"", ""coupling_multiplicities"": {""1"": 138, ""-1"": 122}, ""symmetry"": ""not assumed"", ""degree_signature"": [4, 4, 4, 4, 4, 5, 5, 5, 5, 5, 5, 5, 5, 5, 5, 5, 5, 5, 5, 5, 5, 5, 5, 5, 5, 5, 5, 5, 5, 5, 5, 5, 5, 5, 5, 5, 5, 5, 5, 5, 5, 5, 5, 5, 5, 5, 5, 5, 5, 5, 5, 5, 5, 5, 5, 5, 5, 5, 5, 5, 5, 5, 5, 5, 5, 5, 5, 5, 5, 5, 5, 5, 5, 5, 5, 6, 6, 6, 6, 6, 6, 6, 6, 6, 6, 6, 6, 6, 6, 6, 6, 6, 6, 6, 6, 6, 6, 6, 6, 6]}",,,,,
656b319c978448374b81284d,N100_gauge,42c452fa693d1ad60ac7fc9d3a81f59829dfe174216303b8233ef35fe7b5e84e,c62eb2201d2340f94936ce9409a2512b6eaffe942047bcd56cb2e9c704863dd1,N100_P2_PACKET_PLUS_DEPTH_V1 -> explicit gauge,46f1f2fd7b1710ed745060e45f24f9db60f681e8010208e52e657f6e531da178,"[0, 1, 60, 61]",493472f62777b19ea0494bbace23c44bbdd844acbcc9e46853c1ad48d1b6af41,,variable_elimination,LOCAL_FLINT_CPU,LOCAL_SINGLE_COORDINATOR_FLINT_CPU,WARM_SAME_SOURCE,FRESH_EXACT_SOLVE_WITH_INTERNAL_CHECKS_EXCLUDES_EXTERNAL_VERIFICATION,0,0,0,1,5,2153,32,d5207e6b84fbabee961e83f3860a3bacaca585acd736c092903cacdfff692450,FLINT_EXACT_POLYNOMIAL,2,COMPLETE,OBSERVED_PATTERN,True,26658,0,0,CPU exact route includes its native polynomial readout/count checks; independently timed external verification excluded; no subprocess startup,deterministic retained-port-aware elimination or explicit component enumeration,,0.008361467975191772,0.0,0.0,0.0,,0.0,0.0023880769731476903,0.02291134395636618,0.02291134395636618,0.0,45ae55d159c40898521456621459eac673cf146e56c2bd155b7165d77cadb992,"{""N"": 100, ""source_family"": ""POD14_GAUGE_VARIANT"", ""graph_hash"": ""c62eb2201d2340f94936ce9409a2512b6eaffe942047bcd56cb2e9c704863dd1"", ""source_hash"": ""42c452fa693d1ad60ac7fc9d3a81f59829dfe174216303b8233ef35fe7b5e84e"", ""edges"": 260, ""degree_min"": 4, ""degree_max"": 6, ""degree_mean"": 5.2, ""degree_std"": 0.5099019513592785, ""components"": 8, ""component_sizes"": [5, 10, 10, 15, 15, 15, 15, 15], ""max_component"": 15, ""local_assignments"": 165920, ""minfill_width"": 5, ""minfill_work"": 2168, ""minfill_order"": [39, 40, 41, 86, 87, 0, 1, 2, 60, 61, 3, 4, 5, 62, 63, 6, 7, 8, 64, 65, 9, 10, 11, 66, 67, 12, 13, 14, 68, 69, 15, 16, 17, 70, 36, 37, 38, 71, 84, 85, 18, 19, 20, 72, 42, 43, 44, 73, 88, 89, 21, 22, 23, 74, 45, 46, 47, 75, 90, 91, 24, 25, 26, 76, 48, 49, 50, 77, 92, 93, 27, 28, 29, 78, 51, 52, 53, 79, 94, 95, 30, 31, 32, 80, 54, 55, 56, 81, 96, 97, 33, 34, 35, 82, 57, 58, 59, 83, 98, 99], ""energy_bound"": 260, ""root_bound"": 512, ""crt_primes"": 4, ""arithmetic_burden"": 4440064, ""coefficient_bound"": ""1267650600228229401496703205376"", ""coupling_multiplicities"": {""1"": 138, ""-1"": 122}, ""symmetry"": ""not assumed"", ""degree_signature"": [4, 4, 4, 4, 4, 5, 5, 5, 5, 5, 5, 5, 5, 5, 5, 5, 5, 5, 5, 5, 5, 5, 5, 5, 5, 5, 5, 5, 5, 5, 5, 5, 5, 5, 5, 5, 5, 5, 5, 5, 5, 5, 5, 5, 5, 5, 5, 5, 5, 5, 5, 5, 5, 5, 5, 5, 5, 5, 5, 5, 5, 5, 5, 5, 5, 5, 5, 5, 5, 5, 5, 5, 5, 5, 5, 6, 6, 6, 6, 6, 6, 6, 6, 6, 6, 6, 6, 6, 6, 6, 6, 6, 6, 6, 6, 6, 6, 6, 6, 6]}",,,,,
fc94e6df0d84dfeb06504917,N090,6b3e60db691983154e059577c5a5e4ad912c1b3e9347d81507a90c49fe59e463,6eb160420fa48047e1e8b134dd33e3fd7cdf46a24a92f216b327b4e2515fa9fd,N96_INDUCED_TRANSITION_LADDER_V1,f2f991d74dfbb2edf7f4475dcb7d82989de00a71e44bb11d4a6fbb49442577b6,"[0, 1, 2, 3]",d0fbd9c30f0ddd4afca8c2fad3d9e2eca42d5ea75dcaf6641a37b6d3f5ad0783,85b855a31f767bfadf02a46d1eb9145d05754020437aca5ef6718b99130d4602,fresh_min_fill,COOP14_MIG_BRANCH_GROUP,1d2a6f95014703ca171206e42701c52355b89dab08ba0a9b72b3d193a3b620d4,WARM_SAME_SOURCE,FRESH_EXACT_SOLVE_WITH_INTERNAL_CHECKS_EXCLUDES_EXTERNAL_VERIFICATION,16,1024,4,32,18,58879232,262144,d5207e6b84fbabee961e83f3860a3bacaca585acd736c092903cacdfff692450,NUMPY_BATCHED_INVERSE_NTT_INTEGER_CRT,1,COMPLETE,OBSERVED_PATTERN,True,,,,,,262880768,0.3613709480268881,0.04753361805342138,0.79641494,1.02362098,0.005275754956528544,0.015664025043471457,0.008911408018320799,1.841129338,,0.0,9c0fa4186a9acf3cbe491cac1da1a4dbb77efe64bb7917685fcdf0426acfd661,"{""N"": 90, ""source_family"": ""N96_INDUCED_TRANSITION_LADDER_V1"", ""graph_hash"": ""6eb160420fa48047e1e8b134dd33e3fd7cdf46a24a92f216b327b4e2515fa9fd"", ""source_hash"": ""6b3e60db691983154e059577c5a5e4ad912c1b3e9347d81507a90c49fe59e463"", ""edges"": 210, ""degree_min"": 2, ""degree_max"": 5, ""degree_mean"": 4.666666666666667, ""degree_std"": 0.5962847939999439, ""components"": 1, ""component_sizes"": [90], ""max_component"": 90, ""local_assignments"": 1237940039285380274899124224, ""minfill_width"": 28, ""minfill_work"": 951809499, ""minfill_order"": [60, 0, 20, 41, 15, 16, 34, 3, 12, 22, 25, 33, 48, 51, 59, 67, 81, 50, 68, 77, 11, 14, 23, 39, 63, 76, 78, 32, 6, 8, 38, 37, 4, 42, 61, 79, 52, 58, 31, 47, 84, 19, 73, 13, 17, 29, 55, 7, 89, 62, 9, 40, 2, 86, 10, 88, 46, 30, 75, 36, 69, 1, 5, 18, 21, 24, 26, 27, 28, 35, 43, 44, 45, 49, 53, 54, 56, 57, 64, 65, 66, 70, 71, 72, 74, 80, 82, 83, 85, 87], ""energy_bound"": 521, ""root_bound"": 1024, ""crt_primes"": 4, ""arithmetic_burden"": 3898611707904, ""coefficient_bound"": ""1237940039285380274899124224"", ""coupling_multiplicities"": {""3"": 40, ""-1"": 40, ""-2"": 37, ""1"": 39, ""-3"": 27, ""2"": 27}, ""symmetry"": ""not assumed"", ""degree_signature"": [2, 3, 3, 3, 4, 4, 4, 4, 4, 4, 4, 4, 4, 4, 4, 4, 4, 4, 4, 4, 4, 4, 4, 4, 4, 5, 5, 5, 5, 5, 5, 5, 5, 5, 5, 5, 5, 5, 5, 5, 5, 5, 5, 5, 5, 5, 5, 5, 5, 5, 5, 5, 5, 5, 5, 5, 5, 5, 5, 5, 5, 5, 5, 5, 5, 5, 5, 5, 5, 5, 5, 5, 5, 5, 5, 5, 5, 5, 5, 5, 5, 5, 5, 5, 5, 5, 5, 5, 5, 5]}",20657072,"[64180, 64181, 64182, 64183, 64184, 64185, 64186, 64187, 64188, 64189, 64190, 64191, 64192, 64193]","[288, 288, 304, 288, 304, 288, 288, 288, 304, 304, 288, 288, 288, 288]",WARM_SAME_SOURCE,focused
fc94e6df0d84dfeb06504917,N090,6b3e60db691983154e059577c5a5e4ad912c1b3e9347d81507a90c49fe59e463,6eb160420fa48047e1e8b134dd33e3fd7cdf46a24a92f216b327b4e2515fa9fd,N96_INDUCED_TRANSITION_LADDER_V1,f2f991d74dfbb2edf7f4475dcb7d82989de00a71e44bb11d4a6fbb49442577b6,"[0, 1, 2, 3]",d0fbd9c30f0ddd4afca8c2fad3d9e2eca42d5ea75dcaf6641a37b6d3f5ad0783,85b855a31f767bfadf02a46d1eb9145d05754020437aca5ef6718b99130d4602,fresh_min_fill,COOP14_MIG_BRANCH_GROUP,1d2a6f95014703ca171206e42701c52355b89dab08ba0a9b72b3d193a3b620d4,WARM_SAME_SOURCE,FRESH_EXACT_SOLVE_WITH_INTERNAL_CHECKS_EXCLUDES_EXTERNAL_VERIFICATION,16,1024,4,32,18,58879232,262144,d5207e6b84fbabee961e83f3860a3bacaca585acd736c092903cacdfff692450,NUMPY_BATCHED_INVERSE_NTT_INTEGER_CRT,2,COMPLETE,OBSERVED_PATTERN,True,,,,,,262880768,0.3613709480268881,0.04753361805342138,0.737306381,1.025431088,0.012908195960335433,0.03175560403966456,0.0093069220893085,1.807669834,,0.0,9c0fa4186a9acf3cbe491cac1da1a4dbb77efe64bb7917685fcdf0426acfd661,"{""N"": 90, ""source_family"": ""N96_INDUCED_TRANSITION_LADDER_V1"", ""graph_hash"": ""6eb160420fa48047e1e8b134dd33e3fd7cdf46a24a92f216b327b4e2515fa9fd"", ""source_hash"": ""6b3e60db691983154e059577c5a5e4ad912c1b3e9347d81507a90c49fe59e463"", ""edges"": 210, ""degree_min"": 2, ""degree_max"": 5, ""degree_mean"": 4.666666666666667, ""degree_std"": 0.5962847939999439, ""components"": 1, ""component_sizes"": [90], ""max_component"": 90, ""local_assignments"": 1237940039285380274899124224, ""minfill_width"": 28, ""minfill_work"": 951809499, ""minfill_order"": [60, 0, 20, 41, 15, 16, 34, 3, 12, 22, 25, 33, 48, 51, 59, 67, 81, 50, 68, 77, 11, 14, 23, 39, 63, 76, 78, 32, 6, 8, 38, 37, 4, 42, 61, 79, 52, 58, 31, 47, 84, 19, 73, 13, 17, 29, 55, 7, 89, 62, 9, 40, 2, 86, 10, 88, 46, 30, 75, 36, 69, 1, 5, 18, 21, 24, 26, 27, 28, 35, 43, 44, 45, 49, 53, 54, 56, 57, 64, 65, 66, 70, 71, 72, 74, 80, 82, 83, 85, 87], ""energy_bound"": 521, ""root_bound"": 1024, ""crt_primes"": 4, ""arithmetic_burden"": 3898611707904, ""coefficient_bound"": ""1237940039285380274899124224"", ""coupling_multiplicities"": {""3"": 40, ""-1"": 40, ""-2"": 37, ""1"": 39, ""-3"": 27, ""2"": 27}, ""symmetry"": ""not assumed"", ""degree_signature"": [2, 3, 3, 3, 4, 4, 4, 4, 4, 4, 4, 4, 4, 4, 4, 4, 4, 4, 4, 4, 4, 4, 4, 4, 4, 5, 5, 5, 5, 5, 5, 5, 5, 5, 5, 5, 5, 5, 5, 5, 5, 5, 5, 5, 5, 5, 5, 5, 5, 5, 5, 5, 5, 5, 5, 5, 5, 5, 5, 5, 5, 5, 5, 5, 5, 5, 5, 5, 5, 5, 5, 5, 5, 5, 5, 5, 5, 5, 5, 5, 5, 5, 5, 5, 5, 5, 5, 5, 5, 5]}",20657072,"[64180, 64181, 64182, 64183, 64184, 64185, 64186, 64187, 64188, 64189, 64190, 64191, 64192, 64193]","[304, 288, 288, 288, 288, 288, 304, 288, 304, 288, 304, 288, 288, 288]",WARM_SAME_SOURCE,focused
fc94e6df0d84dfeb06504917,N090,6b3e60db691983154e059577c5a5e4ad912c1b3e9347d81507a90c49fe59e463,6eb160420fa48047e1e8b134dd33e3fd7cdf46a24a92f216b327b4e2515fa9fd,N96_INDUCED_TRANSITION_LADDER_V1,f2f991d74dfbb2edf7f4475dcb7d82989de00a71e44bb11d4a6fbb49442577b6,"[0, 1, 2, 3]",d0fbd9c30f0ddd4afca8c2fad3d9e2eca42d5ea75dcaf6641a37b6d3f5ad0783,85b855a31f767bfadf02a46d1eb9145d05754020437aca5ef6718b99130d4602,fresh_min_fill,COOP14_MIG_BRANCH_GROUP,1d2a6f95014703ca171206e42701c52355b89dab08ba0a9b72b3d193a3b620d4,WARM_SAME_SOURCE,FRESH_EXACT_SOLVE_WITH_INTERNAL_CHECKS_EXCLUDES_EXTERNAL_VERIFICATION,16,1024,4,32,18,58879232,262144,d5207e6b84fbabee961e83f3860a3bacaca585acd736c092903cacdfff692450,NUMPY_BATCHED_INVERSE_NTT_INTEGER_CRT,3,COMPLETE,OBSERVED_PATTERN,True,,,,,,262880768,0.3613709480268881,0.04753361805342138,0.79585479,1.026327711,0.01285482698585838,0.050513204014141624,0.008385767927393317,1.885723119,,0.0,9c0fa4186a9acf3cbe491cac1da1a4dbb77efe64bb7917685fcdf0426acfd661,"{""N"": 90, ""source_family"": ""N96_INDUCED_TRANSITION_LADDER_V1"", ""graph_hash"": ""6eb160420fa48047e1e8b134dd33e3fd7cdf46a24a92f216b327b4e2515fa9fd"", ""source_hash"": ""6b3e60db691983154e059577c5a5e4ad912c1b3e9347d81507a90c49fe59e463"", ""edges"": 210, ""degree_min"": 2, ""degree_max"": 5, ""degree_mean"": 4.666666666666667, ""degree_std"": 0.5962847939999439, ""components"": 1, ""component_sizes"": [90], ""max_component"": 90, ""local_assignments"": 1237940039285380274899124224, ""minfill_width"": 28, ""minfill_work"": 951809499, ""minfill_order"": [60, 0, 20, 41, 15, 16, 34, 3, 12, 22, 25, 33, 48, 51, 59, 67, 81, 50, 68, 77, 11, 14, 23, 39, 63, 76, 78, 32, 6, 8, 38, 37, 4, 42, 61, 79, 52, 58, 31, 47, 84, 19, 73, 13, 17, 29, 55, 7, 89, 62, 9, 40, 2, 86, 10, 88, 46, 30, 75, 36, 69, 1, 5, 18, 21, 24, 26, 27, 28, 35, 43, 44, 45, 49, 53, 54, 56, 57, 64, 65, 66, 70, 71, 72, 74, 80, 82, 83, 85, 87], ""energy_bound"": 521, ""root_bound"": 1024, ""crt_primes"": 4, ""arithmetic_burden"": 3898611707904, ""coefficient_bound"": ""1237940039285380274899124224"", ""coupling_multiplicities"": {""3"": 40, ""-1"": 40, ""-2"": 37, ""1"": 39, ""-3"": 27, ""2"": 27}, ""symmetry"": ""not assumed"", ""degree_signature"": [2, 3, 3, 3, 4, 4, 4, 4, 4, 4, 4, 4, 4, 4, 4, 4, 4, 4, 4, 4, 4, 4, 4, 4, 4, 5, 5, 5, 5, 5, 5, 5, 5, 5, 5, 5, 5, 5, 5, 5, 5, 5, 5, 5, 5, 5, 5, 5, 5, 5, 5, 5, 5, 5, 5, 5, 5, 5, 5, 5, 5, 5, 5, 5, 5, 5, 5, 5, 5, 5, 5, 5, 5, 5, 5, 5, 5, 5, 5, 5, 5, 5, 5, 5, 5, 5, 5, 5, 5, 5]}",20657072,"[64180, 64181, 64182, 64183, 64184, 64185, 64186, 64187, 64188, 64189, 64190, 64191, 64192, 64193]","[304, 288, 288, 288, 304, 288, 288, 288, 288, 304, 288, 304, 288, 288]",WARM_SAME_SOURCE,focused
7c6ab23d6fbf169fb173c6ba,N096,dad9c1331dbc9b401ff729dde21b4e477b7b749ffea3504dab5b38c2c5d8fb44,6a741a395db2348150108dd98618e2c8fba13a369a364cfd9d97ebffea4901fa,N96_INDUCED_TRANSITION_LADDER_V1,f2f991d74dfbb2edf7f4475dcb7d82989de00a71e44bb11d4a6fbb49442577b6,"[0, 1, 2, 3]",a865de1d7956b8d7ad9fab90e8e195a4a86a1366c3d9af1520240f38d60034c2,6d074097a49ac819b178b7c0553ed25318a259c69008c95429d170794f8759ee,fresh_min_fill,COOP14_MIG_BRANCH_GROUP,1d2a6f95014703ca171206e42701c52355b89dab08ba0a9b72b3d193a3b620d4,WARM_SAME_SOURCE,FRESH_EXACT_SOLVE_WITH_INTERNAL_CHECKS_EXCLUDES_EXTERNAL_VERIFICATION,16,1024,4,32,22,641754752,4194304,d5207e6b84fbabee961e83f3860a3bacaca585acd736c092903cacdfff692450,NUMPY_BATCHED_INVERSE_NTT_INTEGER_CRT,1,COMPLETE,OBSERVED_PATTERN,True,,,,,,2935354880,0.00029839493799954653,0.5121627140324563,0.844887621,8.976395307,0.012494823895394802,0.055155740104605194,0.009362260927446187,9.935375629,,0.0,eb83de000a70771e682fc5fd3e83f8535eceaecd88d30617caf336b67b36695d,"{""N"": 96, ""source_family"": ""N96_INDUCED_TRANSITION_LADDER_V1"", ""graph_hash"": ""6a741a395db2348150108dd98618e2c8fba13a369a364cfd9d97ebffea4901fa"", ""source_hash"": ""dad9c1331dbc9b401ff729dde21b4e477b7b749ffea3504dab5b38c2c5d8fb44"", ""edges"": 240, ""degree_min"": 5, ""degree_max"": 5, ""degree_mean"": 5, ""degree_std"": 0.0, ""components"": 1, ""component_sizes"": [96], ""max_component"": 96, ""local_assignments"": 79228162514264337593543950336, ""minfill_width"": 32, ""minfill_work"": 16698150047, ""minfill_order"": [15, 34, 50, 77, 82, 94, 3, 11, 20, 16, 24, 32, 63, 39, 44, 17, 18, 52, 27, 66, 78, 85, 88, 1, 4, 8, 33, 68, 48, 25, 69, 61, 19, 65, 22, 49, 56, 90, 38, 92, 73, 91, 55, 62, 7, 70, 64, 45, 29, 95, 26, 79, 57, 86, 5, 0, 2, 35, 71, 36, 47, 60, 93, 6, 9, 10, 12, 13, 14, 21, 23, 28, 30, 31, 37, 40, 41, 42, 43, 46, 51, 53, 54, 58, 59, 67, 72, 74, 75, 76, 80, 81, 83, 84, 87, 89], ""energy_bound"": 590, ""root_bound"": 1024, ""crt_primes"": 4, ""arithmetic_burden"": 68395622592512, ""coefficient_bound"": ""79228162514264337593543950336"", ""coupling_multiplicities"": {""3"": 47, ""-1"": 44, ""-2"": 41, ""2"": 33, ""1"": 45, ""-3"": 30}, ""symmetry"": ""not assumed"", ""degree_signature"": [5, 5, 5, 5, 5, 5, 5, 5, 5, 5, 5, 5, 5, 5, 5, 5, 5, 5, 5, 5, 5, 5, 5, 5, 5, 5, 5, 5, 5, 5, 5, 5, 5, 5, 5, 5, 5, 5, 5, 5, 5, 5, 5, 5, 5, 5, 5, 5, 5, 5, 5, 5, 5, 5, 5, 5, 5, 5, 5, 5, 5, 5, 5, 5, 5, 5, 5, 5, 5, 5, 5, 5, 5, 5, 5, 5, 5, 5, 5, 5, 5, 5, 5, 5, 5, 5, 5, 5, 5, 5, 5, 5, 5, 5, 5, 5]}",235278256,"[64180, 64181, 64182, 64183, 64184, 64185, 64186, 64187, 64188, 64189, 64190, 64191, 64192, 64193]","[288, 288, 288, 288, 288, 288, 288, 304, 288, 304, 288, 304, 304, 288]",WARM_SAME_SOURCE,focused
7c6ab23d6fbf169fb173c6ba,N096,dad9c1331dbc9b401ff729dde21b4e477b7b749ffea3504dab5b38c2c5d8fb44,6a741a395db2348150108dd98618e2c8fba13a369a364cfd9d97ebffea4901fa,N96_INDUCED_TRANSITION_LADDER_V1,f2f991d74dfbb2edf7f4475dcb7d82989de00a71e44bb11d4a6fbb49442577b6,"[0, 1, 2, 3]",e6a3c5b7678a2e6761257ab6156de12e275c5ef60853165d1e7622bdfaa0592a,5e41d1760eb18bac845ae3d8eda407f1e653b37456b702db62734074278600df,expanded_portfolio,COOP14_MIG_BRANCH_GROUP,1d2a6f95014703ca171206e42701c52355b89dab08ba0a9b72b3d193a3b620d4,WARM_NEW_PLAN,FRESH_EXACT_SOLVE_WITH_INTERNAL_CHECKS_EXCLUDES_EXTERNAL_VERIFICATION,16,1024,4,16,21,203956800,2097152,d5207e6b84fbabee961e83f3860a3bacaca585acd736c092903cacdfff692450,NUMPY_BATCHED_INVERSE_NTT_INTEGER_CRT,1,COMPLETE,OBSERVED_PATTERN,True,,,,,,1996392960,0.00029839493799954653,0.5121627140324563,0.512626915,2.767333435,0.01000890787690878,0.02612333612309122,0.010749535053037107,3.374622203,,0.0,d4e40dd285bf9e76ae6136d06213aaacc14c9084038fbbef2daabcbcdedcece5,"{""N"": 96, ""source_family"": ""N96_INDUCED_TRANSITION_LADDER_V1"", ""graph_hash"": ""6a741a395db2348150108dd98618e2c8fba13a369a364cfd9d97ebffea4901fa"", ""source_hash"": ""dad9c1331dbc9b401ff729dde21b4e477b7b749ffea3504dab5b38c2c5d8fb44"", ""edges"": 240, ""degree_min"": 5, ""degree_max"": 5, ""degree_mean"": 5, ""degree_std"": 0.0, ""components"": 1, ""component_sizes"": [96], ""max_component"": 96, ""local_assignments"": 79228162514264337593543950336, ""minfill_width"": 32, ""minfill_work"": 16698150047, ""minfill_order"": [15, 34, 50, 77, 82, 94, 3, 11, 20, 16, 24, 32, 63, 39, 44, 17, 18, 52, 27, 66, 78, 85, 88, 1, 4, 8, 33, 68, 48, 25, 69, 61, 19, 65, 22, 49, 56, 90, 38, 92, 73, 91, 55, 62, 7, 70, 64, 45, 29, 95, 26, 79, 57, 86, 5, 0, 2, 35, 71, 36, 47, 60, 93, 6, 9, 10, 12, 13, 14, 21, 23, 28, 30, 31, 37, 40, 41, 42, 43, 46, 51, 53, 54, 58, 59, 67, 72, 74, 75, 76, 80, 81, 83, 84, 87, 89], ""energy_bound"": 590, ""root_bound"": 1024, ""crt_primes"": 4, ""arithmetic_burden"": 68395622592512, ""coefficient_bound"": ""79228162514264337593543950336"", ""coupling_multiplicities"": {""3"": 47, ""-1"": 44, ""-2"": 41, ""2"": 33, ""1"": 45, ""-3"": 30}, ""symmetry"": ""not assumed"", ""degree_signature"": [5, 5, 5, 5, 5, 5, 5, 5, 5, 5, 5, 5, 5, 5, 5, 5, 5, 5, 5, 5, 5, 5, 5, 5, 5, 5, 5, 5, 5, 5, 5, 5, 5, 5, 5, 5, 5, 5, 5, 5, 5, 5, 5, 5, 5, 5, 5, 5, 5, 5, 5, 5, 5, 5, 5, 5, 5, 5, 5, 5, 5, 5, 5, 5, 5, 5, 5, 5, 5, 5, 5, 5, 5, 5, 5, 5, 5, 5, 5, 5, 5, 5, 5, 5, 5, 5, 5, 5, 5, 5, 5, 5, 5, 5, 5, 5]}",128034992,"[64180, 64181, 64182, 64183, 64184, 64185, 64186, 64187, 64188, 64189, 64190, 64191, 64192, 64193]","[288, 304, 288, 288, 288, 288, 288, 288, 288, 304, 288, 304, 304, 288]",WARM_NEW_PLAN,focused
7c6ab23d6fbf169fb173c6ba,N096,dad9c1331dbc9b401ff729dde21b4e477b7b749ffea3504dab5b38c2c5d8fb44,6a741a395db2348150108dd98618e2c8fba13a369a364cfd9d97ebffea4901fa,N96_INDUCED_TRANSITION_LADDER_V1,f2f991d74dfbb2edf7f4475dcb7d82989de00a71e44bb11d4a6fbb49442577b6,"[0, 1, 2, 3]",e6a3c5b7678a2e6761257ab6156de12e275c5ef60853165d1e7622bdfaa0592a,5e41d1760eb18bac845ae3d8eda407f1e653b37456b702db62734074278600df,expanded_portfolio,COOP14_MIG_BRANCH_GROUP,1d2a6f95014703ca171206e42701c52355b89dab08ba0a9b72b3d193a3b620d4,WARM_SAME_SOURCE,FRESH_EXACT_SOLVE_WITH_INTERNAL_CHECKS_EXCLUDES_EXTERNAL_VERIFICATION,16,1024,4,16,21,203956800,2097152,d5207e6b84fbabee961e83f3860a3bacaca585acd736c092903cacdfff692450,NUMPY_BATCHED_INVERSE_NTT_INTEGER_CRT,2,COMPLETE,OBSERVED_PATTERN,True,,,,,,1996392960,0.00029839493799954653,0.5121627140324563,0.497326053,2.760281942,0.012606981908902526,0.038199037091097475,0.009585136082023382,3.361383974,,0.0,d4e40dd285bf9e76ae6136d06213aaacc14c9084038fbbef2daabcbcdedcece5,"{""N"": 96, ""source_family"": ""N96_INDUCED_TRANSITION_LADDER_V1"", ""graph_hash"": ""6a741a395db2348150108dd98618e2c8fba13a369a364cfd9d97ebffea4901fa"", ""source_hash"": ""dad9c1331dbc9b401ff729dde21b4e477b7b749ffea3504dab5b38c2c5d8fb44"", ""edges"": 240, ""degree_min"": 5, ""degree_max"": 5, ""degree_mean"": 5, ""degree_std"": 0.0, ""components"": 1, ""component_sizes"": [96], ""max_component"": 96, ""local_assignments"": 79228162514264337593543950336, ""minfill_width"": 32, ""minfill_work"": 16698150047, ""minfill_order"": [15, 34, 50, 77, 82, 94, 3, 11, 20, 16, 24, 32, 63, 39, 44, 17, 18, 52, 27, 66, 78, 85, 88, 1, 4, 8, 33, 68, 48, 25, 69, 61, 19, 65, 22, 49, 56, 90, 38, 92, 73, 91, 55, 62, 7, 70, 64, 45, 29, 95, 26, 79, 57, 86, 5, 0, 2, 35, 71, 36, 47, 60, 93, 6, 9, 10, 12, 13, 14, 21, 23, 28, 30, 31, 37, 40, 41, 42, 43, 46, 51, 53, 54, 58, 59, 67, 72, 74, 75, 76, 80, 81, 83, 84, 87, 89], ""energy_bound"": 590, ""root_bound"": 1024, ""crt_primes"": 4, ""arithmetic_burden"": 68395622592512, ""coefficient_bound"": ""79228162514264337593543950336"", ""coupling_multiplicities"": {""3"": 47, ""-1"": 44, ""-2"": 41, ""2"": 33, ""1"": 45, ""-3"": 30}, ""symmetry"": ""not assumed"", ""degree_signature"": [5, 5, 5, 5, 5, 5, 5, 5, 5, 5, 5, 5, 5, 5, 5, 5, 5, 5, 5, 5, 5, 5, 5, 5, 5, 5, 5, 5, 5, 5, 5, 5, 5, 5, 5, 5, 5, 5, 5, 5, 5, 5, 5, 5, 5, 5, 5, 5, 5, 5, 5, 5, 5, 5, 5, 5, 5, 5, 5, 5, 5, 5, 5, 5, 5, 5, 5, 5, 5, 5, 5, 5, 5, 5, 5, 5, 5, 5, 5, 5, 5, 5, 5, 5, 5, 5, 5, 5, 5, 5, 5, 5, 5, 5, 5, 5]}",128034992,"[64180, 64181, 64182, 64183, 64184, 64185, 64186, 64187, 64188, 64189, 64190, 64191, 64192, 64193]","[288, 288, 288, 288, 288, 288, 288, 304, 288, 304, 288, 304, 304, 288]",WARM_SAME_SOURCE,focused
7c6ab23d6fbf169fb173c6ba,N096,dad9c1331dbc9b401ff729dde21b4e477b7b749ffea3504dab5b38c2c5d8fb44,6a741a395db2348150108dd98618e2c8fba13a369a364cfd9d97ebffea4901fa,N96_INDUCED_TRANSITION_LADDER_V1,f2f991d74dfbb2edf7f4475dcb7d82989de00a71e44bb11d4a6fbb49442577b6,"[0, 1, 2, 3]",a865de1d7956b8d7ad9fab90e8e195a4a86a1366c3d9af1520240f38d60034c2,6d074097a49ac819b178b7c0553ed25318a259c69008c95429d170794f8759ee,fresh_min_fill,COOP14_MIG_BRANCH_GROUP,1d2a6f95014703ca171206e42701c52355b89dab08ba0a9b72b3d193a3b620d4,WARM_NEW_PLAN,FRESH_EXACT_SOLVE_WITH_INTERNAL_CHECKS_EXCLUDES_EXTERNAL_VERIFICATION,16,1024,4,32,22,641754752,4194304,d5207e6b84fbabee961e83f3860a3bacaca585acd736c092903cacdfff692450,NUMPY_BATCHED_INVERSE_NTT_INTEGER_CRT,2,COMPLETE,OBSERVED_PATTERN,True,,,,,,2935354880,0.00029839493799954653,0.5121627140324563,0.813214616,8.977406658,0.0051241659093648195,0.02250001309063518,0.008572845021262765,9.892354529,,0.0,eb83de000a70771e682fc5fd3e83f8535eceaecd88d30617caf336b67b36695d,"{""N"": 96, ""source_family"": ""N96_INDUCED_TRANSITION_LADDER_V1"", ""graph_hash"": ""6a741a395db2348150108dd98618e2c8fba13a369a364cfd9d97ebffea4901fa"", ""source_hash"": ""dad9c1331dbc9b401ff729dde21b4e477b7b749ffea3504dab5b38c2c5d8fb44"", ""edges"": 240, ""degree_min"": 5, ""degree_max"": 5, ""degree_mean"": 5, ""degree_std"": 0.0, ""components"": 1, ""component_sizes"": [96], ""max_component"": 96, ""local_assignments"": 79228162514264337593543950336, ""minfill_width"": 32, ""minfill_work"": 16698150047, ""minfill_order"": [15, 34, 50, 77, 82, 94, 3, 11, 20, 16, 24, 32, 63, 39, 44, 17, 18, 52, 27, 66, 78, 85, 88, 1, 4, 8, 33, 68, 48, 25, 69, 61, 19, 65, 22, 49, 56, 90, 38, 92, 73, 91, 55, 62, 7, 70, 64, 45, 29, 95, 26, 79, 57, 86, 5, 0, 2, 35, 71, 36, 47, 60, 93, 6, 9, 10, 12, 13, 14, 21, 23, 28, 30, 31, 37, 40, 41, 42, 43, 46, 51, 53, 54, 58, 59, 67, 72, 74, 75, 76, 80, 81, 83, 84, 87, 89], ""energy_bound"": 590, ""root_bound"": 1024, ""crt_primes"": 4, ""arithmetic_burden"": 68395622592512, ""coefficient_bound"": ""79228162514264337593543950336"", ""coupling_multiplicities"": {""3"": 47, ""-1"": 44, ""-2"": 41, ""2"": 33, ""1"": 45, ""-3"": 30}, ""symmetry"": ""not assumed"", ""degree_signature"": [5, 5, 5, 5, 5, 5, 5, 5, 5, 5, 5, 5, 5, 5, 5, 5, 5, 5, 5, 5, 5, 5, 5, 5, 5, 5, 5, 5, 5, 5, 5, 5, 5, 5, 5, 5, 5, 5, 5, 5, 5, 5, 5, 5, 5, 5, 5, 5, 5, 5, 5, 5, 5, 5, 5, 5, 5, 5, 5, 5, 5, 5, 5, 5, 5, 5, 5, 5, 5, 5, 5, 5, 5, 5, 5, 5, 5, 5, 5, 5, 5, 5, 5, 5, 5, 5, 5, 5, 5, 5, 5, 5, 5, 5, 5, 5]}",235278256,"[64180, 64181, 64182, 64183, 64184, 64185, 64186, 64187, 64188, 64189, 64190, 64191, 64192, 64193]","[304, 288, 288, 288, 288, 288, 288, 304, 288, 288, 288, 304, 304, 288]",WARM_NEW_PLAN,focused
7c6ab23d6fbf169fb173c6ba,N096,dad9c1331dbc9b401ff729dde21b4e477b7b749ffea3504dab5b38c2c5d8fb44,6a741a395db2348150108dd98618e2c8fba13a369a364cfd9d97ebffea4901fa,N96_INDUCED_TRANSITION_LADDER_V1,f2f991d74dfbb2edf7f4475dcb7d82989de00a71e44bb11d4a6fbb49442577b6,"[0, 1, 2, 3]",a865de1d7956b8d7ad9fab90e8e195a4a86a1366c3d9af1520240f38d60034c2,6d074097a49ac819b178b7c0553ed25318a259c69008c95429d170794f8759ee,fresh_min_fill,COOP14_MIG_BRANCH_GROUP,1d2a6f95014703ca171206e42701c52355b89dab08ba0a9b72b3d193a3b620d4,WARM_SAME_SOURCE,FRESH_EXACT_SOLVE_WITH_INTERNAL_CHECKS_EXCLUDES_EXTERNAL_VERIFICATION,16,1024,4,32,22,641754752,4194304,d5207e6b84fbabee961e83f3860a3bacaca585acd736c092903cacdfff692450,NUMPY_BATCHED_INVERSE_NTT_INTEGER_CRT,3,COMPLETE,OBSERVED_PATTERN,True,,,,,,2935354880,0.00029839493799954653,0.5121627140324563,0.832376598,8.977637403,0.008777430048212409,0.026903482951787593,0.00988594105001539,9.901914535,,0.0,eb83de000a70771e682fc5fd3e83f8535eceaecd88d30617caf336b67b36695d,"{""N"": 96, ""source_family"": ""N96_INDUCED_TRANSITION_LADDER_V1"", ""graph_hash"": ""6a741a395db2348150108dd98618e2c8fba13a369a364cfd9d97ebffea4901fa"", ""source_hash"": ""dad9c1331dbc9b401ff729dde21b4e477b7b749ffea3504dab5b38c2c5d8fb44"", ""edges"": 240, ""degree_min"": 5, ""degree_max"": 5, ""degree_mean"": 5, ""degree_std"": 0.0, ""components"": 1, ""component_sizes"": [96], ""max_component"": 96, ""local_assignments"": 79228162514264337593543950336, ""minfill_width"": 32, ""minfill_work"": 16698150047, ""minfill_order"": [15, 34, 50, 77, 82, 94, 3, 11, 20, 16, 24, 32, 63, 39, 44, 17, 18, 52, 27, 66, 78, 85, 88, 1, 4, 8, 33, 68, 48, 25, 69, 61, 19, 65, 22, 49, 56, 90, 38, 92, 73, 91, 55, 62, 7, 70, 64, 45, 29, 95, 26, 79, 57, 86, 5, 0, 2, 35, 71, 36, 47, 60, 93, 6, 9, 10, 12, 13, 14, 21, 23, 28, 30, 31, 37, 40, 41, 42, 43, 46, 51, 53, 54, 58, 59, 67, 72, 74, 75, 76, 80, 81, 83, 84, 87, 89], ""energy_bound"": 590, ""root_bound"": 1024, ""crt_primes"": 4, ""arithmetic_burden"": 68395622592512, ""coefficient_bound"": ""79228162514264337593543950336"", ""coupling_multiplicities"": {""3"": 47, ""-1"": 44, ""-2"": 41, ""2"": 33, ""1"": 45, ""-3"": 30}, ""symmetry"": ""not assumed"", ""degree_signature"": [5, 5, 5, 5, 5, 5, 5, 5, 5, 5, 5, 5, 5, 5, 5, 5, 5, 5, 5, 5, 5, 5, 5, 5, 5, 5, 5, 5, 5, 5, 5, 5, 5, 5, 5, 5, 5, 5, 5, 5, 5, 5, 5, 5, 5, 5, 5, 5, 5, 5, 5, 5, 5, 5, 5, 5, 5, 5, 5, 5, 5, 5, 5, 5, 5, 5, 5, 5, 5, 5, 5, 5, 5, 5, 5, 5, 5, 5, 5, 5, 5, 5, 5, 5, 5, 5, 5, 5, 5, 5, 5, 5, 5, 5, 5, 5]}",235278256,"[64180, 64181, 64182, 64183, 64184, 64185, 64186, 64187, 64188, 64189, 64190, 64191, 64192, 64193]","[304, 288, 288, 288, 288, 288, 304, 304, 288, 288, 288, 288, 304, 288]",WARM_SAME_SOURCE,focused
7c6ab23d6fbf169fb173c6ba,N096,dad9c1331dbc9b401ff729dde21b4e477b7b749ffea3504dab5b38c2c5d8fb44,6a741a395db2348150108dd98618e2c8fba13a369a364cfd9d97ebffea4901fa,N96_INDUCED_TRANSITION_LADDER_V1,f2f991d74dfbb2edf7f4475dcb7d82989de00a71e44bb11d4a6fbb49442577b6,"[0, 1, 2, 3]",e6a3c5b7678a2e6761257ab6156de12e275c5ef60853165d1e7622bdfaa0592a,5e41d1760eb18bac845ae3d8eda407f1e653b37456b702db62734074278600df,expanded_portfolio,COOP14_MIG_BRANCH_GROUP,1d2a6f95014703ca171206e42701c52355b89dab08ba0a9b72b3d193a3b620d4,WARM_NEW_PLAN,FRESH_EXACT_SOLVE_WITH_INTERNAL_CHECKS_EXCLUDES_EXTERNAL_VERIFICATION,16,1024,4,16,21,203956800,2097152,d5207e6b84fbabee961e83f3860a3bacaca585acd736c092903cacdfff692450,NUMPY_BATCHED_INVERSE_NTT_INTEGER_CRT,3,COMPLETE,OBSERVED_PATTERN,True,,,,,,1996392960,0.00029839493799954653,0.5121627140324563,0.509777167,2.757739138,0.013209110125899315,0.03440258687410069,0.008955968078225851,3.367308566,,0.0,d4e40dd285bf9e76ae6136d06213aaacc14c9084038fbbef2daabcbcdedcece5,"{""N"": 96, ""source_family"": ""N96_INDUCED_TRANSITION_LADDER_V1"", ""graph_hash"": ""6a741a395db2348150108dd98618e2c8fba13a369a364cfd9d97ebffea4901fa"", ""source_hash"": ""dad9c1331dbc9b401ff729dde21b4e477b7b749ffea3504dab5b38c2c5d8fb44"", ""edges"": 240, ""degree_min"": 5, ""degree_max"": 5, ""degree_mean"": 5, ""degree_std"": 0.0, ""components"": 1, ""component_sizes"": [96], ""max_component"": 96, ""local_assignments"": 79228162514264337593543950336, ""minfill_width"": 32, ""minfill_work"": 16698150047, ""minfill_order"": [15, 34, 50, 77, 82, 94, 3, 11, 20, 16, 24, 32, 63, 39, 44, 17, 18, 52, 27, 66, 78, 85, 88, 1, 4, 8, 33, 68, 48, 25, 69, 61, 19, 65, 22, 49, 56, 90, 38, 92, 73, 91, 55, 62, 7, 70, 64, 45, 29, 95, 26, 79, 57, 86, 5, 0, 2, 35, 71, 36, 47, 60, 93, 6, 9, 10, 12, 13, 14, 21, 23, 28, 30, 31, 37, 40, 41, 42, 43, 46, 51, 53, 54, 58, 59, 67, 72, 74, 75, 76, 80, 81, 83, 84, 87, 89], ""energy_bound"": 590, ""root_bound"": 1024, ""crt_primes"": 4, ""arithmetic_burden"": 68395622592512, ""coefficient_bound"": ""79228162514264337593543950336"", ""coupling_multiplicities"": {""3"": 47, ""-1"": 44, ""-2"": 41, ""2"": 33, ""1"": 45, ""-3"": 30}, ""symmetry"": ""not assumed"", ""degree_signature"": [5, 5, 5, 5, 5, 5, 5, 5, 5, 5, 5, 5, 5, 5, 5, 5, 5, 5, 5, 5, 5, 5, 5, 5, 5, 5, 5, 5, 5, 5, 5, 5, 5, 5, 5, 5, 5, 5, 5, 5, 5, 5, 5, 5, 5, 5, 5, 5, 5, 5, 5, 5, 5, 5, 5, 5, 5, 5, 5, 5, 5, 5, 5, 5, 5, 5, 5, 5, 5, 5, 5, 5, 5, 5, 5, 5, 5, 5, 5, 5, 5, 5, 5, 5, 5, 5, 5, 5, 5, 5, 5, 5, 5, 5, 5, 5]}",128034992,"[64180, 64181, 64182, 64183, 64184, 64185, 64186, 64187, 64188, 64189, 64190, 64191, 64192, 64193]","[288, 288, 288, 288, 288, 288, 288, 304, 288, 304, 288, 304, 304, 288]",WARM_NEW_PLAN,focused
ee85f4e88647473ccf0c63eb,N105_gauge,5b920ecce1021ebc617011ee79931361d4a17ba761c89065b38158cd41baa3c6,4ec2cf6a1a5b8b4870b5c68a85fc1f09e4d65f4fc0b5d16dd74e84af99c9ae55,N105_P9G0_HISTORICAL_PACKET_RESTORATION_V1 -> explicit gauge,46f1f2fd7b1710ed745060e45f24f9db60f681e8010208e52e657f6e531da178,"[0, 1, 60, 61]",bef613246d3215f31f01665f48b7507791c765bb3ba565784369286cac2c21f0,,components,LOCAL_FLINT_CPU,LOCAL_SINGLE_COORDINATOR_FLINT_CPU,WARM_NEW_SOURCE,FRESH_EXACT_SOLVE_WITH_INTERNAL_CHECKS_EXCLUDES_EXTERNAL_VERIFICATION,0,0,0,1,14,166912,16384,d5207e6b84fbabee961e83f3860a3bacaca585acd736c092903cacdfff692450,FLINT_EXACT_POLYNOMIAL,0,COMPLETE,OBSERVED_PATTERN,True,167040,0,0,CPU exact route includes its native polynomial readout/count checks; independently timed external verification excluded; no subprocess startup,deterministic retained-port-aware elimination or explicit component enumeration,,0.023342436994425952,0.0,0.0,0.0,,0.0,0.003095214022323489,0.24274081899784505,0.24274081899784505,0.0,a24eb6ef43f062acc4392cb32854e837eba54e1674dd1f18474ff70523c869d3,"{""N"": 105, ""source_family"": ""POD14_GAUGE_VARIANT"", ""graph_hash"": ""4ec2cf6a1a5b8b4870b5c68a85fc1f09e4d65f4fc0b5d16dd74e84af99c9ae55"", ""source_hash"": ""5b920ecce1021ebc617011ee79931361d4a17ba761c89065b38158cd41baa3c6"", ""edges"": 275, ""degree_min"": 5, ""degree_max"": 6, ""degree_mean"": 5.238095238095238, ""degree_std"": 0.4259177099999599, ""components"": 8, ""component_sizes"": [10, 10, 10, 15, 15, 15, 15, 15], ""max_component"": 15, ""local_assignments"": 166912, ""minfill_width"": 5, ""minfill_work"": 2328, ""minfill_order"": [0, 1, 2, 60, 61, 3, 4, 5, 62, 63, 6, 7, 8, 64, 65, 9, 10, 11, 66, 67, 12, 13, 14, 68, 69, 15, 16, 17, 70, 36, 37, 38, 71, 84, 85, 18, 19, 20, 72, 42, 43, 44, 73, 88, 89, 21, 22, 23, 74, 45, 46, 47, 75, 90, 91, 24, 25, 26, 76, 48, 49, 50, 77, 92, 93, 27, 28, 29, 78, 51, 52, 53, 79, 94, 95, 30, 31, 32, 80, 54, 55, 56, 81, 96, 97, 33, 34, 35, 82, 57, 58, 59, 83, 98, 99, 39, 40, 41, 86, 87, 100, 101, 102, 103, 104], ""energy_bound"": 275, ""root_bound"": 512, ""crt_primes"": 4, ""arithmetic_burden"": 4767744, ""coefficient_bound"": ""40564819207303340847894502572032"", ""coupling_multiplicities"": {""1"": 146, ""-1"": 129}, ""symmetry"": ""not assumed"", ""degree_signature"": [5, 5, 5, 5, 5, 5, 5, 5, 5, 5, 5, 5, 5, 5, 5, 5, 5, 5, 5, 5, 5, 5, 5, 5, 5, 5, 5, 5, 5, 5, 5, 5, 5, 5, 5, 5, 5, 5, 5, 5, 5, 5, 5, 5, 5, 5, 5, 5, 5, 5, 5, 5, 5, 5, 5, 5, 5, 5, 5, 5, 5, 5, 5, 5, 5, 5, 5, 5, 5, 5, 5, 5, 5, 5, 5, 5, 5, 5, 5, 5, 6, 6, 6, 6, 6, 6, 6, 6, 6, 6, 6, 6, 6, 6, 6, 6, 6, 6, 6, 6, 6, 6, 6, 6, 6]}",,,,,
ee85f4e88647473ccf0c63eb,N105_gauge,5b920ecce1021ebc617011ee79931361d4a17ba761c89065b38158cd41baa3c6,4ec2cf6a1a5b8b4870b5c68a85fc1f09e4d65f4fc0b5d16dd74e84af99c9ae55,N105_P9G0_HISTORICAL_PACKET_RESTORATION_V1 -> explicit gauge,46f1f2fd7b1710ed745060e45f24f9db60f681e8010208e52e657f6e531da178,"[0, 1, 60, 61]",31e489ab097a0cd0b8e41acc88ca0113f0b9a801003c0b0617c8eb0359dfe1e1,,variable_elimination,LOCAL_FLINT_CPU,LOCAL_SINGLE_COORDINATOR_FLINT_CPU,WARM_NEW_SOURCE,FRESH_EXACT_SOLVE_WITH_INTERNAL_CHECKS_EXCLUDES_EXTERNAL_VERIFICATION,0,0,0,1,5,2313,32,d5207e6b84fbabee961e83f3860a3bacaca585acd736c092903cacdfff692450,FLINT_EXACT_POLYNOMIAL,0,COMPLETE,OBSERVED_PATTERN,True,28546,0,0,CPU exact route includes its native polynomial readout/count checks; independently timed external verification excluded; no subprocess startup,deterministic retained-port-aware elimination or explicit component enumeration,,0.023342436994425952,0.0,0.0,0.0,,0.0,0.0023380370112136006,0.027534201042726636,0.027534201042726636,0.0,a24eb6ef43f062acc4392cb32854e837eba54e1674dd1f18474ff70523c869d3,"{""N"": 105, ""source_family"": ""POD14_GAUGE_VARIANT"", ""graph_hash"": ""4ec2cf6a1a5b8b4870b5c68a85fc1f09e4d65f4fc0b5d16dd74e84af99c9ae55"", ""source_hash"": ""5b920ecce1021ebc617011ee79931361d4a17ba761c89065b38158cd41baa3c6"", ""edges"": 275, ""degree_min"": 5, ""degree_max"": 6, ""degree_mean"": 5.238095238095238, ""degree_std"": 0.4259177099999599, ""components"": 8, ""component_sizes"": [10, 10, 10, 15, 15, 15, 15, 15], ""max_component"": 15, ""local_assignments"": 166912, ""minfill_width"": 5, ""minfill_work"": 2328, ""minfill_order"": [0, 1, 2, 60, 61, 3, 4, 5, 62, 63, 6, 7, 8, 64, 65, 9, 10, 11, 66, 67, 12, 13, 14, 68, 69, 15, 16, 17, 70, 36, 37, 38, 71, 84, 85, 18, 19, 20, 72, 42, 43, 44, 73, 88, 89, 21, 22, 23, 74, 45, 46, 47, 75, 90, 91, 24, 25, 26, 76, 48, 49, 50, 77, 92, 93, 27, 28, 29, 78, 51, 52, 53, 79, 94, 95, 30, 31, 32, 80, 54, 55, 56, 81, 96, 97, 33, 34, 35, 82, 57, 58, 59, 83, 98, 99, 39, 40, 41, 86, 87, 100, 101, 102, 103, 104], ""energy_bound"": 275, ""root_bound"": 512, ""crt_primes"": 4, ""arithmetic_burden"": 4767744, ""coefficient_bound"": ""40564819207303340847894502572032"", ""coupling_multiplicities"": {""1"": 146, ""-1"": 129}, ""symmetry"": ""not assumed"", ""degree_signature"": [5, 5, 5, 5, 5, 5, 5, 5, 5, 5, 5, 5, 5, 5, 5, 5, 5, 5, 5, 5, 5, 5, 5, 5, 5, 5, 5, 5, 5, 5, 5, 5, 5, 5, 5, 5, 5, 5, 5, 5, 5, 5, 5, 5, 5, 5, 5, 5, 5, 5, 5, 5, 5, 5, 5, 5, 5, 5, 5, 5, 5, 5, 5, 5, 5, 5, 5, 5, 5, 5, 5, 5, 5, 5, 5, 5, 5, 5, 5, 5, 6, 6, 6, 6, 6, 6, 6, 6, 6, 6, 6, 6, 6, 6, 6, 6, 6, 6, 6, 6, 6, 6, 6, 6, 6]}",,,,,
ee85f4e88647473ccf0c63eb,N105_gauge,5b920ecce1021ebc617011ee79931361d4a17ba761c89065b38158cd41baa3c6,4ec2cf6a1a5b8b4870b5c68a85fc1f09e4d65f4fc0b5d16dd74e84af99c9ae55,N105_P9G0_HISTORICAL_PACKET_RESTORATION_V1 -> explicit gauge,46f1f2fd7b1710ed745060e45f24f9db60f681e8010208e52e657f6e531da178,"[0, 1, 60, 61]",31e489ab097a0cd0b8e41acc88ca0113f0b9a801003c0b0617c8eb0359dfe1e1,,variable_elimination,LOCAL_FLINT_CPU,LOCAL_SINGLE_COORDINATOR_FLINT_CPU,WARM_SAME_SOURCE,FRESH_EXACT_SOLVE_WITH_INTERNAL_CHECKS_EXCLUDES_EXTERNAL_VERIFICATION,0,0,0,1,5,2313,32,d5207e6b84fbabee961e83f3860a3bacaca585acd736c092903cacdfff692450,FLINT_EXACT_POLYNOMIAL,1,COMPLETE,OBSERVED_PATTERN,True,28546,0,0,CPU exact route includes its native polynomial readout/count checks; independently timed external verification excluded; no subprocess startup,deterministic retained-port-aware elimination or explicit component enumeration,,0.023342436994425952,0.0,0.0,0.0,,0.0,0.002562793903052807,0.02450112602673471,0.02450112602673471,0.0,a24eb6ef43f062acc4392cb32854e837eba54e1674dd1f18474ff70523c869d3,"{""N"": 105, ""source_family"": ""POD14_GAUGE_VARIANT"", ""graph_hash"": ""4ec2cf6a1a5b8b4870b5c68a85fc1f09e4d65f4fc0b5d16dd74e84af99c9ae55"", ""source_hash"": ""5b920ecce1021ebc617011ee79931361d4a17ba761c89065b38158cd41baa3c6"", ""edges"": 275, ""degree_min"": 5, ""degree_max"": 6, ""degree_mean"": 5.238095238095238, ""degree_std"": 0.4259177099999599, ""components"": 8, ""component_sizes"": [10, 10, 10, 15, 15, 15, 15, 15], ""max_component"": 15, ""local_assignments"": 166912, ""minfill_width"": 5, ""minfill_work"": 2328, ""minfill_order"": [0, 1, 2, 60, 61, 3, 4, 5, 62, 63, 6, 7, 8, 64, 65, 9, 10, 11, 66, 67, 12, 13, 14, 68, 69, 15, 16, 17, 70, 36, 37, 38, 71, 84, 85, 18, 19, 20, 72, 42, 43, 44, 73, 88, 89, 21, 22, 23, 74, 45, 46, 47, 75, 90, 91, 24, 25, 26, 76, 48, 49, 50, 77, 92, 93, 27, 28, 29, 78, 51, 52, 53, 79, 94, 95, 30, 31, 32, 80, 54, 55, 56, 81, 96, 97, 33, 34, 35, 82, 57, 58, 59, 83, 98, 99, 39, 40, 41, 86, 87, 100, 101, 102, 103, 104], ""energy_bound"": 275, ""root_bound"": 512, ""crt_primes"": 4, ""arithmetic_burden"": 4767744, ""coefficient_bound"": ""40564819207303340847894502572032"", ""coupling_multiplicities"": {""1"": 146, ""-1"": 129}, ""symmetry"": ""not assumed"", ""degree_signature"": [5, 5, 5, 5, 5, 5, 5, 5, 5, 5, 5, 5, 5, 5, 5, 5, 5, 5, 5, 5, 5, 5, 5, 5, 5, 5, 5, 5, 5, 5, 5, 5, 5, 5, 5, 5, 5, 5, 5, 5, 5, 5, 5, 5, 5, 5, 5, 5, 5, 5, 5, 5, 5, 5, 5, 5, 5, 5, 5, 5, 5, 5, 5, 5, 5, 5, 5, 5, 5, 5, 5, 5, 5, 5, 5, 5, 5, 5, 5, 5, 6, 6, 6, 6, 6, 6, 6, 6, 6, 6, 6, 6, 6, 6, 6, 6, 6, 6, 6, 6, 6, 6, 6, 6, 6]}",,,,,
ee85f4e88647473ccf0c63eb,N105_gauge,5b920ecce1021ebc617011ee79931361d4a17ba761c89065b38158cd41baa3c6,4ec2cf6a1a5b8b4870b5c68a85fc1f09e4d65f4fc0b5d16dd74e84af99c9ae55,N105_P9G0_HISTORICAL_PACKET_RESTORATION_V1 -> explicit gauge,46f1f2fd7b1710ed745060e45f24f9db60f681e8010208e52e657f6e531da178,"[0, 1, 60, 61]",bef613246d3215f31f01665f48b7507791c765bb3ba565784369286cac2c21f0,,components,LOCAL_FLINT_CPU,LOCAL_SINGLE_COORDINATOR_FLINT_CPU,WARM_SAME_SOURCE,FRESH_EXACT_SOLVE_WITH_INTERNAL_CHECKS_EXCLUDES_EXTERNAL_VERIFICATION,0,0,0,1,14,166912,16384,d5207e6b84fbabee961e83f3860a3bacaca585acd736c092903cacdfff692450,FLINT_EXACT_POLYNOMIAL,1,COMPLETE,OBSERVED_PATTERN,True,167040,0,0,CPU exact route includes its native polynomial readout/count checks; independently timed external verification excluded; no subprocess startup,deterministic retained-port-aware elimination or explicit component enumeration,,0.023342436994425952,0.0,0.0,0.0,,0.0,0.0030374249909073114,0.2259793720440939,0.2259793720440939,0.0,a24eb6ef43f062acc4392cb32854e837eba54e1674dd1f18474ff70523c869d3,"{""N"": 105, ""source_family"": ""POD14_GAUGE_VARIANT"", ""graph_hash"": ""4ec2cf6a1a5b8b4870b5c68a85fc1f09e4d65f4fc0b5d16dd74e84af99c9ae55"", ""source_hash"": ""5b920ecce1021ebc617011ee79931361d4a17ba761c89065b38158cd41baa3c6"", ""edges"": 275, ""degree_min"": 5, ""degree_max"": 6, ""degree_mean"": 5.238095238095238, ""degree_std"": 0.4259177099999599, ""components"": 8, ""component_sizes"": [10, 10, 10, 15, 15, 15, 15, 15], ""max_component"": 15, ""local_assignments"": 166912, ""minfill_width"": 5, ""minfill_work"": 2328, ""minfill_order"": [0, 1, 2, 60, 61, 3, 4, 5, 62, 63, 6, 7, 8, 64, 65, 9, 10, 11, 66, 67, 12, 13, 14, 68, 69, 15, 16, 17, 70, 36, 37, 38, 71, 84, 85, 18, 19, 20, 72, 42, 43, 44, 73, 88, 89, 21, 22, 23, 74, 45, 46, 47, 75, 90, 91, 24, 25, 26, 76, 48, 49, 50, 77, 92, 93, 27, 28, 29, 78, 51, 52, 53, 79, 94, 95, 30, 31, 32, 80, 54, 55, 56, 81, 96, 97, 33, 34, 35, 82, 57, 58, 59, 83, 98, 99, 39, 40, 41, 86, 87, 100, 101, 102, 103, 104], ""energy_bound"": 275, ""root_bound"": 512, ""crt_primes"": 4, ""arithmetic_burden"": 4767744, ""coefficient_bound"": ""40564819207303340847894502572032"", ""coupling_multiplicities"": {""1"": 146, ""-1"": 129}, ""symmetry"": ""not assumed"", ""degree_signature"": [5, 5, 5, 5, 5, 5, 5, 5, 5, 5, 5, 5, 5, 5, 5, 5, 5, 5, 5, 5, 5, 5, 5, 5, 5, 5, 5, 5, 5, 5, 5, 5, 5, 5, 5, 5, 5, 5, 5, 5, 5, 5, 5, 5, 5, 5, 5, 5, 5, 5, 5, 5, 5, 5, 5, 5, 5, 5, 5, 5, 5, 5, 5, 5, 5, 5, 5, 5, 5, 5, 5, 5, 5, 5, 5, 5, 5, 5, 5, 5, 6, 6, 6, 6, 6, 6, 6, 6, 6, 6, 6, 6, 6, 6, 6, 6, 6, 6, 6, 6, 6, 6, 6, 6, 6]}",,,,,
ee85f4e88647473ccf0c63eb,N105_gauge,5b920ecce1021ebc617011ee79931361d4a17ba761c89065b38158cd41baa3c6,4ec2cf6a1a5b8b4870b5c68a85fc1f09e4d65f4fc0b5d16dd74e84af99c9ae55,N105_P9G0_HISTORICAL_PACKET_RESTORATION_V1 -> explicit gauge,46f1f2fd7b1710ed745060e45f24f9db60f681e8010208e52e657f6e531da178,"[0, 1, 60, 61]",bef613246d3215f31f01665f48b7507791c765bb3ba565784369286cac2c21f0,,components,LOCAL_FLINT_CPU,LOCAL_SINGLE_COORDINATOR_FLINT_CPU,WARM_SAME_SOURCE,FRESH_EXACT_SOLVE_WITH_INTERNAL_CHECKS_EXCLUDES_EXTERNAL_VERIFICATION,0,0,0,1,14,166912,16384,d5207e6b84fbabee961e83f3860a3bacaca585acd736c092903cacdfff692450,FLINT_EXACT_POLYNOMIAL,2,COMPLETE,OBSERVED_PATTERN,True,167040,0,0,CPU exact route includes its native polynomial readout/count checks; independently timed external verification excluded; no subprocess startup,deterministic retained-port-aware elimination or explicit component enumeration,,0.023342436994425952,0.0,0.0,0.0,,0.0,0.003230912028811872,0.23326371097937226,0.23326371097937226,0.0,a24eb6ef43f062acc4392cb32854e837eba54e1674dd1f18474ff70523c869d3,"{""N"": 105, ""source_family"": ""POD14_GAUGE_VARIANT"", ""graph_hash"": ""4ec2cf6a1a5b8b4870b5c68a85fc1f09e4d65f4fc0b5d16dd74e84af99c9ae55"", ""source_hash"": ""5b920ecce1021ebc617011ee79931361d4a17ba761c89065b38158cd41baa3c6"", ""edges"": 275, ""degree_min"": 5, ""degree_max"": 6, ""degree_mean"": 5.238095238095238, ""degree_std"": 0.4259177099999599, ""components"": 8, ""component_sizes"": [10, 10, 10, 15, 15, 15, 15, 15], ""max_component"": 15, ""local_assignments"": 166912, ""minfill_width"": 5, ""minfill_work"": 2328, ""minfill_order"": [0, 1, 2, 60, 61, 3, 4, 5, 62, 63, 6, 7, 8, 64, 65, 9, 10, 11, 66, 67, 12, 13, 14, 68, 69, 15, 16, 17, 70, 36, 37, 38, 71, 84, 85, 18, 19, 20, 72, 42, 43, 44, 73, 88, 89, 21, 22, 23, 74, 45, 46, 47, 75, 90, 91, 24, 25, 26, 76, 48, 49, 50, 77, 92, 93, 27, 28, 29, 78, 51, 52, 53, 79, 94, 95, 30, 31, 32, 80, 54, 55, 56, 81, 96, 97, 33, 34, 35, 82, 57, 58, 59, 83, 98, 99, 39, 40, 41, 86, 87, 100, 101, 102, 103, 104], ""energy_bound"": 275, ""root_bound"": 512, ""crt_primes"": 4, ""arithmetic_burden"": 4767744, ""coefficient_bound"": ""40564819207303340847894502572032"", ""coupling_multiplicities"": {""1"": 146, ""-1"": 129}, ""symmetry"": ""not assumed"", ""degree_signature"": [5, 5, 5, 5, 5, 5, 5, 5, 5, 5, 5, 5, 5, 5, 5, 5, 5, 5, 5, 5, 5, 5, 5, 5, 5, 5, 5, 5, 5, 5, 5, 5, 5, 5, 5, 5, 5, 5, 5, 5, 5, 5, 5, 5, 5, 5, 5, 5, 5, 5, 5, 5, 5, 5, 5, 5, 5, 5, 5, 5, 5, 5, 5, 5, 5, 5, 5, 5, 5, 5, 5, 5, 5, 5, 5, 5, 5, 5, 5, 5, 6, 6, 6, 6, 6, 6, 6, 6, 6, 6, 6, 6, 6, 6, 6, 6, 6, 6, 6, 6, 6, 6, 6, 6, 6]}",,,,,
ee85f4e88647473ccf0c63eb,N105_gauge,5b920ecce1021ebc617011ee79931361d4a17ba761c89065b38158cd41baa3c6,4ec2cf6a1a5b8b4870b5c68a85fc1f09e4d65f4fc0b5d16dd74e84af99c9ae55,N105_P9G0_HISTORICAL_PACKET_RESTORATION_V1 -> explicit gauge,46f1f2fd7b1710ed745060e45f24f9db60f681e8010208e52e657f6e531da178,"[0, 1, 60, 61]",31e489ab097a0cd0b8e41acc88ca0113f0b9a801003c0b0617c8eb0359dfe1e1,,variable_elimination,LOCAL_FLINT_CPU,LOCAL_SINGLE_COORDINATOR_FLINT_CPU,WARM_SAME_SOURCE,FRESH_EXACT_SOLVE_WITH_INTERNAL_CHECKS_EXCLUDES_EXTERNAL_VERIFICATION,0,0,0,1,5,2313,32,d5207e6b84fbabee961e83f3860a3bacaca585acd736c092903cacdfff692450,FLINT_EXACT_POLYNOMIAL,2,COMPLETE,OBSERVED_PATTERN,True,28546,0,0,CPU exact route includes its native polynomial readout/count checks; independently timed external verification excluded; no subprocess startup,deterministic retained-port-aware elimination or explicit component enumeration,,0.023342436994425952,0.0,0.0,0.0,,0.0,0.0024986749049276114,0.025078085018321872,0.025078085018321872,0.0,a24eb6ef43f062acc4392cb32854e837eba54e1674dd1f18474ff70523c869d3,"{""N"": 105, ""source_family"": ""POD14_GAUGE_VARIANT"", ""graph_hash"": ""4ec2cf6a1a5b8b4870b5c68a85fc1f09e4d65f4fc0b5d16dd74e84af99c9ae55"", ""source_hash"": ""5b920ecce1021ebc617011ee79931361d4a17ba761c89065b38158cd41baa3c6"", ""edges"": 275, ""degree_min"": 5, ""degree_max"": 6, ""degree_mean"": 5.238095238095238, ""degree_std"": 0.4259177099999599, ""components"": 8, ""component_sizes"": [10, 10, 10, 15, 15, 15, 15, 15], ""max_component"": 15, ""local_assignments"": 166912, ""minfill_width"": 5, ""minfill_work"": 2328, ""minfill_order"": [0, 1, 2, 60, 61, 3, 4, 5, 62, 63, 6, 7, 8, 64, 65, 9, 10, 11, 66, 67, 12, 13, 14, 68, 69, 15, 16, 17, 70, 36, 37, 38, 71, 84, 85, 18, 19, 20, 72, 42, 43, 44, 73, 88, 89, 21, 22, 23, 74, 45, 46, 47, 75, 90, 91, 24, 25, 26, 76, 48, 49, 50, 77, 92, 93, 27, 28, 29, 78, 51, 52, 53, 79, 94, 95, 30, 31, 32, 80, 54, 55, 56, 81, 96, 97, 33, 34, 35, 82, 57, 58, 59, 83, 98, 99, 39, 40, 41, 86, 87, 100, 101, 102, 103, 104], ""energy_bound"": 275, ""root_bound"": 512, ""crt_primes"": 4, ""arithmetic_burden"": 4767744, ""coefficient_bound"": ""40564819207303340847894502572032"", ""coupling_multiplicities"": {""1"": 146, ""-1"": 129}, ""symmetry"": ""not assumed"", ""degree_signature"": [5, 5, 5, 5, 5, 5, 5, 5, 5, 5, 5, 5, 5, 5, 5, 5, 5, 5, 5, 5, 5, 5, 5, 5, 5, 5, 5, 5, 5, 5, 5, 5, 5, 5, 5, 5, 5, 5, 5, 5, 5, 5, 5, 5, 5, 5, 5, 5, 5, 5, 5, 5, 5, 5, 5, 5, 5, 5, 5, 5, 5, 5, 5, 5, 5, 5, 5, 5, 5, 5, 5, 5, 5, 5, 5, 5, 5, 5, 5, 5, 6, 6, 6, 6, 6, 6, 6, 6, 6, 6, 6, 6, 6, 6, 6, 6, 6, 6, 6, 6, 6, 6, 6, 6, 6]}",,,,,
c7353b471ef466777de47487,N046,e553cda8fc5e4e98fef9a3940a36be26bf809581ff3b19da8573c413e7a5bc07,a7b6c82673ddc4698b23379fc90c00df83cdbf07d7beda3dbb27e02af9739dce,N96_INDUCED_TRANSITION_LADDER_V1,f2f991d74dfbb2edf7f4475dcb7d82989de00a71e44bb11d4a6fbb49442577b6,"[0, 1, 2, 3]",a25c9f7e93665c61efd10f50b896b4e874a5546654ef24df8f507b80033df35f,,variable_elimination,LOCAL_FLINT_CPU,LOCAL_SINGLE_COORDINATOR_FLINT_CPU,WARM_NEW_SOURCE,FRESH_EXACT_SOLVE_WITH_INTERNAL_CHECKS_EXCLUDES_EXTERNAL_VERIFICATION,0,0,0,1,4,197,16,d5207e6b84fbabee961e83f3860a3bacaca585acd736c092903cacdfff692450,FLINT_EXACT_POLYNOMIAL,0,COMPLETE,OBSERVED_PATTERN,True,1980,0,0,CPU exact route includes its native polynomial readout/count checks; independently timed external verification excluded; no subprocess startup,deterministic retained-port-aware elimination or explicit component enumeration,,0.002510235062800348,0.0,0.0,0.0,,0.0,0.0031074739526957273,0.011337004019878805,0.011337004019878805,0.0,b966b887fa9413967d0bb8643889aaed092ab2c063a7e1958cecd36ee25fa351,"{""N"": 46, ""source_family"": ""N96_INDUCED_TRANSITION_LADDER_V1"", ""graph_hash"": ""a7b6c82673ddc4698b23379fc90c00df83cdbf07d7beda3dbb27e02af9739dce"", ""source_hash"": ""e553cda8fc5e4e98fef9a3940a36be26bf809581ff3b19da8573c413e7a5bc07"", ""edges"": 54, ""degree_min"": 0, ""degree_max"": 5, ""degree_mean"": 2.347826086956522, ""degree_std"": 1.127085338853541, ""components"": 4, ""component_sizes"": [1, 1, 1, 43], ""max_component"": 43, ""local_assignments"": 8796093022214, ""minfill_width"": 4, ""minfill_work"": 202, ""minfill_order"": [25, 31, 34, 23, 29, 12, 32, 21, 33, 36, 0, 1, 11, 14, 15, 20, 16, 35, 45, 2, 3, 17, 18, 22, 24, 27, 28, 30, 37, 38, 39, 41, 42, 43, 44, 10, 13, 19, 26, 4, 6, 5, 7, 8, 9, 40], ""energy_bound"": 161, ""root_bound"": 256, ""crt_primes"": 2, ""arithmetic_burden"": 103424, ""coefficient_bound"": ""70368744177664"", ""coupling_multiplicities"": {""3"": 14, ""-1"": 11, ""1"": 11, ""-2"": 10, ""-3"": 5, ""2"": 3}, ""symmetry"": ""not assumed"", ""degree_signature"": [0, 0, 0, 1, 1, 1, 1, 2, 2, 2, 2, 2, 2, 2, 2, 2, 2, 2, 2, 2, 2, 2, 2, 2, 2, 2, 2, 2, 2, 3, 3, 3, 3, 3, 3, 3, 3, 3, 3, 4, 4, 4, 4, 4, 5, 5]}",,,,,
c7353b471ef466777de47487,N046,e553cda8fc5e4e98fef9a3940a36be26bf809581ff3b19da8573c413e7a5bc07,a7b6c82673ddc4698b23379fc90c00df83cdbf07d7beda3dbb27e02af9739dce,N96_INDUCED_TRANSITION_LADDER_V1,f2f991d74dfbb2edf7f4475dcb7d82989de00a71e44bb11d4a6fbb49442577b6,"[0, 1, 2, 3]",a25c9f7e93665c61efd10f50b896b4e874a5546654ef24df8f507b80033df35f,,variable_elimination,LOCAL_FLINT_CPU,LOCAL_SINGLE_COORDINATOR_FLINT_CPU,WARM_SAME_SOURCE,FRESH_EXACT_SOLVE_WITH_INTERNAL_CHECKS_EXCLUDES_EXTERNAL_VERIFICATION,0,0,0,1,4,197,16,d5207e6b84fbabee961e83f3860a3bacaca585acd736c092903cacdfff692450,FLINT_EXACT_POLYNOMIAL,1,COMPLETE,OBSERVED_PATTERN,True,1980,0,0,CPU exact route includes its native polynomial readout/count checks; independently timed external verification excluded; no subprocess startup,deterministic retained-port-aware elimination or explicit component enumeration,,0.002510235062800348,0.0,0.0,0.0,,0.0,0.0022185100242495537,0.008014545077458024,0.008014545077458024,0.0,b966b887fa9413967d0bb8643889aaed092ab2c063a7e1958cecd36ee25fa351,"{""N"": 46, ""source_family"": ""N96_INDUCED_TRANSITION_LADDER_V1"", ""graph_hash"": ""a7b6c82673ddc4698b23379fc90c00df83cdbf07d7beda3dbb27e02af9739dce"", ""source_hash"": ""e553cda8fc5e4e98fef9a3940a36be26bf809581ff3b19da8573c413e7a5bc07"", ""edges"": 54, ""degree_min"": 0, ""degree_max"": 5, ""degree_mean"": 2.347826086956522, ""degree_std"": 1.127085338853541, ""components"": 4, ""component_sizes"": [1, 1, 1, 43], ""max_component"": 43, ""local_assignments"": 8796093022214, ""minfill_width"": 4, ""minfill_work"": 202, ""minfill_order"": [25, 31, 34, 23, 29, 12, 32, 21, 33, 36, 0, 1, 11, 14, 15, 20, 16, 35, 45, 2, 3, 17, 18, 22, 24, 27, 28, 30, 37, 38, 39, 41, 42, 43, 44, 10, 13, 19, 26, 4, 6, 5, 7, 8, 9, 40], ""energy_bound"": 161, ""root_bound"": 256, ""crt_primes"": 2, ""arithmetic_burden"": 103424, ""coefficient_bound"": ""70368744177664"", ""coupling_multiplicities"": {""3"": 14, ""-1"": 11, ""1"": 11, ""-2"": 10, ""-3"": 5, ""2"": 3}, ""symmetry"": ""not assumed"", ""degree_signature"": [0, 0, 0, 1, 1, 1, 1, 2, 2, 2, 2, 2, 2, 2, 2, 2, 2, 2, 2, 2, 2, 2, 2, 2, 2, 2, 2, 2, 2, 3, 3, 3, 3, 3, 3, 3, 3, 3, 3, 4, 4, 4, 4, 4, 5, 5]}",,,,,
c7353b471ef466777de47487,N046,e553cda8fc5e4e98fef9a3940a36be26bf809581ff3b19da8573c413e7a5bc07,a7b6c82673ddc4698b23379fc90c00df83cdbf07d7beda3dbb27e02af9739dce,N96_INDUCED_TRANSITION_LADDER_V1,f2f991d74dfbb2edf7f4475dcb7d82989de00a71e44bb11d4a6fbb49442577b6,"[0, 1, 2, 3]",a25c9f7e93665c61efd10f50b896b4e874a5546654ef24df8f507b80033df35f,,variable_elimination,LOCAL_FLINT_CPU,LOCAL_SINGLE_COORDINATOR_FLINT_CPU,WARM_SAME_SOURCE,FRESH_EXACT_SOLVE_WITH_INTERNAL_CHECKS_EXCLUDES_EXTERNAL_VERIFICATION,0,0,0,1,4,197,16,d5207e6b84fbabee961e83f3860a3bacaca585acd736c092903cacdfff692450,FLINT_EXACT_POLYNOMIAL,2,COMPLETE,OBSERVED_PATTERN,True,1980,0,0,CPU exact route includes its native polynomial readout/count checks; independently timed external verification excluded; no subprocess startup,deterministic retained-port-aware elimination or explicit component enumeration,,0.002510235062800348,0.0,0.0,0.0,,0.0,0.0017126980237662792,0.007777389022521675,0.007777389022521675,0.0,b966b887fa9413967d0bb8643889aaed092ab2c063a7e1958cecd36ee25fa351,"{""N"": 46, ""source_family"": ""N96_INDUCED_TRANSITION_LADDER_V1"", ""graph_hash"": ""a7b6c82673ddc4698b23379fc90c00df83cdbf07d7beda3dbb27e02af9739dce"", ""source_hash"": ""e553cda8fc5e4e98fef9a3940a36be26bf809581ff3b19da8573c413e7a5bc07"", ""edges"": 54, ""degree_min"": 0, ""degree_max"": 5, ""degree_mean"": 2.347826086956522, ""degree_std"": 1.127085338853541, ""components"": 4, ""component_sizes"": [1, 1, 1, 43], ""max_component"": 43, ""local_assignments"": 8796093022214, ""minfill_width"": 4, ""minfill_work"": 202, ""minfill_order"": [25, 31, 34, 23, 29, 12, 32, 21, 33, 36, 0, 1, 11, 14, 15, 20, 16, 35, 45, 2, 3, 17, 18, 22, 24, 27, 28, 30, 37, 38, 39, 41, 42, 43, 44, 10, 13, 19, 26, 4, 6, 5, 7, 8, 9, 40], ""energy_bound"": 161, ""root_bound"": 256, ""crt_primes"": 2, ""arithmetic_burden"": 103424, ""coefficient_bound"": ""70368744177664"", ""coupling_multiplicities"": {""3"": 14, ""-1"": 11, ""1"": 11, ""-2"": 10, ""-3"": 5, ""2"": 3}, ""symmetry"": ""not assumed"", ""degree_signature"": [0, 0, 0, 1, 1, 1, 1, 2, 2, 2, 2, 2, 2, 2, 2, 2, 2, 2, 2, 2, 2, 2, 2, 2, 2, 2, 2, 2, 2, 3, 3, 3, 3, 3, 3, 3, 3, 3, 3, 4, 4, 4, 4, 4, 5, 5]}",,,,,
8b955982a31033ce00751df9,N072_gauge,60d50fbdcca8e9b4f6536718096598d710c7d2afe8409a2f3a3adb99728d80e0,df909ad55de0ea93aeee86f28455dca463c0b981f10cc01a47b350b33a5ebf4e,N96_INDUCED_TRANSITION_LADDER_V1 -> explicit gauge,f2f991d74dfbb2edf7f4475dcb7d82989de00a71e44bb11d4a6fbb49442577b6,"[0, 1, 2, 3]",10d2a0510567492ae14ebf5b14e7fd636f89eb6814900bce2e59875b918007ae,1db425f42afa81e43bb5b2dfd24632154c9c909c18064a4c7ef809795376d97b,tie_portfolio,COOP14_MIG_BRANCH_GROUP,1d2a6f95014703ca171206e42701c52355b89dab08ba0a9b72b3d193a3b620d4,WARM_SAME_SOURCE,FRESH_EXACT_SOLVE_WITH_INTERNAL_CHECKS_EXCLUDES_EXTERNAL_VERIFICATION,16,512,3,1,13,37446,8192,d5207e6b84fbabee961e83f3860a3bacaca585acd736c092903cacdfff692450,NUMPY_BATCHED_INVERSE_NTT_INTEGER_CRT,1,COMPLETE,OBSERVED_PATTERN,True,,,,,,5459968,1.1471626709681004,0.02096484007779509,0.047081226,0.025956599,0.005385973025113344,0.014226321974886654,0.006404784042388201,0.092784747,,0.0,62328104331845149935feabf51474eb0e917b28dd75992261ef0a9330450ecd,"{""N"": 72, ""source_family"": ""POD14_GAUGE_VARIANT"", ""graph_hash"": ""df909ad55de0ea93aeee86f28455dca463c0b981f10cc01a47b350b33a5ebf4e"", ""source_hash"": ""60d50fbdcca8e9b4f6536718096598d710c7d2afe8409a2f3a3adb99728d80e0"", ""edges"": 132, ""degree_min"": 1, ""degree_max"": 5, ""degree_mean"": 3.6666666666666665, ""degree_std"": 0.927960727138337, ""components"": 1, ""component_sizes"": [72], ""max_component"": 72, ""local_assignments"": 4722366482869645213696, ""minfill_width"": 13, ""minfill_work"": 43537, ""minfill_order"": [25, 1, 11, 62, 60, 15, 20, 29, 0, 3, 6, 23, 27, 31, 32, 34, 37, 39, 52, 41, 42, 43, 64, 48, 59, 68, 8, 50, 24, 17, 33, 38, 47, 66, 69, 7, 45, 63, 9, 70, 58, 18, 51, 61, 46, 16, 10, 2, 4, 5, 26, 12, 30, 65, 19, 14, 44, 54, 13, 21, 22, 28, 35, 36, 40, 49, 53, 55, 56, 57, 67, 71], ""energy_bound"": 349, ""root_bound"": 512, ""crt_primes"": 3, ""arithmetic_burden"": 66872832, ""coefficient_bound"": ""4722366482869645213696"", ""coupling_multiplicities"": {""3"": 23, ""1"": 25, ""2"": 23, ""-1"": 22, ""-3"": 22, ""-2"": 17}, ""symmetry"": ""not assumed"", ""degree_signature"": [1, 2, 2, 2, 2, 3, 3, 3, 3, 3, 3, 3, 3, 3, 3, 3, 3, 3, 3, 3, 3, 3, 3, 3, 3, 3, 3, 3, 3, 3, 3, 3, 3, 3, 4, 4, 4, 4, 4, 4, 4, 4, 4, 4, 4, 4, 4, 4, 4, 4, 4, 4, 4, 4, 4, 4, 5, 5, 5, 5, 5, 5, 5, 5, 5, 5, 5, 5, 5, 5, 5, 5]}",407280,"[65148, 65149, 65150, 65151, 65152, 65153, 65154, 65155, 65156, 65157, 65158, 65159, 65160, 65161]","[176, 80, 112, 80, 80, 96, 176, 80, 80, 80, 112, 192, 112, 80]",WARM_SAME_SOURCE,focused
8b955982a31033ce00751df9,N072_gauge,60d50fbdcca8e9b4f6536718096598d710c7d2afe8409a2f3a3adb99728d80e0,df909ad55de0ea93aeee86f28455dca463c0b981f10cc01a47b350b33a5ebf4e,N96_INDUCED_TRANSITION_LADDER_V1 -> explicit gauge,f2f991d74dfbb2edf7f4475dcb7d82989de00a71e44bb11d4a6fbb49442577b6,"[0, 1, 2, 3]",10d2a0510567492ae14ebf5b14e7fd636f89eb6814900bce2e59875b918007ae,1db425f42afa81e43bb5b2dfd24632154c9c909c18064a4c7ef809795376d97b,tie_portfolio,COOP14_MIG_BRANCH_GROUP,1d2a6f95014703ca171206e42701c52355b89dab08ba0a9b72b3d193a3b620d4,WARM_SAME_SOURCE,FRESH_EXACT_SOLVE_WITH_INTERNAL_CHECKS_EXCLUDES_EXTERNAL_VERIFICATION,16,512,3,1,13,37446,8192,d5207e6b84fbabee961e83f3860a3bacaca585acd736c092903cacdfff692450,NUMPY_BATCHED_INVERSE_NTT_INTEGER_CRT,2,COMPLETE,OBSERVED_PATTERN,True,,,,,,5459968,1.1471626709681004,0.02096484007779509,0.068455919,0.025102765,0.003772480762563646,0.028248409237436357,0.007336106966249645,0.125671641,,0.0,62328104331845149935feabf51474eb0e917b28dd75992261ef0a9330450ecd,"{""N"": 72, ""source_family"": ""POD14_GAUGE_VARIANT"", ""graph_hash"": ""df909ad55de0ea93aeee86f28455dca463c0b981f10cc01a47b350b33a5ebf4e"", ""source_hash"": ""60d50fbdcca8e9b4f6536718096598d710c7d2afe8409a2f3a3adb99728d80e0"", ""edges"": 132, ""degree_min"": 1, ""degree_max"": 5, ""degree_mean"": 3.6666666666666665, ""degree_std"": 0.927960727138337, ""components"": 1, ""component_sizes"": [72], ""max_component"": 72, ""local_assignments"": 4722366482869645213696, ""minfill_width"": 13, ""minfill_work"": 43537, ""minfill_order"": [25, 1, 11, 62, 60, 15, 20, 29, 0, 3, 6, 23, 27, 31, 32, 34, 37, 39, 52, 41, 42, 43, 64, 48, 59, 68, 8, 50, 24, 17, 33, 38, 47, 66, 69, 7, 45, 63, 9, 70, 58, 18, 51, 61, 46, 16, 10, 2, 4, 5, 26, 12, 30, 65, 19, 14, 44, 54, 13, 21, 22, 28, 35, 36, 40, 49, 53, 55, 56, 57, 67, 71], ""energy_bound"": 349, ""root_bound"": 512, ""crt_primes"": 3, ""arithmetic_burden"": 66872832, ""coefficient_bound"": ""4722366482869645213696"", ""coupling_multiplicities"": {""3"": 23, ""1"": 25, ""2"": 23, ""-1"": 22, ""-3"": 22, ""-2"": 17}, ""symmetry"": ""not assumed"", ""degree_signature"": [1, 2, 2, 2, 2, 3, 3, 3, 3, 3, 3, 3, 3, 3, 3, 3, 3, 3, 3, 3, 3, 3, 3, 3, 3, 3, 3, 3, 3, 3, 3, 3, 3, 3, 4, 4, 4, 4, 4, 4, 4, 4, 4, 4, 4, 4, 4, 4, 4, 4, 4, 4, 4, 4, 4, 4, 5, 5, 5, 5, 5, 5, 5, 5, 5, 5, 5, 5, 5, 5, 5, 5]}",407280,"[65148, 65149, 65150, 65151, 65152, 65153, 65154, 65155, 65156, 65157, 65158, 65159, 65160, 65161]","[176, 80, 96, 176, 80, 80, 160, 64, 112, 64, 80, 128, 80, 160]",WARM_SAME_SOURCE,focused
8b955982a31033ce00751df9,N072_gauge,60d50fbdcca8e9b4f6536718096598d710c7d2afe8409a2f3a3adb99728d80e0,df909ad55de0ea93aeee86f28455dca463c0b981f10cc01a47b350b33a5ebf4e,N96_INDUCED_TRANSITION_LADDER_V1 -> explicit gauge,f2f991d74dfbb2edf7f4475dcb7d82989de00a71e44bb11d4a6fbb49442577b6,"[0, 1, 2, 3]",10d2a0510567492ae14ebf5b14e7fd636f89eb6814900bce2e59875b918007ae,1db425f42afa81e43bb5b2dfd24632154c9c909c18064a4c7ef809795376d97b,tie_portfolio,COOP14_MIG_BRANCH_GROUP,1d2a6f95014703ca171206e42701c52355b89dab08ba0a9b72b3d193a3b620d4,WARM_SAME_SOURCE,FRESH_EXACT_SOLVE_WITH_INTERNAL_CHECKS_EXCLUDES_EXTERNAL_VERIFICATION,16,512,3,1,13,37446,8192,d5207e6b84fbabee961e83f3860a3bacaca585acd736c092903cacdfff692450,NUMPY_BATCHED_INVERSE_NTT_INTEGER_CRT,3,COMPLETE,OBSERVED_PATTERN,True,,,,,,5459968,1.1471626709681004,0.02096484007779509,0.049775088,0.021101217,0.0033622700721025467,0.013366436927897452,0.005947742029093206,0.087749089,,0.0,62328104331845149935feabf51474eb0e917b28dd75992261ef0a9330450ecd,"{""N"": 72, ""source_family"": ""POD14_GAUGE_VARIANT"", ""graph_hash"": ""df909ad55de0ea93aeee86f28455dca463c0b981f10cc01a47b350b33a5ebf4e"", ""source_hash"": ""60d50fbdcca8e9b4f6536718096598d710c7d2afe8409a2f3a3adb99728d80e0"", ""edges"": 132, ""degree_min"": 1, ""degree_max"": 5, ""degree_mean"": 3.6666666666666665, ""degree_std"": 0.927960727138337, ""components"": 1, ""component_sizes"": [72], ""max_component"": 72, ""local_assignments"": 4722366482869645213696, ""minfill_width"": 13, ""minfill_work"": 43537, ""minfill_order"": [25, 1, 11, 62, 60, 15, 20, 29, 0, 3, 6, 23, 27, 31, 32, 34, 37, 39, 52, 41, 42, 43, 64, 48, 59, 68, 8, 50, 24, 17, 33, 38, 47, 66, 69, 7, 45, 63, 9, 70, 58, 18, 51, 61, 46, 16, 10, 2, 4, 5, 26, 12, 30, 65, 19, 14, 44, 54, 13, 21, 22, 28, 35, 36, 40, 49, 53, 55, 56, 57, 67, 71], ""energy_bound"": 349, ""root_bound"": 512, ""crt_primes"": 3, ""arithmetic_burden"": 66872832, ""coefficient_bound"": ""4722366482869645213696"", ""coupling_multiplicities"": {""3"": 23, ""1"": 25, ""2"": 23, ""-1"": 22, ""-3"": 22, ""-2"": 17}, ""symmetry"": ""not assumed"", ""degree_signature"": [1, 2, 2, 2, 2, 3, 3, 3, 3, 3, 3, 3, 3, 3, 3, 3, 3, 3, 3, 3, 3, 3, 3, 3, 3, 3, 3, 3, 3, 3, 3, 3, 3, 3, 4, 4, 4, 4, 4, 4, 4, 4, 4, 4, 4, 4, 4, 4, 4, 4, 4, 4, 4, 4, 4, 4, 5, 5, 5, 5, 5, 5, 5, 5, 5, 5, 5, 5, 5, 5, 5, 5]}",407280,"[65148, 65149, 65150, 65151, 65152, 65153, 65154, 65155, 65156, 65157, 65158, 65159, 65160, 65161]","[192, 80, 80, 128, 80, 112, 112, 80, 80, 112, 64, 192, 96, 128]",WARM_SAME_SOURCE,focused
0f4fe3d06d61087e63fa7a7b,N049,f48f595ee6300e1a762892c3901a5cdbdd34dc3f4a1918d3fcd6256a9cdbb470,775cbd076297a897e52717d2efe48a45326514c6da25360976f2a18334aad76d,N96_INDUCED_TRANSITION_LADDER_V1,f2f991d74dfbb2edf7f4475dcb7d82989de00a71e44bb11d4a6fbb49442577b6,"[0, 1, 2, 3]",73f23c15232a6c0c005627fb295ad72fe6b7811861357c5cd7c7f5d08a62fbcc,,variable_elimination,LOCAL_FLINT_CPU,LOCAL_SINGLE_COORDINATOR_FLINT_CPU,WARM_NEW_SOURCE,FRESH_EXACT_SOLVE_WITH_INTERNAL_CHECKS_EXCLUDES_EXTERNAL_VERIFICATION,0,0,0,1,5,302,32,d5207e6b84fbabee961e83f3860a3bacaca585acd736c092903cacdfff692450,FLINT_EXACT_POLYNOMIAL,0,COMPLETE,OBSERVED_PATTERN,True,2928,0,0,CPU exact route includes its native polynomial readout/count checks; independently timed external verification excluded; no subprocess startup,deterministic retained-port-aware elimination or explicit component enumeration,,0.0029709860682487488,0.0,0.0,0.0,,0.0,0.0035069769946858287,0.014724593027494848,0.014724593027494848,0.0,3628d7d94a9d01b2c834ae9a67b089bba37499f9807235af3d12b615af206342,"{""N"": 49, ""source_family"": ""N96_INDUCED_TRANSITION_LADDER_V1"", ""graph_hash"": ""775cbd076297a897e52717d2efe48a45326514c6da25360976f2a18334aad76d"", ""source_hash"": ""f48f595ee6300e1a762892c3901a5cdbdd34dc3f4a1918d3fcd6256a9cdbb470"", ""edges"": 60, ""degree_min"": 0, ""degree_max"": 5, ""degree_mean"": 2.4489795918367347, ""degree_std"": 1.0702131103777057, ""components"": 3, ""component_sizes"": [1, 1, 47], ""max_component"": 47, ""local_assignments"": 140737488355332, ""minfill_width"": 5, ""minfill_work"": 281, ""minfill_order"": [25, 31, 23, 29, 12, 32, 21, 34, 46, 33, 36, 0, 1, 11, 14, 15, 20, 16, 45, 2, 17, 18, 24, 27, 28, 35, 37, 38, 39, 42, 43, 44, 47, 48, 10, 13, 4, 6, 19, 22, 30, 5, 3, 7, 8, 9, 26, 40, 41], ""energy_bound"": 180, ""root_bound"": 256, ""crt_primes"": 2, ""arithmetic_burden"": 143872, ""coefficient_bound"": ""562949953421312"", ""coupling_multiplicities"": {""3"": 17, ""-1"": 11, ""1"": 11, ""-2"": 12, ""-3"": 5, ""2"": 4}, ""symmetry"": ""not assumed"", ""degree_signature"": [0, 0, 1, 1, 1, 1, 2, 2, 2, 2, 2, 2, 2, 2, 2, 2, 2, 2, 2, 2, 2, 2, 2, 2, 2, 2, 2, 2, 2, 3, 3, 3, 3, 3, 3, 3, 3, 3, 3, 3, 3, 4, 4, 4, 4, 4, 4, 5, 5]}",,,,,
0f4fe3d06d61087e63fa7a7b,N049,f48f595ee6300e1a762892c3901a5cdbdd34dc3f4a1918d3fcd6256a9cdbb470,775cbd076297a897e52717d2efe48a45326514c6da25360976f2a18334aad76d,N96_INDUCED_TRANSITION_LADDER_V1,f2f991d74dfbb2edf7f4475dcb7d82989de00a71e44bb11d4a6fbb49442577b6,"[0, 1, 2, 3]",73f23c15232a6c0c005627fb295ad72fe6b7811861357c5cd7c7f5d08a62fbcc,,variable_elimination,LOCAL_FLINT_CPU,LOCAL_SINGLE_COORDINATOR_FLINT_CPU,WARM_SAME_SOURCE,FRESH_EXACT_SOLVE_WITH_INTERNAL_CHECKS_EXCLUDES_EXTERNAL_VERIFICATION,0,0,0,1,5,302,32,d5207e6b84fbabee961e83f3860a3bacaca585acd736c092903cacdfff692450,FLINT_EXACT_POLYNOMIAL,1,COMPLETE,OBSERVED_PATTERN,True,2928,0,0,CPU exact route includes its native polynomial readout/count checks; independently timed external verification excluded; no subprocess startup,deterministic retained-port-aware elimination or explicit component enumeration,,0.0029709860682487488,0.0,0.0,0.0,,0.0,0.002508564037270844,0.010372821940109134,0.010372821940109134,0.0,3628d7d94a9d01b2c834ae9a67b089bba37499f9807235af3d12b615af206342,"{""N"": 49, ""source_family"": ""N96_INDUCED_TRANSITION_LADDER_V1"", ""graph_hash"": ""775cbd076297a897e52717d2efe48a45326514c6da25360976f2a18334aad76d"", ""source_hash"": ""f48f595ee6300e1a762892c3901a5cdbdd34dc3f4a1918d3fcd6256a9cdbb470"", ""edges"": 60, ""degree_min"": 0, ""degree_max"": 5, ""degree_mean"": 2.4489795918367347, ""degree_std"": 1.0702131103777057, ""components"": 3, ""component_sizes"": [1, 1, 47], ""max_component"": 47, ""local_assignments"": 140737488355332, ""minfill_width"": 5, ""minfill_work"": 281, ""minfill_order"": [25, 31, 23, 29, 12, 32, 21, 34, 46, 33, 36, 0, 1, 11, 14, 15, 20, 16, 45, 2, 17, 18, 24, 27, 28, 35, 37, 38, 39, 42, 43, 44, 47, 48, 10, 13, 4, 6, 19, 22, 30, 5, 3, 7, 8, 9, 26, 40, 41], ""energy_bound"": 180, ""root_bound"": 256, ""crt_primes"": 2, ""arithmetic_burden"": 143872, ""coefficient_bound"": ""562949953421312"", ""coupling_multiplicities"": {""3"": 17, ""-1"": 11, ""1"": 11, ""-2"": 12, ""-3"": 5, ""2"": 4}, ""symmetry"": ""not assumed"", ""degree_signature"": [0, 0, 1, 1, 1, 1, 2, 2, 2, 2, 2, 2, 2, 2, 2, 2, 2, 2, 2, 2, 2, 2, 2, 2, 2, 2, 2, 2, 2, 3, 3, 3, 3, 3, 3, 3, 3, 3, 3, 3, 3, 4, 4, 4, 4, 4, 4, 5, 5]}",,,,,
0f4fe3d06d61087e63fa7a7b,N049,f48f595ee6300e1a762892c3901a5cdbdd34dc3f4a1918d3fcd6256a9cdbb470,775cbd076297a897e52717d2efe48a45326514c6da25360976f2a18334aad76d,N96_INDUCED_TRANSITION_LADDER_V1,f2f991d74dfbb2edf7f4475dcb7d82989de00a71e44bb11d4a6fbb49442577b6,"[0, 1, 2, 3]",73f23c15232a6c0c005627fb295ad72fe6b7811861357c5cd7c7f5d08a62fbcc,,variable_elimination,LOCAL_FLINT_CPU,LOCAL_SINGLE_COORDINATOR_FLINT_CPU,WARM_SAME_SOURCE,FRESH_EXACT_SOLVE_WITH_INTERNAL_CHECKS_EXCLUDES_EXTERNAL_VERIFICATION,0,0,0,1,5,302,32,d5207e6b84fbabee961e83f3860a3bacaca585acd736c092903cacdfff692450,FLINT_EXACT_POLYNOMIAL,2,COMPLETE,OBSERVED_PATTERN,True,2928,0,0,CPU exact route includes its native polynomial readout/count checks; independently timed external verification excluded; no subprocess startup,deterministic retained-port-aware elimination or explicit component enumeration,,0.0029709860682487488,0.0,0.0,0.0,,0.0,0.001414583995938301,0.006673669908195734,0.006673669908195734,0.0,3628d7d94a9d01b2c834ae9a67b089bba37499f9807235af3d12b615af206342,"{""N"": 49, ""source_family"": ""N96_INDUCED_TRANSITION_LADDER_V1"", ""graph_hash"": ""775cbd076297a897e52717d2efe48a45326514c6da25360976f2a18334aad76d"", ""source_hash"": ""f48f595ee6300e1a762892c3901a5cdbdd34dc3f4a1918d3fcd6256a9cdbb470"", ""edges"": 60, ""degree_min"": 0, ""degree_max"": 5, ""degree_mean"": 2.4489795918367347, ""degree_std"": 1.0702131103777057, ""components"": 3, ""component_sizes"": [1, 1, 47], ""max_component"": 47, ""local_assignments"": 140737488355332, ""minfill_width"": 5, ""minfill_work"": 281, ""minfill_order"": [25, 31, 23, 29, 12, 32, 21, 34, 46, 33, 36, 0, 1, 11, 14, 15, 20, 16, 45, 2, 17, 18, 24, 27, 28, 35, 37, 38, 39, 42, 43, 44, 47, 48, 10, 13, 4, 6, 19, 22, 30, 5, 3, 7, 8, 9, 26, 40, 41], ""energy_bound"": 180, ""root_bound"": 256, ""crt_primes"": 2, ""arithmetic_burden"": 143872, ""coefficient_bound"": ""562949953421312"", ""coupling_multiplicities"": {""3"": 17, ""-1"": 11, ""1"": 11, ""-2"": 12, ""-3"": 5, ""2"": 4}, ""symmetry"": ""not assumed"", ""degree_signature"": [0, 0, 1, 1, 1, 1, 2, 2, 2, 2, 2, 2, 2, 2, 2, 2, 2, 2, 2, 2, 2, 2, 2, 2, 2, 2, 2, 2, 2, 3, 3, 3, 3, 3, 3, 3, 3, 3, 3, 3, 3, 4, 4, 4, 4, 4, 4, 5, 5]}",,,,,
9798f9926ec819c5b48ebe35,N065,404020a937d335d1c6972e35b1d07f9c2d960ae4da60034cd919ff72fe92d4f7,a7ce05864a9e1a6ca0f1b553ab6c8fef41fdfd21c9c1301c5fe6a27c2f14c7c5,N96_INDUCED_TRANSITION_LADDER_V1,f2f991d74dfbb2edf7f4475dcb7d82989de00a71e44bb11d4a6fbb49442577b6,"[0, 1, 2, 3]",f4ff924d847b60b491f04cfad26427f7f1c6f9f36f1a00b844918735e3711beb,,variable_elimination,LOCAL_FLINT_CPU,LOCAL_SINGLE_COORDINATOR_FLINT_CPU,WARM_NEW_SOURCE,FRESH_EXACT_SOLVE_WITH_INTERNAL_CHECKS_EXCLUDES_EXTERNAL_VERIFICATION,0,0,0,1,10,6467,1024,d5207e6b84fbabee961e83f3860a3bacaca585acd736c092903cacdfff692450,FLINT_EXACT_POLYNOMIAL,0,COMPLETE,OBSERVED_PATTERN,True,59536,0,0,CPU exact route includes its native polynomial readout/count checks; independently timed external verification excluded; no subprocess startup,deterministic retained-port-aware elimination or explicit component enumeration,,0.009145333897322416,0.0,0.0,0.0,,0.0,0.0028786479961127043,0.12273838394321501,0.12273838394321501,0.0,a3970d82c1f504ba2db78a3b45df39d58bd2866732dc4cba6e903ea5e003eb6a,"{""N"": 65, ""source_family"": ""N96_INDUCED_TRANSITION_LADDER_V1"", ""graph_hash"": ""a7ce05864a9e1a6ca0f1b553ab6c8fef41fdfd21c9c1301c5fe6a27c2f14c7c5"", ""source_hash"": ""404020a937d335d1c6972e35b1d07f9c2d960ae4da60034cd919ff72fe92d4f7"", ""edges"": 106, ""degree_min"": 0, ""degree_max"": 5, ""degree_mean"": 3.2615384615384615, ""degree_std"": 1.0269734934325314, ""components"": 2, ""component_sizes"": [1, 64], ""max_component"": 64, ""local_assignments"": 18446744073709551618, ""minfill_width"": 10, ""minfill_work"": 5438, ""minfill_order"": [25, 31, 1, 11, 62, 12, 32, 34, 37, 42, 48, 55, 60, 15, 20, 29, 36, 50, 0, 3, 6, 17, 18, 22, 27, 39, 52, 41, 43, 64, 46, 58, 59, 63, 8, 16, 23, 38, 7, 9, 61, 51, 10, 5, 26, 24, 30, 44, 56, 49, 2, 57, 21, 13, 4, 14, 19, 28, 33, 35, 40, 45, 47, 53, 54], ""energy_bound"": 284, ""root_bound"": 512, ""crt_primes"": 3, ""arithmetic_burden"": 8352768, ""coefficient_bound"": ""36893488147419103232"", ""coupling_multiplicities"": {""3"": 23, ""-1"": 21, ""-2"": 21, ""1"": 18, ""-3"": 8, ""2"": 15}, ""symmetry"": ""not assumed"", ""degree_signature"": [0, 1, 2, 2, 2, 2, 2, 2, 2, 2, 2, 2, 2, 3, 3, 3, 3, 3, 3, 3, 3, 3, 3, 3, 3, 3, 3, 3, 3, 3, 3, 3, 3, 3, 3, 3, 3, 3, 3, 3, 4, 4, 4, 4, 4, 4, 4, 4, 4, 4, 4, 4, 4, 4, 4, 4, 4, 5, 5, 5, 5, 5, 5, 5, 5]}",,,,,
9798f9926ec819c5b48ebe35,N065,404020a937d335d1c6972e35b1d07f9c2d960ae4da60034cd919ff72fe92d4f7,a7ce05864a9e1a6ca0f1b553ab6c8fef41fdfd21c9c1301c5fe6a27c2f14c7c5,N96_INDUCED_TRANSITION_LADDER_V1,f2f991d74dfbb2edf7f4475dcb7d82989de00a71e44bb11d4a6fbb49442577b6,"[0, 1, 2, 3]",f4ff924d847b60b491f04cfad26427f7f1c6f9f36f1a00b844918735e3711beb,,variable_elimination,LOCAL_FLINT_CPU,LOCAL_SINGLE_COORDINATOR_FLINT_CPU,WARM_SAME_SOURCE,FRESH_EXACT_SOLVE_WITH_INTERNAL_CHECKS_EXCLUDES_EXTERNAL_VERIFICATION,0,0,0,1,10,6467,1024,d5207e6b84fbabee961e83f3860a3bacaca585acd736c092903cacdfff692450,FLINT_EXACT_POLYNOMIAL,1,COMPLETE,OBSERVED_PATTERN,True,59536,0,0,CPU exact route includes its native polynomial readout/count checks; independently timed external verification excluded; no subprocess startup,deterministic retained-port-aware elimination or explicit component enumeration,,0.009145333897322416,0.0,0.0,0.0,,0.0,0.002123081940226257,0.09587548195850104,0.09587548195850104,0.0,a3970d82c1f504ba2db78a3b45df39d58bd2866732dc4cba6e903ea5e003eb6a,"{""N"": 65, ""source_family"": ""N96_INDUCED_TRANSITION_LADDER_V1"", ""graph_hash"": ""a7ce05864a9e1a6ca0f1b553ab6c8fef41fdfd21c9c1301c5fe6a27c2f14c7c5"", ""source_hash"": ""404020a937d335d1c6972e35b1d07f9c2d960ae4da60034cd919ff72fe92d4f7"", ""edges"": 106, ""degree_min"": 0, ""degree_max"": 5, ""degree_mean"": 3.2615384615384615, ""degree_std"": 1.0269734934325314, ""components"": 2, ""component_sizes"": [1, 64], ""max_component"": 64, ""local_assignments"": 18446744073709551618, ""minfill_width"": 10, ""minfill_work"": 5438, ""minfill_order"": [25, 31, 1, 11, 62, 12, 32, 34, 37, 42, 48, 55, 60, 15, 20, 29, 36, 50, 0, 3, 6, 17, 18, 22, 27, 39, 52, 41, 43, 64, 46, 58, 59, 63, 8, 16, 23, 38, 7, 9, 61, 51, 10, 5, 26, 24, 30, 44, 56, 49, 2, 57, 21, 13, 4, 14, 19, 28, 33, 35, 40, 45, 47, 53, 54], ""energy_bound"": 284, ""root_bound"": 512, ""crt_primes"": 3, ""arithmetic_burden"": 8352768, ""coefficient_bound"": ""36893488147419103232"", ""coupling_multiplicities"": {""3"": 23, ""-1"": 21, ""-2"": 21, ""1"": 18, ""-3"": 8, ""2"": 15}, ""symmetry"": ""not assumed"", ""degree_signature"": [0, 1, 2, 2, 2, 2, 2, 2, 2, 2, 2, 2, 2, 3, 3, 3, 3, 3, 3, 3, 3, 3, 3, 3, 3, 3, 3, 3, 3, 3, 3, 3, 3, 3, 3, 3, 3, 3, 3, 3, 4, 4, 4, 4, 4, 4, 4, 4, 4, 4, 4, 4, 4, 4, 4, 4, 4, 5, 5, 5, 5, 5, 5, 5, 5]}",,,,,
9798f9926ec819c5b48ebe35,N065,404020a937d335d1c6972e35b1d07f9c2d960ae4da60034cd919ff72fe92d4f7,a7ce05864a9e1a6ca0f1b553ab6c8fef41fdfd21c9c1301c5fe6a27c2f14c7c5,N96_INDUCED_TRANSITION_LADDER_V1,f2f991d74dfbb2edf7f4475dcb7d82989de00a71e44bb11d4a6fbb49442577b6,"[0, 1, 2, 3]",f4ff924d847b60b491f04cfad26427f7f1c6f9f36f1a00b844918735e3711beb,,variable_elimination,LOCAL_FLINT_CPU,LOCAL_SINGLE_COORDINATOR_FLINT_CPU,WARM_SAME_SOURCE,FRESH_EXACT_SOLVE_WITH_INTERNAL_CHECKS_EXCLUDES_EXTERNAL_VERIFICATION,0,0,0,1,10,6467,1024,d5207e6b84fbabee961e83f3860a3bacaca585acd736c092903cacdfff692450,FLINT_EXACT_POLYNOMIAL,2,COMPLETE,OBSERVED_PATTERN,True,59536,0,0,CPU exact route includes its native polynomial readout/count checks; independently timed external verification excluded; no subprocess startup,deterministic retained-port-aware elimination or explicit component enumeration,,0.009145333897322416,0.0,0.0,0.0,,0.0,0.002624212997034192,0.0891515628900379,0.0891515628900379,0.0,a3970d82c1f504ba2db78a3b45df39d58bd2866732dc4cba6e903ea5e003eb6a,"{""N"": 65, ""source_family"": ""N96_INDUCED_TRANSITION_LADDER_V1"", ""graph_hash"": ""a7ce05864a9e1a6ca0f1b553ab6c8fef41fdfd21c9c1301c5fe6a27c2f14c7c5"", ""source_hash"": ""404020a937d335d1c6972e35b1d07f9c2d960ae4da60034cd919ff72fe92d4f7"", ""edges"": 106, ""degree_min"": 0, ""degree_max"": 5, ""degree_mean"": 3.2615384615384615, ""degree_std"": 1.0269734934325314, ""components"": 2, ""component_sizes"": [1, 64], ""max_component"": 64, ""local_assignments"": 18446744073709551618, ""minfill_width"": 10, ""minfill_work"": 5438, ""minfill_order"": [25, 31, 1, 11, 62, 12, 32, 34, 37, 42, 48, 55, 60, 15, 20, 29, 36, 50, 0, 3, 6, 17, 18, 22, 27, 39, 52, 41, 43, 64, 46, 58, 59, 63, 8, 16, 23, 38, 7, 9, 61, 51, 10, 5, 26, 24, 30, 44, 56, 49, 2, 57, 21, 13, 4, 14, 19, 28, 33, 35, 40, 45, 47, 53, 54], ""energy_bound"": 284, ""root_bound"": 512, ""crt_primes"": 3, ""arithmetic_burden"": 8352768, ""coefficient_bound"": ""36893488147419103232"", ""coupling_multiplicities"": {""3"": 23, ""-1"": 21, ""-2"": 21, ""1"": 18, ""-3"": 8, ""2"": 15}, ""symmetry"": ""not assumed"", ""degree_signature"": [0, 1, 2, 2, 2, 2, 2, 2, 2, 2, 2, 2, 2, 3, 3, 3, 3, 3, 3, 3, 3, 3, 3, 3, 3, 3, 3, 3, 3, 3, 3, 3, 3, 3, 3, 3, 3, 3, 3, 3, 4, 4, 4, 4, 4, 4, 4, 4, 4, 4, 4, 4, 4, 4, 4, 4, 4, 5, 5, 5, 5, 5, 5, 5, 5]}",,,,,
734f47f8c1584ff7eca7f9bf,N080,943df0e82445feae09928be7af24b337ee45bf1f96d77a5aa68eb7a83c4d9c6f,e0768c427800ea265d9d8aed1e401fe560866246a7d336bc556ada0bdb580e7c,N96_INDUCED_TRANSITION_LADDER_V1,f2f991d74dfbb2edf7f4475dcb7d82989de00a71e44bb11d4a6fbb49442577b6,"[0, 1, 2, 3]",4c10920a93396615ed7f669ae27bed2886da84729671d3f9d30f4c8a13a138da,0e0da7808bebe32b8231fd9b8ff72ecd09f4d325f0fb4f758704b5f72a11152f,transition_priority,COOP14_MIG_BRANCH_GROUP,1d2a6f95014703ca171206e42701c52355b89dab08ba0a9b72b3d193a3b620d4,WARM_SAME_SOURCE,FRESH_EXACT_SOLVE_WITH_INTERNAL_CHECKS_EXCLUDES_EXTERNAL_VERIFICATION,16,512,3,1,17,672760,131072,d5207e6b84fbabee961e83f3860a3bacaca585acd736c092903cacdfff692450,NUMPY_BATCHED_INVERSE_NTT_INTEGER_CRT,1,COMPLETE,OBSERVED_PATTERN,True,,,,,,93816320,0.00018617697060108185,0.018303997931070626,0.155076228,0.030924459,0.0031197729986160994,0.0140970350013839,0.006491753039881587,0.203361313,,0.0,e228040c47bd52c935e6d48fdfc8f463089cf54fc89722cae0ca70a3ab360065,"{""N"": 80, ""source_family"": ""N96_INDUCED_TRANSITION_LADDER_V1"", ""graph_hash"": ""e0768c427800ea265d9d8aed1e401fe560866246a7d336bc556ada0bdb580e7c"", ""source_hash"": ""943df0e82445feae09928be7af24b337ee45bf1f96d77a5aa68eb7a83c4d9c6f"", ""edges"": 166, ""degree_min"": 2, ""degree_max"": 5, ""degree_mean"": 4.15, ""degree_std"": 0.8077747210701756, ""components"": 1, ""component_sizes"": [80], ""max_component"": 80, ""local_assignments"": 1208925819614629174706176, ""minfill_width"": 19, ""minfill_work"": 3325231, ""minfill_order"": [25, 60, 15, 20, 29, 0, 6, 24, 32, 37, 41, 51, 59, 64, 68, 8, 50, 33, 34, 42, 47, 62, 11, 66, 3, 38, 48, 63, 67, 39, 16, 69, 76, 56, 74, 23, 7, 9, 77, 61, 2, 17, 58, 46, 1, 73, 78, 12, 52, 27, 22, 19, 10, 43, 65, 30, 13, 40, 54, 75, 49, 4, 5, 14, 18, 21, 26, 28, 31, 35, 36, 44, 45, 53, 55, 57, 70, 71, 72, 79], ""energy_bound"": 418, ""root_bound"": 512, ""crt_primes"": 3, ""arithmetic_burden"": 5107554816, ""coefficient_bound"": ""1208925819614629174706176"", ""coupling_multiplicities"": {""3"": 32, ""-1"": 33, ""-2"": 27, ""1"": 33, ""-3"": 21, ""2"": 20}, ""symmetry"": ""not assumed"", ""degree_signature"": [2, 2, 3, 3, 3, 3, 3, 3, 3, 3, 3, 3, 3, 3, 3, 3, 3, 4, 4, 4, 4, 4, 4, 4, 4, 4, 4, 4, 4, 4, 4, 4, 4, 4, 4, 4, 4, 4, 4, 4, 4, 4, 4, 4, 4, 4, 4, 4, 4, 5, 5, 5, 5, 5, 5, 5, 5, 5, 5, 5, 5, 5, 5, 5, 5, 5, 5, 5, 5, 5, 5, 5, 5, 5, 5, 5, 5, 5, 5, 5]}",7071760,"[65148, 65149, 65150, 65151, 65152, 65153, 65154, 65155, 65156, 65157, 65158, 65159, 65160, 65161]","[176, 80, 192, 96, 96, 80, 80, 96, 128, 112, 96, 80, 128, 96]",WARM_SAME_SOURCE,focused
734f47f8c1584ff7eca7f9bf,N080,943df0e82445feae09928be7af24b337ee45bf1f96d77a5aa68eb7a83c4d9c6f,e0768c427800ea265d9d8aed1e401fe560866246a7d336bc556ada0bdb580e7c,N96_INDUCED_TRANSITION_LADDER_V1,f2f991d74dfbb2edf7f4475dcb7d82989de00a71e44bb11d4a6fbb49442577b6,"[0, 1, 2, 3]",4c10920a93396615ed7f669ae27bed2886da84729671d3f9d30f4c8a13a138da,0e0da7808bebe32b8231fd9b8ff72ecd09f4d325f0fb4f758704b5f72a11152f,transition_priority,COOP14_MIG_BRANCH_GROUP,1d2a6f95014703ca171206e42701c52355b89dab08ba0a9b72b3d193a3b620d4,WARM_SAME_SOURCE,FRESH_EXACT_SOLVE_WITH_INTERNAL_CHECKS_EXCLUDES_EXTERNAL_VERIFICATION,16,512,3,1,17,672760,131072,d5207e6b84fbabee961e83f3860a3bacaca585acd736c092903cacdfff692450,NUMPY_BATCHED_INVERSE_NTT_INTEGER_CRT,2,COMPLETE,OBSERVED_PATTERN,True,,,,,,93816320,0.00018617697060108185,0.018303997931070626,0.327775867,0.027269635,0.004724055179394782,0.02014132382060522,0.007123769959434867,0.380078839,,0.0,e228040c47bd52c935e6d48fdfc8f463089cf54fc89722cae0ca70a3ab360065,"{""N"": 80, ""source_family"": ""N96_INDUCED_TRANSITION_LADDER_V1"", ""graph_hash"": ""e0768c427800ea265d9d8aed1e401fe560866246a7d336bc556ada0bdb580e7c"", ""source_hash"": ""943df0e82445feae09928be7af24b337ee45bf1f96d77a5aa68eb7a83c4d9c6f"", ""edges"": 166, ""degree_min"": 2, ""degree_max"": 5, ""degree_mean"": 4.15, ""degree_std"": 0.8077747210701756, ""components"": 1, ""component_sizes"": [80], ""max_component"": 80, ""local_assignments"": 1208925819614629174706176, ""minfill_width"": 19, ""minfill_work"": 3325231, ""minfill_order"": [25, 60, 15, 20, 29, 0, 6, 24, 32, 37, 41, 51, 59, 64, 68, 8, 50, 33, 34, 42, 47, 62, 11, 66, 3, 38, 48, 63, 67, 39, 16, 69, 76, 56, 74, 23, 7, 9, 77, 61, 2, 17, 58, 46, 1, 73, 78, 12, 52, 27, 22, 19, 10, 43, 65, 30, 13, 40, 54, 75, 49, 4, 5, 14, 18, 21, 26, 28, 31, 35, 36, 44, 45, 53, 55, 57, 70, 71, 72, 79], ""energy_bound"": 418, ""root_bound"": 512, ""crt_primes"": 3, ""arithmetic_burden"": 5107554816, ""coefficient_bound"": ""1208925819614629174706176"", ""coupling_multiplicities"": {""3"": 32, ""-1"": 33, ""-2"": 27, ""1"": 33, ""-3"": 21, ""2"": 20}, ""symmetry"": ""not assumed"", ""degree_signature"": [2, 2, 3, 3, 3, 3, 3, 3, 3, 3, 3, 3, 3, 3, 3, 3, 3, 4, 4, 4, 4, 4, 4, 4, 4, 4, 4, 4, 4, 4, 4, 4, 4, 4, 4, 4, 4, 4, 4, 4, 4, 4, 4, 4, 4, 4, 4, 4, 4, 5, 5, 5, 5, 5, 5, 5, 5, 5, 5, 5, 5, 5, 5, 5, 5, 5, 5, 5, 5, 5, 5, 5, 5, 5, 5, 5, 5, 5, 5, 5]}",7071760,"[65148, 65149, 65150, 65151, 65152, 65153, 65154, 65155, 65156, 65157, 65158, 65159, 65160, 65161]","[80, 176, 80, 96, 96, 160, 112, 80, 160, 96, 80, 160, 80, 80]",WARM_SAME_SOURCE,focused
734f47f8c1584ff7eca7f9bf,N080,943df0e82445feae09928be7af24b337ee45bf1f96d77a5aa68eb7a83c4d9c6f,e0768c427800ea265d9d8aed1e401fe560866246a7d336bc556ada0bdb580e7c,N96_INDUCED_TRANSITION_LADDER_V1,f2f991d74dfbb2edf7f4475dcb7d82989de00a71e44bb11d4a6fbb49442577b6,"[0, 1, 2, 3]",4c10920a93396615ed7f669ae27bed2886da84729671d3f9d30f4c8a13a138da,0e0da7808bebe32b8231fd9b8ff72ecd09f4d325f0fb4f758704b5f72a11152f,transition_priority,COOP14_MIG_BRANCH_GROUP,1d2a6f95014703ca171206e42701c52355b89dab08ba0a9b72b3d193a3b620d4,WARM_SAME_SOURCE,FRESH_EXACT_SOLVE_WITH_INTERNAL_CHECKS_EXCLUDES_EXTERNAL_VERIFICATION,16,512,3,1,17,672760,131072,d5207e6b84fbabee961e83f3860a3bacaca585acd736c092903cacdfff692450,NUMPY_BATCHED_INVERSE_NTT_INTEGER_CRT,3,COMPLETE,OBSERVED_PATTERN,True,,,,,,93816320,0.00018617697060108185,0.018303997931070626,0.131771791,0.020297312,0.003273530979640782,0.014464267020359217,0.006602501031011343,0.169960888,,0.0,e228040c47bd52c935e6d48fdfc8f463089cf54fc89722cae0ca70a3ab360065,"{""N"": 80, ""source_family"": ""N96_INDUCED_TRANSITION_LADDER_V1"", ""graph_hash"": ""e0768c427800ea265d9d8aed1e401fe560866246a7d336bc556ada0bdb580e7c"", ""source_hash"": ""943df0e82445feae09928be7af24b337ee45bf1f96d77a5aa68eb7a83c4d9c6f"", ""edges"": 166, ""degree_min"": 2, ""degree_max"": 5, ""degree_mean"": 4.15, ""degree_std"": 0.8077747210701756, ""components"": 1, ""component_sizes"": [80], ""max_component"": 80, ""local_assignments"": 1208925819614629174706176, ""minfill_width"": 19, ""minfill_work"": 3325231, ""minfill_order"": [25, 60, 15, 20, 29, 0, 6, 24, 32, 37, 41, 51, 59, 64, 68, 8, 50, 33, 34, 42, 47, 62, 11, 66, 3, 38, 48, 63, 67, 39, 16, 69, 76, 56, 74, 23, 7, 9, 77, 61, 2, 17, 58, 46, 1, 73, 78, 12, 52, 27, 22, 19, 10, 43, 65, 30, 13, 40, 54, 75, 49, 4, 5, 14, 18, 21, 26, 28, 31, 35, 36, 44, 45, 53, 55, 57, 70, 71, 72, 79], ""energy_bound"": 418, ""root_bound"": 512, ""crt_primes"": 3, ""arithmetic_burden"": 5107554816, ""coefficient_bound"": ""1208925819614629174706176"", ""coupling_multiplicities"": {""3"": 32, ""-1"": 33, ""-2"": 27, ""1"": 33, ""-3"": 21, ""2"": 20}, ""symmetry"": ""not assumed"", ""degree_signature"": [2, 2, 3, 3, 3, 3, 3, 3, 3, 3, 3, 3, 3, 3, 3, 3, 3, 4, 4, 4, 4, 4, 4, 4, 4, 4, 4, 4, 4, 4, 4, 4, 4, 4, 4, 4, 4, 4, 4, 4, 4, 4, 4, 4, 4, 4, 4, 4, 4, 5, 5, 5, 5, 5, 5, 5, 5, 5, 5, 5, 5, 5, 5, 5, 5, 5, 5, 5, 5, 5, 5, 5, 5, 5, 5, 5, 5, 5, 5, 5]}",7071760,"[65148, 65149, 65150, 65151, 65152, 65153, 65154, 65155, 65156, 65157, 65158, 65159, 65160, 65161]","[160, 176, 96, 80, 96, 112, 112, 80, 160, 96, 80, 112, 80, 96]",WARM_SAME_SOURCE,focused
3d4692910a8986b68dc6461c,N084_gauge,4cb858af7a74d3c3f100bb201c700b51a3abc8916bf98a22c131ca51f2277473,42279475962f41225095ee99c630cff549ca246365572526776db0b21323af95,N96_INDUCED_TRANSITION_LADDER_V1 -> explicit gauge,f2f991d74dfbb2edf7f4475dcb7d82989de00a71e44bb11d4a6fbb49442577b6,"[0, 1, 2, 3]",1d83afa57ec0af9746c3fb40d772ee82113cfedffd8865ad9d5b203bf59792e5,a3e82fb15fce8a5cedf9843c77dcef1b3e2b98574858411f075f2555acb00c67,expanded_portfolio,COOP14_MIG_BRANCH_GROUP,1d2a6f95014703ca171206e42701c52355b89dab08ba0a9b72b3d193a3b620d4,WARM_SAME_SOURCE,FRESH_EXACT_SOLVE_WITH_INTERNAL_CHECKS_EXCLUDES_EXTERNAL_VERIFICATION,16,512,3,8,16,4066208,65536,d5207e6b84fbabee961e83f3860a3bacaca585acd736c092903cacdfff692450,NUMPY_BATCHED_INVERSE_NTT_INTEGER_CRT,1,COMPLETE,OBSERVED_PATTERN,True,,,,,,78817792,2.7817845219979063,0.019999257056042552,0.248503465,0.088380287,0.0046973550925031304,0.02163713690749687,0.007550472975708544,0.363408561,,0.0,e73d94555f7788e228cac6573da749ac8f2346d8d21933196837d2aee2ced2d0,"{""N"": 84, ""source_family"": ""POD14_GAUGE_VARIANT"", ""graph_hash"": ""42279475962f41225095ee99c630cff549ca246365572526776db0b21323af95"", ""source_hash"": ""4cb858af7a74d3c3f100bb201c700b51a3abc8916bf98a22c131ca51f2277473"", ""edges"": 183, ""degree_min"": 2, ""degree_max"": 5, ""degree_mean"": 4.357142857142857, ""degree_std"": 0.7342449497671083, ""components"": 1, ""component_sizes"": [84], ""max_component"": 84, ""local_assignments"": 19342813113834066795298816, ""minfill_width"": 22, ""minfill_work"": 15123219, ""minfill_order"": [60, 15, 20, 0, 6, 12, 32, 41, 51, 59, 64, 50, 34, 62, 11, 76, 82, 24, 3, 25, 33, 38, 48, 63, 67, 39, 8, 16, 47, 68, 19, 56, 37, 69, 55, 65, 7, 43, 2, 52, 40, 66, 17, 77, 22, 58, 72, 79, 42, 9, 61, 75, 10, 73, 78, 27, 74, 46, 57, 35, 36, 1, 4, 5, 13, 14, 18, 21, 23, 26, 28, 29, 30, 31, 44, 45, 49, 53, 54, 70, 71, 80, 81, 83], ""energy_bound"": 460, ""root_bound"": 512, ""crt_primes"": 3, ""arithmetic_burden"": 23229264384, ""coefficient_bound"": ""19342813113834066795298816"", ""coupling_multiplicities"": {""3"": 30, ""1"": 35, ""2"": 31, ""-1"": 34, ""-3"": 28, ""-2"": 25}, ""symmetry"": ""not assumed"", ""degree_signature"": [2, 3, 3, 3, 3, 3, 3, 3, 3, 3, 3, 4, 4, 4, 4, 4, 4, 4, 4, 4, 4, 4, 4, 4, 4, 4, 4, 4, 4, 4, 4, 4, 4, 4, 4, 4, 4, 4, 4, 4, 4, 4, 5, 5, 5, 5, 5, 5, 5, 5, 5, 5, 5, 5, 5, 5, 5, 5, 5, 5, 5, 5, 5, 5, 5, 5, 5, 5, 5, 5, 5, 5, 5, 5, 5, 5, 5, 5, 5, 5, 5, 5, 5, 5]}",5424144,"[65148, 65149, 65150, 65151, 65152, 65153, 65154, 65155, 65156, 65157, 65158, 65159, 65160, 65161]","[96, 112, 112, 112, 112, 112, 96, 112, 112, 112, 112, 112, 112, 112]",WARM_SAME_SOURCE,focused
3d4692910a8986b68dc6461c,N084_gauge,4cb858af7a74d3c3f100bb201c700b51a3abc8916bf98a22c131ca51f2277473,42279475962f41225095ee99c630cff549ca246365572526776db0b21323af95,N96_INDUCED_TRANSITION_LADDER_V1 -> explicit gauge,f2f991d74dfbb2edf7f4475dcb7d82989de00a71e44bb11d4a6fbb49442577b6,"[0, 1, 2, 3]",1d83afa57ec0af9746c3fb40d772ee82113cfedffd8865ad9d5b203bf59792e5,a3e82fb15fce8a5cedf9843c77dcef1b3e2b98574858411f075f2555acb00c67,expanded_portfolio,COOP14_MIG_BRANCH_GROUP,1d2a6f95014703ca171206e42701c52355b89dab08ba0a9b72b3d193a3b620d4,WARM_SAME_SOURCE,FRESH_EXACT_SOLVE_WITH_INTERNAL_CHECKS_EXCLUDES_EXTERNAL_VERIFICATION,16,512,3,8,16,4066208,65536,d5207e6b84fbabee961e83f3860a3bacaca585acd736c092903cacdfff692450,NUMPY_BATCHED_INVERSE_NTT_INTEGER_CRT,2,COMPLETE,OBSERVED_PATTERN,True,,,,,,78817792,2.7817845219979063,0.019999257056042552,0.241152628,0.091436322,0.0047063351375982165,0.020882770862401784,0.0076554910046979785,0.358352023,,0.0,e73d94555f7788e228cac6573da749ac8f2346d8d21933196837d2aee2ced2d0,"{""N"": 84, ""source_family"": ""POD14_GAUGE_VARIANT"", ""graph_hash"": ""42279475962f41225095ee99c630cff549ca246365572526776db0b21323af95"", ""source_hash"": ""4cb858af7a74d3c3f100bb201c700b51a3abc8916bf98a22c131ca51f2277473"", ""edges"": 183, ""degree_min"": 2, ""degree_max"": 5, ""degree_mean"": 4.357142857142857, ""degree_std"": 0.7342449497671083, ""components"": 1, ""component_sizes"": [84], ""max_component"": 84, ""local_assignments"": 19342813113834066795298816, ""minfill_width"": 22, ""minfill_work"": 15123219, ""minfill_order"": [60, 15, 20, 0, 6, 12, 32, 41, 51, 59, 64, 50, 34, 62, 11, 76, 82, 24, 3, 25, 33, 38, 48, 63, 67, 39, 8, 16, 47, 68, 19, 56, 37, 69, 55, 65, 7, 43, 2, 52, 40, 66, 17, 77, 22, 58, 72, 79, 42, 9, 61, 75, 10, 73, 78, 27, 74, 46, 57, 35, 36, 1, 4, 5, 13, 14, 18, 21, 23, 26, 28, 29, 30, 31, 44, 45, 49, 53, 54, 70, 71, 80, 81, 83], ""energy_bound"": 460, ""root_bound"": 512, ""crt_primes"": 3, ""arithmetic_burden"": 23229264384, ""coefficient_bound"": ""19342813113834066795298816"", ""coupling_multiplicities"": {""3"": 30, ""1"": 35, ""2"": 31, ""-1"": 34, ""-3"": 28, ""-2"": 25}, ""symmetry"": ""not assumed"", ""degree_signature"": [2, 3, 3, 3, 3, 3, 3, 3, 3, 3, 3, 4, 4, 4, 4, 4, 4, 4, 4, 4, 4, 4, 4, 4, 4, 4, 4, 4, 4, 4, 4, 4, 4, 4, 4, 4, 4, 4, 4, 4, 4, 4, 5, 5, 5, 5, 5, 5, 5, 5, 5, 5, 5, 5, 5, 5, 5, 5, 5, 5, 5, 5, 5, 5, 5, 5, 5, 5, 5, 5, 5, 5, 5, 5, 5, 5, 5, 5, 5, 5, 5, 5, 5, 5]}",5424144,"[65148, 65149, 65150, 65151, 65152, 65153, 65154, 65155, 65156, 65157, 65158, 65159, 65160, 65161]","[96, 112, 112, 112, 112, 112, 112, 112, 112, 96, 112, 112, 112, 112]",WARM_SAME_SOURCE,focused
3d4692910a8986b68dc6461c,N084_gauge,4cb858af7a74d3c3f100bb201c700b51a3abc8916bf98a22c131ca51f2277473,42279475962f41225095ee99c630cff549ca246365572526776db0b21323af95,N96_INDUCED_TRANSITION_LADDER_V1 -> explicit gauge,f2f991d74dfbb2edf7f4475dcb7d82989de00a71e44bb11d4a6fbb49442577b6,"[0, 1, 2, 3]",1d83afa57ec0af9746c3fb40d772ee82113cfedffd8865ad9d5b203bf59792e5,a3e82fb15fce8a5cedf9843c77dcef1b3e2b98574858411f075f2555acb00c67,expanded_portfolio,COOP14_MIG_BRANCH_GROUP,1d2a6f95014703ca171206e42701c52355b89dab08ba0a9b72b3d193a3b620d4,WARM_SAME_SOURCE,FRESH_EXACT_SOLVE_WITH_INTERNAL_CHECKS_EXCLUDES_EXTERNAL_VERIFICATION,16,512,3,8,16,4066208,65536,d5207e6b84fbabee961e83f3860a3bacaca585acd736c092903cacdfff692450,NUMPY_BATCHED_INVERSE_NTT_INTEGER_CRT,3,COMPLETE,OBSERVED_PATTERN,True,,,,,,78817792,2.7817845219979063,0.019999257056042552,0.356175122,0.094424878,0.0033407399896532297,0.01588178201034677,0.00792987598106265,0.469986938,,0.0,e73d94555f7788e228cac6573da749ac8f2346d8d21933196837d2aee2ced2d0,"{""N"": 84, ""source_family"": ""POD14_GAUGE_VARIANT"", ""graph_hash"": ""42279475962f41225095ee99c630cff549ca246365572526776db0b21323af95"", ""source_hash"": ""4cb858af7a74d3c3f100bb201c700b51a3abc8916bf98a22c131ca51f2277473"", ""edges"": 183, ""degree_min"": 2, ""degree_max"": 5, ""degree_mean"": 4.357142857142857, ""degree_std"": 0.7342449497671083, ""components"": 1, ""component_sizes"": [84], ""max_component"": 84, ""local_assignments"": 19342813113834066795298816, ""minfill_width"": 22, ""minfill_work"": 15123219, ""minfill_order"": [60, 15, 20, 0, 6, 12, 32, 41, 51, 59, 64, 50, 34, 62, 11, 76, 82, 24, 3, 25, 33, 38, 48, 63, 67, 39, 8, 16, 47, 68, 19, 56, 37, 69, 55, 65, 7, 43, 2, 52, 40, 66, 17, 77, 22, 58, 72, 79, 42, 9, 61, 75, 10, 73, 78, 27, 74, 46, 57, 35, 36, 1, 4, 5, 13, 14, 18, 21, 23, 26, 28, 29, 30, 31, 44, 45, 49, 53, 54, 70, 71, 80, 81, 83], ""energy_bound"": 460, ""root_bound"": 512, ""crt_primes"": 3, ""arithmetic_burden"": 23229264384, ""coefficient_bound"": ""19342813113834066795298816"", ""coupling_multiplicities"": {""3"": 30, ""1"": 35, ""2"": 31, ""-1"": 34, ""-3"": 28, ""-2"": 25}, ""symmetry"": ""not assumed"", ""degree_signature"": [2, 3, 3, 3, 3, 3, 3, 3, 3, 3, 3, 4, 4, 4, 4, 4, 4, 4, 4, 4, 4, 4, 4, 4, 4, 4, 4, 4, 4, 4, 4, 4, 4, 4, 4, 4, 4, 4, 4, 4, 4, 4, 5, 5, 5, 5, 5, 5, 5, 5, 5, 5, 5, 5, 5, 5, 5, 5, 5, 5, 5, 5, 5, 5, 5, 5, 5, 5, 5, 5, 5, 5, 5, 5, 5, 5, 5, 5, 5, 5, 5, 5, 5, 5]}",5424144,"[65148, 65149, 65150, 65151, 65152, 65153, 65154, 65155, 65156, 65157, 65158, 65159, 65160, 65161]","[112, 112, 112, 112, 112, 112, 96, 112, 112, 112, 96, 112, 112, 112]",WARM_SAME_SOURCE,focused
a2217169c209ec2f4e8a5147,N079,52c770b6a8ed6f639d8ded5cf7726d339612662a322afafdd3bd79ab3b766ecd,8f842662e36b9b8a2364c5951d7fb9365d65b70a3c5ce128f50ba5cd472e9361,N96_INDUCED_TRANSITION_LADDER_V1,f2f991d74dfbb2edf7f4475dcb7d82989de00a71e44bb11d4a6fbb49442577b6,"[0, 1, 2, 3]",42c1f799bcc36b3c5bfd4bec1499b48c2460d21025c0e18c8403721820190fd6,0351ea0e98daca6d4a8426e3f64c2a64db05f0b095c30bdb3237c421cfcd3496,fresh_min_fill,COOP14_MIG_BRANCH_GROUP,1d2a6f95014703ca171206e42701c52355b89dab08ba0a9b72b3d193a3b620d4,WARM_SAME_SOURCE,FRESH_EXACT_SOLVE_WITH_INTERNAL_CHECKS_EXCLUDES_EXTERNAL_VERIFICATION,16,512,3,1,18,1177136,262144,d5207e6b84fbabee961e83f3860a3bacaca585acd736c092903cacdfff692450,NUMPY_BATCHED_INVERSE_NTT_INTEGER_CRT,1,COMPLETE,OBSERVED_PATTERN,True,,,,,,174962688,0.0003630130086094141,0.05092322698328644,0.165776254,0.027255546,0.004612806951627135,0.018307507048372865,0.006945903995074332,0.216115381,,0.0,c6eb10fd6e633d796ce3e9dfd111b8a078a8e170b2c8a88f9aac6c4d12e991f2,"{""N"": 79, ""source_family"": ""N96_INDUCED_TRANSITION_LADDER_V1"", ""graph_hash"": ""8f842662e36b9b8a2364c5951d7fb9365d65b70a3c5ce128f50ba5cd472e9361"", ""source_hash"": ""52c770b6a8ed6f639d8ded5cf7726d339612662a322afafdd3bd79ab3b766ecd"", ""edges"": 162, ""degree_min"": 2, ""degree_max"": 5, ""degree_mean"": 4.10126582278481, ""degree_std"": 0.8508363228762562, ""components"": 1, ""component_sizes"": [79], ""max_component"": 79, ""local_assignments"": 604462909807314587353088, ""minfill_width"": 20, ""minfill_work"": 2931343, ""minfill_order"": [25, 60, 15, 20, 29, 0, 3, 6, 24, 32, 34, 37, 41, 51, 59, 64, 68, 8, 50, 1, 33, 42, 47, 62, 11, 66, 69, 48, 63, 67, 39, 16, 76, 56, 74, 23, 2, 7, 9, 77, 61, 17, 38, 58, 46, 73, 78, 12, 52, 27, 22, 19, 40, 10, 43, 65, 75, 30, 13, 54, 49, 4, 5, 14, 18, 21, 26, 28, 31, 35, 36, 44, 45, 53, 55, 57, 70, 71, 72], ""energy_bound"": 410, ""root_bound"": 512, ""crt_primes"": 3, ""arithmetic_burden"": 4502542848, ""coefficient_bound"": ""604462909807314587353088"", ""coupling_multiplicities"": {""3"": 32, ""-1"": 32, ""-2"": 27, ""1"": 32, ""-3"": 20, ""2"": 19}, ""symmetry"": ""not assumed"", ""degree_signature"": [2, 2, 3, 3, 3, 3, 3, 3, 3, 3, 3, 3, 3, 3, 3, 3, 3, 3, 3, 3, 3, 4, 4, 4, 4, 4, 4, 4, 4, 4, 4, 4, 4, 4, 4, 4, 4, 4, 4, 4, 4, 4, 4, 4, 4, 4, 4, 4, 5, 5, 5, 5, 5, 5, 5, 5, 5, 5, 5, 5, 5, 5, 5, 5, 5, 5, 5, 5, 5, 5, 5, 5, 5, 5, 5, 5, 5, 5, 5]}",13160432,"[65148, 65149, 65150, 65151, 65152, 65153, 65154, 65155, 65156, 65157, 65158, 65159, 65160, 65161]","[80, 96, 80, 80, 208, 80, 112, 80, 96, 208, 96, 80, 112, 128]",WARM_SAME_SOURCE,focused
a2217169c209ec2f4e8a5147,N079,52c770b6a8ed6f639d8ded5cf7726d339612662a322afafdd3bd79ab3b766ecd,8f842662e36b9b8a2364c5951d7fb9365d65b70a3c5ce128f50ba5cd472e9361,N96_INDUCED_TRANSITION_LADDER_V1,f2f991d74dfbb2edf7f4475dcb7d82989de00a71e44bb11d4a6fbb49442577b6,"[0, 1, 2, 3]",42c1f799bcc36b3c5bfd4bec1499b48c2460d21025c0e18c8403721820190fd6,0351ea0e98daca6d4a8426e3f64c2a64db05f0b095c30bdb3237c421cfcd3496,fresh_min_fill,COOP14_MIG_BRANCH_GROUP,1d2a6f95014703ca171206e42701c52355b89dab08ba0a9b72b3d193a3b620d4,WARM_SAME_SOURCE,FRESH_EXACT_SOLVE_WITH_INTERNAL_CHECKS_EXCLUDES_EXTERNAL_VERIFICATION,16,512,3,1,18,1177136,262144,d5207e6b84fbabee961e83f3860a3bacaca585acd736c092903cacdfff692450,NUMPY_BATCHED_INVERSE_NTT_INTEGER_CRT,2,COMPLETE,OBSERVED_PATTERN,True,,,,,,174962688,0.0003630130086094141,0.05092322698328644,0.207244893,0.031917351,0.0032603699946776032,0.014401629005322398,0.006719248020090163,0.256980811,,0.0,c6eb10fd6e633d796ce3e9dfd111b8a078a8e170b2c8a88f9aac6c4d12e991f2,"{""N"": 79, ""source_family"": ""N96_INDUCED_TRANSITION_LADDER_V1"", ""graph_hash"": ""8f842662e36b9b8a2364c5951d7fb9365d65b70a3c5ce128f50ba5cd472e9361"", ""source_hash"": ""52c770b6a8ed6f639d8ded5cf7726d339612662a322afafdd3bd79ab3b766ecd"", ""edges"": 162, ""degree_min"": 2, ""degree_max"": 5, ""degree_mean"": 4.10126582278481, ""degree_std"": 0.8508363228762562, ""components"": 1, ""component_sizes"": [79], ""max_component"": 79, ""local_assignments"": 604462909807314587353088, ""minfill_width"": 20, ""minfill_work"": 2931343, ""minfill_order"": [25, 60, 15, 20, 29, 0, 3, 6, 24, 32, 34, 37, 41, 51, 59, 64, 68, 8, 50, 1, 33, 42, 47, 62, 11, 66, 69, 48, 63, 67, 39, 16, 76, 56, 74, 23, 2, 7, 9, 77, 61, 17, 38, 58, 46, 73, 78, 12, 52, 27, 22, 19, 40, 10, 43, 65, 75, 30, 13, 54, 49, 4, 5, 14, 18, 21, 26, 28, 31, 35, 36, 44, 45, 53, 55, 57, 70, 71, 72], ""energy_bound"": 410, ""root_bound"": 512, ""crt_primes"": 3, ""arithmetic_burden"": 4502542848, ""coefficient_bound"": ""604462909807314587353088"", ""coupling_multiplicities"": {""3"": 32, ""-1"": 32, ""-2"": 27, ""1"": 32, ""-3"": 20, ""2"": 19}, ""symmetry"": ""not assumed"", ""degree_signature"": [2, 2, 3, 3, 3, 3, 3, 3, 3, 3, 3, 3, 3, 3, 3, 3, 3, 3, 3, 3, 3, 4, 4, 4, 4, 4, 4, 4, 4, 4, 4, 4, 4, 4, 4, 4, 4, 4, 4, 4, 4, 4, 4, 4, 4, 4, 4, 4, 5, 5, 5, 5, 5, 5, 5, 5, 5, 5, 5, 5, 5, 5, 5, 5, 5, 5, 5, 5, 5, 5, 5, 5, 5, 5, 5, 5, 5, 5, 5]}",13160432,"[65148, 65149, 65150, 65151, 65152, 65153, 65154, 65155, 65156, 65157, 65158, 65159, 65160, 65161]","[128, 112, 96, 112, 176, 96, 64, 96, 96, 112, 96, 96, 112, 144]",WARM_SAME_SOURCE,focused
a2217169c209ec2f4e8a5147,N079,52c770b6a8ed6f639d8ded5cf7726d339612662a322afafdd3bd79ab3b766ecd,8f842662e36b9b8a2364c5951d7fb9365d65b70a3c5ce128f50ba5cd472e9361,N96_INDUCED_TRANSITION_LADDER_V1,f2f991d74dfbb2edf7f4475dcb7d82989de00a71e44bb11d4a6fbb49442577b6,"[0, 1, 2, 3]",42c1f799bcc36b3c5bfd4bec1499b48c2460d21025c0e18c8403721820190fd6,0351ea0e98daca6d4a8426e3f64c2a64db05f0b095c30bdb3237c421cfcd3496,fresh_min_fill,COOP14_MIG_BRANCH_GROUP,1d2a6f95014703ca171206e42701c52355b89dab08ba0a9b72b3d193a3b620d4,WARM_SAME_SOURCE,FRESH_EXACT_SOLVE_WITH_INTERNAL_CHECKS_EXCLUDES_EXTERNAL_VERIFICATION,16,512,3,1,18,1177136,262144,d5207e6b84fbabee961e83f3860a3bacaca585acd736c092903cacdfff692450,NUMPY_BATCHED_INVERSE_NTT_INTEGER_CRT,3,COMPLETE,OBSERVED_PATTERN,True,,,,,,174962688,0.0003630130086094141,0.05092322698328644,0.18033364,0.026318013,0.002622722997330129,0.03114796500266987,0.007030052947811782,0.240576408,,0.0,c6eb10fd6e633d796ce3e9dfd111b8a078a8e170b2c8a88f9aac6c4d12e991f2,"{""N"": 79, ""source_family"": ""N96_INDUCED_TRANSITION_LADDER_V1"", ""graph_hash"": ""8f842662e36b9b8a2364c5951d7fb9365d65b70a3c5ce128f50ba5cd472e9361"", ""source_hash"": ""52c770b6a8ed6f639d8ded5cf7726d339612662a322afafdd3bd79ab3b766ecd"", ""edges"": 162, ""degree_min"": 2, ""degree_max"": 5, ""degree_mean"": 4.10126582278481, ""degree_std"": 0.8508363228762562, ""components"": 1, ""component_sizes"": [79], ""max_component"": 79, ""local_assignments"": 604462909807314587353088, ""minfill_width"": 20, ""minfill_work"": 2931343, ""minfill_order"": [25, 60, 15, 20, 29, 0, 3, 6, 24, 32, 34, 37, 41, 51, 59, 64, 68, 8, 50, 1, 33, 42, 47, 62, 11, 66, 69, 48, 63, 67, 39, 16, 76, 56, 74, 23, 2, 7, 9, 77, 61, 17, 38, 58, 46, 73, 78, 12, 52, 27, 22, 19, 40, 10, 43, 65, 75, 30, 13, 54, 49, 4, 5, 14, 18, 21, 26, 28, 31, 35, 36, 44, 45, 53, 55, 57, 70, 71, 72], ""energy_bound"": 410, ""root_bound"": 512, ""crt_primes"": 3, ""arithmetic_burden"": 4502542848, ""coefficient_bound"": ""604462909807314587353088"", ""coupling_multiplicities"": {""3"": 32, ""-1"": 32, ""-2"": 27, ""1"": 32, ""-3"": 20, ""2"": 19}, ""symmetry"": ""not assumed"", ""degree_signature"": [2, 2, 3, 3, 3, 3, 3, 3, 3, 3, 3, 3, 3, 3, 3, 3, 3, 3, 3, 3, 3, 4, 4, 4, 4, 4, 4, 4, 4, 4, 4, 4, 4, 4, 4, 4, 4, 4, 4, 4, 4, 4, 4, 4, 4, 4, 4, 4, 5, 5, 5, 5, 5, 5, 5, 5, 5, 5, 5, 5, 5, 5, 5, 5, 5, 5, 5, 5, 5, 5, 5, 5, 5, 5, 5, 5, 5, 5, 5]}",13160432,"[65148, 65149, 65150, 65151, 65152, 65153, 65154, 65155, 65156, 65157, 65158, 65159, 65160, 65161]","[80, 96, 80, 96, 192, 80, 192, 80, 192, 80, 96, 80, 80, 112]",WARM_SAME_SOURCE,focused
736d80936eadb892814046cd,N072,2c949e8f79d3db8e94006a1e043cf1865a85042263efe0e3794f0385ac4e8ff4,645ec4b5f11db7d843704080284a94872bc81e317cd1f3a9150949add7913874,N96_INDUCED_TRANSITION_LADDER_V1,f2f991d74dfbb2edf7f4475dcb7d82989de00a71e44bb11d4a6fbb49442577b6,"[0, 1, 2, 3]",ca15183fe5eabb0db37077d72fae45c4b83d053fee5455030505268a5471c254,201a31d6dede642cf9bbd9f72a8a653fb2534f8923ec93e14d3aa20da407ea08,fresh_min_fill,COOP14_MIG_BRANCH_GROUP,1d2a6f95014703ca171206e42701c52355b89dab08ba0a9b72b3d193a3b620d4,WARM_SAME_SOURCE,FRESH_EXACT_SOLVE_WITH_INTERNAL_CHECKS_EXCLUDES_EXTERNAL_VERIFICATION,16,512,3,1,13,63774,8192,d5207e6b84fbabee961e83f3860a3bacaca585acd736c092903cacdfff692450,NUMPY_BATCHED_INVERSE_NTT_INTEGER_CRT,1,COMPLETE,OBSERVED_PATTERN,True,,,,,,9397760,1.2154007240897045,0.03728830604813993,0.050734634,0.01824526,0.0033210398396477103,0.012998945160352288,0.03889359789900482,0.085402237,,0.0,0e547af4be08831ea53231ef1943a9f93ff0bb3bd26d7b0fab407d1c4090bbda,"{""N"": 72, ""source_family"": ""N96_INDUCED_TRANSITION_LADDER_V1"", ""graph_hash"": ""645ec4b5f11db7d843704080284a94872bc81e317cd1f3a9150949add7913874"", ""source_hash"": ""2c949e8f79d3db8e94006a1e043cf1865a85042263efe0e3794f0385ac4e8ff4"", ""edges"": 132, ""degree_min"": 1, ""degree_max"": 5, ""degree_mean"": 3.6666666666666665, ""degree_std"": 0.927960727138337, ""components"": 1, ""component_sizes"": [72], ""max_component"": 72, ""local_assignments"": 4722366482869645213696, ""minfill_width"": 13, ""minfill_work"": 43537, ""minfill_order"": [25, 1, 11, 62, 60, 15, 20, 29, 0, 3, 6, 23, 27, 31, 32, 34, 37, 39, 52, 41, 42, 43, 64, 48, 59, 68, 8, 50, 24, 17, 33, 38, 47, 66, 69, 7, 45, 63, 9, 70, 58, 18, 51, 61, 46, 16, 10, 2, 4, 5, 26, 12, 30, 65, 19, 14, 44, 54, 13, 21, 22, 28, 35, 36, 40, 49, 53, 55, 56, 57, 67, 71], ""energy_bound"": 349, ""root_bound"": 512, ""crt_primes"": 3, ""arithmetic_burden"": 66872832, ""coefficient_bound"": ""4722366482869645213696"", ""coupling_multiplicities"": {""3"": 30, ""-1"": 23, ""-2"": 23, ""1"": 24, ""-3"": 15, ""2"": 17}, ""symmetry"": ""not assumed"", ""degree_signature"": [1, 2, 2, 2, 2, 3, 3, 3, 3, 3, 3, 3, 3, 3, 3, 3, 3, 3, 3, 3, 3, 3, 3, 3, 3, 3, 3, 3, 3, 3, 3, 3, 3, 3, 4, 4, 4, 4, 4, 4, 4, 4, 4, 4, 4, 4, 4, 4, 4, 4, 4, 4, 4, 4, 4, 4, 5, 5, 5, 5, 5, 5, 5, 5, 5, 5, 5, 5, 5, 5, 5, 5]}",704304,"[67038, 67039, 67040, 67041, 67042, 67043, 67044, 67045, 67046, 67047, 67048, 67049, 67050, 67051]","[80, 144, 144, 144, 64, 64, 144, 96, 112, 96, 128, 96, 128, 96]",WARM_SAME_SOURCE,focused
736d80936eadb892814046cd,N072,2c949e8f79d3db8e94006a1e043cf1865a85042263efe0e3794f0385ac4e8ff4,645ec4b5f11db7d843704080284a94872bc81e317cd1f3a9150949add7913874,N96_INDUCED_TRANSITION_LADDER_V1,f2f991d74dfbb2edf7f4475dcb7d82989de00a71e44bb11d4a6fbb49442577b6,"[0, 1, 2, 3]",0a97dafbbf7cec197eedf4a4e42a4a9c12016d00e6b90bbb1e3d91a527971fce,017641906e7f6fc870196e5ffd95c6cc58471502d4a162f385413926d500bcf0,tie_portfolio,COOP14_MIG_BRANCH_GROUP,1d2a6f95014703ca171206e42701c52355b89dab08ba0a9b72b3d193a3b620d4,WARM_NEW_PLAN,FRESH_EXACT_SOLVE_WITH_INTERNAL_CHECKS_EXCLUDES_EXTERNAL_VERIFICATION,16,512,3,1,13,37446,8192,d5207e6b84fbabee961e83f3860a3bacaca585acd736c092903cacdfff692450,NUMPY_BATCHED_INVERSE_NTT_INTEGER_CRT,1,COMPLETE,OBSERVED_PATTERN,True,,,,,,6027776,1.2154007240897045,0.03728830604813993,0.069301398,0.023549514,0.0019543750677257776,0.008649133932274223,0.005665968055836856,0.103531199,,0.0,8b777c8d39398abd04cbe8f8f4708678831da85ebdd000cacf07d5dfe9606516,"{""N"": 72, ""source_family"": ""N96_INDUCED_TRANSITION_LADDER_V1"", ""graph_hash"": ""645ec4b5f11db7d843704080284a94872bc81e317cd1f3a9150949add7913874"", ""source_hash"": ""2c949e8f79d3db8e94006a1e043cf1865a85042263efe0e3794f0385ac4e8ff4"", ""edges"": 132, ""degree_min"": 1, ""degree_max"": 5, ""degree_mean"": 3.6666666666666665, ""degree_std"": 0.927960727138337, ""components"": 1, ""component_sizes"": [72], ""max_component"": 72, ""local_assignments"": 4722366482869645213696, ""minfill_width"": 13, ""minfill_work"": 43537, ""minfill_order"": [25, 1, 11, 62, 60, 15, 20, 29, 0, 3, 6, 23, 27, 31, 32, 34, 37, 39, 52, 41, 42, 43, 64, 48, 59, 68, 8, 50, 24, 17, 33, 38, 47, 66, 69, 7, 45, 63, 9, 70, 58, 18, 51, 61, 46, 16, 10, 2, 4, 5, 26, 12, 30, 65, 19, 14, 44, 54, 13, 21, 22, 28, 35, 36, 40, 49, 53, 55, 56, 57, 67, 71], ""energy_bound"": 349, ""root_bound"": 512, ""crt_primes"": 3, ""arithmetic_burden"": 66872832, ""coefficient_bound"": ""4722366482869645213696"", ""coupling_multiplicities"": {""3"": 30, ""-1"": 23, ""-2"": 23, ""1"": 24, ""-3"": 15, ""2"": 17}, ""symmetry"": ""not assumed"", ""degree_signature"": [1, 2, 2, 2, 2, 3, 3, 3, 3, 3, 3, 3, 3, 3, 3, 3, 3, 3, 3, 3, 3, 3, 3, 3, 3, 3, 3, 3, 3, 3, 3, 3, 3, 3, 4, 4, 4, 4, 4, 4, 4, 4, 4, 4, 4, 4, 4, 4, 4, 4, 4, 4, 4, 4, 4, 4, 5, 5, 5, 5, 5, 5, 5, 5, 5, 5, 5, 5, 5, 5, 5, 5]}",407280,"[67038, 67039, 67040, 67041, 67042, 67043, 67044, 67045, 67046, 67047, 67048, 67049, 67050, 67051]","[112, 144, 112, 80, 80, 96, 80, 112, 160, 80, 160, 96, 112, 112]",WARM_NEW_PLAN,focused
736d80936eadb892814046cd,N072,2c949e8f79d3db8e94006a1e043cf1865a85042263efe0e3794f0385ac4e8ff4,645ec4b5f11db7d843704080284a94872bc81e317cd1f3a9150949add7913874,N96_INDUCED_TRANSITION_LADDER_V1,f2f991d74dfbb2edf7f4475dcb7d82989de00a71e44bb11d4a6fbb49442577b6,"[0, 1, 2, 3]",0a97dafbbf7cec197eedf4a4e42a4a9c12016d00e6b90bbb1e3d91a527971fce,017641906e7f6fc870196e5ffd95c6cc58471502d4a162f385413926d500bcf0,tie_portfolio,COOP14_MIG_BRANCH_GROUP,1d2a6f95014703ca171206e42701c52355b89dab08ba0a9b72b3d193a3b620d4,WARM_SAME_SOURCE,FRESH_EXACT_SOLVE_WITH_INTERNAL_CHECKS_EXCLUDES_EXTERNAL_VERIFICATION,16,512,3,1,13,37446,8192,d5207e6b84fbabee961e83f3860a3bacaca585acd736c092903cacdfff692450,NUMPY_BATCHED_INVERSE_NTT_INTEGER_CRT,2,COMPLETE,OBSERVED_PATTERN,True,,,,,,6027776,1.2154007240897045,0.03728830604813993,0.062073779,0.020049838,0.0033003889257088304,0.01418953507429117,0.006709967972710729,0.099766108,,0.0,8b777c8d39398abd04cbe8f8f4708678831da85ebdd000cacf07d5dfe9606516,"{""N"": 72, ""source_family"": ""N96_INDUCED_TRANSITION_LADDER_V1"", ""graph_hash"": ""645ec4b5f11db7d843704080284a94872bc81e317cd1f3a9150949add7913874"", ""source_hash"": ""2c949e8f79d3db8e94006a1e043cf1865a85042263efe0e3794f0385ac4e8ff4"", ""edges"": 132, ""degree_min"": 1, ""degree_max"": 5, ""degree_mean"": 3.6666666666666665, ""degree_std"": 0.927960727138337, ""components"": 1, ""component_sizes"": [72], ""max_component"": 72, ""local_assignments"": 4722366482869645213696, ""minfill_width"": 13, ""minfill_work"": 43537, ""minfill_order"": [25, 1, 11, 62, 60, 15, 20, 29, 0, 3, 6, 23, 27, 31, 32, 34, 37, 39, 52, 41, 42, 43, 64, 48, 59, 68, 8, 50, 24, 17, 33, 38, 47, 66, 69, 7, 45, 63, 9, 70, 58, 18, 51, 61, 46, 16, 10, 2, 4, 5, 26, 12, 30, 65, 19, 14, 44, 54, 13, 21, 22, 28, 35, 36, 40, 49, 53, 55, 56, 57, 67, 71], ""energy_bound"": 349, ""root_bound"": 512, ""crt_primes"": 3, ""arithmetic_burden"": 66872832, ""coefficient_bound"": ""4722366482869645213696"", ""coupling_multiplicities"": {""3"": 30, ""-1"": 23, ""-2"": 23, ""1"": 24, ""-3"": 15, ""2"": 17}, ""symmetry"": ""not assumed"", ""degree_signature"": [1, 2, 2, 2, 2, 3, 3, 3, 3, 3, 3, 3, 3, 3, 3, 3, 3, 3, 3, 3, 3, 3, 3, 3, 3, 3, 3, 3, 3, 3, 3, 3, 3, 3, 4, 4, 4, 4, 4, 4, 4, 4, 4, 4, 4, 4, 4, 4, 4, 4, 4, 4, 4, 4, 4, 4, 5, 5, 5, 5, 5, 5, 5, 5, 5, 5, 5, 5, 5, 5, 5, 5]}",407280,"[67038, 67039, 67040, 67041, 67042, 67043, 67044, 67045, 67046, 67047, 67048, 67049, 67050, 67051]","[80, 96, 96, 64, 64, 80, 128, 160, 96, 144, 128, 96, 144, 160]",WARM_SAME_SOURCE,focused
736d80936eadb892814046cd,N072,2c949e8f79d3db8e94006a1e043cf1865a85042263efe0e3794f0385ac4e8ff4,645ec4b5f11db7d843704080284a94872bc81e317cd1f3a9150949add7913874,N96_INDUCED_TRANSITION_LADDER_V1,f2f991d74dfbb2edf7f4475dcb7d82989de00a71e44bb11d4a6fbb49442577b6,"[0, 1, 2, 3]",ca15183fe5eabb0db37077d72fae45c4b83d053fee5455030505268a5471c254,201a31d6dede642cf9bbd9f72a8a653fb2534f8923ec93e14d3aa20da407ea08,fresh_min_fill,COOP14_MIG_BRANCH_GROUP,1d2a6f95014703ca171206e42701c52355b89dab08ba0a9b72b3d193a3b620d4,WARM_NEW_PLAN,FRESH_EXACT_SOLVE_WITH_INTERNAL_CHECKS_EXCLUDES_EXTERNAL_VERIFICATION,16,512,3,1,13,63774,8192,d5207e6b84fbabee961e83f3860a3bacaca585acd736c092903cacdfff692450,NUMPY_BATCHED_INVERSE_NTT_INTEGER_CRT,2,COMPLETE,OBSERVED_PATTERN,True,,,,,,9397760,1.2154007240897045,0.03728830604813993,0.052105989,0.02268003,0.003346719895489514,0.014343241104510487,0.00672606797888875,0.092616777,,0.0,0e547af4be08831ea53231ef1943a9f93ff0bb3bd26d7b0fab407d1c4090bbda,"{""N"": 72, ""source_family"": ""N96_INDUCED_TRANSITION_LADDER_V1"", ""graph_hash"": ""645ec4b5f11db7d843704080284a94872bc81e317cd1f3a9150949add7913874"", ""source_hash"": ""2c949e8f79d3db8e94006a1e043cf1865a85042263efe0e3794f0385ac4e8ff4"", ""edges"": 132, ""degree_min"": 1, ""degree_max"": 5, ""degree_mean"": 3.6666666666666665, ""degree_std"": 0.927960727138337, ""components"": 1, ""component_sizes"": [72], ""max_component"": 72, ""local_assignments"": 4722366482869645213696, ""minfill_width"": 13, ""minfill_work"": 43537, ""minfill_order"": [25, 1, 11, 62, 60, 15, 20, 29, 0, 3, 6, 23, 27, 31, 32, 34, 37, 39, 52, 41, 42, 43, 64, 48, 59, 68, 8, 50, 24, 17, 33, 38, 47, 66, 69, 7, 45, 63, 9, 70, 58, 18, 51, 61, 46, 16, 10, 2, 4, 5, 26, 12, 30, 65, 19, 14, 44, 54, 13, 21, 22, 28, 35, 36, 40, 49, 53, 55, 56, 57, 67, 71], ""energy_bound"": 349, ""root_bound"": 512, ""crt_primes"": 3, ""arithmetic_burden"": 66872832, ""coefficient_bound"": ""4722366482869645213696"", ""coupling_multiplicities"": {""3"": 30, ""-1"": 23, ""-2"": 23, ""1"": 24, ""-3"": 15, ""2"": 17}, ""symmetry"": ""not assumed"", ""degree_signature"": [1, 2, 2, 2, 2, 3, 3, 3, 3, 3, 3, 3, 3, 3, 3, 3, 3, 3, 3, 3, 3, 3, 3, 3, 3, 3, 3, 3, 3, 3, 3, 3, 3, 3, 4, 4, 4, 4, 4, 4, 4, 4, 4, 4, 4, 4, 4, 4, 4, 4, 4, 4, 4, 4, 4, 4, 5, 5, 5, 5, 5, 5, 5, 5, 5, 5, 5, 5, 5, 5, 5, 5]}",704304,"[67038, 67039, 67040, 67041, 67042, 67043, 67044, 67045, 67046, 67047, 67048, 67049, 67050, 67051]","[160, 160, 96, 80, 64, 80, 112, 112, 160, 128, 96, 96, 80, 112]",WARM_NEW_PLAN,focused
736d80936eadb892814046cd,N072,2c949e8f79d3db8e94006a1e043cf1865a85042263efe0e3794f0385ac4e8ff4,645ec4b5f11db7d843704080284a94872bc81e317cd1f3a9150949add7913874,N96_INDUCED_TRANSITION_LADDER_V1,f2f991d74dfbb2edf7f4475dcb7d82989de00a71e44bb11d4a6fbb49442577b6,"[0, 1, 2, 3]",ca15183fe5eabb0db37077d72fae45c4b83d053fee5455030505268a5471c254,201a31d6dede642cf9bbd9f72a8a653fb2534f8923ec93e14d3aa20da407ea08,fresh_min_fill,COOP14_MIG_BRANCH_GROUP,1d2a6f95014703ca171206e42701c52355b89dab08ba0a9b72b3d193a3b620d4,WARM_SAME_SOURCE,FRESH_EXACT_SOLVE_WITH_INTERNAL_CHECKS_EXCLUDES_EXTERNAL_VERIFICATION,16,512,3,1,13,63774,8192,d5207e6b84fbabee961e83f3860a3bacaca585acd736c092903cacdfff692450,NUMPY_BATCHED_INVERSE_NTT_INTEGER_CRT,3,COMPLETE,OBSERVED_PATTERN,True,,,,,,9397760,1.2154007240897045,0.03728830604813993,0.057127158,0.024767653,0.004172104061581194,0.013829709938418807,0.005784656037576497,0.100035583,,0.0,0e547af4be08831ea53231ef1943a9f93ff0bb3bd26d7b0fab407d1c4090bbda,"{""N"": 72, ""source_family"": ""N96_INDUCED_TRANSITION_LADDER_V1"", ""graph_hash"": ""645ec4b5f11db7d843704080284a94872bc81e317cd1f3a9150949add7913874"", ""source_hash"": ""2c949e8f79d3db8e94006a1e043cf1865a85042263efe0e3794f0385ac4e8ff4"", ""edges"": 132, ""degree_min"": 1, ""degree_max"": 5, ""degree_mean"": 3.6666666666666665, ""degree_std"": 0.927960727138337, ""components"": 1, ""component_sizes"": [72], ""max_component"": 72, ""local_assignments"": 4722366482869645213696, ""minfill_width"": 13, ""minfill_work"": 43537, ""minfill_order"": [25, 1, 11, 62, 60, 15, 20, 29, 0, 3, 6, 23, 27, 31, 32, 34, 37, 39, 52, 41, 42, 43, 64, 48, 59, 68, 8, 50, 24, 17, 33, 38, 47, 66, 69, 7, 45, 63, 9, 70, 58, 18, 51, 61, 46, 16, 10, 2, 4, 5, 26, 12, 30, 65, 19, 14, 44, 54, 13, 21, 22, 28, 35, 36, 40, 49, 53, 55, 56, 57, 67, 71], ""energy_bound"": 349, ""root_bound"": 512, ""crt_primes"": 3, ""arithmetic_burden"": 66872832, ""coefficient_bound"": ""4722366482869645213696"", ""coupling_multiplicities"": {""3"": 30, ""-1"": 23, ""-2"": 23, ""1"": 24, ""-3"": 15, ""2"": 17}, ""symmetry"": ""not assumed"", ""degree_signature"": [1, 2, 2, 2, 2, 3, 3, 3, 3, 3, 3, 3, 3, 3, 3, 3, 3, 3, 3, 3, 3, 3, 3, 3, 3, 3, 3, 3, 3, 3, 3, 3, 3, 3, 4, 4, 4, 4, 4, 4, 4, 4, 4, 4, 4, 4, 4, 4, 4, 4, 4, 4, 4, 4, 4, 4, 5, 5, 5, 5, 5, 5, 5, 5, 5, 5, 5, 5, 5, 5, 5, 5]}",704304,"[67038, 67039, 67040, 67041, 67042, 67043, 67044, 67045, 67046, 67047, 67048, 67049, 67050, 67051]","[112, 160, 80, 96, 80, 112, 112, 112, 160, 112, 80, 96, 112, 112]",WARM_SAME_SOURCE,focused
736d80936eadb892814046cd,N072,2c949e8f79d3db8e94006a1e043cf1865a85042263efe0e3794f0385ac4e8ff4,645ec4b5f11db7d843704080284a94872bc81e317cd1f3a9150949add7913874,N96_INDUCED_TRANSITION_LADDER_V1,f2f991d74dfbb2edf7f4475dcb7d82989de00a71e44bb11d4a6fbb49442577b6,"[0, 1, 2, 3]",0a97dafbbf7cec197eedf4a4e42a4a9c12016d00e6b90bbb1e3d91a527971fce,017641906e7f6fc870196e5ffd95c6cc58471502d4a162f385413926d500bcf0,tie_portfolio,COOP14_MIG_BRANCH_GROUP,1d2a6f95014703ca171206e42701c52355b89dab08ba0a9b72b3d193a3b620d4,WARM_NEW_PLAN,FRESH_EXACT_SOLVE_WITH_INTERNAL_CHECKS_EXCLUDES_EXTERNAL_VERIFICATION,16,512,3,1,13,37446,8192,d5207e6b84fbabee961e83f3860a3bacaca585acd736c092903cacdfff692450,NUMPY_BATCHED_INVERSE_NTT_INTEGER_CRT,3,COMPLETE,OBSERVED_PATTERN,True,,,,,,6027776,1.2154007240897045,0.03728830604813993,0.052718328,0.015613308,0.0019326049368828535,0.008764781063117146,0.005754516925662756,0.079119421,,0.0,8b777c8d39398abd04cbe8f8f4708678831da85ebdd000cacf07d5dfe9606516,"{""N"": 72, ""source_family"": ""N96_INDUCED_TRANSITION_LADDER_V1"", ""graph_hash"": ""645ec4b5f11db7d843704080284a94872bc81e317cd1f3a9150949add7913874"", ""source_hash"": ""2c949e8f79d3db8e94006a1e043cf1865a85042263efe0e3794f0385ac4e8ff4"", ""edges"": 132, ""degree_min"": 1, ""degree_max"": 5, ""degree_mean"": 3.6666666666666665, ""degree_std"": 0.927960727138337, ""components"": 1, ""component_sizes"": [72], ""max_component"": 72, ""local_assignments"": 4722366482869645213696, ""minfill_width"": 13, ""minfill_work"": 43537, ""minfill_order"": [25, 1, 11, 62, 60, 15, 20, 29, 0, 3, 6, 23, 27, 31, 32, 34, 37, 39, 52, 41, 42, 43, 64, 48, 59, 68, 8, 50, 24, 17, 33, 38, 47, 66, 69, 7, 45, 63, 9, 70, 58, 18, 51, 61, 46, 16, 10, 2, 4, 5, 26, 12, 30, 65, 19, 14, 44, 54, 13, 21, 22, 28, 35, 36, 40, 49, 53, 55, 56, 57, 67, 71], ""energy_bound"": 349, ""root_bound"": 512, ""crt_primes"": 3, ""arithmetic_burden"": 66872832, ""coefficient_bound"": ""4722366482869645213696"", ""coupling_multiplicities"": {""3"": 30, ""-1"": 23, ""-2"": 23, ""1"": 24, ""-3"": 15, ""2"": 17}, ""symmetry"": ""not assumed"", ""degree_signature"": [1, 2, 2, 2, 2, 3, 3, 3, 3, 3, 3, 3, 3, 3, 3, 3, 3, 3, 3, 3, 3, 3, 3, 3, 3, 3, 3, 3, 3, 3, 3, 3, 3, 3, 4, 4, 4, 4, 4, 4, 4, 4, 4, 4, 4, 4, 4, 4, 4, 4, 4, 4, 4, 4, 4, 4, 5, 5, 5, 5, 5, 5, 5, 5, 5, 5, 5, 5, 5, 5, 5, 5]}",407280,"[67038, 67039, 67040, 67041, 67042, 67043, 67044, 67045, 67046, 67047, 67048, 67049, 67050, 67051]","[96, 144, 96, 96, 96, 64, 96, 160, 144, 96, 96, 96, 96, 160]",WARM_NEW_PLAN,focused
087bbe09f30c9beb59e890b6,N076,db2d54839968fc1ad2e4c6ec326f500fecae660096c6cf38996a5a0d691d79bb,a031b239aa72e1a784a0443d2dc69c17a0e958d2a31452ac7860dfab532e1c1d,N96_INDUCED_TRANSITION_LADDER_V1,f2f991d74dfbb2edf7f4475dcb7d82989de00a71e44bb11d4a6fbb49442577b6,"[0, 1, 2, 3]",4cc31e72f7986e518d00a4493a7bc91cb31fae79bb95bb5cbd0d73c3d9fd4924,e7d88893bbae05b9d1b2be2c9f067b0ae1870d2e49417ab0aa3f66dd8e918d16,fresh_min_fill,COOP14_MIG_BRANCH_GROUP,1d2a6f95014703ca171206e42701c52355b89dab08ba0a9b72b3d193a3b620d4,WARM_SAME_SOURCE,FRESH_EXACT_SOLVE_WITH_INTERNAL_CHECKS_EXCLUDES_EXTERNAL_VERIFICATION,16,512,3,1,15,178388,32768,d5207e6b84fbabee961e83f3860a3bacaca585acd736c092903cacdfff692450,NUMPY_BATCHED_INVERSE_NTT_INTEGER_CRT,1,COMPLETE,OBSERVED_PATTERN,True,,,,,,26147840,0.00028100505005568266,0.011985393008217216,0.07143733,0.013796801,0.0019286050228402019,0.008606064977159798,0.006302395951934159,0.095850519,,0.0,5ec1fc23182a2f0ffc1c66d651bcc794b448fb808164798e64dfe3ddb42bde62,"{""N"": 76, ""source_family"": ""N96_INDUCED_TRANSITION_LADDER_V1"", ""graph_hash"": ""a031b239aa72e1a784a0443d2dc69c17a0e958d2a31452ac7860dfab532e1c1d"", ""source_hash"": ""db2d54839968fc1ad2e4c6ec326f500fecae660096c6cf38996a5a0d691d79bb"", ""edges"": 149, ""degree_min"": 2, ""degree_max"": 5, ""degree_mean"": 3.9210526315789473, ""degree_std"": 0.8850090379368546, ""components"": 1, ""component_sizes"": [76], ""max_component"": 76, ""local_assignments"": 75557863725914323419136, ""minfill_width"": 15, ""minfill_work"": 156843, ""minfill_order"": [25, 60, 62, 15, 20, 29, 0, 3, 6, 24, 31, 32, 34, 37, 41, 42, 51, 59, 64, 68, 75, 8, 50, 1, 28, 33, 43, 47, 66, 69, 45, 48, 67, 73, 54, 27, 19, 23, 58, 4, 46, 39, 52, 70, 12, 5, 11, 40, 9, 63, 2, 7, 10, 26, 61, 65, 16, 30, 44, 14, 13, 17, 18, 21, 22, 35, 36, 38, 49, 53, 55, 56, 57, 71, 72, 74], ""energy_bound"": 384, ""root_bound"": 512, ""crt_primes"": 3, ""arithmetic_burden"": 240910848, ""coefficient_bound"": ""75557863725914323419136"", ""coupling_multiplicities"": {""3"": 32, ""-1"": 27, ""-2"": 26, ""1"": 29, ""-3"": 18, ""2"": 17}, ""symmetry"": ""not assumed"", ""degree_signature"": [2, 2, 2, 3, 3, 3, 3, 3, 3, 3, 3, 3, 3, 3, 3, 3, 3, 3, 3, 3, 3, 3, 3, 3, 3, 3, 3, 4, 4, 4, 4, 4, 4, 4, 4, 4, 4, 4, 4, 4, 4, 4, 4, 4, 4, 4, 4, 4, 4, 4, 4, 4, 5, 5, 5, 5, 5, 5, 5, 5, 5, 5, 5, 5, 5, 5, 5, 5, 5, 5, 5, 5, 5, 5, 5, 5]}",2166064,"[67038, 67039, 67040, 67041, 67042, 67043, 67044, 67045, 67046, 67047, 67048, 67049, 67050, 67051]","[80, 112, 128, 64, 64, 112, 128, 128, 96, 128, 128, 128, 128, 112]",WARM_SAME_SOURCE,focused
087bbe09f30c9beb59e890b6,N076,db2d54839968fc1ad2e4c6ec326f500fecae660096c6cf38996a5a0d691d79bb,a031b239aa72e1a784a0443d2dc69c17a0e958d2a31452ac7860dfab532e1c1d,N96_INDUCED_TRANSITION_LADDER_V1,f2f991d74dfbb2edf7f4475dcb7d82989de00a71e44bb11d4a6fbb49442577b6,"[0, 1, 2, 3]",4cc31e72f7986e518d00a4493a7bc91cb31fae79bb95bb5cbd0d73c3d9fd4924,e7d88893bbae05b9d1b2be2c9f067b0ae1870d2e49417ab0aa3f66dd8e918d16,fresh_min_fill,COOP14_MIG_BRANCH_GROUP,1d2a6f95014703ca171206e42701c52355b89dab08ba0a9b72b3d193a3b620d4,WARM_SAME_SOURCE,FRESH_EXACT_SOLVE_WITH_INTERNAL_CHECKS_EXCLUDES_EXTERNAL_VERIFICATION,16,512,3,1,15,178388,32768,d5207e6b84fbabee961e83f3860a3bacaca585acd736c092903cacdfff692450,NUMPY_BATCHED_INVERSE_NTT_INTEGER_CRT,2,COMPLETE,OBSERVED_PATTERN,True,,,,,,26147840,0.00028100505005568266,0.011985393008217216,0.067115158,0.013515986,0.0019646750297397375,0.008610833970260263,0.02732687594834715,0.091299061,,0.0,5ec1fc23182a2f0ffc1c66d651bcc794b448fb808164798e64dfe3ddb42bde62,"{""N"": 76, ""source_family"": ""N96_INDUCED_TRANSITION_LADDER_V1"", ""graph_hash"": ""a031b239aa72e1a784a0443d2dc69c17a0e958d2a31452ac7860dfab532e1c1d"", ""source_hash"": ""db2d54839968fc1ad2e4c6ec326f500fecae660096c6cf38996a5a0d691d79bb"", ""edges"": 149, ""degree_min"": 2, ""degree_max"": 5, ""degree_mean"": 3.9210526315789473, ""degree_std"": 0.8850090379368546, ""components"": 1, ""component_sizes"": [76], ""max_component"": 76, ""local_assignments"": 75557863725914323419136, ""minfill_width"": 15, ""minfill_work"": 156843, ""minfill_order"": [25, 60, 62, 15, 20, 29, 0, 3, 6, 24, 31, 32, 34, 37, 41, 42, 51, 59, 64, 68, 75, 8, 50, 1, 28, 33, 43, 47, 66, 69, 45, 48, 67, 73, 54, 27, 19, 23, 58, 4, 46, 39, 52, 70, 12, 5, 11, 40, 9, 63, 2, 7, 10, 26, 61, 65, 16, 30, 44, 14, 13, 17, 18, 21, 22, 35, 36, 38, 49, 53, 55, 56, 57, 71, 72, 74], ""energy_bound"": 384, ""root_bound"": 512, ""crt_primes"": 3, ""arithmetic_burden"": 240910848, ""coefficient_bound"": ""75557863725914323419136"", ""coupling_multiplicities"": {""3"": 32, ""-1"": 27, ""-2"": 26, ""1"": 29, ""-3"": 18, ""2"": 17}, ""symmetry"": ""not assumed"", ""degree_signature"": [2, 2, 2, 3, 3, 3, 3, 3, 3, 3, 3, 3, 3, 3, 3, 3, 3, 3, 3, 3, 3, 3, 3, 3, 3, 3, 3, 4, 4, 4, 4, 4, 4, 4, 4, 4, 4, 4, 4, 4, 4, 4, 4, 4, 4, 4, 4, 4, 4, 4, 4, 4, 5, 5, 5, 5, 5, 5, 5, 5, 5, 5, 5, 5, 5, 5, 5, 5, 5, 5, 5, 5, 5, 5, 5, 5]}",2166064,"[67038, 67039, 67040, 67041, 67042, 67043, 67044, 67045, 67046, 67047, 67048, 67049, 67050, 67051]","[112, 112, 112, 80, 80, 80, 128, 112, 112, 128, 128, 112, 112, 128]",WARM_SAME_SOURCE,focused
087bbe09f30c9beb59e890b6,N076,db2d54839968fc1ad2e4c6ec326f500fecae660096c6cf38996a5a0d691d79bb,a031b239aa72e1a784a0443d2dc69c17a0e958d2a31452ac7860dfab532e1c1d,N96_INDUCED_TRANSITION_LADDER_V1,f2f991d74dfbb2edf7f4475dcb7d82989de00a71e44bb11d4a6fbb49442577b6,"[0, 1, 2, 3]",4cc31e72f7986e518d00a4493a7bc91cb31fae79bb95bb5cbd0d73c3d9fd4924,e7d88893bbae05b9d1b2be2c9f067b0ae1870d2e49417ab0aa3f66dd8e918d16,fresh_min_fill,COOP14_MIG_BRANCH_GROUP,1d2a6f95014703ca171206e42701c52355b89dab08ba0a9b72b3d193a3b620d4,WARM_SAME_SOURCE,FRESH_EXACT_SOLVE_WITH_INTERNAL_CHECKS_EXCLUDES_EXTERNAL_VERIFICATION,16,512,3,1,15,178388,32768,d5207e6b84fbabee961e83f3860a3bacaca585acd736c092903cacdfff692450,NUMPY_BATCHED_INVERSE_NTT_INTEGER_CRT,3,COMPLETE,OBSERVED_PATTERN,True,,,,,,26147840,0.00028100505005568266,0.011985393008217216,0.06145226,0.018579884,0.0019416860304772854,0.009515066969522715,0.00633202597964555,0.091591725,,0.0,5ec1fc23182a2f0ffc1c66d651bcc794b448fb808164798e64dfe3ddb42bde62,"{""N"": 76, ""source_family"": ""N96_INDUCED_TRANSITION_LADDER_V1"", ""graph_hash"": ""a031b239aa72e1a784a0443d2dc69c17a0e958d2a31452ac7860dfab532e1c1d"", ""source_hash"": ""db2d54839968fc1ad2e4c6ec326f500fecae660096c6cf38996a5a0d691d79bb"", ""edges"": 149, ""degree_min"": 2, ""degree_max"": 5, ""degree_mean"": 3.9210526315789473, ""degree_std"": 0.8850090379368546, ""components"": 1, ""component_sizes"": [76], ""max_component"": 76, ""local_assignments"": 75557863725914323419136, ""minfill_width"": 15, ""minfill_work"": 156843, ""minfill_order"": [25, 60, 62, 15, 20, 29, 0, 3, 6, 24, 31, 32, 34, 37, 41, 42, 51, 59, 64, 68, 75, 8, 50, 1, 28, 33, 43, 47, 66, 69, 45, 48, 67, 73, 54, 27, 19, 23, 58, 4, 46, 39, 52, 70, 12, 5, 11, 40, 9, 63, 2, 7, 10, 26, 61, 65, 16, 30, 44, 14, 13, 17, 18, 21, 22, 35, 36, 38, 49, 53, 55, 56, 57, 71, 72, 74], ""energy_bound"": 384, ""root_bound"": 512, ""crt_primes"": 3, ""arithmetic_burden"": 240910848, ""coefficient_bound"": ""75557863725914323419136"", ""coupling_multiplicities"": {""3"": 32, ""-1"": 27, ""-2"": 26, ""1"": 29, ""-3"": 18, ""2"": 17}, ""symmetry"": ""not assumed"", ""degree_signature"": [2, 2, 2, 3, 3, 3, 3, 3, 3, 3, 3, 3, 3, 3, 3, 3, 3, 3, 3, 3, 3, 3, 3, 3, 3, 3, 3, 4, 4, 4, 4, 4, 4, 4, 4, 4, 4, 4, 4, 4, 4, 4, 4, 4, 4, 4, 4, 4, 4, 4, 4, 4, 5, 5, 5, 5, 5, 5, 5, 5, 5, 5, 5, 5, 5, 5, 5, 5, 5, 5, 5, 5, 5, 5, 5, 5]}",2166064,"[67038, 67039, 67040, 67041, 67042, 67043, 67044, 67045, 67046, 67047, 67048, 67049, 67050, 67051]","[128, 80, 80, 96, 32, 80, 144, 96, 144, 144, 144, 144, 128, 96]",WARM_SAME_SOURCE,focused
b7e0ba182e5ef8b3436336c8,N088,114fb989d5ec62cbf483788d83475ecdfad12802e5c0e9011a983df59f20608a,68ace9b6f03948c280af81b1b51ebc72b52f4587c94460a70df5c3ae86632ea1,N96_INDUCED_TRANSITION_LADDER_V1,f2f991d74dfbb2edf7f4475dcb7d82989de00a71e44bb11d4a6fbb49442577b6,"[0, 1, 2, 3]",648a7c6a6bd865453725b0bd235738a6d2d593c600641557246f5cce01d14640,93ee43b3892160c0bbdcc147f547c8ab506d77bb5886a0fbab3bc36c166a0e78,tie_portfolio,COOP14_MIG_BRANCH_GROUP,1d2a6f95014703ca171206e42701c52355b89dab08ba0a9b72b3d193a3b620d4,WARM_SAME_SOURCE,FRESH_EXACT_SOLVE_WITH_INTERNAL_CHECKS_EXCLUDES_EXTERNAL_VERIFICATION,16,512,3,16,18,22404032,262144,d5207e6b84fbabee961e83f3860a3bacaca585acd736c092903cacdfff692450,NUMPY_BATCHED_INVERSE_NTT_INTEGER_CRT,1,COMPLETE,OBSERVED_PATTERN,True,,,,,,199063552,0.0004448120016604662,0.06335609499365091,0.395844549,0.191938743,0.00575021596159786,0.05399282403840214,0.008195851929485798,0.647833867,,0.0,eca5fe647b57f1b916e6ea37238b0dd626b44e09fe4b446d19a80ad9b437b50c,"{""N"": 88, ""source_family"": ""N96_INDUCED_TRANSITION_LADDER_V1"", ""graph_hash"": ""68ace9b6f03948c280af81b1b51ebc72b52f4587c94460a70df5c3ae86632ea1"", ""source_hash"": ""114fb989d5ec62cbf483788d83475ecdfad12802e5c0e9011a983df59f20608a"", ""edges"": 200, ""degree_min"": 2, ""degree_max"": 5, ""degree_mean"": 4.545454545454546, ""degree_std"": 0.655554777357089, ""components"": 1, ""component_sizes"": [88], ""max_component"": 88, ""local_assignments"": 309485009821345068724781056, ""minfill_width"": 24, ""minfill_work"": 108552347, ""minfill_order"": [60, 0, 12, 20, 41, 51, 15, 50, 16, 34, 82, 24, 3, 6, 21, 25, 33, 39, 48, 59, 67, 8, 47, 68, 77, 11, 84, 64, 55, 56, 38, 78, 37, 69, 27, 61, 42, 7, 9, 63, 17, 2, 32, 66, 73, 52, 62, 1, 22, 81, 57, 49, 76, 74, 65, 10, 43, 19, 85, 30, 14, 46, 36, 4, 5, 13, 18, 23, 26, 28, 29, 31, 35, 40, 44, 45, 53, 54, 58, 70, 71, 72, 75, 79, 80, 83, 86, 87], ""energy_bound"": 499, ""root_bound"": 512, ""crt_primes"": 3, ""arithmetic_burden"": 166736404992, ""coefficient_bound"": ""309485009821345068724781056"", ""coupling_multiplicities"": {""3"": 39, ""-1"": 36, ""-2"": 35, ""1"": 39, ""-3"": 25, ""2"": 26}, ""symmetry"": ""not assumed"", ""degree_signature"": [2, 3, 3, 3, 3, 3, 4, 4, 4, 4, 4, 4, 4, 4, 4, 4, 4, 4, 4, 4, 4, 4, 4, 4, 4, 4, 4, 4, 4, 4, 4, 4, 4, 5, 5, 5, 5, 5, 5, 5, 5, 5, 5, 5, 5, 5, 5, 5, 5, 5, 5, 5, 5, 5, 5, 5, 5, 5, 5, 5, 5, 5, 5, 5, 5, 5, 5, 5, 5, 5, 5, 5, 5, 5, 5, 5, 5, 5, 5, 5, 5, 5, 5, 5, 5, 5, 5, 5]}",16486032,"[67629, 67630, 67631, 67632, 67633, 67634, 67635, 67636, 67637, 67638, 67639, 67640, 67641, 67642]","[96, 112, 112, 112, 96, 112, 112, 112, 112, 112, 112, 112, 112, 112]",WARM_SAME_SOURCE,focused
b7e0ba182e5ef8b3436336c8,N088,114fb989d5ec62cbf483788d83475ecdfad12802e5c0e9011a983df59f20608a,68ace9b6f03948c280af81b1b51ebc72b52f4587c94460a70df5c3ae86632ea1,N96_INDUCED_TRANSITION_LADDER_V1,f2f991d74dfbb2edf7f4475dcb7d82989de00a71e44bb11d4a6fbb49442577b6,"[0, 1, 2, 3]",648a7c6a6bd865453725b0bd235738a6d2d593c600641557246f5cce01d14640,93ee43b3892160c0bbdcc147f547c8ab506d77bb5886a0fbab3bc36c166a0e78,tie_portfolio,COOP14_MIG_BRANCH_GROUP,1d2a6f95014703ca171206e42701c52355b89dab08ba0a9b72b3d193a3b620d4,WARM_SAME_SOURCE,FRESH_EXACT_SOLVE_WITH_INTERNAL_CHECKS_EXCLUDES_EXTERNAL_VERIFICATION,16,512,3,16,18,22404032,262144,d5207e6b84fbabee961e83f3860a3bacaca585acd736c092903cacdfff692450,NUMPY_BATCHED_INVERSE_NTT_INTEGER_CRT,2,COMPLETE,OBSERVED_PATTERN,True,,,,,,199063552,0.0004448120016604662,0.06335609499365091,0.466972074,0.208973945,0.0033228908432647586,0.015555088156735241,0.008026374969631433,0.695001884,,0.0,eca5fe647b57f1b916e6ea37238b0dd626b44e09fe4b446d19a80ad9b437b50c,"{""N"": 88, ""source_family"": ""N96_INDUCED_TRANSITION_LADDER_V1"", ""graph_hash"": ""68ace9b6f03948c280af81b1b51ebc72b52f4587c94460a70df5c3ae86632ea1"", ""source_hash"": ""114fb989d5ec62cbf483788d83475ecdfad12802e5c0e9011a983df59f20608a"", ""edges"": 200, ""degree_min"": 2, ""degree_max"": 5, ""degree_mean"": 4.545454545454546, ""degree_std"": 0.655554777357089, ""components"": 1, ""component_sizes"": [88], ""max_component"": 88, ""local_assignments"": 309485009821345068724781056, ""minfill_width"": 24, ""minfill_work"": 108552347, ""minfill_order"": [60, 0, 12, 20, 41, 51, 15, 50, 16, 34, 82, 24, 3, 6, 21, 25, 33, 39, 48, 59, 67, 8, 47, 68, 77, 11, 84, 64, 55, 56, 38, 78, 37, 69, 27, 61, 42, 7, 9, 63, 17, 2, 32, 66, 73, 52, 62, 1, 22, 81, 57, 49, 76, 74, 65, 10, 43, 19, 85, 30, 14, 46, 36, 4, 5, 13, 18, 23, 26, 28, 29, 31, 35, 40, 44, 45, 53, 54, 58, 70, 71, 72, 75, 79, 80, 83, 86, 87], ""energy_bound"": 499, ""root_bound"": 512, ""crt_primes"": 3, ""arithmetic_burden"": 166736404992, ""coefficient_bound"": ""309485009821345068724781056"", ""coupling_multiplicities"": {""3"": 39, ""-1"": 36, ""-2"": 35, ""1"": 39, ""-3"": 25, ""2"": 26}, ""symmetry"": ""not assumed"", ""degree_signature"": [2, 3, 3, 3, 3, 3, 4, 4, 4, 4, 4, 4, 4, 4, 4, 4, 4, 4, 4, 4, 4, 4, 4, 4, 4, 4, 4, 4, 4, 4, 4, 4, 4, 5, 5, 5, 5, 5, 5, 5, 5, 5, 5, 5, 5, 5, 5, 5, 5, 5, 5, 5, 5, 5, 5, 5, 5, 5, 5, 5, 5, 5, 5, 5, 5, 5, 5, 5, 5, 5, 5, 5, 5, 5, 5, 5, 5, 5, 5, 5, 5, 5, 5, 5, 5, 5, 5, 5]}",16486032,"[67629, 67630, 67631, 67632, 67633, 67634, 67635, 67636, 67637, 67638, 67639, 67640, 67641, 67642]","[112, 112, 112, 112, 112, 112, 112, 112, 96, 112, 112, 96, 112, 112]",WARM_SAME_SOURCE,focused
b7e0ba182e5ef8b3436336c8,N088,114fb989d5ec62cbf483788d83475ecdfad12802e5c0e9011a983df59f20608a,68ace9b6f03948c280af81b1b51ebc72b52f4587c94460a70df5c3ae86632ea1,N96_INDUCED_TRANSITION_LADDER_V1,f2f991d74dfbb2edf7f4475dcb7d82989de00a71e44bb11d4a6fbb49442577b6,"[0, 1, 2, 3]",648a7c6a6bd865453725b0bd235738a6d2d593c600641557246f5cce01d14640,93ee43b3892160c0bbdcc147f547c8ab506d77bb5886a0fbab3bc36c166a0e78,tie_portfolio,COOP14_MIG_BRANCH_GROUP,1d2a6f95014703ca171206e42701c52355b89dab08ba0a9b72b3d193a3b620d4,WARM_SAME_SOURCE,FRESH_EXACT_SOLVE_WITH_INTERNAL_CHECKS_EXCLUDES_EXTERNAL_VERIFICATION,16,512,3,16,18,22404032,262144,d5207e6b84fbabee961e83f3860a3bacaca585acd736c092903cacdfff692450,NUMPY_BATCHED_INVERSE_NTT_INTEGER_CRT,3,COMPLETE,OBSERVED_PATTERN,True,,,,,,199063552,0.0004448120016604662,0.06335609499365091,0.395710211,0.189689204,0.004860612913034856,0.022370245086965144,0.008656894089654088,0.612917557,,0.0,eca5fe647b57f1b916e6ea37238b0dd626b44e09fe4b446d19a80ad9b437b50c,"{""N"": 88, ""source_family"": ""N96_INDUCED_TRANSITION_LADDER_V1"", ""graph_hash"": ""68ace9b6f03948c280af81b1b51ebc72b52f4587c94460a70df5c3ae86632ea1"", ""source_hash"": ""114fb989d5ec62cbf483788d83475ecdfad12802e5c0e9011a983df59f20608a"", ""edges"": 200, ""degree_min"": 2, ""degree_max"": 5, ""degree_mean"": 4.545454545454546, ""degree_std"": 0.655554777357089, ""components"": 1, ""component_sizes"": [88], ""max_component"": 88, ""local_assignments"": 309485009821345068724781056, ""minfill_width"": 24, ""minfill_work"": 108552347, ""minfill_order"": [60, 0, 12, 20, 41, 51, 15, 50, 16, 34, 82, 24, 3, 6, 21, 25, 33, 39, 48, 59, 67, 8, 47, 68, 77, 11, 84, 64, 55, 56, 38, 78, 37, 69, 27, 61, 42, 7, 9, 63, 17, 2, 32, 66, 73, 52, 62, 1, 22, 81, 57, 49, 76, 74, 65, 10, 43, 19, 85, 30, 14, 46, 36, 4, 5, 13, 18, 23, 26, 28, 29, 31, 35, 40, 44, 45, 53, 54, 58, 70, 71, 72, 75, 79, 80, 83, 86, 87], ""energy_bound"": 499, ""root_bound"": 512, ""crt_primes"": 3, ""arithmetic_burden"": 166736404992, ""coefficient_bound"": ""309485009821345068724781056"", ""coupling_multiplicities"": {""3"": 39, ""-1"": 36, ""-2"": 35, ""1"": 39, ""-3"": 25, ""2"": 26}, ""symmetry"": ""not assumed"", ""degree_signature"": [2, 3, 3, 3, 3, 3, 4, 4, 4, 4, 4, 4, 4, 4, 4, 4, 4, 4, 4, 4, 4, 4, 4, 4, 4, 4, 4, 4, 4, 4, 4, 4, 4, 5, 5, 5, 5, 5, 5, 5, 5, 5, 5, 5, 5, 5, 5, 5, 5, 5, 5, 5, 5, 5, 5, 5, 5, 5, 5, 5, 5, 5, 5, 5, 5, 5, 5, 5, 5, 5, 5, 5, 5, 5, 5, 5, 5, 5, 5, 5, 5, 5, 5, 5, 5, 5, 5, 5]}",16486032,"[67629, 67630, 67631, 67632, 67633, 67634, 67635, 67636, 67637, 67638, 67639, 67640, 67641, 67642]","[96, 112, 112, 112, 112, 112, 112, 96, 112, 112, 112, 112, 112, 112]",WARM_SAME_SOURCE,focused
82228d5d7d0d19fd908d79ef,N082,bd89fac87120d44109535955932bc46357101fa4cb3567c1850c4579f1c17de6,24c1a5ae9bb2ff0de52b3ec133ba564c3aed245446e284119ef9ea4e64d7163b,N96_INDUCED_TRANSITION_LADDER_V1,f2f991d74dfbb2edf7f4475dcb7d82989de00a71e44bb11d4a6fbb49442577b6,"[0, 1, 2, 3]",35e265bbb10b4a616a4bd6edd27b55d9b3577ebe3400cf854cfc0412c2913a98,41f2079edba50c10cb4498bc7d72e275d68106a4d10a29e87f8669e746ad6da1,transition_priority,COOP14_MIG_BRANCH_GROUP,1d2a6f95014703ca171206e42701c52355b89dab08ba0a9b72b3d193a3b620d4,WARM_SAME_SOURCE,FRESH_EXACT_SOLVE_WITH_INTERNAL_CHECKS_EXCLUDES_EXTERNAL_VERIFICATION,16,512,3,1,18,2158500,262144,d5207e6b84fbabee961e83f3860a3bacaca585acd736c092903cacdfff692450,NUMPY_BATCHED_INVERSE_NTT_INTEGER_CRT,1,COMPLETE,OBSERVED_PATTERN,True,,,,,,312128512,0.0004292519297450781,0.06911233195569366,0.182498113,0.028865619,0.0055263309041038156,0.021261905095896184,0.007806638954207301,0.238302665,,0.0,d35932793366356f20f5edfe46525a7dd30de6b98043c5e5f3ff57a7087100ae,"{""N"": 82, ""source_family"": ""N96_INDUCED_TRANSITION_LADDER_V1"", ""graph_hash"": ""24c1a5ae9bb2ff0de52b3ec133ba564c3aed245446e284119ef9ea4e64d7163b"", ""source_hash"": ""bd89fac87120d44109535955932bc46357101fa4cb3567c1850c4579f1c17de6"", ""edges"": 174, ""degree_min"": 2, ""degree_max"": 5, ""degree_mean"": 4.2439024390243905, ""degree_std"": 0.7418003085729536, ""components"": 1, ""component_sizes"": [82], ""max_component"": 82, ""local_assignments"": 4835703278458516698824704, ""minfill_width"": 21, ""minfill_work"": 6826107, ""minfill_order"": [60, 15, 20, 29, 0, 6, 25, 32, 41, 51, 59, 64, 50, 34, 42, 62, 11, 66, 3, 22, 81, 23, 33, 68, 38, 48, 63, 67, 39, 8, 16, 76, 14, 4, 37, 19, 74, 78, 61, 2, 58, 46, 47, 75, 17, 73, 12, 9, 24, 44, 72, 69, 57, 27, 35, 36, 79, 7, 10, 77, 1, 5, 13, 18, 21, 26, 28, 30, 31, 40, 43, 45, 49, 52, 53, 54, 55, 56, 65, 70, 71, 80], ""energy_bound"": 439, ""root_bound"": 512, ""crt_primes"": 3, ""arithmetic_burden"": 10484900352, ""coefficient_bound"": ""4835703278458516698824704"", ""coupling_multiplicities"": {""3"": 33, ""-1"": 33, ""-2"": 29, ""1"": 34, ""-3"": 23, ""2"": 22}, ""symmetry"": ""not assumed"", ""degree_signature"": [2, 3, 3, 3, 3, 3, 3, 3, 3, 3, 3, 3, 3, 4, 4, 4, 4, 4, 4, 4, 4, 4, 4, 4, 4, 4, 4, 4, 4, 4, 4, 4, 4, 4, 4, 4, 4, 4, 4, 4, 4, 4, 4, 4, 4, 4, 4, 4, 5, 5, 5, 5, 5, 5, 5, 5, 5, 5, 5, 5, 5, 5, 5, 5, 5, 5, 5, 5, 5, 5, 5, 5, 5, 5, 5, 5, 5, 5, 5, 5, 5, 5]}",21196688,"[67629, 67630, 67631, 67632, 67633, 67634, 67635, 67636, 67637, 67638, 67639, 67640, 67641, 67642]","[96, 176, 96, 112, 80, 112, 80, 112, 112, 112, 112, 112, 128, 96]",WARM_SAME_SOURCE,focused
82228d5d7d0d19fd908d79ef,N082,bd89fac87120d44109535955932bc46357101fa4cb3567c1850c4579f1c17de6,24c1a5ae9bb2ff0de52b3ec133ba564c3aed245446e284119ef9ea4e64d7163b,N96_INDUCED_TRANSITION_LADDER_V1,f2f991d74dfbb2edf7f4475dcb7d82989de00a71e44bb11d4a6fbb49442577b6,"[0, 1, 2, 3]",35e265bbb10b4a616a4bd6edd27b55d9b3577ebe3400cf854cfc0412c2913a98,41f2079edba50c10cb4498bc7d72e275d68106a4d10a29e87f8669e746ad6da1,transition_priority,COOP14_MIG_BRANCH_GROUP,1d2a6f95014703ca171206e42701c52355b89dab08ba0a9b72b3d193a3b620d4,WARM_SAME_SOURCE,FRESH_EXACT_SOLVE_WITH_INTERNAL_CHECKS_EXCLUDES_EXTERNAL_VERIFICATION,16,512,3,1,18,2158500,262144,d5207e6b84fbabee961e83f3860a3bacaca585acd736c092903cacdfff692450,NUMPY_BATCHED_INVERSE_NTT_INTEGER_CRT,2,COMPLETE,OBSERVED_PATTERN,True,,,,,,312128512,0.0004292519297450781,0.06911233195569366,0.18215452,0.027781458,0.005522398976609111,0.02065384802339089,0.007453636033460498,0.236270912,,0.0,d35932793366356f20f5edfe46525a7dd30de6b98043c5e5f3ff57a7087100ae,"{""N"": 82, ""source_family"": ""N96_INDUCED_TRANSITION_LADDER_V1"", ""graph_hash"": ""24c1a5ae9bb2ff0de52b3ec133ba564c3aed245446e284119ef9ea4e64d7163b"", ""source_hash"": ""bd89fac87120d44109535955932bc46357101fa4cb3567c1850c4579f1c17de6"", ""edges"": 174, ""degree_min"": 2, ""degree_max"": 5, ""degree_mean"": 4.2439024390243905, ""degree_std"": 0.7418003085729536, ""components"": 1, ""component_sizes"": [82], ""max_component"": 82, ""local_assignments"": 4835703278458516698824704, ""minfill_width"": 21, ""minfill_work"": 6826107, ""minfill_order"": [60, 15, 20, 29, 0, 6, 25, 32, 41, 51, 59, 64, 50, 34, 42, 62, 11, 66, 3, 22, 81, 23, 33, 68, 38, 48, 63, 67, 39, 8, 16, 76, 14, 4, 37, 19, 74, 78, 61, 2, 58, 46, 47, 75, 17, 73, 12, 9, 24, 44, 72, 69, 57, 27, 35, 36, 79, 7, 10, 77, 1, 5, 13, 18, 21, 26, 28, 30, 31, 40, 43, 45, 49, 52, 53, 54, 55, 56, 65, 70, 71, 80], ""energy_bound"": 439, ""root_bound"": 512, ""crt_primes"": 3, ""arithmetic_burden"": 10484900352, ""coefficient_bound"": ""4835703278458516698824704"", ""coupling_multiplicities"": {""3"": 33, ""-1"": 33, ""-2"": 29, ""1"": 34, ""-3"": 23, ""2"": 22}, ""symmetry"": ""not assumed"", ""degree_signature"": [2, 3, 3, 3, 3, 3, 3, 3, 3, 3, 3, 3, 3, 4, 4, 4, 4, 4, 4, 4, 4, 4, 4, 4, 4, 4, 4, 4, 4, 4, 4, 4, 4, 4, 4, 4, 4, 4, 4, 4, 4, 4, 4, 4, 4, 4, 4, 4, 5, 5, 5, 5, 5, 5, 5, 5, 5, 5, 5, 5, 5, 5, 5, 5, 5, 5, 5, 5, 5, 5, 5, 5, 5, 5, 5, 5, 5, 5, 5, 5, 5, 5]}",21196688,"[67629, 67630, 67631, 67632, 67633, 67634, 67635, 67636, 67637, 67638, 67639, 67640, 67641, 67642]","[96, 176, 112, 80, 96, 96, 160, 112, 96, 96, 80, 112, 112, 112]",WARM_SAME_SOURCE,focused
82228d5d7d0d19fd908d79ef,N082,bd89fac87120d44109535955932bc46357101fa4cb3567c1850c4579f1c17de6,24c1a5ae9bb2ff0de52b3ec133ba564c3aed245446e284119ef9ea4e64d7163b,N96_INDUCED_TRANSITION_LADDER_V1,f2f991d74dfbb2edf7f4475dcb7d82989de00a71e44bb11d4a6fbb49442577b6,"[0, 1, 2, 3]",35e265bbb10b4a616a4bd6edd27b55d9b3577ebe3400cf854cfc0412c2913a98,41f2079edba50c10cb4498bc7d72e275d68106a4d10a29e87f8669e746ad6da1,transition_priority,COOP14_MIG_BRANCH_GROUP,1d2a6f95014703ca171206e42701c52355b89dab08ba0a9b72b3d193a3b620d4,WARM_SAME_SOURCE,FRESH_EXACT_SOLVE_WITH_INTERNAL_CHECKS_EXCLUDES_EXTERNAL_VERIFICATION,16,512,3,1,18,2158500,262144,d5207e6b84fbabee961e83f3860a3bacaca585acd736c092903cacdfff692450,NUMPY_BATCHED_INVERSE_NTT_INTEGER_CRT,3,COMPLETE,OBSERVED_PATTERN,True,,,,,,312128512,0.0004292519297450781,0.06911233195569366,0.436770669,0.026374124,0.004847882897593081,0.01941593810240692,0.007428495911881328,0.487550982,,0.0,d35932793366356f20f5edfe46525a7dd30de6b98043c5e5f3ff57a7087100ae,"{""N"": 82, ""source_family"": ""N96_INDUCED_TRANSITION_LADDER_V1"", ""graph_hash"": ""24c1a5ae9bb2ff0de52b3ec133ba564c3aed245446e284119ef9ea4e64d7163b"", ""source_hash"": ""bd89fac87120d44109535955932bc46357101fa4cb3567c1850c4579f1c17de6"", ""edges"": 174, ""degree_min"": 2, ""degree_max"": 5, ""degree_mean"": 4.2439024390243905, ""degree_std"": 0.7418003085729536, ""components"": 1, ""component_sizes"": [82], ""max_component"": 82, ""local_assignments"": 4835703278458516698824704, ""minfill_width"": 21, ""minfill_work"": 6826107, ""minfill_order"": [60, 15, 20, 29, 0, 6, 25, 32, 41, 51, 59, 64, 50, 34, 42, 62, 11, 66, 3, 22, 81, 23, 33, 68, 38, 48, 63, 67, 39, 8, 16, 76, 14, 4, 37, 19, 74, 78, 61, 2, 58, 46, 47, 75, 17, 73, 12, 9, 24, 44, 72, 69, 57, 27, 35, 36, 79, 7, 10, 77, 1, 5, 13, 18, 21, 26, 28, 30, 31, 40, 43, 45, 49, 52, 53, 54, 55, 56, 65, 70, 71, 80], ""energy_bound"": 439, ""root_bound"": 512, ""crt_primes"": 3, ""arithmetic_burden"": 10484900352, ""coefficient_bound"": ""4835703278458516698824704"", ""coupling_multiplicities"": {""3"": 33, ""-1"": 33, ""-2"": 29, ""1"": 34, ""-3"": 23, ""2"": 22}, ""symmetry"": ""not assumed"", ""degree_signature"": [2, 3, 3, 3, 3, 3, 3, 3, 3, 3, 3, 3, 3, 4, 4, 4, 4, 4, 4, 4, 4, 4, 4, 4, 4, 4, 4, 4, 4, 4, 4, 4, 4, 4, 4, 4, 4, 4, 4, 4, 4, 4, 4, 4, 4, 4, 4, 4, 5, 5, 5, 5, 5, 5, 5, 5, 5, 5, 5, 5, 5, 5, 5, 5, 5, 5, 5, 5, 5, 5, 5, 5, 5, 5, 5, 5, 5, 5, 5, 5, 5, 5]}",21196688,"[67629, 67630, 67631, 67632, 67633, 67634, 67635, 67636, 67637, 67638, 67639, 67640, 67641, 67642]","[80, 176, 112, 112, 112, 96, 160, 80, 80, 80, 112, 112, 112, 112]",WARM_SAME_SOURCE,focused
c57b8d587aefcc9681bf74a7,N079,52c770b6a8ed6f639d8ded5cf7726d339612662a322afafdd3bd79ab3b766ecd,8f842662e36b9b8a2364c5951d7fb9365d65b70a3c5ce128f50ba5cd472e9361,N96_INDUCED_TRANSITION_LADDER_V1,f2f991d74dfbb2edf7f4475dcb7d82989de00a71e44bb11d4a6fbb49442577b6,"[0, 1, 2, 3]",53cfc360cdc411d49ba30f3a917d01843a25de556862067011cc0fa7e0d77c5a,c8fcae1c6b91658520f9d224b07c8bb9b52d22363dc5805d84c0c9760fcf2fd0,repair_transfer,COOP14_MIG_BRANCH_GROUP,1d2a6f95014703ca171206e42701c52355b89dab08ba0a9b72b3d193a3b620d4,WARM_SAME_SOURCE,FRESH_EXACT_SOLVE_WITH_INTERNAL_CHECKS_EXCLUDES_EXTERNAL_VERIFICATION,16,512,3,1,17,656544,131072,d5207e6b84fbabee961e83f3860a3bacaca585acd736c092903cacdfff692450,NUMPY_BATCHED_INVERSE_NTT_INTEGER_CRT,1,COMPLETE,OBSERVED_PATTERN,True,,,,,,134539776,0.2225074110319838,0.044642532942816615,0.132760442,0.019275402,0.0032729090889915824,0.015264425911008416,0.008812810992822051,0.170736856,,0.0,7ee53b93b76db1ee3c9edae921407c3b037d4aa5605d02e256303957a66aea97,"{""N"": 79, ""source_family"": ""N96_INDUCED_TRANSITION_LADDER_V1"", ""graph_hash"": ""8f842662e36b9b8a2364c5951d7fb9365d65b70a3c5ce128f50ba5cd472e9361"", ""source_hash"": ""52c770b6a8ed6f639d8ded5cf7726d339612662a322afafdd3bd79ab3b766ecd"", ""edges"": 162, ""degree_min"": 2, ""degree_max"": 5, ""degree_mean"": 4.10126582278481, ""degree_std"": 0.8508363228762562, ""components"": 1, ""component_sizes"": [79], ""max_component"": 79, ""local_assignments"": 604462909807314587353088, ""minfill_width"": 20, ""minfill_work"": 2931343, ""minfill_order"": [25, 60, 15, 20, 29, 0, 3, 6, 24, 32, 34, 37, 41, 51, 59, 64, 68, 8, 50, 1, 33, 42, 47, 62, 11, 66, 69, 48, 63, 67, 39, 16, 76, 56, 74, 23, 2, 7, 9, 77, 61, 17, 38, 58, 46, 73, 78, 12, 52, 27, 22, 19, 40, 10, 43, 65, 75, 30, 13, 54, 49, 4, 5, 14, 18, 21, 26, 28, 31, 35, 36, 44, 45, 53, 55, 57, 70, 71, 72], ""energy_bound"": 410, ""root_bound"": 512, ""crt_primes"": 3, ""arithmetic_burden"": 4502542848, ""coefficient_bound"": ""604462909807314587353088"", ""coupling_multiplicities"": {""3"": 32, ""-1"": 32, ""-2"": 27, ""1"": 32, ""-3"": 20, ""2"": 19}, ""symmetry"": ""not assumed"", ""degree_signature"": [2, 2, 3, 3, 3, 3, 3, 3, 3, 3, 3, 3, 3, 3, 3, 3, 3, 3, 3, 3, 3, 4, 4, 4, 4, 4, 4, 4, 4, 4, 4, 4, 4, 4, 4, 4, 4, 4, 4, 4, 4, 4, 4, 4, 4, 4, 4, 4, 5, 5, 5, 5, 5, 5, 5, 5, 5, 5, 5, 5, 5, 5, 5, 5, 5, 5, 5, 5, 5, 5, 5, 5, 5, 5, 5, 5, 5, 5, 5]}",6689264,"[67629, 67630, 67631, 67632, 67633, 67634, 67635, 67636, 67637, 67638, 67639, 67640, 67641, 67642]","[96, 160, 96, 96, 112, 96, 80, 64, 144, 144, 64, 144, 80, 160]",WARM_SAME_SOURCE,focused
c57b8d587aefcc9681bf74a7,N079,52c770b6a8ed6f639d8ded5cf7726d339612662a322afafdd3bd79ab3b766ecd,8f842662e36b9b8a2364c5951d7fb9365d65b70a3c5ce128f50ba5cd472e9361,N96_INDUCED_TRANSITION_LADDER_V1,f2f991d74dfbb2edf7f4475dcb7d82989de00a71e44bb11d4a6fbb49442577b6,"[0, 1, 2, 3]",42c1f799bcc36b3c5bfd4bec1499b48c2460d21025c0e18c8403721820190fd6,0351ea0e98daca6d4a8426e3f64c2a64db05f0b095c30bdb3237c421cfcd3496,fresh_min_fill,COOP14_MIG_BRANCH_GROUP,1d2a6f95014703ca171206e42701c52355b89dab08ba0a9b72b3d193a3b620d4,WARM_NEW_PLAN,FRESH_EXACT_SOLVE_WITH_INTERNAL_CHECKS_EXCLUDES_EXTERNAL_VERIFICATION,16,512,3,1,18,1177136,262144,d5207e6b84fbabee961e83f3860a3bacaca585acd736c092903cacdfff692450,NUMPY_BATCHED_INVERSE_NTT_INTEGER_CRT,1,COMPLETE,OBSERVED_PATTERN,True,,,,,,201175552,0.2225074110319838,0.044642532942816615,0.162342338,0.036692847,0.004785042954608798,0.015085468045391202,0.006564020994119346,0.219058013,,0.0,c6eb10fd6e633d796ce3e9dfd111b8a078a8e170b2c8a88f9aac6c4d12e991f2,"{""N"": 79, ""source_family"": ""N96_INDUCED_TRANSITION_LADDER_V1"", ""graph_hash"": ""8f842662e36b9b8a2364c5951d7fb9365d65b70a3c5ce128f50ba5cd472e9361"", ""source_hash"": ""52c770b6a8ed6f639d8ded5cf7726d339612662a322afafdd3bd79ab3b766ecd"", ""edges"": 162, ""degree_min"": 2, ""degree_max"": 5, ""degree_mean"": 4.10126582278481, ""degree_std"": 0.8508363228762562, ""components"": 1, ""component_sizes"": [79], ""max_component"": 79, ""local_assignments"": 604462909807314587353088, ""minfill_width"": 20, ""minfill_work"": 2931343, ""minfill_order"": [25, 60, 15, 20, 29, 0, 3, 6, 24, 32, 34, 37, 41, 51, 59, 64, 68, 8, 50, 1, 33, 42, 47, 62, 11, 66, 69, 48, 63, 67, 39, 16, 76, 56, 74, 23, 2, 7, 9, 77, 61, 17, 38, 58, 46, 73, 78, 12, 52, 27, 22, 19, 40, 10, 43, 65, 75, 30, 13, 54, 49, 4, 5, 14, 18, 21, 26, 28, 31, 35, 36, 44, 45, 53, 55, 57, 70, 71, 72], ""energy_bound"": 410, ""root_bound"": 512, ""crt_primes"": 3, ""arithmetic_burden"": 4502542848, ""coefficient_bound"": ""604462909807314587353088"", ""coupling_multiplicities"": {""3"": 32, ""-1"": 32, ""-2"": 27, ""1"": 32, ""-3"": 20, ""2"": 19}, ""symmetry"": ""not assumed"", ""degree_signature"": [2, 2, 3, 3, 3, 3, 3, 3, 3, 3, 3, 3, 3, 3, 3, 3, 3, 3, 3, 3, 3, 4, 4, 4, 4, 4, 4, 4, 4, 4, 4, 4, 4, 4, 4, 4, 4, 4, 4, 4, 4, 4, 4, 4, 4, 4, 4, 4, 5, 5, 5, 5, 5, 5, 5, 5, 5, 5, 5, 5, 5, 5, 5, 5, 5, 5, 5, 5, 5, 5, 5, 5, 5, 5, 5, 5, 5, 5, 5]}",13160432,"[67629, 67630, 67631, 67632, 67633, 67634, 67635, 67636, 67637, 67638, 67639, 67640, 67641, 67642]","[96, 80, 96, 112, 192, 96, 96, 80, 128, 112, 96, 96, 176, 80]",WARM_NEW_PLAN,focused
c57b8d587aefcc9681bf74a7,N079,52c770b6a8ed6f639d8ded5cf7726d339612662a322afafdd3bd79ab3b766ecd,8f842662e36b9b8a2364c5951d7fb9365d65b70a3c5ce128f50ba5cd472e9361,N96_INDUCED_TRANSITION_LADDER_V1,f2f991d74dfbb2edf7f4475dcb7d82989de00a71e44bb11d4a6fbb49442577b6,"[0, 1, 2, 3]",42c1f799bcc36b3c5bfd4bec1499b48c2460d21025c0e18c8403721820190fd6,0351ea0e98daca6d4a8426e3f64c2a64db05f0b095c30bdb3237c421cfcd3496,fresh_min_fill,COOP14_MIG_BRANCH_GROUP,1d2a6f95014703ca171206e42701c52355b89dab08ba0a9b72b3d193a3b620d4,WARM_SAME_SOURCE,FRESH_EXACT_SOLVE_WITH_INTERNAL_CHECKS_EXCLUDES_EXTERNAL_VERIFICATION,16,512,3,1,18,1177136,262144,d5207e6b84fbabee961e83f3860a3bacaca585acd736c092903cacdfff692450,NUMPY_BATCHED_INVERSE_NTT_INTEGER_CRT,2,COMPLETE,OBSERVED_PATTERN,True,,,,,,201175552,0.2225074110319838,0.044642532942816615,0.13730994,0.021254286,0.004560527857393026,0.015394351142606972,0.006848165998235345,0.178681043,,0.0,c6eb10fd6e633d796ce3e9dfd111b8a078a8e170b2c8a88f9aac6c4d12e991f2,"{""N"": 79, ""source_family"": ""N96_INDUCED_TRANSITION_LADDER_V1"", ""graph_hash"": ""8f842662e36b9b8a2364c5951d7fb9365d65b70a3c5ce128f50ba5cd472e9361"", ""source_hash"": ""52c770b6a8ed6f639d8ded5cf7726d339612662a322afafdd3bd79ab3b766ecd"", ""edges"": 162, ""degree_min"": 2, ""degree_max"": 5, ""degree_mean"": 4.10126582278481, ""degree_std"": 0.8508363228762562, ""components"": 1, ""component_sizes"": [79], ""max_component"": 79, ""local_assignments"": 604462909807314587353088, ""minfill_width"": 20, ""minfill_work"": 2931343, ""minfill_order"": [25, 60, 15, 20, 29, 0, 3, 6, 24, 32, 34, 37, 41, 51, 59, 64, 68, 8, 50, 1, 33, 42, 47, 62, 11, 66, 69, 48, 63, 67, 39, 16, 76, 56, 74, 23, 2, 7, 9, 77, 61, 17, 38, 58, 46, 73, 78, 12, 52, 27, 22, 19, 40, 10, 43, 65, 75, 30, 13, 54, 49, 4, 5, 14, 18, 21, 26, 28, 31, 35, 36, 44, 45, 53, 55, 57, 70, 71, 72], ""energy_bound"": 410, ""root_bound"": 512, ""crt_primes"": 3, ""arithmetic_burden"": 4502542848, ""coefficient_bound"": ""604462909807314587353088"", ""coupling_multiplicities"": {""3"": 32, ""-1"": 32, ""-2"": 27, ""1"": 32, ""-3"": 20, ""2"": 19}, ""symmetry"": ""not assumed"", ""degree_signature"": [2, 2, 3, 3, 3, 3, 3, 3, 3, 3, 3, 3, 3, 3, 3, 3, 3, 3, 3, 3, 3, 4, 4, 4, 4, 4, 4, 4, 4, 4, 4, 4, 4, 4, 4, 4, 4, 4, 4, 4, 4, 4, 4, 4, 4, 4, 4, 4, 5, 5, 5, 5, 5, 5, 5, 5, 5, 5, 5, 5, 5, 5, 5, 5, 5, 5, 5, 5, 5, 5, 5, 5, 5, 5, 5, 5, 5, 5, 5]}",13160432,"[67629, 67630, 67631, 67632, 67633, 67634, 67635, 67636, 67637, 67638, 67639, 67640, 67641, 67642]","[96, 96, 112, 96, 96, 80, 112, 96, 128, 160, 128, 128, 96, 112]",WARM_SAME_SOURCE,focused
c57b8d587aefcc9681bf74a7,N079,52c770b6a8ed6f639d8ded5cf7726d339612662a322afafdd3bd79ab3b766ecd,8f842662e36b9b8a2364c5951d7fb9365d65b70a3c5ce128f50ba5cd472e9361,N96_INDUCED_TRANSITION_LADDER_V1,f2f991d74dfbb2edf7f4475dcb7d82989de00a71e44bb11d4a6fbb49442577b6,"[0, 1, 2, 3]",53cfc360cdc411d49ba30f3a917d01843a25de556862067011cc0fa7e0d77c5a,c8fcae1c6b91658520f9d224b07c8bb9b52d22363dc5805d84c0c9760fcf2fd0,repair_transfer,COOP14_MIG_BRANCH_GROUP,1d2a6f95014703ca171206e42701c52355b89dab08ba0a9b72b3d193a3b620d4,WARM_NEW_PLAN,FRESH_EXACT_SOLVE_WITH_INTERNAL_CHECKS_EXCLUDES_EXTERNAL_VERIFICATION,16,512,3,1,17,656544,131072,d5207e6b84fbabee961e83f3860a3bacaca585acd736c092903cacdfff692450,NUMPY_BATCHED_INVERSE_NTT_INTEGER_CRT,2,COMPLETE,OBSERVED_PATTERN,True,,,,,,134539776,0.2225074110319838,0.044642532942816615,0.137079504,0.024530487,0.0046735749347135425,0.018971958065286457,0.0074593559838831425,0.185407661,,0.0,7ee53b93b76db1ee3c9edae921407c3b037d4aa5605d02e256303957a66aea97,"{""N"": 79, ""source_family"": ""N96_INDUCED_TRANSITION_LADDER_V1"", ""graph_hash"": ""8f842662e36b9b8a2364c5951d7fb9365d65b70a3c5ce128f50ba5cd472e9361"", ""source_hash"": ""52c770b6a8ed6f639d8ded5cf7726d339612662a322afafdd3bd79ab3b766ecd"", ""edges"": 162, ""degree_min"": 2, ""degree_max"": 5, ""degree_mean"": 4.10126582278481, ""degree_std"": 0.8508363228762562, ""components"": 1, ""component_sizes"": [79], ""max_component"": 79, ""local_assignments"": 604462909807314587353088, ""minfill_width"": 20, ""minfill_work"": 2931343, ""minfill_order"": [25, 60, 15, 20, 29, 0, 3, 6, 24, 32, 34, 37, 41, 51, 59, 64, 68, 8, 50, 1, 33, 42, 47, 62, 11, 66, 69, 48, 63, 67, 39, 16, 76, 56, 74, 23, 2, 7, 9, 77, 61, 17, 38, 58, 46, 73, 78, 12, 52, 27, 22, 19, 40, 10, 43, 65, 75, 30, 13, 54, 49, 4, 5, 14, 18, 21, 26, 28, 31, 35, 36, 44, 45, 53, 55, 57, 70, 71, 72], ""energy_bound"": 410, ""root_bound"": 512, ""crt_primes"": 3, ""arithmetic_burden"": 4502542848, ""coefficient_bound"": ""604462909807314587353088"", ""coupling_multiplicities"": {""3"": 32, ""-1"": 32, ""-2"": 27, ""1"": 32, ""-3"": 20, ""2"": 19}, ""symmetry"": ""not assumed"", ""degree_signature"": [2, 2, 3, 3, 3, 3, 3, 3, 3, 3, 3, 3, 3, 3, 3, 3, 3, 3, 3, 3, 3, 4, 4, 4, 4, 4, 4, 4, 4, 4, 4, 4, 4, 4, 4, 4, 4, 4, 4, 4, 4, 4, 4, 4, 4, 4, 4, 4, 5, 5, 5, 5, 5, 5, 5, 5, 5, 5, 5, 5, 5, 5, 5, 5, 5, 5, 5, 5, 5, 5, 5, 5, 5, 5, 5, 5, 5, 5, 5]}",6689264,"[67629, 67630, 67631, 67632, 67633, 67634, 67635, 67636, 67637, 67638, 67639, 67640, 67641, 67642]","[112, 112, 112, 112, 80, 112, 112, 96, 96, 176, 128, 96, 96, 96]",WARM_NEW_PLAN,focused
c57b8d587aefcc9681bf74a7,N079,52c770b6a8ed6f639d8ded5cf7726d339612662a322afafdd3bd79ab3b766ecd,8f842662e36b9b8a2364c5951d7fb9365d65b70a3c5ce128f50ba5cd472e9361,N96_INDUCED_TRANSITION_LADDER_V1,f2f991d74dfbb2edf7f4475dcb7d82989de00a71e44bb11d4a6fbb49442577b6,"[0, 1, 2, 3]",53cfc360cdc411d49ba30f3a917d01843a25de556862067011cc0fa7e0d77c5a,c8fcae1c6b91658520f9d224b07c8bb9b52d22363dc5805d84c0c9760fcf2fd0,repair_transfer,COOP14_MIG_BRANCH_GROUP,1d2a6f95014703ca171206e42701c52355b89dab08ba0a9b72b3d193a3b620d4,WARM_SAME_SOURCE,FRESH_EXACT_SOLVE_WITH_INTERNAL_CHECKS_EXCLUDES_EXTERNAL_VERIFICATION,16,512,3,1,17,656544,131072,d5207e6b84fbabee961e83f3860a3bacaca585acd736c092903cacdfff692450,NUMPY_BATCHED_INVERSE_NTT_INTEGER_CRT,3,COMPLETE,OBSERVED_PATTERN,True,,,,,,134539776,0.2225074110319838,0.044642532942816615,0.13614452,0.023904059,0.0033214110881090164,0.015329562911890984,0.009868000983260572,0.178876068,,0.0,7ee53b93b76db1ee3c9edae921407c3b037d4aa5605d02e256303957a66aea97,"{""N"": 79, ""source_family"": ""N96_INDUCED_TRANSITION_LADDER_V1"", ""graph_hash"": ""8f842662e36b9b8a2364c5951d7fb9365d65b70a3c5ce128f50ba5cd472e9361"", ""source_hash"": ""52c770b6a8ed6f639d8ded5cf7726d339612662a322afafdd3bd79ab3b766ecd"", ""edges"": 162, ""degree_min"": 2, ""degree_max"": 5, ""degree_mean"": 4.10126582278481, ""degree_std"": 0.8508363228762562, ""components"": 1, ""component_sizes"": [79], ""max_component"": 79, ""local_assignments"": 604462909807314587353088, ""minfill_width"": 20, ""minfill_work"": 2931343, ""minfill_order"": [25, 60, 15, 20, 29, 0, 3, 6, 24, 32, 34, 37, 41, 51, 59, 64, 68, 8, 50, 1, 33, 42, 47, 62, 11, 66, 69, 48, 63, 67, 39, 16, 76, 56, 74, 23, 2, 7, 9, 77, 61, 17, 38, 58, 46, 73, 78, 12, 52, 27, 22, 19, 40, 10, 43, 65, 75, 30, 13, 54, 49, 4, 5, 14, 18, 21, 26, 28, 31, 35, 36, 44, 45, 53, 55, 57, 70, 71, 72], ""energy_bound"": 410, ""root_bound"": 512, ""crt_primes"": 3, ""arithmetic_burden"": 4502542848, ""coefficient_bound"": ""604462909807314587353088"", ""coupling_multiplicities"": {""3"": 32, ""-1"": 32, ""-2"": 27, ""1"": 32, ""-3"": 20, ""2"": 19}, ""symmetry"": ""not assumed"", ""degree_signature"": [2, 2, 3, 3, 3, 3, 3, 3, 3, 3, 3, 3, 3, 3, 3, 3, 3, 3, 3, 3, 3, 4, 4, 4, 4, 4, 4, 4, 4, 4, 4, 4, 4, 4, 4, 4, 4, 4, 4, 4, 4, 4, 4, 4, 4, 4, 4, 4, 5, 5, 5, 5, 5, 5, 5, 5, 5, 5, 5, 5, 5, 5, 5, 5, 5, 5, 5, 5, 5, 5, 5, 5, 5, 5, 5, 5, 5, 5, 5]}",6689264,"[67629, 67630, 67631, 67632, 67633, 67634, 67635, 67636, 67637, 67638, 67639, 67640, 67641, 67642]","[176, 128, 160, 96, 96, 96, 160, 80, 96, 80, 64, 96, 64, 144]",WARM_SAME_SOURCE,focused
c57b8d587aefcc9681bf74a7,N079,52c770b6a8ed6f639d8ded5cf7726d339612662a322afafdd3bd79ab3b766ecd,8f842662e36b9b8a2364c5951d7fb9365d65b70a3c5ce128f50ba5cd472e9361,N96_INDUCED_TRANSITION_LADDER_V1,f2f991d74dfbb2edf7f4475dcb7d82989de00a71e44bb11d4a6fbb49442577b6,"[0, 1, 2, 3]",42c1f799bcc36b3c5bfd4bec1499b48c2460d21025c0e18c8403721820190fd6,0351ea0e98daca6d4a8426e3f64c2a64db05f0b095c30bdb3237c421cfcd3496,fresh_min_fill,COOP14_MIG_BRANCH_GROUP,1d2a6f95014703ca171206e42701c52355b89dab08ba0a9b72b3d193a3b620d4,WARM_NEW_PLAN,FRESH_EXACT_SOLVE_WITH_INTERNAL_CHECKS_EXCLUDES_EXTERNAL_VERIFICATION,16,512,3,1,18,1177136,262144,d5207e6b84fbabee961e83f3860a3bacaca585acd736c092903cacdfff692450,NUMPY_BATCHED_INVERSE_NTT_INTEGER_CRT,3,COMPLETE,OBSERVED_PATTERN,True,,,,,,201175552,0.2225074110319838,0.044642532942816615,0.145138138,0.026401113,0.0019399340962991118,0.026363743903700887,0.010514980065636337,0.199950088,,0.0,c6eb10fd6e633d796ce3e9dfd111b8a078a8e170b2c8a88f9aac6c4d12e991f2,"{""N"": 79, ""source_family"": ""N96_INDUCED_TRANSITION_LADDER_V1"", ""graph_hash"": ""8f842662e36b9b8a2364c5951d7fb9365d65b70a3c5ce128f50ba5cd472e9361"", ""source_hash"": ""52c770b6a8ed6f639d8ded5cf7726d339612662a322afafdd3bd79ab3b766ecd"", ""edges"": 162, ""degree_min"": 2, ""degree_max"": 5, ""degree_mean"": 4.10126582278481, ""degree_std"": 0.8508363228762562, ""components"": 1, ""component_sizes"": [79], ""max_component"": 79, ""local_assignments"": 604462909807314587353088, ""minfill_width"": 20, ""minfill_work"": 2931343, ""minfill_order"": [25, 60, 15, 20, 29, 0, 3, 6, 24, 32, 34, 37, 41, 51, 59, 64, 68, 8, 50, 1, 33, 42, 47, 62, 11, 66, 69, 48, 63, 67, 39, 16, 76, 56, 74, 23, 2, 7, 9, 77, 61, 17, 38, 58, 46, 73, 78, 12, 52, 27, 22, 19, 40, 10, 43, 65, 75, 30, 13, 54, 49, 4, 5, 14, 18, 21, 26, 28, 31, 35, 36, 44, 45, 53, 55, 57, 70, 71, 72], ""energy_bound"": 410, ""root_bound"": 512, ""crt_primes"": 3, ""arithmetic_burden"": 4502542848, ""coefficient_bound"": ""604462909807314587353088"", ""coupling_multiplicities"": {""3"": 32, ""-1"": 32, ""-2"": 27, ""1"": 32, ""-3"": 20, ""2"": 19}, ""symmetry"": ""not assumed"", ""degree_signature"": [2, 2, 3, 3, 3, 3, 3, 3, 3, 3, 3, 3, 3, 3, 3, 3, 3, 3, 3, 3, 3, 4, 4, 4, 4, 4, 4, 4, 4, 4, 4, 4, 4, 4, 4, 4, 4, 4, 4, 4, 4, 4, 4, 4, 4, 4, 4, 4, 5, 5, 5, 5, 5, 5, 5, 5, 5, 5, 5, 5, 5, 5, 5, 5, 5, 5, 5, 5, 5, 5, 5, 5, 5, 5, 5, 5, 5, 5, 5]}",13160432,"[67629, 67630, 67631, 67632, 67633, 67634, 67635, 67636, 67637, 67638, 67639, 67640, 67641, 67642]","[96, 128, 96, 144, 96, 112, 112, 96, 128, 96, 96, 128, 96, 112]",WARM_NEW_PLAN,focused
05914b8c5a3e62a6e759f419,N096_gauge,338ff15f83755261f4490e225928ef304133431dfed00b73ae31b99eb5ef9239,deec604943b07b7f78f1402c406cad1aeb52ab69076fc32ebc27835c6d89ed1f,N96_INDUCED_TRANSITION_LADDER_V1 -> explicit gauge,f2f991d74dfbb2edf7f4475dcb7d82989de00a71e44bb11d4a6fbb49442577b6,"[0, 1, 2, 3]",b3eecf675ed6f71c8b22632107417a2ec4fdea8a21e11eb906d330f7d2d42679,6a460203d9ebcb8efc55055e8665a7f8c3917da0c528aab4e836fa2c9285be72,expanded_portfolio,COOP14_MIG_BRANCH_GROUP,1d2a6f95014703ca171206e42701c52355b89dab08ba0a9b72b3d193a3b620d4,WARM_SAME_SOURCE,FRESH_EXACT_SOLVE_WITH_INTERNAL_CHECKS_EXCLUDES_EXTERNAL_VERIFICATION,16,1024,4,16,21,203956800,2097152,d5207e6b84fbabee961e83f3860a3bacaca585acd736c092903cacdfff692450,NUMPY_BATCHED_INVERSE_NTT_INTEGER_CRT,1,COMPLETE,OBSERVED_PATTERN,True,,,,,,1810094080,6.628998707048595,0.21080702194012702,0.995124633,2.772082152,0.014345531002618372,0.03177884599738163,0.009453359059989452,3.813689615,,0.0,5155c0e0b4f1ccee60d539af977df1c7d5d4daec574726ebf7538e779305b78e,"{""N"": 96, ""source_family"": ""POD14_GAUGE_VARIANT"", ""graph_hash"": ""deec604943b07b7f78f1402c406cad1aeb52ab69076fc32ebc27835c6d89ed1f"", ""source_hash"": ""338ff15f83755261f4490e225928ef304133431dfed00b73ae31b99eb5ef9239"", ""edges"": 240, ""degree_min"": 5, ""degree_max"": 5, ""degree_mean"": 5, ""degree_std"": 0.0, ""components"": 1, ""component_sizes"": [96], ""max_component"": 96, ""local_assignments"": 79228162514264337593543950336, ""minfill_width"": 32, ""minfill_work"": 16698150047, ""minfill_order"": [15, 34, 50, 77, 82, 94, 3, 11, 20, 16, 24, 32, 63, 39, 44, 17, 18, 52, 27, 66, 78, 85, 88, 1, 4, 8, 33, 68, 48, 25, 69, 61, 19, 65, 22, 49, 56, 90, 38, 92, 73, 91, 55, 62, 7, 70, 64, 45, 29, 95, 26, 79, 57, 86, 5, 0, 2, 35, 71, 36, 47, 60, 93, 6, 9, 10, 12, 13, 14, 21, 23, 28, 30, 31, 37, 40, 41, 42, 43, 46, 51, 53, 54, 58, 59, 67, 72, 74, 75, 76, 80, 81, 83, 84, 87, 89], ""energy_bound"": 590, ""root_bound"": 1024, ""crt_primes"": 4, ""arithmetic_burden"": 68395622592512, ""coefficient_bound"": ""79228162514264337593543950336"", ""coupling_multiplicities"": {""3"": 38, ""1"": 46, ""2"": 37, ""-2"": 37, ""-3"": 39, ""-1"": 43}, ""symmetry"": ""not assumed"", ""degree_signature"": [5, 5, 5, 5, 5, 5, 5, 5, 5, 5, 5, 5, 5, 5, 5, 5, 5, 5, 5, 5, 5, 5, 5, 5, 5, 5, 5, 5, 5, 5, 5, 5, 5, 5, 5, 5, 5, 5, 5, 5, 5, 5, 5, 5, 5, 5, 5, 5, 5, 5, 5, 5, 5, 5, 5, 5, 5, 5, 5, 5, 5, 5, 5, 5, 5, 5, 5, 5, 5, 5, 5, 5, 5, 5, 5, 5, 5, 5, 5, 5, 5, 5, 5, 5, 5, 5, 5, 5, 5, 5, 5, 5, 5, 5, 5, 5]}",128034992,"[67629, 67630, 67631, 67632, 67633, 67634, 67635, 67636, 67637, 67638, 67639, 67640, 67641, 67642]","[304, 288, 288, 304, 288, 288, 304, 304, 288, 288, 288, 288, 288, 288]",WARM_SAME_SOURCE,focused
05914b8c5a3e62a6e759f419,N096_gauge,338ff15f83755261f4490e225928ef304133431dfed00b73ae31b99eb5ef9239,deec604943b07b7f78f1402c406cad1aeb52ab69076fc32ebc27835c6d89ed1f,N96_INDUCED_TRANSITION_LADDER_V1 -> explicit gauge,f2f991d74dfbb2edf7f4475dcb7d82989de00a71e44bb11d4a6fbb49442577b6,"[0, 1, 2, 3]",b3eecf675ed6f71c8b22632107417a2ec4fdea8a21e11eb906d330f7d2d42679,6a460203d9ebcb8efc55055e8665a7f8c3917da0c528aab4e836fa2c9285be72,expanded_portfolio,COOP14_MIG_BRANCH_GROUP,1d2a6f95014703ca171206e42701c52355b89dab08ba0a9b72b3d193a3b620d4,WARM_SAME_SOURCE,FRESH_EXACT_SOLVE_WITH_INTERNAL_CHECKS_EXCLUDES_EXTERNAL_VERIFICATION,16,1024,4,16,21,203956800,2097152,d5207e6b84fbabee961e83f3860a3bacaca585acd736c092903cacdfff692450,NUMPY_BATCHED_INVERSE_NTT_INTEGER_CRT,2,COMPLETE,OBSERVED_PATTERN,True,,,,,,1810094080,6.628998707048595,0.21080702194012702,0.611284647,2.7749535,0.012823249096982181,0.03495269790301782,0.015836954000405967,3.434322699,,0.0,5155c0e0b4f1ccee60d539af977df1c7d5d4daec574726ebf7538e779305b78e,"{""N"": 96, ""source_family"": ""POD14_GAUGE_VARIANT"", ""graph_hash"": ""deec604943b07b7f78f1402c406cad1aeb52ab69076fc32ebc27835c6d89ed1f"", ""source_hash"": ""338ff15f83755261f4490e225928ef304133431dfed00b73ae31b99eb5ef9239"", ""edges"": 240, ""degree_min"": 5, ""degree_max"": 5, ""degree_mean"": 5, ""degree_std"": 0.0, ""components"": 1, ""component_sizes"": [96], ""max_component"": 96, ""local_assignments"": 79228162514264337593543950336, ""minfill_width"": 32, ""minfill_work"": 16698150047, ""minfill_order"": [15, 34, 50, 77, 82, 94, 3, 11, 20, 16, 24, 32, 63, 39, 44, 17, 18, 52, 27, 66, 78, 85, 88, 1, 4, 8, 33, 68, 48, 25, 69, 61, 19, 65, 22, 49, 56, 90, 38, 92, 73, 91, 55, 62, 7, 70, 64, 45, 29, 95, 26, 79, 57, 86, 5, 0, 2, 35, 71, 36, 47, 60, 93, 6, 9, 10, 12, 13, 14, 21, 23, 28, 30, 31, 37, 40, 41, 42, 43, 46, 51, 53, 54, 58, 59, 67, 72, 74, 75, 76, 80, 81, 83, 84, 87, 89], ""energy_bound"": 590, ""root_bound"": 1024, ""crt_primes"": 4, ""arithmetic_burden"": 68395622592512, ""coefficient_bound"": ""79228162514264337593543950336"", ""coupling_multiplicities"": {""3"": 38, ""1"": 46, ""2"": 37, ""-2"": 37, ""-3"": 39, ""-1"": 43}, ""symmetry"": ""not assumed"", ""degree_signature"": [5, 5, 5, 5, 5, 5, 5, 5, 5, 5, 5, 5, 5, 5, 5, 5, 5, 5, 5, 5, 5, 5, 5, 5, 5, 5, 5, 5, 5, 5, 5, 5, 5, 5, 5, 5, 5, 5, 5, 5, 5, 5, 5, 5, 5, 5, 5, 5, 5, 5, 5, 5, 5, 5, 5, 5, 5, 5, 5, 5, 5, 5, 5, 5, 5, 5, 5, 5, 5, 5, 5, 5, 5, 5, 5, 5, 5, 5, 5, 5, 5, 5, 5, 5, 5, 5, 5, 5, 5, 5, 5, 5, 5, 5, 5, 5]}",128034992,"[67629, 67630, 67631, 67632, 67633, 67634, 67635, 67636, 67637, 67638, 67639, 67640, 67641, 67642]","[288, 304, 304, 304, 288, 288, 288, 304, 288, 288, 288, 288, 288, 288]",WARM_SAME_SOURCE,focused
05914b8c5a3e62a6e759f419,N096_gauge,338ff15f83755261f4490e225928ef304133431dfed00b73ae31b99eb5ef9239,deec604943b07b7f78f1402c406cad1aeb52ab69076fc32ebc27835c6d89ed1f,N96_INDUCED_TRANSITION_LADDER_V1 -> explicit gauge,f2f991d74dfbb2edf7f4475dcb7d82989de00a71e44bb11d4a6fbb49442577b6,"[0, 1, 2, 3]",b3eecf675ed6f71c8b22632107417a2ec4fdea8a21e11eb906d330f7d2d42679,6a460203d9ebcb8efc55055e8665a7f8c3917da0c528aab4e836fa2c9285be72,expanded_portfolio,COOP14_MIG_BRANCH_GROUP,1d2a6f95014703ca171206e42701c52355b89dab08ba0a9b72b3d193a3b620d4,WARM_SAME_SOURCE,FRESH_EXACT_SOLVE_WITH_INTERNAL_CHECKS_EXCLUDES_EXTERNAL_VERIFICATION,16,1024,4,16,21,203956800,2097152,d5207e6b84fbabee961e83f3860a3bacaca585acd736c092903cacdfff692450,NUMPY_BATCHED_INVERSE_NTT_INTEGER_CRT,3,COMPLETE,OBSERVED_PATTERN,True,,,,,,1810094080,6.628998707048595,0.21080702194012702,0.590466843,2.78330259,0.012714551179669797,0.0347440208203302,0.009397979942150414,3.42151806,,0.0,5155c0e0b4f1ccee60d539af977df1c7d5d4daec574726ebf7538e779305b78e,"{""N"": 96, ""source_family"": ""POD14_GAUGE_VARIANT"", ""graph_hash"": ""deec604943b07b7f78f1402c406cad1aeb52ab69076fc32ebc27835c6d89ed1f"", ""source_hash"": ""338ff15f83755261f4490e225928ef304133431dfed00b73ae31b99eb5ef9239"", ""edges"": 240, ""degree_min"": 5, ""degree_max"": 5, ""degree_mean"": 5, ""degree_std"": 0.0, ""components"": 1, ""component_sizes"": [96], ""max_component"": 96, ""local_assignments"": 79228162514264337593543950336, ""minfill_width"": 32, ""minfill_work"": 16698150047, ""minfill_order"": [15, 34, 50, 77, 82, 94, 3, 11, 20, 16, 24, 32, 63, 39, 44, 17, 18, 52, 27, 66, 78, 85, 88, 1, 4, 8, 33, 68, 48, 25, 69, 61, 19, 65, 22, 49, 56, 90, 38, 92, 73, 91, 55, 62, 7, 70, 64, 45, 29, 95, 26, 79, 57, 86, 5, 0, 2, 35, 71, 36, 47, 60, 93, 6, 9, 10, 12, 13, 14, 21, 23, 28, 30, 31, 37, 40, 41, 42, 43, 46, 51, 53, 54, 58, 59, 67, 72, 74, 75, 76, 80, 81, 83, 84, 87, 89], ""energy_bound"": 590, ""root_bound"": 1024, ""crt_primes"": 4, ""arithmetic_burden"": 68395622592512, ""coefficient_bound"": ""79228162514264337593543950336"", ""coupling_multiplicities"": {""3"": 38, ""1"": 46, ""2"": 37, ""-2"": 37, ""-3"": 39, ""-1"": 43}, ""symmetry"": ""not assumed"", ""degree_signature"": [5, 5, 5, 5, 5, 5, 5, 5, 5, 5, 5, 5, 5, 5, 5, 5, 5, 5, 5, 5, 5, 5, 5, 5, 5, 5, 5, 5, 5, 5, 5, 5, 5, 5, 5, 5, 5, 5, 5, 5, 5, 5, 5, 5, 5, 5, 5, 5, 5, 5, 5, 5, 5, 5, 5, 5, 5, 5, 5, 5, 5, 5, 5, 5, 5, 5, 5, 5, 5, 5, 5, 5, 5, 5, 5, 5, 5, 5, 5, 5, 5, 5, 5, 5, 5, 5, 5, 5, 5, 5, 5, 5, 5, 5, 5, 5]}",128034992,"[67629, 67630, 67631, 67632, 67633, 67634, 67635, 67636, 67637, 67638, 67639, 67640, 67641, 67642]","[288, 304, 288, 304, 304, 288, 288, 304, 288, 288, 288, 288, 288, 288]",WARM_SAME_SOURCE,focused
8821bdf31236f75d70664164,N071,e895ceecc43687f44b35ba15cbd8d93fe40adaab3c4e2c54f3d1a9d421ebd652,a249cbc29e1a716dc8cb764cbb9efdd6f5cbb8170a7cc0e4bd71c59e1eaa9edd,N96_INDUCED_TRANSITION_LADDER_V1,f2f991d74dfbb2edf7f4475dcb7d82989de00a71e44bb11d4a6fbb49442577b6,"[0, 1, 2, 3]",f992da601067a95966a2c0862dad5f592fce0c5806067ab95a4448274fab801e,572404ac9e01473a171be38e8e221592cda2629c5719bd6600d73af4fc3e4504,tie_portfolio,COOP14_MIG_BRANCH_GROUP,1d2a6f95014703ca171206e42701c52355b89dab08ba0a9b72b3d193a3b620d4,WARM_SAME_SOURCE,FRESH_EXACT_SOLVE_WITH_INTERNAL_CHECKS_EXCLUDES_EXTERNAL_VERIFICATION,16,512,3,1,11,24782,2048,d5207e6b84fbabee961e83f3860a3bacaca585acd736c092903cacdfff692450,NUMPY_BATCHED_INVERSE_NTT_INTEGER_CRT,1,COMPLETE,OBSERVED_PATTERN,True,,,,,,178223104,0.0003514940617606044,0.024901871103793383,0.05699437,0.020702296,0.0032917598728090525,0.03102251012719095,0.005345933022908866,0.112095914,,0.0,a18298c2d68e6c862ead3b833534a8669f67618e68a3d219077c1682d2351ff0,"{""N"": 71, ""source_family"": ""N96_INDUCED_TRANSITION_LADDER_V1"", ""graph_hash"": ""a249cbc29e1a716dc8cb764cbb9efdd6f5cbb8170a7cc0e4bd71c59e1eaa9edd"", ""source_hash"": ""e895ceecc43687f44b35ba15cbd8d93fe40adaab3c4e2c54f3d1a9d421ebd652"", ""edges"": 128, ""degree_min"": 1, ""degree_max"": 5, ""degree_mean"": 3.6056338028169015, ""degree_std"": 0.9711162916021521, ""components"": 1, ""component_sizes"": [71], ""max_component"": 71, ""local_assignments"": 2361183241434822606848, ""minfill_width"": 13, ""minfill_work"": 35145, ""minfill_order"": [25, 1, 11, 62, 31, 48, 60, 15, 20, 29, 0, 3, 6, 22, 23, 27, 32, 34, 39, 52, 41, 42, 43, 64, 59, 63, 66, 68, 8, 50, 33, 37, 38, 69, 7, 17, 45, 9, 55, 58, 51, 61, 67, 70, 46, 65, 10, 5, 26, 19, 30, 4, 12, 56, 2, 16, 28, 13, 14, 18, 21, 24, 35, 36, 40, 44, 47, 49, 53, 54, 57], ""energy_bound"": 340, ""root_bound"": 512, ""crt_primes"": 3, ""arithmetic_burden"": 53982720, ""coefficient_bound"": ""2361183241434822606848"", ""coupling_multiplicities"": {""3"": 30, ""-1"": 22, ""-2"": 23, ""1"": 23, ""-3"": 14, ""2"": 16}, ""symmetry"": ""not assumed"", ""degree_signature"": [1, 2, 2, 2, 2, 2, 2, 3, 3, 3, 3, 3, 3, 3, 3, 3, 3, 3, 3, 3, 3, 3, 3, 3, 3, 3, 3, 3, 3, 3, 3, 3, 3, 3, 3, 3, 4, 4, 4, 4, 4, 4, 4, 4, 4, 4, 4, 4, 4, 4, 4, 4, 4, 4, 4, 5, 5, 5, 5, 5, 5, 5, 5, 5, 5, 5, 5, 5, 5, 5, 5]}",245536,"[67629, 67630, 67631, 67632, 67633, 67634, 67635, 67636, 67637, 67638, 67639, 67640, 67641, 67642]","[112, 112, 112, 96, 112, 96, 80, 144, 160, 64, 80, 80, 128, 160]",WARM_SAME_SOURCE,focused
8821bdf31236f75d70664164,N071,e895ceecc43687f44b35ba15cbd8d93fe40adaab3c4e2c54f3d1a9d421ebd652,a249cbc29e1a716dc8cb764cbb9efdd6f5cbb8170a7cc0e4bd71c59e1eaa9edd,N96_INDUCED_TRANSITION_LADDER_V1,f2f991d74dfbb2edf7f4475dcb7d82989de00a71e44bb11d4a6fbb49442577b6,"[0, 1, 2, 3]",f992da601067a95966a2c0862dad5f592fce0c5806067ab95a4448274fab801e,572404ac9e01473a171be38e8e221592cda2629c5719bd6600d73af4fc3e4504,tie_portfolio,COOP14_MIG_BRANCH_GROUP,1d2a6f95014703ca171206e42701c52355b89dab08ba0a9b72b3d193a3b620d4,WARM_SAME_SOURCE,FRESH_EXACT_SOLVE_WITH_INTERNAL_CHECKS_EXCLUDES_EXTERNAL_VERIFICATION,16,512,3,1,11,24782,2048,d5207e6b84fbabee961e83f3860a3bacaca585acd736c092903cacdfff692450,NUMPY_BATCHED_INVERSE_NTT_INTEGER_CRT,2,COMPLETE,OBSERVED_PATTERN,True,,,,,,178223104,0.0003514940617606044,0.024901871103793383,0.047498102,0.019189523,0.003238791017793119,0.01348310698220688,0.005591828958131373,0.083510631,,0.0,a18298c2d68e6c862ead3b833534a8669f67618e68a3d219077c1682d2351ff0,"{""N"": 71, ""source_family"": ""N96_INDUCED_TRANSITION_LADDER_V1"", ""graph_hash"": ""a249cbc29e1a716dc8cb764cbb9efdd6f5cbb8170a7cc0e4bd71c59e1eaa9edd"", ""source_hash"": ""e895ceecc43687f44b35ba15cbd8d93fe40adaab3c4e2c54f3d1a9d421ebd652"", ""edges"": 128, ""degree_min"": 1, ""degree_max"": 5, ""degree_mean"": 3.6056338028169015, ""degree_std"": 0.9711162916021521, ""components"": 1, ""component_sizes"": [71], ""max_component"": 71, ""local_assignments"": 2361183241434822606848, ""minfill_width"": 13, ""minfill_work"": 35145, ""minfill_order"": [25, 1, 11, 62, 31, 48, 60, 15, 20, 29, 0, 3, 6, 22, 23, 27, 32, 34, 39, 52, 41, 42, 43, 64, 59, 63, 66, 68, 8, 50, 33, 37, 38, 69, 7, 17, 45, 9, 55, 58, 51, 61, 67, 70, 46, 65, 10, 5, 26, 19, 30, 4, 12, 56, 2, 16, 28, 13, 14, 18, 21, 24, 35, 36, 40, 44, 47, 49, 53, 54, 57], ""energy_bound"": 340, ""root_bound"": 512, ""crt_primes"": 3, ""arithmetic_burden"": 53982720, ""coefficient_bound"": ""2361183241434822606848"", ""coupling_multiplicities"": {""3"": 30, ""-1"": 22, ""-2"": 23, ""1"": 23, ""-3"": 14, ""2"": 16}, ""symmetry"": ""not assumed"", ""degree_signature"": [1, 2, 2, 2, 2, 2, 2, 3, 3, 3, 3, 3, 3, 3, 3, 3, 3, 3, 3, 3, 3, 3, 3, 3, 3, 3, 3, 3, 3, 3, 3, 3, 3, 3, 3, 3, 4, 4, 4, 4, 4, 4, 4, 4, 4, 4, 4, 4, 4, 4, 4, 4, 4, 4, 4, 5, 5, 5, 5, 5, 5, 5, 5, 5, 5, 5, 5, 5, 5, 5, 5]}",245536,"[67629, 67630, 67631, 67632, 67633, 67634, 67635, 67636, 67637, 67638, 67639, 67640, 67641, 67642]","[96, 176, 96, 144, 80, 96, 96, 96, 112, 160, 96, 112, 112, 64]",WARM_SAME_SOURCE,focused
8821bdf31236f75d70664164,N071,e895ceecc43687f44b35ba15cbd8d93fe40adaab3c4e2c54f3d1a9d421ebd652,a249cbc29e1a716dc8cb764cbb9efdd6f5cbb8170a7cc0e4bd71c59e1eaa9edd,N96_INDUCED_TRANSITION_LADDER_V1,f2f991d74dfbb2edf7f4475dcb7d82989de00a71e44bb11d4a6fbb49442577b6,"[0, 1, 2, 3]",f992da601067a95966a2c0862dad5f592fce0c5806067ab95a4448274fab801e,572404ac9e01473a171be38e8e221592cda2629c5719bd6600d73af4fc3e4504,tie_portfolio,COOP14_MIG_BRANCH_GROUP,1d2a6f95014703ca171206e42701c52355b89dab08ba0a9b72b3d193a3b620d4,WARM_SAME_SOURCE,FRESH_EXACT_SOLVE_WITH_INTERNAL_CHECKS_EXCLUDES_EXTERNAL_VERIFICATION,16,512,3,1,11,24782,2048,d5207e6b84fbabee961e83f3860a3bacaca585acd736c092903cacdfff692450,NUMPY_BATCHED_INVERSE_NTT_INTEGER_CRT,3,COMPLETE,OBSERVED_PATTERN,True,,,,,,178223104,0.0003514940617606044,0.024901871103793383,0.141044502,0.026928073,0.004645377979613841,0.01884075802038616,0.00620818801689893,0.191625658,,0.0,a18298c2d68e6c862ead3b833534a8669f67618e68a3d219077c1682d2351ff0,"{""N"": 71, ""source_family"": ""N96_INDUCED_TRANSITION_LADDER_V1"", ""graph_hash"": ""a249cbc29e1a716dc8cb764cbb9efdd6f5cbb8170a7cc0e4bd71c59e1eaa9edd"", ""source_hash"": ""e895ceecc43687f44b35ba15cbd8d93fe40adaab3c4e2c54f3d1a9d421ebd652"", ""edges"": 128, ""degree_min"": 1, ""degree_max"": 5, ""degree_mean"": 3.6056338028169015, ""degree_std"": 0.9711162916021521, ""components"": 1, ""component_sizes"": [71], ""max_component"": 71, ""local_assignments"": 2361183241434822606848, ""minfill_width"": 13, ""minfill_work"": 35145, ""minfill_order"": [25, 1, 11, 62, 31, 48, 60, 15, 20, 29, 0, 3, 6, 22, 23, 27, 32, 34, 39, 52, 41, 42, 43, 64, 59, 63, 66, 68, 8, 50, 33, 37, 38, 69, 7, 17, 45, 9, 55, 58, 51, 61, 67, 70, 46, 65, 10, 5, 26, 19, 30, 4, 12, 56, 2, 16, 28, 13, 14, 18, 21, 24, 35, 36, 40, 44, 47, 49, 53, 54, 57], ""energy_bound"": 340, ""root_bound"": 512, ""crt_primes"": 3, ""arithmetic_burden"": 53982720, ""coefficient_bound"": ""2361183241434822606848"", ""coupling_multiplicities"": {""3"": 30, ""-1"": 22, ""-2"": 23, ""1"": 23, ""-3"": 14, ""2"": 16}, ""symmetry"": ""not assumed"", ""degree_signature"": [1, 2, 2, 2, 2, 2, 2, 3, 3, 3, 3, 3, 3, 3, 3, 3, 3, 3, 3, 3, 3, 3, 3, 3, 3, 3, 3, 3, 3, 3, 3, 3, 3, 3, 3, 3, 4, 4, 4, 4, 4, 4, 4, 4, 4, 4, 4, 4, 4, 4, 4, 4, 4, 4, 4, 5, 5, 5, 5, 5, 5, 5, 5, 5, 5, 5, 5, 5, 5, 5, 5]}",245536,"[67629, 67630, 67631, 67632, 67633, 67634, 67635, 67636, 67637, 67638, 67639, 67640, 67641, 67642]","[80, 80, 112, 112, 96, 112, 112, 128, 160, 112, 112, 112, 96, 112]",WARM_SAME_SOURCE,focused
87b920825fc05e4780c4f4d9,N091,6b32983f6672646de1094be660ee991c3c806425cdfd395dc6af584d4fb1660c,8f7b2c6838b37185033f9102570def60b6dc107acc71d069de2f14535fcbcf81,N96_INDUCED_TRANSITION_LADDER_V1,f2f991d74dfbb2edf7f4475dcb7d82989de00a71e44bb11d4a6fbb49442577b6,"[0, 1, 2, 3]",11179490700b0e038f04838f1c072e7c6afc38580e5a2b2fe64ef9fffca9521a,dfc8f83d71e119eeaa02197bd25316180d81a8cc8678367ef62f14bbe94a4468,transition_priority,COOP14_MIG_BRANCH_GROUP,1d2a6f95014703ca171206e42701c52355b89dab08ba0a9b72b3d193a3b620d4,WARM_SAME_SOURCE,FRESH_EXACT_SOLVE_WITH_INTERNAL_CHECKS_EXCLUDES_EXTERNAL_VERIFICATION,16,1024,4,32,18,63801600,262144,d5207e6b84fbabee961e83f3860a3bacaca585acd736c092903cacdfff692450,NUMPY_BATCHED_INVERSE_NTT_INTEGER_CRT,1,COMPLETE,OBSERVED_PATTERN,True,,,,,,446879232,0.00015545799396932125,0.03894265601411462,0.720540254,1.074728065,0.012850787956267595,0.035162674043732405,0.010969751980155706,1.843545137,,0.0,b2e1cea9a7259e5a63b778daffb64cea7d784f47f70c1a52658b80c8bf4e0993,"{""N"": 91, ""source_family"": ""N96_INDUCED_TRANSITION_LADDER_V1"", ""graph_hash"": ""8f7b2c6838b37185033f9102570def60b6dc107acc71d069de2f14535fcbcf81"", ""source_hash"": ""6b32983f6672646de1094be660ee991c3c806425cdfd395dc6af584d4fb1660c"", ""edges"": 215, ""degree_min"": 2, ""degree_max"": 5, ""degree_mean"": 4.725274725274725, ""degree_std"": 0.5754297785312548, ""components"": 1, ""component_sizes"": [91], ""max_component"": 91, ""local_assignments"": 2475880078570760549798248448, ""minfill_width"": 27, ""minfill_work"": 672986075, ""minfill_order"": [60, 0, 20, 41, 16, 79, 12, 22, 25, 33, 48, 51, 59, 67, 81, 15, 50, 68, 77, 11, 14, 23, 28, 39, 13, 76, 6, 8, 21, 31, 38, 34, 2, 62, 70, 84, 4, 61, 52, 18, 47, 73, 90, 29, 63, 64, 9, 7, 24, 44, 83, 35, 27, 54, 82, 5, 26, 66, 32, 10, 43, 65, 86, 46, 58, 1, 3, 17, 19, 30, 36, 37, 40, 42, 45, 49, 53, 55, 56, 57, 69, 71, 72, 74, 75, 78, 80, 85, 87, 88, 89], ""energy_bound"": 537, ""root_bound"": 1024, ""crt_primes"": 4, ""arithmetic_burden"": 2756550963200, ""coefficient_bound"": ""2475880078570760549798248448"", ""coupling_multiplicities"": {""3"": 43, ""-1"": 40, ""-2"": 38, ""1"": 39, ""-3"": 28, ""2"": 27}, ""symmetry"": ""not assumed"", ""degree_signature"": [2, 3, 3, 3, 4, 4, 4, 4, 4, 4, 4, 4, 4, 4, 4, 4, 4, 4, 4, 4, 5, 5, 5, 5, 5, 5, 5, 5, 5, 5, 5, 5, 5, 5, 5, 5, 5, 5, 5, 5, 5, 5, 5, 5, 5, 5, 5, 5, 5, 5, 5, 5, 5, 5, 5, 5, 5, 5, 5, 5, 5, 5, 5, 5, 5, 5, 5, 5, 5, 5, 5, 5, 5, 5, 5, 5, 5, 5, 5, 5, 5, 5, 5, 5, 5, 5, 5, 5, 5, 5, 5]}",21432880,"[67629, 67630, 67631, 67632, 67633, 67634, 67635, 67636, 67637, 67638, 67639, 67640, 67641, 67642]","[288, 288, 288, 304, 304, 288, 288, 304, 288, 288, 304, 288, 288, 288]",WARM_SAME_SOURCE,focused
87b920825fc05e4780c4f4d9,N091,6b32983f6672646de1094be660ee991c3c806425cdfd395dc6af584d4fb1660c,8f7b2c6838b37185033f9102570def60b6dc107acc71d069de2f14535fcbcf81,N96_INDUCED_TRANSITION_LADDER_V1,f2f991d74dfbb2edf7f4475dcb7d82989de00a71e44bb11d4a6fbb49442577b6,"[0, 1, 2, 3]",11179490700b0e038f04838f1c072e7c6afc38580e5a2b2fe64ef9fffca9521a,dfc8f83d71e119eeaa02197bd25316180d81a8cc8678367ef62f14bbe94a4468,transition_priority,COOP14_MIG_BRANCH_GROUP,1d2a6f95014703ca171206e42701c52355b89dab08ba0a9b72b3d193a3b620d4,WARM_SAME_SOURCE,FRESH_EXACT_SOLVE_WITH_INTERNAL_CHECKS_EXCLUDES_EXTERNAL_VERIFICATION,16,1024,4,32,18,63801600,262144,d5207e6b84fbabee961e83f3860a3bacaca585acd736c092903cacdfff692450,NUMPY_BATCHED_INVERSE_NTT_INTEGER_CRT,2,COMPLETE,OBSERVED_PATTERN,True,,,,,,446879232,0.00015545799396932125,0.03894265601411462,0.738136025,1.073979109,0.01290657592471689,0.03293786607528311,0.008371808915399015,1.85823151,,0.0,b2e1cea9a7259e5a63b778daffb64cea7d784f47f70c1a52658b80c8bf4e0993,"{""N"": 91, ""source_family"": ""N96_INDUCED_TRANSITION_LADDER_V1"", ""graph_hash"": ""8f7b2c6838b37185033f9102570def60b6dc107acc71d069de2f14535fcbcf81"", ""source_hash"": ""6b32983f6672646de1094be660ee991c3c806425cdfd395dc6af584d4fb1660c"", ""edges"": 215, ""degree_min"": 2, ""degree_max"": 5, ""degree_mean"": 4.725274725274725, ""degree_std"": 0.5754297785312548, ""components"": 1, ""component_sizes"": [91], ""max_component"": 91, ""local_assignments"": 2475880078570760549798248448, ""minfill_width"": 27, ""minfill_work"": 672986075, ""minfill_order"": [60, 0, 20, 41, 16, 79, 12, 22, 25, 33, 48, 51, 59, 67, 81, 15, 50, 68, 77, 11, 14, 23, 28, 39, 13, 76, 6, 8, 21, 31, 38, 34, 2, 62, 70, 84, 4, 61, 52, 18, 47, 73, 90, 29, 63, 64, 9, 7, 24, 44, 83, 35, 27, 54, 82, 5, 26, 66, 32, 10, 43, 65, 86, 46, 58, 1, 3, 17, 19, 30, 36, 37, 40, 42, 45, 49, 53, 55, 56, 57, 69, 71, 72, 74, 75, 78, 80, 85, 87, 88, 89], ""energy_bound"": 537, ""root_bound"": 1024, ""crt_primes"": 4, ""arithmetic_burden"": 2756550963200, ""coefficient_bound"": ""2475880078570760549798248448"", ""coupling_multiplicities"": {""3"": 43, ""-1"": 40, ""-2"": 38, ""1"": 39, ""-3"": 28, ""2"": 27}, ""symmetry"": ""not assumed"", ""degree_signature"": [2, 3, 3, 3, 4, 4, 4, 4, 4, 4, 4, 4, 4, 4, 4, 4, 4, 4, 4, 4, 5, 5, 5, 5, 5, 5, 5, 5, 5, 5, 5, 5, 5, 5, 5, 5, 5, 5, 5, 5, 5, 5, 5, 5, 5, 5, 5, 5, 5, 5, 5, 5, 5, 5, 5, 5, 5, 5, 5, 5, 5, 5, 5, 5, 5, 5, 5, 5, 5, 5, 5, 5, 5, 5, 5, 5, 5, 5, 5, 5, 5, 5, 5, 5, 5, 5, 5, 5, 5, 5, 5]}",21432880,"[67629, 67630, 67631, 67632, 67633, 67634, 67635, 67636, 67637, 67638, 67639, 67640, 67641, 67642]","[304, 288, 288, 288, 304, 288, 288, 304, 288, 288, 304, 288, 288, 288]",WARM_SAME_SOURCE,focused
87b920825fc05e4780c4f4d9,N091,6b32983f6672646de1094be660ee991c3c806425cdfd395dc6af584d4fb1660c,8f7b2c6838b37185033f9102570def60b6dc107acc71d069de2f14535fcbcf81,N96_INDUCED_TRANSITION_LADDER_V1,f2f991d74dfbb2edf7f4475dcb7d82989de00a71e44bb11d4a6fbb49442577b6,"[0, 1, 2, 3]",11179490700b0e038f04838f1c072e7c6afc38580e5a2b2fe64ef9fffca9521a,dfc8f83d71e119eeaa02197bd25316180d81a8cc8678367ef62f14bbe94a4468,transition_priority,COOP14_MIG_BRANCH_GROUP,1d2a6f95014703ca171206e42701c52355b89dab08ba0a9b72b3d193a3b620d4,WARM_SAME_SOURCE,FRESH_EXACT_SOLVE_WITH_INTERNAL_CHECKS_EXCLUDES_EXTERNAL_VERIFICATION,16,1024,4,32,18,63801600,262144,d5207e6b84fbabee961e83f3860a3bacaca585acd736c092903cacdfff692450,NUMPY_BATCHED_INVERSE_NTT_INTEGER_CRT,3,COMPLETE,OBSERVED_PATTERN,True,,,,,,446879232,0.00015545799396932125,0.03894265601411462,0.716052725,1.07112077,0.0052257360657677054,0.017952065934232295,0.02449369803071022,1.810527673,,0.0,b2e1cea9a7259e5a63b778daffb64cea7d784f47f70c1a52658b80c8bf4e0993,"{""N"": 91, ""source_family"": ""N96_INDUCED_TRANSITION_LADDER_V1"", ""graph_hash"": ""8f7b2c6838b37185033f9102570def60b6dc107acc71d069de2f14535fcbcf81"", ""source_hash"": ""6b32983f6672646de1094be660ee991c3c806425cdfd395dc6af584d4fb1660c"", ""edges"": 215, ""degree_min"": 2, ""degree_max"": 5, ""degree_mean"": 4.725274725274725, ""degree_std"": 0.5754297785312548, ""components"": 1, ""component_sizes"": [91], ""max_component"": 91, ""local_assignments"": 2475880078570760549798248448, ""minfill_width"": 27, ""minfill_work"": 672986075, ""minfill_order"": [60, 0, 20, 41, 16, 79, 12, 22, 25, 33, 48, 51, 59, 67, 81, 15, 50, 68, 77, 11, 14, 23, 28, 39, 13, 76, 6, 8, 21, 31, 38, 34, 2, 62, 70, 84, 4, 61, 52, 18, 47, 73, 90, 29, 63, 64, 9, 7, 24, 44, 83, 35, 27, 54, 82, 5, 26, 66, 32, 10, 43, 65, 86, 46, 58, 1, 3, 17, 19, 30, 36, 37, 40, 42, 45, 49, 53, 55, 56, 57, 69, 71, 72, 74, 75, 78, 80, 85, 87, 88, 89], ""energy_bound"": 537, ""root_bound"": 1024, ""crt_primes"": 4, ""arithmetic_burden"": 2756550963200, ""coefficient_bound"": ""2475880078570760549798248448"", ""coupling_multiplicities"": {""3"": 43, ""-1"": 40, ""-2"": 38, ""1"": 39, ""-3"": 28, ""2"": 27}, ""symmetry"": ""not assumed"", ""degree_signature"": [2, 3, 3, 3, 4, 4, 4, 4, 4, 4, 4, 4, 4, 4, 4, 4, 4, 4, 4, 4, 5, 5, 5, 5, 5, 5, 5, 5, 5, 5, 5, 5, 5, 5, 5, 5, 5, 5, 5, 5, 5, 5, 5, 5, 5, 5, 5, 5, 5, 5, 5, 5, 5, 5, 5, 5, 5, 5, 5, 5, 5, 5, 5, 5, 5, 5, 5, 5, 5, 5, 5, 5, 5, 5, 5, 5, 5, 5, 5, 5, 5, 5, 5, 5, 5, 5, 5, 5, 5, 5, 5]}",21432880,"[67629, 67630, 67631, 67632, 67633, 67634, 67635, 67636, 67637, 67638, 67639, 67640, 67641, 67642]","[304, 288, 304, 288, 304, 288, 288, 288, 304, 288, 288, 288, 288, 288]",WARM_SAME_SOURCE,focused
78a767a310da8a584f3ffaff,N058,cca0fa5236bf34624fab111aa12727060e40bf24aefb9370370a75f45cdaf74c,d819b6df41d03c6e64b8099063eb5eddc81716b1f7fab58076c67a37b81526f6,N96_INDUCED_TRANSITION_LADDER_V1,f2f991d74dfbb2edf7f4475dcb7d82989de00a71e44bb11d4a6fbb49442577b6,"[0, 1, 2, 3]",c0f5c79fe09d035db4f83c1b7156d0de93a2921d4fc546820ceb31660c6235dd,,variable_elimination,LOCAL_FLINT_CPU,LOCAL_SINGLE_COORDINATOR_FLINT_CPU,WARM_NEW_SOURCE,FRESH_EXACT_SOLVE_WITH_INTERNAL_CHECKS_EXCLUDES_EXTERNAL_VERIFICATION,0,0,0,1,8,1971,256,d5207e6b84fbabee961e83f3860a3bacaca585acd736c092903cacdfff692450,FLINT_EXACT_POLYNOMIAL,0,COMPLETE,OBSERVED_PATTERN,True,17852,0,0,CPU exact route includes its native polynomial readout/count checks; independently timed external verification excluded; no subprocess startup,deterministic retained-port-aware elimination or explicit component enumeration,,0.007014582981355488,0.0,0.0,0.0,,0.0,0.0029561660485342145,0.05184551398269832,0.05184551398269832,0.0,adb86d6aea01bef0b73068faf6a17006f84c47f5ad87b4e5abcc4e7bbd77156d,"{""N"": 58, ""source_family"": ""N96_INDUCED_TRANSITION_LADDER_V1"", ""graph_hash"": ""d819b6df41d03c6e64b8099063eb5eddc81716b1f7fab58076c67a37b81526f6"", ""source_hash"": ""cca0fa5236bf34624fab111aa12727060e40bf24aefb9370370a75f45cdaf74c"", ""edges"": 85, ""degree_min"": 0, ""degree_max"": 5, ""degree_mean"": 2.9310344827586206, ""degree_std"": 0.9624334991001974, ""components"": 2, ""component_sizes"": [1, 57], ""max_component"": 57, ""local_assignments"": 144115188075855874, ""minfill_width"": 8, ""minfill_work"": 1878, ""minfill_order"": [25, 31, 32, 21, 1, 11, 12, 28, 29, 34, 37, 39, 42, 43, 48, 50, 52, 55, 13, 15, 20, 16, 36, 0, 6, 17, 18, 22, 27, 41, 46, 4, 8, 54, 19, 24, 49, 51, 7, 2, 35, 57, 5, 9, 26, 10, 40, 44, 14, 3, 23, 30, 33, 38, 45, 47, 53, 56], ""energy_bound"": 235, ""root_bound"": 256, ""crt_primes"": 2, ""arithmetic_burden"": 961536, ""coefficient_bound"": ""288230376151711744"", ""coupling_multiplicities"": {""3"": 21, ""-1"": 16, ""-2"": 15, ""1"": 16, ""-3"": 5, ""2"": 12}, ""symmetry"": ""not assumed"", ""degree_signature"": [0, 1, 1, 2, 2, 2, 2, 2, 2, 2, 2, 2, 2, 2, 2, 2, 2, 2, 3, 3, 3, 3, 3, 3, 3, 3, 3, 3, 3, 3, 3, 3, 3, 3, 3, 3, 3, 3, 3, 3, 3, 3, 4, 4, 4, 4, 4, 4, 4, 4, 4, 4, 4, 4, 4, 4, 5, 5]}",,,,,
78a767a310da8a584f3ffaff,N058,cca0fa5236bf34624fab111aa12727060e40bf24aefb9370370a75f45cdaf74c,d819b6df41d03c6e64b8099063eb5eddc81716b1f7fab58076c67a37b81526f6,N96_INDUCED_TRANSITION_LADDER_V1,f2f991d74dfbb2edf7f4475dcb7d82989de00a71e44bb11d4a6fbb49442577b6,"[0, 1, 2, 3]",c0f5c79fe09d035db4f83c1b7156d0de93a2921d4fc546820ceb31660c6235dd,,variable_elimination,LOCAL_FLINT_CPU,LOCAL_SINGLE_COORDINATOR_FLINT_CPU,WARM_SAME_SOURCE,FRESH_EXACT_SOLVE_WITH_INTERNAL_CHECKS_EXCLUDES_EXTERNAL_VERIFICATION,0,0,0,1,8,1971,256,d5207e6b84fbabee961e83f3860a3bacaca585acd736c092903cacdfff692450,FLINT_EXACT_POLYNOMIAL,1,COMPLETE,OBSERVED_PATTERN,True,17852,0,0,CPU exact route includes its native polynomial readout/count checks; independently timed external verification excluded; no subprocess startup,deterministic retained-port-aware elimination or explicit component enumeration,,0.007014582981355488,0.0,0.0,0.0,,0.0,0.002453026012517512,0.024546736967749894,0.024546736967749894,0.0,adb86d6aea01bef0b73068faf6a17006f84c47f5ad87b4e5abcc4e7bbd77156d,"{""N"": 58, ""source_family"": ""N96_INDUCED_TRANSITION_LADDER_V1"", ""graph_hash"": ""d819b6df41d03c6e64b8099063eb5eddc81716b1f7fab58076c67a37b81526f6"", ""source_hash"": ""cca0fa5236bf34624fab111aa12727060e40bf24aefb9370370a75f45cdaf74c"", ""edges"": 85, ""degree_min"": 0, ""degree_max"": 5, ""degree_mean"": 2.9310344827586206, ""degree_std"": 0.9624334991001974, ""components"": 2, ""component_sizes"": [1, 57], ""max_component"": 57, ""local_assignments"": 144115188075855874, ""minfill_width"": 8, ""minfill_work"": 1878, ""minfill_order"": [25, 31, 32, 21, 1, 11, 12, 28, 29, 34, 37, 39, 42, 43, 48, 50, 52, 55, 13, 15, 20, 16, 36, 0, 6, 17, 18, 22, 27, 41, 46, 4, 8, 54, 19, 24, 49, 51, 7, 2, 35, 57, 5, 9, 26, 10, 40, 44, 14, 3, 23, 30, 33, 38, 45, 47, 53, 56], ""energy_bound"": 235, ""root_bound"": 256, ""crt_primes"": 2, ""arithmetic_burden"": 961536, ""coefficient_bound"": ""288230376151711744"", ""coupling_multiplicities"": {""3"": 21, ""-1"": 16, ""-2"": 15, ""1"": 16, ""-3"": 5, ""2"": 12}, ""symmetry"": ""not assumed"", ""degree_signature"": [0, 1, 1, 2, 2, 2, 2, 2, 2, 2, 2, 2, 2, 2, 2, 2, 2, 2, 3, 3, 3, 3, 3, 3, 3, 3, 3, 3, 3, 3, 3, 3, 3, 3, 3, 3, 3, 3, 3, 3, 3, 3, 4, 4, 4, 4, 4, 4, 4, 4, 4, 4, 4, 4, 4, 4, 5, 5]}",,,,,
78a767a310da8a584f3ffaff,N058,cca0fa5236bf34624fab111aa12727060e40bf24aefb9370370a75f45cdaf74c,d819b6df41d03c6e64b8099063eb5eddc81716b1f7fab58076c67a37b81526f6,N96_INDUCED_TRANSITION_LADDER_V1,f2f991d74dfbb2edf7f4475dcb7d82989de00a71e44bb11d4a6fbb49442577b6,"[0, 1, 2, 3]",c0f5c79fe09d035db4f83c1b7156d0de93a2921d4fc546820ceb31660c6235dd,,variable_elimination,LOCAL_FLINT_CPU,LOCAL_SINGLE_COORDINATOR_FLINT_CPU,WARM_SAME_SOURCE,FRESH_EXACT_SOLVE_WITH_INTERNAL_CHECKS_EXCLUDES_EXTERNAL_VERIFICATION,0,0,0,1,8,1971,256,d5207e6b84fbabee961e83f3860a3bacaca585acd736c092903cacdfff692450,FLINT_EXACT_POLYNOMIAL,2,COMPLETE,OBSERVED_PATTERN,True,17852,0,0,CPU exact route includes its native polynomial readout/count checks; independently timed external verification excluded; no subprocess startup,deterministic retained-port-aware elimination or explicit component enumeration,,0.007014582981355488,0.0,0.0,0.0,,0.0,0.0019816539715975523,0.024231372983194888,0.024231372983194888,0.0,adb86d6aea01bef0b73068faf6a17006f84c47f5ad87b4e5abcc4e7bbd77156d,"{""N"": 58, ""source_family"": ""N96_INDUCED_TRANSITION_LADDER_V1"", ""graph_hash"": ""d819b6df41d03c6e64b8099063eb5eddc81716b1f7fab58076c67a37b81526f6"", ""source_hash"": ""cca0fa5236bf34624fab111aa12727060e40bf24aefb9370370a75f45cdaf74c"", ""edges"": 85, ""degree_min"": 0, ""degree_max"": 5, ""degree_mean"": 2.9310344827586206, ""degree_std"": 0.9624334991001974, ""components"": 2, ""component_sizes"": [1, 57], ""max_component"": 57, ""local_assignments"": 144115188075855874, ""minfill_width"": 8, ""minfill_work"": 1878, ""minfill_order"": [25, 31, 32, 21, 1, 11, 12, 28, 29, 34, 37, 39, 42, 43, 48, 50, 52, 55, 13, 15, 20, 16, 36, 0, 6, 17, 18, 22, 27, 41, 46, 4, 8, 54, 19, 24, 49, 51, 7, 2, 35, 57, 5, 9, 26, 10, 40, 44, 14, 3, 23, 30, 33, 38, 45, 47, 53, 56], ""energy_bound"": 235, ""root_bound"": 256, ""crt_primes"": 2, ""arithmetic_burden"": 961536, ""coefficient_bound"": ""288230376151711744"", ""coupling_multiplicities"": {""3"": 21, ""-1"": 16, ""-2"": 15, ""1"": 16, ""-3"": 5, ""2"": 12}, ""symmetry"": ""not assumed"", ""degree_signature"": [0, 1, 1, 2, 2, 2, 2, 2, 2, 2, 2, 2, 2, 2, 2, 2, 2, 2, 3, 3, 3, 3, 3, 3, 3, 3, 3, 3, 3, 3, 3, 3, 3, 3, 3, 3, 3, 3, 3, 3, 3, 3, 4, 4, 4, 4, 4, 4, 4, 4, 4, 4, 4, 4, 4, 4, 5, 5]}",,,,,
491fda4a8d7e0749ba4452c8,N073,02922ed789f3cf7343cc634dd12ca12989dc36bffae5cc0fd62d872fae23be5a,aed7d0658e1b802fab81f273c2767e0da29b8a233368b3a3aa399d6f364db3aa,N96_INDUCED_TRANSITION_LADDER_V1,f2f991d74dfbb2edf7f4475dcb7d82989de00a71e44bb11d4a6fbb49442577b6,"[0, 1, 2, 3]",7bc045af1830d83ccd63e2a95e6f7cea6b9bf86eec82977b41a9272f459a59db,a6281945e8be8be8720bd9ef749fbe210846ea020ae2c22e3ef14cfb8c59cfbb,tie_portfolio,COOP14_MIG_BRANCH_GROUP,1d2a6f95014703ca171206e42701c52355b89dab08ba0a9b72b3d193a3b620d4,WARM_SAME_SOURCE,FRESH_EXACT_SOLVE_WITH_INTERNAL_CHECKS_EXCLUDES_EXTERNAL_VERIFICATION,16,512,3,1,13,58454,8192,d5207e6b84fbabee961e83f3860a3bacaca585acd736c092903cacdfff692450,NUMPY_BATCHED_INVERSE_NTT_INTEGER_CRT,1,COMPLETE,OBSERVED_PATTERN,True,,,,,,193079296,0.0001383370254188776,0.007704240968450904,0.058212589,0.023885118,0.0047332351095974445,0.013848658890402557,0.0058830640045925975,0.100814109,,0.0,ecf235ee257d026c647e4353a75eba367d0dab58ce80088896b08a6e59da881e,"{""N"": 73, ""source_family"": ""N96_INDUCED_TRANSITION_LADDER_V1"", ""graph_hash"": ""aed7d0658e1b802fab81f273c2767e0da29b8a233368b3a3aa399d6f364db3aa"", ""source_hash"": ""02922ed789f3cf7343cc634dd12ca12989dc36bffae5cc0fd62d872fae23be5a"", ""edges"": 137, ""degree_min"": 1, ""degree_max"": 5, ""degree_mean"": 3.7534246575342465, ""degree_std"": 0.9331170611466522, ""components"": 1, ""component_sizes"": [73], ""max_component"": 73, ""local_assignments"": 9444732965739290427392, ""minfill_width"": 14, ""minfill_work"": 71541, ""minfill_order"": [25, 11, 62, 60, 15, 20, 29, 0, 3, 6, 24, 27, 31, 32, 34, 37, 38, 39, 52, 41, 42, 43, 64, 55, 59, 68, 8, 50, 28, 33, 47, 69, 7, 45, 48, 67, 12, 19, 70, 1, 51, 58, 61, 4, 46, 23, 63, 16, 65, 9, 10, 5, 26, 2, 14, 30, 54, 44, 13, 17, 18, 21, 22, 35, 36, 40, 49, 53, 56, 57, 66, 71, 72], ""energy_bound"": 358, ""root_bound"": 512, ""crt_primes"": 3, ""arithmetic_burden"": 109886976, ""coefficient_bound"": ""9444732965739290427392"", ""coupling_multiplicities"": {""3"": 30, ""-1"": 25, ""-2"": 23, ""1"": 26, ""-3"": 16, ""2"": 17}, ""symmetry"": ""not assumed"", ""degree_signature"": [1, 2, 2, 2, 3, 3, 3, 3, 3, 3, 3, 3, 3, 3, 3, 3, 3, 3, 3, 3, 3, 3, 3, 3, 3, 3, 3, 3, 3, 3, 3, 3, 4, 4, 4, 4, 4, 4, 4, 4, 4, 4, 4, 4, 4, 4, 4, 4, 4, 4, 4, 4, 4, 4, 5, 5, 5, 5, 5, 5, 5, 5, 5, 5, 5, 5, 5, 5, 5, 5, 5, 5, 5]}",685168,"[67629, 67630, 67631, 67632, 67633, 67634, 67635, 67636, 67637, 67638, 67639, 67640, 67641, 67642]","[112, 80, 80, 80, 144, 112, 112, 128, 144, 112, 128, 112, 96, 96]",WARM_SAME_SOURCE,focused
491fda4a8d7e0749ba4452c8,N073,02922ed789f3cf7343cc634dd12ca12989dc36bffae5cc0fd62d872fae23be5a,aed7d0658e1b802fab81f273c2767e0da29b8a233368b3a3aa399d6f364db3aa,N96_INDUCED_TRANSITION_LADDER_V1,f2f991d74dfbb2edf7f4475dcb7d82989de00a71e44bb11d4a6fbb49442577b6,"[0, 1, 2, 3]",7bc045af1830d83ccd63e2a95e6f7cea6b9bf86eec82977b41a9272f459a59db,a6281945e8be8be8720bd9ef749fbe210846ea020ae2c22e3ef14cfb8c59cfbb,tie_portfolio,COOP14_MIG_BRANCH_GROUP,1d2a6f95014703ca171206e42701c52355b89dab08ba0a9b72b3d193a3b620d4,WARM_SAME_SOURCE,FRESH_EXACT_SOLVE_WITH_INTERNAL_CHECKS_EXCLUDES_EXTERNAL_VERIFICATION,16,512,3,1,13,58454,8192,d5207e6b84fbabee961e83f3860a3bacaca585acd736c092903cacdfff692450,NUMPY_BATCHED_INVERSE_NTT_INTEGER_CRT,2,COMPLETE,OBSERVED_PATTERN,True,,,,,,193079296,0.0001383370254188776,0.007704240968450904,0.05039358,0.01991471,0.0032544510904699564,0.013971647909530045,0.005934013053774834,0.087674447,,0.0,ecf235ee257d026c647e4353a75eba367d0dab58ce80088896b08a6e59da881e,"{""N"": 73, ""source_family"": ""N96_INDUCED_TRANSITION_LADDER_V1"", ""graph_hash"": ""aed7d0658e1b802fab81f273c2767e0da29b8a233368b3a3aa399d6f364db3aa"", ""source_hash"": ""02922ed789f3cf7343cc634dd12ca12989dc36bffae5cc0fd62d872fae23be5a"", ""edges"": 137, ""degree_min"": 1, ""degree_max"": 5, ""degree_mean"": 3.7534246575342465, ""degree_std"": 0.9331170611466522, ""components"": 1, ""component_sizes"": [73], ""max_component"": 73, ""local_assignments"": 9444732965739290427392, ""minfill_width"": 14, ""minfill_work"": 71541, ""minfill_order"": [25, 11, 62, 60, 15, 20, 29, 0, 3, 6, 24, 27, 31, 32, 34, 37, 38, 39, 52, 41, 42, 43, 64, 55, 59, 68, 8, 50, 28, 33, 47, 69, 7, 45, 48, 67, 12, 19, 70, 1, 51, 58, 61, 4, 46, 23, 63, 16, 65, 9, 10, 5, 26, 2, 14, 30, 54, 44, 13, 17, 18, 21, 22, 35, 36, 40, 49, 53, 56, 57, 66, 71, 72], ""energy_bound"": 358, ""root_bound"": 512, ""crt_primes"": 3, ""arithmetic_burden"": 109886976, ""coefficient_bound"": ""9444732965739290427392"", ""coupling_multiplicities"": {""3"": 30, ""-1"": 25, ""-2"": 23, ""1"": 26, ""-3"": 16, ""2"": 17}, ""symmetry"": ""not assumed"", ""degree_signature"": [1, 2, 2, 2, 3, 3, 3, 3, 3, 3, 3, 3, 3, 3, 3, 3, 3, 3, 3, 3, 3, 3, 3, 3, 3, 3, 3, 3, 3, 3, 3, 3, 4, 4, 4, 4, 4, 4, 4, 4, 4, 4, 4, 4, 4, 4, 4, 4, 4, 4, 4, 4, 4, 4, 5, 5, 5, 5, 5, 5, 5, 5, 5, 5, 5, 5, 5, 5, 5, 5, 5, 5, 5]}",685168,"[67629, 67630, 67631, 67632, 67633, 67634, 67635, 67636, 67637, 67638, 67639, 67640, 67641, 67642]","[64, 96, 80, 144, 96, 160, 112, 96, 160, 80, 64, 144, 80, 160]",WARM_SAME_SOURCE,focused
491fda4a8d7e0749ba4452c8,N073,02922ed789f3cf7343cc634dd12ca12989dc36bffae5cc0fd62d872fae23be5a,aed7d0658e1b802fab81f273c2767e0da29b8a233368b3a3aa399d6f364db3aa,N96_INDUCED_TRANSITION_LADDER_V1,f2f991d74dfbb2edf7f4475dcb7d82989de00a71e44bb11d4a6fbb49442577b6,"[0, 1, 2, 3]",7bc045af1830d83ccd63e2a95e6f7cea6b9bf86eec82977b41a9272f459a59db,a6281945e8be8be8720bd9ef749fbe210846ea020ae2c22e3ef14cfb8c59cfbb,tie_portfolio,COOP14_MIG_BRANCH_GROUP,1d2a6f95014703ca171206e42701c52355b89dab08ba0a9b72b3d193a3b620d4,WARM_SAME_SOURCE,FRESH_EXACT_SOLVE_WITH_INTERNAL_CHECKS_EXCLUDES_EXTERNAL_VERIFICATION,16,512,3,1,13,58454,8192,d5207e6b84fbabee961e83f3860a3bacaca585acd736c092903cacdfff692450,NUMPY_BATCHED_INVERSE_NTT_INTEGER_CRT,3,COMPLETE,OBSERVED_PATTERN,True,,,,,,193079296,0.0001383370254188776,0.007704240968450904,0.051051658,0.020724355,0.0032576420344412327,0.013760860965558768,0.006193768000230193,0.088937263,,0.0,ecf235ee257d026c647e4353a75eba367d0dab58ce80088896b08a6e59da881e,"{""N"": 73, ""source_family"": ""N96_INDUCED_TRANSITION_LADDER_V1"", ""graph_hash"": ""aed7d0658e1b802fab81f273c2767e0da29b8a233368b3a3aa399d6f364db3aa"", ""source_hash"": ""02922ed789f3cf7343cc634dd12ca12989dc36bffae5cc0fd62d872fae23be5a"", ""edges"": 137, ""degree_min"": 1, ""degree_max"": 5, ""degree_mean"": 3.7534246575342465, ""degree_std"": 0.9331170611466522, ""components"": 1, ""component_sizes"": [73], ""max_component"": 73, ""local_assignments"": 9444732965739290427392, ""minfill_width"": 14, ""minfill_work"": 71541, ""minfill_order"": [25, 11, 62, 60, 15, 20, 29, 0, 3, 6, 24, 27, 31, 32, 34, 37, 38, 39, 52, 41, 42, 43, 64, 55, 59, 68, 8, 50, 28, 33, 47, 69, 7, 45, 48, 67, 12, 19, 70, 1, 51, 58, 61, 4, 46, 23, 63, 16, 65, 9, 10, 5, 26, 2, 14, 30, 54, 44, 13, 17, 18, 21, 22, 35, 36, 40, 49, 53, 56, 57, 66, 71, 72], ""energy_bound"": 358, ""root_bound"": 512, ""crt_primes"": 3, ""arithmetic_burden"": 109886976, ""coefficient_bound"": ""9444732965739290427392"", ""coupling_multiplicities"": {""3"": 30, ""-1"": 25, ""-2"": 23, ""1"": 26, ""-3"": 16, ""2"": 17}, ""symmetry"": ""not assumed"", ""degree_signature"": [1, 2, 2, 2, 3, 3, 3, 3, 3, 3, 3, 3, 3, 3, 3, 3, 3, 3, 3, 3, 3, 3, 3, 3, 3, 3, 3, 3, 3, 3, 3, 3, 4, 4, 4, 4, 4, 4, 4, 4, 4, 4, 4, 4, 4, 4, 4, 4, 4, 4, 4, 4, 4, 4, 5, 5, 5, 5, 5, 5, 5, 5, 5, 5, 5, 5, 5, 5, 5, 5, 5, 5, 5]}",685168,"[67629, 67630, 67631, 67632, 67633, 67634, 67635, 67636, 67637, 67638, 67639, 67640, 67641, 67642]","[128, 96, 80, 160, 160, 64, 144, 112, 96, 96, 160, 96, 48, 96]",WARM_SAME_SOURCE,focused
d0fbd3feefe947603a7903b2,N033,c818b467ee101c282d1e7bdb73de2fb67b08ca7fcd50dc165b61ace75b0862d0,4b1f6c9257c9527ef985400c2279e46b77b0e551c5ef36bcbe059758862d66e5,N96_INDUCED_TRANSITION_LADDER_V1,f2f991d74dfbb2edf7f4475dcb7d82989de00a71e44bb11d4a6fbb49442577b6,"[0, 1, 2, 3]",d371718ee03af6245e3956be9234c1e966d3aefae3c0302e5d93a2929ea3eff8,,variable_elimination,LOCAL_FLINT_CPU,LOCAL_SINGLE_COORDINATOR_FLINT_CPU,WARM_NEW_SOURCE,FRESH_EXACT_SOLVE_WITH_INTERNAL_CHECKS_EXCLUDES_EXTERNAL_VERIFICATION,0,0,0,1,3,80,8,d5207e6b84fbabee961e83f3860a3bacaca585acd736c092903cacdfff692450,FLINT_EXACT_POLYNOMIAL,0,COMPLETE,OBSERVED_PATTERN,True,896,0,0,CPU exact route includes its native polynomial readout/count checks; independently timed external verification excluded; no subprocess startup,deterministic retained-port-aware elimination or explicit component enumeration,,0.0011025500716641545,0.0,0.0,0.0,,0.0,0.002038682927377522,0.006518142065033317,0.006518142065033317,0.0,920135c8af6f7a89b0965393168f0bf56d6abcd9de695fadb2c28861c462d717,"{""N"": 33, ""source_family"": ""N96_INDUCED_TRANSITION_LADDER_V1"", ""graph_hash"": ""4b1f6c9257c9527ef985400c2279e46b77b0e551c5ef36bcbe059758862d66e5"", ""source_hash"": ""c818b467ee101c282d1e7bdb73de2fb67b08ca7fcd50dc165b61ace75b0862d0"", ""edges"": 31, ""degree_min"": 0, ""degree_max"": 4, ""degree_mean"": 1.878787878787879, ""degree_std"": 1.1744134772773396, ""components"": 6, ""component_sizes"": [1, 1, 1, 1, 2, 27], ""max_component"": 27, ""local_assignments"": 134217740, ""minfill_width"": 3, ""minfill_work"": 80, ""minfill_order"": [16, 18, 25, 31, 0, 1, 11, 10, 15, 20, 2, 22, 23, 24, 14, 17, 27, 28, 3, 13, 29, 12, 26, 30, 32, 21, 19, 4, 6, 5, 7, 8, 9], ""energy_bound"": 99, ""root_bound"": 128, ""crt_primes"": 2, ""arithmetic_burden"": 20480, ""coefficient_bound"": ""8589934592"", ""coupling_multiplicities"": {""3"": 8, ""1"": 5, ""-1"": 7, ""-2"": 8, ""-3"": 3}, ""symmetry"": ""not assumed"", ""degree_signature"": [0, 0, 0, 0, 1, 1, 1, 1, 1, 1, 1, 1, 1, 1, 2, 2, 2, 2, 2, 2, 2, 2, 3, 3, 3, 3, 3, 3, 3, 3, 4, 4, 4]}",,,,,
d0fbd3feefe947603a7903b2,N033,c818b467ee101c282d1e7bdb73de2fb67b08ca7fcd50dc165b61ace75b0862d0,4b1f6c9257c9527ef985400c2279e46b77b0e551c5ef36bcbe059758862d66e5,N96_INDUCED_TRANSITION_LADDER_V1,f2f991d74dfbb2edf7f4475dcb7d82989de00a71e44bb11d4a6fbb49442577b6,"[0, 1, 2, 3]",d371718ee03af6245e3956be9234c1e966d3aefae3c0302e5d93a2929ea3eff8,,variable_elimination,LOCAL_FLINT_CPU,LOCAL_SINGLE_COORDINATOR_FLINT_CPU,WARM_SAME_SOURCE,FRESH_EXACT_SOLVE_WITH_INTERNAL_CHECKS_EXCLUDES_EXTERNAL_VERIFICATION,0,0,0,1,3,80,8,d5207e6b84fbabee961e83f3860a3bacaca585acd736c092903cacdfff692450,FLINT_EXACT_POLYNOMIAL,1,COMPLETE,OBSERVED_PATTERN,True,896,0,0,CPU exact route includes its native polynomial readout/count checks; independently timed external verification excluded; no subprocess startup,deterministic retained-port-aware elimination or explicit component enumeration,,0.0011025500716641545,0.0,0.0,0.0,,0.0,0.0020051338942721486,0.0065354619873687625,0.0065354619873687625,0.0,920135c8af6f7a89b0965393168f0bf56d6abcd9de695fadb2c28861c462d717,"{""N"": 33, ""source_family"": ""N96_INDUCED_TRANSITION_LADDER_V1"", ""graph_hash"": ""4b1f6c9257c9527ef985400c2279e46b77b0e551c5ef36bcbe059758862d66e5"", ""source_hash"": ""c818b467ee101c282d1e7bdb73de2fb67b08ca7fcd50dc165b61ace75b0862d0"", ""edges"": 31, ""degree_min"": 0, ""degree_max"": 4, ""degree_mean"": 1.878787878787879, ""degree_std"": 1.1744134772773396, ""components"": 6, ""component_sizes"": [1, 1, 1, 1, 2, 27], ""max_component"": 27, ""local_assignments"": 134217740, ""minfill_width"": 3, ""minfill_work"": 80, ""minfill_order"": [16, 18, 25, 31, 0, 1, 11, 10, 15, 20, 2, 22, 23, 24, 14, 17, 27, 28, 3, 13, 29, 12, 26, 30, 32, 21, 19, 4, 6, 5, 7, 8, 9], ""energy_bound"": 99, ""root_bound"": 128, ""crt_primes"": 2, ""arithmetic_burden"": 20480, ""coefficient_bound"": ""8589934592"", ""coupling_multiplicities"": {""3"": 8, ""1"": 5, ""-1"": 7, ""-2"": 8, ""-3"": 3}, ""symmetry"": ""not assumed"", ""degree_signature"": [0, 0, 0, 0, 1, 1, 1, 1, 1, 1, 1, 1, 1, 1, 2, 2, 2, 2, 2, 2, 2, 2, 3, 3, 3, 3, 3, 3, 3, 3, 4, 4, 4]}",,,,,
d0fbd3feefe947603a7903b2,N033,c818b467ee101c282d1e7bdb73de2fb67b08ca7fcd50dc165b61ace75b0862d0,4b1f6c9257c9527ef985400c2279e46b77b0e551c5ef36bcbe059758862d66e5,N96_INDUCED_TRANSITION_LADDER_V1,f2f991d74dfbb2edf7f4475dcb7d82989de00a71e44bb11d4a6fbb49442577b6,"[0, 1, 2, 3]",d371718ee03af6245e3956be9234c1e966d3aefae3c0302e5d93a2929ea3eff8,,variable_elimination,LOCAL_FLINT_CPU,LOCAL_SINGLE_COORDINATOR_FLINT_CPU,WARM_SAME_SOURCE,FRESH_EXACT_SOLVE_WITH_INTERNAL_CHECKS_EXCLUDES_EXTERNAL_VERIFICATION,0,0,0,1,3,80,8,d5207e6b84fbabee961e83f3860a3bacaca585acd736c092903cacdfff692450,FLINT_EXACT_POLYNOMIAL,2,COMPLETE,OBSERVED_PATTERN,True,896,0,0,CPU exact route includes its native polynomial readout/count checks; independently timed external verification excluded; no subprocess startup,deterministic retained-port-aware elimination or explicit component enumeration,,0.0011025500716641545,0.0,0.0,0.0,,0.0,0.0014182140585035086,0.00624365801922977,0.00624365801922977,0.0,920135c8af6f7a89b0965393168f0bf56d6abcd9de695fadb2c28861c462d717,"{""N"": 33, ""source_family"": ""N96_INDUCED_TRANSITION_LADDER_V1"", ""graph_hash"": ""4b1f6c9257c9527ef985400c2279e46b77b0e551c5ef36bcbe059758862d66e5"", ""source_hash"": ""c818b467ee101c282d1e7bdb73de2fb67b08ca7fcd50dc165b61ace75b0862d0"", ""edges"": 31, ""degree_min"": 0, ""degree_max"": 4, ""degree_mean"": 1.878787878787879, ""degree_std"": 1.1744134772773396, ""components"": 6, ""component_sizes"": [1, 1, 1, 1, 2, 27], ""max_component"": 27, ""local_assignments"": 134217740, ""minfill_width"": 3, ""minfill_work"": 80, ""minfill_order"": [16, 18, 25, 31, 0, 1, 11, 10, 15, 20, 2, 22, 23, 24, 14, 17, 27, 28, 3, 13, 29, 12, 26, 30, 32, 21, 19, 4, 6, 5, 7, 8, 9], ""energy_bound"": 99, ""root_bound"": 128, ""crt_primes"": 2, ""arithmetic_burden"": 20480, ""coefficient_bound"": ""8589934592"", ""coupling_multiplicities"": {""3"": 8, ""1"": 5, ""-1"": 7, ""-2"": 8, ""-3"": 3}, ""symmetry"": ""not assumed"", ""degree_signature"": [0, 0, 0, 0, 1, 1, 1, 1, 1, 1, 1, 1, 1, 1, 2, 2, 2, 2, 2, 2, 2, 2, 3, 3, 3, 3, 3, 3, 3, 3, 4, 4, 4]}",,,,,
23307cb2665b44a30af0eb39,N056,6fc10065c9b57c2f5be05aec0ba4638fc0db4ee81f662aa98b05fe0539df56e8,e534bf2a39a1ab1f9b545d57d73ad42a54e75667cadab06ff31b55d8708ac2bd,N96_INDUCED_TRANSITION_LADDER_V1,f2f991d74dfbb2edf7f4475dcb7d82989de00a71e44bb11d4a6fbb49442577b6,"[0, 1, 2, 3]",074e7cd8f71531c603504a062f9282cbadefbf7e9043038923c28a6c6a56d4e7,,variable_elimination,LOCAL_FLINT_CPU,LOCAL_SINGLE_COORDINATOR_FLINT_CPU,WARM_NEW_SOURCE,FRESH_EXACT_SOLVE_WITH_INTERNAL_CHECKS_EXCLUDES_EXTERNAL_VERIFICATION,0,0,0,1,7,970,128,d5207e6b84fbabee961e83f3860a3bacaca585acd736c092903cacdfff692450,FLINT_EXACT_POLYNOMIAL,0,COMPLETE,OBSERVED_PATTERN,True,9012,0,0,CPU exact route includes its native polynomial readout/count checks; independently timed external verification excluded; no subprocess startup,deterministic retained-port-aware elimination or explicit component enumeration,,0.0048700240440666676,0.0,0.0,0.0,,0.0,0.0029718480072915554,0.03460687689948827,0.03460687689948827,0.0,78c6ed551c999b311490763cfc2a3718ae163b9273ea106eaffe2b7b87cb3730,"{""N"": 56, ""source_family"": ""N96_INDUCED_TRANSITION_LADDER_V1"", ""graph_hash"": ""e534bf2a39a1ab1f9b545d57d73ad42a54e75667cadab06ff31b55d8708ac2bd"", ""source_hash"": ""6fc10065c9b57c2f5be05aec0ba4638fc0db4ee81f662aa98b05fe0539df56e8"", ""edges"": 77, ""degree_min"": 0, ""degree_max"": 5, ""degree_mean"": 2.75, ""degree_std"": 0.9865162369237952, ""components"": 3, ""component_sizes"": [1, 1, 54], ""max_component"": 54, ""local_assignments"": 18014398509481988, ""minfill_width"": 6, ""minfill_work"": 733, ""minfill_order"": [25, 31, 32, 21, 1, 11, 12, 17, 23, 28, 29, 34, 37, 39, 42, 43, 44, 46, 48, 50, 52, 55, 13, 15, 20, 16, 36, 0, 4, 6, 14, 18, 27, 41, 7, 8, 9, 45, 33, 54, 2, 5, 26, 10, 35, 22, 49, 53, 40, 3, 19, 24, 30, 38, 47, 51], ""energy_bound"": 216, ""root_bound"": 256, ""crt_primes"": 2, ""arithmetic_burden"": 375296, ""coefficient_bound"": ""72057594037927936"", ""coupling_multiplicities"": {""3"": 20, ""-1"": 15, ""-2"": 13, ""1"": 16, ""-3"": 5, ""2"": 8}, ""symmetry"": ""not assumed"", ""degree_signature"": [0, 0, 1, 2, 2, 2, 2, 2, 2, 2, 2, 2, 2, 2, 2, 2, 2, 2, 2, 2, 2, 2, 3, 3, 3, 3, 3, 3, 3, 3, 3, 3, 3, 3, 3, 3, 3, 3, 3, 3, 3, 3, 3, 3, 3, 4, 4, 4, 4, 4, 4, 4, 4, 4, 5, 5]}",,,,,
23307cb2665b44a30af0eb39,N056,6fc10065c9b57c2f5be05aec0ba4638fc0db4ee81f662aa98b05fe0539df56e8,e534bf2a39a1ab1f9b545d57d73ad42a54e75667cadab06ff31b55d8708ac2bd,N96_INDUCED_TRANSITION_LADDER_V1,f2f991d74dfbb2edf7f4475dcb7d82989de00a71e44bb11d4a6fbb49442577b6,"[0, 1, 2, 3]",074e7cd8f71531c603504a062f9282cbadefbf7e9043038923c28a6c6a56d4e7,,variable_elimination,LOCAL_FLINT_CPU,LOCAL_SINGLE_COORDINATOR_FLINT_CPU,WARM_SAME_SOURCE,FRESH_EXACT_SOLVE_WITH_INTERNAL_CHECKS_EXCLUDES_EXTERNAL_VERIFICATION,0,0,0,1,7,970,128,d5207e6b84fbabee961e83f3860a3bacaca585acd736c092903cacdfff692450,FLINT_EXACT_POLYNOMIAL,1,COMPLETE,OBSERVED_PATTERN,True,9012,0,0,CPU exact route includes its native polynomial readout/count checks; independently timed external verification excluded; no subprocess startup,deterministic retained-port-aware elimination or explicit component enumeration,,0.0048700240440666676,0.0,0.0,0.0,,0.0,0.0018672170117497444,0.013583558960817754,0.013583558960817754,0.0,78c6ed551c999b311490763cfc2a3718ae163b9273ea106eaffe2b7b87cb3730,"{""N"": 56, ""source_family"": ""N96_INDUCED_TRANSITION_LADDER_V1"", ""graph_hash"": ""e534bf2a39a1ab1f9b545d57d73ad42a54e75667cadab06ff31b55d8708ac2bd"", ""source_hash"": ""6fc10065c9b57c2f5be05aec0ba4638fc0db4ee81f662aa98b05fe0539df56e8"", ""edges"": 77, ""degree_min"": 0, ""degree_max"": 5, ""degree_mean"": 2.75, ""degree_std"": 0.9865162369237952, ""components"": 3, ""component_sizes"": [1, 1, 54], ""max_component"": 54, ""local_assignments"": 18014398509481988, ""minfill_width"": 6, ""minfill_work"": 733, ""minfill_order"": [25, 31, 32, 21, 1, 11, 12, 17, 23, 28, 29, 34, 37, 39, 42, 43, 44, 46, 48, 50, 52, 55, 13, 15, 20, 16, 36, 0, 4, 6, 14, 18, 27, 41, 7, 8, 9, 45, 33, 54, 2, 5, 26, 10, 35, 22, 49, 53, 40, 3, 19, 24, 30, 38, 47, 51], ""energy_bound"": 216, ""root_bound"": 256, ""crt_primes"": 2, ""arithmetic_burden"": 375296, ""coefficient_bound"": ""72057594037927936"", ""coupling_multiplicities"": {""3"": 20, ""-1"": 15, ""-2"": 13, ""1"": 16, ""-3"": 5, ""2"": 8}, ""symmetry"": ""not assumed"", ""degree_signature"": [0, 0, 1, 2, 2, 2, 2, 2, 2, 2, 2, 2, 2, 2, 2, 2, 2, 2, 2, 2, 2, 2, 3, 3, 3, 3, 3, 3, 3, 3, 3, 3, 3, 3, 3, 3, 3, 3, 3, 3, 3, 3, 3, 3, 3, 4, 4, 4, 4, 4, 4, 4, 4, 4, 5, 5]}",,,,,
23307cb2665b44a30af0eb39,N056,6fc10065c9b57c2f5be05aec0ba4638fc0db4ee81f662aa98b05fe0539df56e8,e534bf2a39a1ab1f9b545d57d73ad42a54e75667cadab06ff31b55d8708ac2bd,N96_INDUCED_TRANSITION_LADDER_V1,f2f991d74dfbb2edf7f4475dcb7d82989de00a71e44bb11d4a6fbb49442577b6,"[0, 1, 2, 3]",074e7cd8f71531c603504a062f9282cbadefbf7e9043038923c28a6c6a56d4e7,,variable_elimination,LOCAL_FLINT_CPU,LOCAL_SINGLE_COORDINATOR_FLINT_CPU,WARM_SAME_SOURCE,FRESH_EXACT_SOLVE_WITH_INTERNAL_CHECKS_EXCLUDES_EXTERNAL_VERIFICATION,0,0,0,1,7,970,128,d5207e6b84fbabee961e83f3860a3bacaca585acd736c092903cacdfff692450,FLINT_EXACT_POLYNOMIAL,2,COMPLETE,OBSERVED_PATTERN,True,9012,0,0,CPU exact route includes its native polynomial readout/count checks; independently timed external verification excluded; no subprocess startup,deterministic retained-port-aware elimination or explicit component enumeration,,0.0048700240440666676,0.0,0.0,0.0,,0.0,0.0017247290816158056,0.01376694708596915,0.01376694708596915,0.0,78c6ed551c999b311490763cfc2a3718ae163b9273ea106eaffe2b7b87cb3730,"{""N"": 56, ""source_family"": ""N96_INDUCED_TRANSITION_LADDER_V1"", ""graph_hash"": ""e534bf2a39a1ab1f9b545d57d73ad42a54e75667cadab06ff31b55d8708ac2bd"", ""source_hash"": ""6fc10065c9b57c2f5be05aec0ba4638fc0db4ee81f662aa98b05fe0539df56e8"", ""edges"": 77, ""degree_min"": 0, ""degree_max"": 5, ""degree_mean"": 2.75, ""degree_std"": 0.9865162369237952, ""components"": 3, ""component_sizes"": [1, 1, 54], ""max_component"": 54, ""local_assignments"": 18014398509481988, ""minfill_width"": 6, ""minfill_work"": 733, ""minfill_order"": [25, 31, 32, 21, 1, 11, 12, 17, 23, 28, 29, 34, 37, 39, 42, 43, 44, 46, 48, 50, 52, 55, 13, 15, 20, 16, 36, 0, 4, 6, 14, 18, 27, 41, 7, 8, 9, 45, 33, 54, 2, 5, 26, 10, 35, 22, 49, 53, 40, 3, 19, 24, 30, 38, 47, 51], ""energy_bound"": 216, ""root_bound"": 256, ""crt_primes"": 2, ""arithmetic_burden"": 375296, ""coefficient_bound"": ""72057594037927936"", ""coupling_multiplicities"": {""3"": 20, ""-1"": 15, ""-2"": 13, ""1"": 16, ""-3"": 5, ""2"": 8}, ""symmetry"": ""not assumed"", ""degree_signature"": [0, 0, 1, 2, 2, 2, 2, 2, 2, 2, 2, 2, 2, 2, 2, 2, 2, 2, 2, 2, 2, 2, 3, 3, 3, 3, 3, 3, 3, 3, 3, 3, 3, 3, 3, 3, 3, 3, 3, 3, 3, 3, 3, 3, 3, 4, 4, 4, 4, 4, 4, 4, 4, 4, 5, 5]}",,,,,
c07333601a687b237001d2ec,N067,1aa3d94ee66a2d6915cbf162960fd593ff144be463fb7eb01db7746b759445b8,fd0640328dcb0056660b5fafc8a8879830df454193d28ea94eec5d375f139505,N96_INDUCED_TRANSITION_LADDER_V1,f2f991d74dfbb2edf7f4475dcb7d82989de00a71e44bb11d4a6fbb49442577b6,"[0, 1, 2, 3]",d5cd33d0de4130e5488d3c5f9907f8eb655a87f926de84f90e972eaeb29e79a3,,variable_elimination,LOCAL_FLINT_CPU,LOCAL_SINGLE_COORDINATOR_FLINT_CPU,WARM_NEW_SOURCE,FRESH_EXACT_SOLVE_WITH_INTERNAL_CHECKS_EXCLUDES_EXTERNAL_VERIFICATION,0,0,0,1,11,12561,2048,d5207e6b84fbabee961e83f3860a3bacaca585acd736c092903cacdfff692450,FLINT_EXACT_POLYNOMIAL,0,COMPLETE,OBSERVED_PATTERN,True,111508,0,0,CPU exact route includes its native polynomial readout/count checks; independently timed external verification excluded; no subprocess startup,deterministic retained-port-aware elimination or explicit component enumeration,,0.011028844979591668,0.0,0.0,0.0,,0.0,0.0028585889376699924,0.19240928499493748,0.19240928499493748,0.0,2108a566942bf7be0dd8589a3e0368995bfd6da9839450b9f230608f1f6c6362,"{""N"": 67, ""source_family"": ""N96_INDUCED_TRANSITION_LADDER_V1"", ""graph_hash"": ""fd0640328dcb0056660b5fafc8a8879830df454193d28ea94eec5d375f139505"", ""source_hash"": ""1aa3d94ee66a2d6915cbf162960fd593ff144be463fb7eb01db7746b759445b8"", ""edges"": 114, ""degree_min"": 0, ""degree_max"": 5, ""degree_mean"": 3.4029850746268657, ""degree_std"": 1.0230142978026144, ""components"": 2, ""component_sizes"": [1, 66], ""max_component"": 66, ""local_assignments"": 73786976294838206466, ""minfill_width"": 11, ""minfill_work"": 13804, ""minfill_order"": [25, 1, 11, 62, 31, 32, 34, 37, 48, 60, 15, 20, 29, 36, 0, 3, 6, 17, 18, 22, 23, 27, 39, 52, 41, 43, 64, 46, 58, 59, 63, 66, 8, 16, 50, 38, 42, 7, 24, 9, 35, 57, 2, 51, 61, 14, 21, 33, 54, 4, 10, 12, 65, 5, 26, 13, 19, 28, 30, 40, 44, 45, 47, 49, 53, 55, 56], ""energy_bound"": 305, ""root_bound"": 512, ""crt_primes"": 3, ""arithmetic_burden"": 21202944, ""coefficient_bound"": ""147573952589676412928"", ""coupling_multiplicities"": {""3"": 26, ""-1"": 21, ""-2"": 22, ""1"": 20, ""-3"": 10, ""2"": 15}, ""symmetry"": ""not assumed"", ""degree_signature"": [0, 2, 2, 2, 2, 2, 2, 2, 2, 2, 3, 3, 3, 3, 3, 3, 3, 3, 3, 3, 3, 3, 3, 3, 3, 3, 3, 3, 3, 3, 3, 3, 3, 3, 3, 3, 3, 3, 3, 3, 4, 4, 4, 4, 4, 4, 4, 4, 4, 4, 4, 4, 4, 4, 4, 5, 5, 5, 5, 5, 5, 5, 5, 5, 5, 5, 5]}",,,,,
c07333601a687b237001d2ec,N067,1aa3d94ee66a2d6915cbf162960fd593ff144be463fb7eb01db7746b759445b8,fd0640328dcb0056660b5fafc8a8879830df454193d28ea94eec5d375f139505,N96_INDUCED_TRANSITION_LADDER_V1,f2f991d74dfbb2edf7f4475dcb7d82989de00a71e44bb11d4a6fbb49442577b6,"[0, 1, 2, 3]",d5cd33d0de4130e5488d3c5f9907f8eb655a87f926de84f90e972eaeb29e79a3,,variable_elimination,LOCAL_FLINT_CPU,LOCAL_SINGLE_COORDINATOR_FLINT_CPU,WARM_SAME_SOURCE,FRESH_EXACT_SOLVE_WITH_INTERNAL_CHECKS_EXCLUDES_EXTERNAL_VERIFICATION,0,0,0,1,11,12561,2048,d5207e6b84fbabee961e83f3860a3bacaca585acd736c092903cacdfff692450,FLINT_EXACT_POLYNOMIAL,1,COMPLETE,OBSERVED_PATTERN,True,111508,0,0,CPU exact route includes its native polynomial readout/count checks; independently timed external verification excluded; no subprocess startup,deterministic retained-port-aware elimination or explicit component enumeration,,0.011028844979591668,0.0,0.0,0.0,,0.0,0.002261259942315519,0.16851223702542484,0.16851223702542484,0.0,2108a566942bf7be0dd8589a3e0368995bfd6da9839450b9f230608f1f6c6362,"{""N"": 67, ""source_family"": ""N96_INDUCED_TRANSITION_LADDER_V1"", ""graph_hash"": ""fd0640328dcb0056660b5fafc8a8879830df454193d28ea94eec5d375f139505"", ""source_hash"": ""1aa3d94ee66a2d6915cbf162960fd593ff144be463fb7eb01db7746b759445b8"", ""edges"": 114, ""degree_min"": 0, ""degree_max"": 5, ""degree_mean"": 3.4029850746268657, ""degree_std"": 1.0230142978026144, ""components"": 2, ""component_sizes"": [1, 66], ""max_component"": 66, ""local_assignments"": 73786976294838206466, ""minfill_width"": 11, ""minfill_work"": 13804, ""minfill_order"": [25, 1, 11, 62, 31, 32, 34, 37, 48, 60, 15, 20, 29, 36, 0, 3, 6, 17, 18, 22, 23, 27, 39, 52, 41, 43, 64, 46, 58, 59, 63, 66, 8, 16, 50, 38, 42, 7, 24, 9, 35, 57, 2, 51, 61, 14, 21, 33, 54, 4, 10, 12, 65, 5, 26, 13, 19, 28, 30, 40, 44, 45, 47, 49, 53, 55, 56], ""energy_bound"": 305, ""root_bound"": 512, ""crt_primes"": 3, ""arithmetic_burden"": 21202944, ""coefficient_bound"": ""147573952589676412928"", ""coupling_multiplicities"": {""3"": 26, ""-1"": 21, ""-2"": 22, ""1"": 20, ""-3"": 10, ""2"": 15}, ""symmetry"": ""not assumed"", ""degree_signature"": [0, 2, 2, 2, 2, 2, 2, 2, 2, 2, 3, 3, 3, 3, 3, 3, 3, 3, 3, 3, 3, 3, 3, 3, 3, 3, 3, 3, 3, 3, 3, 3, 3, 3, 3, 3, 3, 3, 3, 3, 4, 4, 4, 4, 4, 4, 4, 4, 4, 4, 4, 4, 4, 4, 4, 5, 5, 5, 5, 5, 5, 5, 5, 5, 5, 5, 5]}",,,,,
c07333601a687b237001d2ec,N067,1aa3d94ee66a2d6915cbf162960fd593ff144be463fb7eb01db7746b759445b8,fd0640328dcb0056660b5fafc8a8879830df454193d28ea94eec5d375f139505,N96_INDUCED_TRANSITION_LADDER_V1,f2f991d74dfbb2edf7f4475dcb7d82989de00a71e44bb11d4a6fbb49442577b6,"[0, 1, 2, 3]",d5cd33d0de4130e5488d3c5f9907f8eb655a87f926de84f90e972eaeb29e79a3,,variable_elimination,LOCAL_FLINT_CPU,LOCAL_SINGLE_COORDINATOR_FLINT_CPU,WARM_SAME_SOURCE,FRESH_EXACT_SOLVE_WITH_INTERNAL_CHECKS_EXCLUDES_EXTERNAL_VERIFICATION,0,0,0,1,11,12561,2048,d5207e6b84fbabee961e83f3860a3bacaca585acd736c092903cacdfff692450,FLINT_EXACT_POLYNOMIAL,2,COMPLETE,OBSERVED_PATTERN,True,111508,0,0,CPU exact route includes its native polynomial readout/count checks; independently timed external verification excluded; no subprocess startup,deterministic retained-port-aware elimination or explicit component enumeration,,0.011028844979591668,0.0,0.0,0.0,,0.0,0.0027827100129798055,0.1674582960549742,0.1674582960549742,0.0,2108a566942bf7be0dd8589a3e0368995bfd6da9839450b9f230608f1f6c6362,"{""N"": 67, ""source_family"": ""N96_INDUCED_TRANSITION_LADDER_V1"", ""graph_hash"": ""fd0640328dcb0056660b5fafc8a8879830df454193d28ea94eec5d375f139505"", ""source_hash"": ""1aa3d94ee66a2d6915cbf162960fd593ff144be463fb7eb01db7746b759445b8"", ""edges"": 114, ""degree_min"": 0, ""degree_max"": 5, ""degree_mean"": 3.4029850746268657, ""degree_std"": 1.0230142978026144, ""components"": 2, ""component_sizes"": [1, 66], ""max_component"": 66, ""local_assignments"": 73786976294838206466, ""minfill_width"": 11, ""minfill_work"": 13804, ""minfill_order"": [25, 1, 11, 62, 31, 32, 34, 37, 48, 60, 15, 20, 29, 36, 0, 3, 6, 17, 18, 22, 23, 27, 39, 52, 41, 43, 64, 46, 58, 59, 63, 66, 8, 16, 50, 38, 42, 7, 24, 9, 35, 57, 2, 51, 61, 14, 21, 33, 54, 4, 10, 12, 65, 5, 26, 13, 19, 28, 30, 40, 44, 45, 47, 49, 53, 55, 56], ""energy_bound"": 305, ""root_bound"": 512, ""crt_primes"": 3, ""arithmetic_burden"": 21202944, ""coefficient_bound"": ""147573952589676412928"", ""coupling_multiplicities"": {""3"": 26, ""-1"": 21, ""-2"": 22, ""1"": 20, ""-3"": 10, ""2"": 15}, ""symmetry"": ""not assumed"", ""degree_signature"": [0, 2, 2, 2, 2, 2, 2, 2, 2, 2, 3, 3, 3, 3, 3, 3, 3, 3, 3, 3, 3, 3, 3, 3, 3, 3, 3, 3, 3, 3, 3, 3, 3, 3, 3, 3, 3, 3, 3, 3, 4, 4, 4, 4, 4, 4, 4, 4, 4, 4, 4, 4, 4, 4, 4, 5, 5, 5, 5, 5, 5, 5, 5, 5, 5, 5, 5]}",,,,,
6f129e6efeb0ba92c50ade5f,N077,de68ad4bc82d000fe09af84424190d2972bf6b42629317e3f77ce7b886743060,445fffaedf9dc3a6d78bbf3c09f36b01289531b9aa4709090ff762f38ec55ce2,N96_INDUCED_TRANSITION_LADDER_V1,f2f991d74dfbb2edf7f4475dcb7d82989de00a71e44bb11d4a6fbb49442577b6,"[0, 1, 2, 3]",4f6a24796e62e9b90516347a8028cd7e710e908fe81c1681f375d73f6b7b2f70,cf76a0d74bdbfd959315711cfef517ff049167a72381107227a834b3187d4411,fresh_min_fill,COOP14_MIG_BRANCH_GROUP,1d2a6f95014703ca171206e42701c52355b89dab08ba0a9b72b3d193a3b620d4,WARM_SAME_SOURCE,FRESH_EXACT_SOLVE_WITH_INTERNAL_CHECKS_EXCLUDES_EXTERNAL_VERIFICATION,16,512,3,1,17,610692,131072,d5207e6b84fbabee961e83f3860a3bacaca585acd736c092903cacdfff692450,NUMPY_BATCHED_INVERSE_NTT_INTEGER_CRT,1,COMPLETE,OBSERVED_PATTERN,True,,,,,,85767168,0.0003926130011677742,0.07454435096587986,0.115998627,0.018230267,0.003281191922724247,0.014518703077275753,0.006940027000382543,0.152176327,,0.0,7827a5219b77509d3880a046c0e804805204e190ce9b0d8f3769e0593ccce7ab,"{""N"": 77, ""source_family"": ""N96_INDUCED_TRANSITION_LADDER_V1"", ""graph_hash"": ""445fffaedf9dc3a6d78bbf3c09f36b01289531b9aa4709090ff762f38ec55ce2"", ""source_hash"": ""de68ad4bc82d000fe09af84424190d2972bf6b42629317e3f77ce7b886743060"", ""edges"": 153, ""degree_min"": 2, ""degree_max"": 5, ""degree_mean"": 3.9740259740259742, ""degree_std"": 0.8969504753159484, ""components"": 1, ""component_sizes"": [77], ""max_component"": 77, ""local_assignments"": 151115727451828646838272, ""minfill_width"": 15, ""minfill_work"": 192891, ""minfill_order"": [25, 60, 62, 15, 20, 29, 0, 3, 6, 24, 31, 32, 34, 37, 41, 42, 51, 59, 64, 68, 75, 8, 50, 1, 28, 33, 43, 47, 69, 76, 48, 67, 73, 12, 19, 54, 74, 23, 4, 58, 46, 16, 39, 11, 10, 65, 2, 63, 40, 44, 61, 7, 9, 5, 26, 14, 57, 17, 36, 35, 72, 45, 13, 18, 21, 22, 27, 30, 38, 49, 52, 53, 55, 56, 66, 70, 71], ""energy_bound"": 391, ""root_bound"": 512, ""crt_primes"": 3, ""arithmetic_burden"": 296280576, ""coefficient_bound"": ""151115727451828646838272"", ""coupling_multiplicities"": {""3"": 32, ""-1"": 29, ""-2"": 26, ""1"": 30, ""-3"": 18, ""2"": 18}, ""symmetry"": ""not assumed"", ""degree_signature"": [2, 2, 2, 3, 3, 3, 3, 3, 3, 3, 3, 3, 3, 3, 3, 3, 3, 3, 3, 3, 3, 3, 3, 3, 3, 3, 4, 4, 4, 4, 4, 4, 4, 4, 4, 4, 4, 4, 4, 4, 4, 4, 4, 4, 4, 4, 4, 4, 4, 4, 5, 5, 5, 5, 5, 5, 5, 5, 5, 5, 5, 5, 5, 5, 5, 5, 5, 5, 5, 5, 5, 5, 5, 5, 5, 5, 5]}",7316976,"[72362, 72363, 72364, 72365, 72366, 72367, 72368, 72369, 72370, 72371, 72372, 72373, 72374, 72375]","[128, 128, 80, 112, 128, 80, 80, 128, 112, 128, 64, 128, 112, 128]",WARM_SAME_SOURCE,focused
6f129e6efeb0ba92c50ade5f,N077,de68ad4bc82d000fe09af84424190d2972bf6b42629317e3f77ce7b886743060,445fffaedf9dc3a6d78bbf3c09f36b01289531b9aa4709090ff762f38ec55ce2,N96_INDUCED_TRANSITION_LADDER_V1,f2f991d74dfbb2edf7f4475dcb7d82989de00a71e44bb11d4a6fbb49442577b6,"[0, 1, 2, 3]",4f6a24796e62e9b90516347a8028cd7e710e908fe81c1681f375d73f6b7b2f70,cf76a0d74bdbfd959315711cfef517ff049167a72381107227a834b3187d4411,fresh_min_fill,COOP14_MIG_BRANCH_GROUP,1d2a6f95014703ca171206e42701c52355b89dab08ba0a9b72b3d193a3b620d4,WARM_SAME_SOURCE,FRESH_EXACT_SOLVE_WITH_INTERNAL_CHECKS_EXCLUDES_EXTERNAL_VERIFICATION,16,512,3,1,17,610692,131072,d5207e6b84fbabee961e83f3860a3bacaca585acd736c092903cacdfff692450,NUMPY_BATCHED_INVERSE_NTT_INTEGER_CRT,2,COMPLETE,OBSERVED_PATTERN,True,,,,,,85767168,0.0003926130011677742,0.07454435096587986,0.124735832,0.025101016,0.004909542971290648,0.014222338028709352,0.006544923991896212,0.169109307,,0.0,7827a5219b77509d3880a046c0e804805204e190ce9b0d8f3769e0593ccce7ab,"{""N"": 77, ""source_family"": ""N96_INDUCED_TRANSITION_LADDER_V1"", ""graph_hash"": ""445fffaedf9dc3a6d78bbf3c09f36b01289531b9aa4709090ff762f38ec55ce2"", ""source_hash"": ""de68ad4bc82d000fe09af84424190d2972bf6b42629317e3f77ce7b886743060"", ""edges"": 153, ""degree_min"": 2, ""degree_max"": 5, ""degree_mean"": 3.9740259740259742, ""degree_std"": 0.8969504753159484, ""components"": 1, ""component_sizes"": [77], ""max_component"": 77, ""local_assignments"": 151115727451828646838272, ""minfill_width"": 15, ""minfill_work"": 192891, ""minfill_order"": [25, 60, 62, 15, 20, 29, 0, 3, 6, 24, 31, 32, 34, 37, 41, 42, 51, 59, 64, 68, 75, 8, 50, 1, 28, 33, 43, 47, 69, 76, 48, 67, 73, 12, 19, 54, 74, 23, 4, 58, 46, 16, 39, 11, 10, 65, 2, 63, 40, 44, 61, 7, 9, 5, 26, 14, 57, 17, 36, 35, 72, 45, 13, 18, 21, 22, 27, 30, 38, 49, 52, 53, 55, 56, 66, 70, 71], ""energy_bound"": 391, ""root_bound"": 512, ""crt_primes"": 3, ""arithmetic_burden"": 296280576, ""coefficient_bound"": ""151115727451828646838272"", ""coupling_multiplicities"": {""3"": 32, ""-1"": 29, ""-2"": 26, ""1"": 30, ""-3"": 18, ""2"": 18}, ""symmetry"": ""not assumed"", ""degree_signature"": [2, 2, 2, 3, 3, 3, 3, 3, 3, 3, 3, 3, 3, 3, 3, 3, 3, 3, 3, 3, 3, 3, 3, 3, 3, 3, 4, 4, 4, 4, 4, 4, 4, 4, 4, 4, 4, 4, 4, 4, 4, 4, 4, 4, 4, 4, 4, 4, 4, 4, 5, 5, 5, 5, 5, 5, 5, 5, 5, 5, 5, 5, 5, 5, 5, 5, 5, 5, 5, 5, 5, 5, 5, 5, 5, 5, 5]}",7316976,"[72362, 72363, 72364, 72365, 72366, 72367, 72368, 72369, 72370, 72371, 72372, 72373, 72374, 72375]","[96, 96, 80, 112, 112, 128, 80, 160, 112, 112, 144, 112, 80, 112]",WARM_SAME_SOURCE,focused
6f129e6efeb0ba92c50ade5f,N077,de68ad4bc82d000fe09af84424190d2972bf6b42629317e3f77ce7b886743060,445fffaedf9dc3a6d78bbf3c09f36b01289531b9aa4709090ff762f38ec55ce2,N96_INDUCED_TRANSITION_LADDER_V1,f2f991d74dfbb2edf7f4475dcb7d82989de00a71e44bb11d4a6fbb49442577b6,"[0, 1, 2, 3]",4f6a24796e62e9b90516347a8028cd7e710e908fe81c1681f375d73f6b7b2f70,cf76a0d74bdbfd959315711cfef517ff049167a72381107227a834b3187d4411,fresh_min_fill,COOP14_MIG_BRANCH_GROUP,1d2a6f95014703ca171206e42701c52355b89dab08ba0a9b72b3d193a3b620d4,WARM_SAME_SOURCE,FRESH_EXACT_SOLVE_WITH_INTERNAL_CHECKS_EXCLUDES_EXTERNAL_VERIFICATION,16,512,3,1,17,610692,131072,d5207e6b84fbabee961e83f3860a3bacaca585acd736c092903cacdfff692450,NUMPY_BATCHED_INVERSE_NTT_INTEGER_CRT,3,COMPLETE,OBSERVED_PATTERN,True,,,,,,85767168,0.0003926130011677742,0.07454435096587986,0.15194971,0.030994932,0.00537686503957957,0.01860570996042043,0.0066902319667860866,0.207077605,,0.0,7827a5219b77509d3880a046c0e804805204e190ce9b0d8f3769e0593ccce7ab,"{""N"": 77, ""source_family"": ""N96_INDUCED_TRANSITION_LADDER_V1"", ""graph_hash"": ""445fffaedf9dc3a6d78bbf3c09f36b01289531b9aa4709090ff762f38ec55ce2"", ""source_hash"": ""de68ad4bc82d000fe09af84424190d2972bf6b42629317e3f77ce7b886743060"", ""edges"": 153, ""degree_min"": 2, ""degree_max"": 5, ""degree_mean"": 3.9740259740259742, ""degree_std"": 0.8969504753159484, ""components"": 1, ""component_sizes"": [77], ""max_component"": 77, ""local_assignments"": 151115727451828646838272, ""minfill_width"": 15, ""minfill_work"": 192891, ""minfill_order"": [25, 60, 62, 15, 20, 29, 0, 3, 6, 24, 31, 32, 34, 37, 41, 42, 51, 59, 64, 68, 75, 8, 50, 1, 28, 33, 43, 47, 69, 76, 48, 67, 73, 12, 19, 54, 74, 23, 4, 58, 46, 16, 39, 11, 10, 65, 2, 63, 40, 44, 61, 7, 9, 5, 26, 14, 57, 17, 36, 35, 72, 45, 13, 18, 21, 22, 27, 30, 38, 49, 52, 53, 55, 56, 66, 70, 71], ""energy_bound"": 391, ""root_bound"": 512, ""crt_primes"": 3, ""arithmetic_burden"": 296280576, ""coefficient_bound"": ""151115727451828646838272"", ""coupling_multiplicities"": {""3"": 32, ""-1"": 29, ""-2"": 26, ""1"": 30, ""-3"": 18, ""2"": 18}, ""symmetry"": ""not assumed"", ""degree_signature"": [2, 2, 2, 3, 3, 3, 3, 3, 3, 3, 3, 3, 3, 3, 3, 3, 3, 3, 3, 3, 3, 3, 3, 3, 3, 3, 4, 4, 4, 4, 4, 4, 4, 4, 4, 4, 4, 4, 4, 4, 4, 4, 4, 4, 4, 4, 4, 4, 4, 4, 5, 5, 5, 5, 5, 5, 5, 5, 5, 5, 5, 5, 5, 5, 5, 5, 5, 5, 5, 5, 5, 5, 5, 5, 5, 5, 5]}",7316976,"[72362, 72363, 72364, 72365, 72366, 72367, 72368, 72369, 72370, 72371, 72372, 72373, 72374, 72375]","[112, 112, 112, 112, 112, 96, 96, 128, 64, 208, 96, 64, 112, 112]",WARM_SAME_SOURCE,focused
5c2f11067d82e4df68ad5ce2,N083,ec96ba0ad20ce7b3738431e1ba2cc0043af2ce4aef4cf727ab479cd6cdba949d,8bc5fa38060f57ee62ea77c27480f0cd609722fb189fe4d912537e971c0bae89,N96_INDUCED_TRANSITION_LADDER_V1,f2f991d74dfbb2edf7f4475dcb7d82989de00a71e44bb11d4a6fbb49442577b6,"[0, 1, 2, 3]",ccd307e62dc81688d303e9745816e5caa66aebf6794b51bda70a966907d2b2de,33b812f9af5cc8314f243e25945728578480f3f9ce388f7af4605385508d62ec,tie_portfolio,COOP14_MIG_BRANCH_GROUP,1d2a6f95014703ca171206e42701c52355b89dab08ba0a9b72b3d193a3b620d4,WARM_SAME_SOURCE,FRESH_EXACT_SOLVE_WITH_INTERNAL_CHECKS_EXCLUDES_EXTERNAL_VERIFICATION,16,512,3,1,19,3179716,524288,d5207e6b84fbabee961e83f3860a3bacaca585acd736c092903cacdfff692450,NUMPY_BATCHED_INVERSE_NTT_INTEGER_CRT,1,COMPLETE,OBSERVED_PATTERN,True,,,,,,444561408,0.00040040304884314537,0.09181731392163783,0.190108865,0.028408428,0.0032984019489958882,0.014948885051004113,0.007035556016489863,0.236936467,,0.0,74783c7d275e3db213978aa44c102ce557c702d6c791d4ad7d7cae34d1fcc593,"{""N"": 83, ""source_family"": ""N96_INDUCED_TRANSITION_LADDER_V1"", ""graph_hash"": ""8bc5fa38060f57ee62ea77c27480f0cd609722fb189fe4d912537e971c0bae89"", ""source_hash"": ""ec96ba0ad20ce7b3738431e1ba2cc0043af2ce4aef4cf727ab479cd6cdba949d"", ""edges"": 178, ""degree_min"": 2, ""degree_max"": 5, ""degree_mean"": 4.289156626506024, ""degree_std"": 0.7368137277793086, ""components"": 1, ""component_sizes"": [83], ""max_component"": 83, ""local_assignments"": 9671406556917033397649408, ""minfill_width"": 21, ""minfill_work"": 9958635, ""minfill_order"": [60, 15, 20, 0, 6, 12, 25, 32, 41, 51, 59, 64, 50, 34, 42, 62, 11, 76, 82, 24, 3, 33, 68, 38, 48, 63, 67, 39, 8, 16, 47, 56, 37, 69, 19, 55, 78, 61, 7, 2, 52, 66, 73, 1, 17, 58, 77, 71, 9, 65, 10, 43, 46, 27, 70, 49, 13, 30, 40, 75, 14, 57, 4, 5, 18, 21, 22, 23, 26, 28, 29, 31, 35, 36, 44, 45, 53, 54, 72, 74, 79, 80, 81], ""energy_bound"": 448, ""root_bound"": 512, ""crt_primes"": 3, ""arithmetic_burden"": 15296463360, ""coefficient_bound"": ""9671406556917033397649408"", ""coupling_multiplicities"": {""3"": 33, ""-1"": 34, ""-2"": 30, ""1"": 34, ""-3"": 24, ""2"": 23}, ""symmetry"": ""not assumed"", ""degree_signature"": [2, 3, 3, 3, 3, 3, 3, 3, 3, 3, 3, 3, 4, 4, 4, 4, 4, 4, 4, 4, 4, 4, 4, 4, 4, 4, 4, 4, 4, 4, 4, 4, 4, 4, 4, 4, 4, 4, 4, 4, 4, 4, 4, 4, 4, 4, 5, 5, 5, 5, 5, 5, 5, 5, 5, 5, 5, 5, 5, 5, 5, 5, 5, 5, 5, 5, 5, 5, 5, 5, 5, 5, 5, 5, 5, 5, 5, 5, 5, 5, 5, 5, 5]}",37251984,"[73579, 73580, 73581, 73582, 73583, 73584, 73585, 73586, 73587, 73588, 73589, 73590, 73591, 73592]","[128, 96, 96, 112, 96, 128, 128, 96, 128, 128, 80, 96, 112, 112]",WARM_SAME_SOURCE,focused
5c2f11067d82e4df68ad5ce2,N083,ec96ba0ad20ce7b3738431e1ba2cc0043af2ce4aef4cf727ab479cd6cdba949d,8bc5fa38060f57ee62ea77c27480f0cd609722fb189fe4d912537e971c0bae89,N96_INDUCED_TRANSITION_LADDER_V1,f2f991d74dfbb2edf7f4475dcb7d82989de00a71e44bb11d4a6fbb49442577b6,"[0, 1, 2, 3]",ccd307e62dc81688d303e9745816e5caa66aebf6794b51bda70a966907d2b2de,33b812f9af5cc8314f243e25945728578480f3f9ce388f7af4605385508d62ec,tie_portfolio,COOP14_MIG_BRANCH_GROUP,1d2a6f95014703ca171206e42701c52355b89dab08ba0a9b72b3d193a3b620d4,WARM_SAME_SOURCE,FRESH_EXACT_SOLVE_WITH_INTERNAL_CHECKS_EXCLUDES_EXTERNAL_VERIFICATION,16,512,3,1,19,3179716,524288,d5207e6b84fbabee961e83f3860a3bacaca585acd736c092903cacdfff692450,NUMPY_BATCHED_INVERSE_NTT_INTEGER_CRT,2,COMPLETE,OBSERVED_PATTERN,True,,,,,,444561408,0.00040040304884314537,0.09181731392163783,0.181512597,0.029031976,0.004703155951574445,0.019743671048425556,0.007396558998152614,0.235163407,,0.0,74783c7d275e3db213978aa44c102ce557c702d6c791d4ad7d7cae34d1fcc593,"{""N"": 83, ""source_family"": ""N96_INDUCED_TRANSITION_LADDER_V1"", ""graph_hash"": ""8bc5fa38060f57ee62ea77c27480f0cd609722fb189fe4d912537e971c0bae89"", ""source_hash"": ""ec96ba0ad20ce7b3738431e1ba2cc0043af2ce4aef4cf727ab479cd6cdba949d"", ""edges"": 178, ""degree_min"": 2, ""degree_max"": 5, ""degree_mean"": 4.289156626506024, ""degree_std"": 0.7368137277793086, ""components"": 1, ""component_sizes"": [83], ""max_component"": 83, ""local_assignments"": 9671406556917033397649408, ""minfill_width"": 21, ""minfill_work"": 9958635, ""minfill_order"": [60, 15, 20, 0, 6, 12, 25, 32, 41, 51, 59, 64, 50, 34, 42, 62, 11, 76, 82, 24, 3, 33, 68, 38, 48, 63, 67, 39, 8, 16, 47, 56, 37, 69, 19, 55, 78, 61, 7, 2, 52, 66, 73, 1, 17, 58, 77, 71, 9, 65, 10, 43, 46, 27, 70, 49, 13, 30, 40, 75, 14, 57, 4, 5, 18, 21, 22, 23, 26, 28, 29, 31, 35, 36, 44, 45, 53, 54, 72, 74, 79, 80, 81], ""energy_bound"": 448, ""root_bound"": 512, ""crt_primes"": 3, ""arithmetic_burden"": 15296463360, ""coefficient_bound"": ""9671406556917033397649408"", ""coupling_multiplicities"": {""3"": 33, ""-1"": 34, ""-2"": 30, ""1"": 34, ""-3"": 24, ""2"": 23}, ""symmetry"": ""not assumed"", ""degree_signature"": [2, 3, 3, 3, 3, 3, 3, 3, 3, 3, 3, 3, 4, 4, 4, 4, 4, 4, 4, 4, 4, 4, 4, 4, 4, 4, 4, 4, 4, 4, 4, 4, 4, 4, 4, 4, 4, 4, 4, 4, 4, 4, 4, 4, 4, 4, 5, 5, 5, 5, 5, 5, 5, 5, 5, 5, 5, 5, 5, 5, 5, 5, 5, 5, 5, 5, 5, 5, 5, 5, 5, 5, 5, 5, 5, 5, 5, 5, 5, 5, 5, 5, 5]}",37251984,"[73579, 73580, 73581, 73582, 73583, 73584, 73585, 73586, 73587, 73588, 73589, 73590, 73591, 73592]","[128, 96, 112, 96, 128, 96, 144, 96, 128, 80, 128, 96, 128, 80]",WARM_SAME_SOURCE,focused
5c2f11067d82e4df68ad5ce2,N083,ec96ba0ad20ce7b3738431e1ba2cc0043af2ce4aef4cf727ab479cd6cdba949d,8bc5fa38060f57ee62ea77c27480f0cd609722fb189fe4d912537e971c0bae89,N96_INDUCED_TRANSITION_LADDER_V1,f2f991d74dfbb2edf7f4475dcb7d82989de00a71e44bb11d4a6fbb49442577b6,"[0, 1, 2, 3]",ccd307e62dc81688d303e9745816e5caa66aebf6794b51bda70a966907d2b2de,33b812f9af5cc8314f243e25945728578480f3f9ce388f7af4605385508d62ec,tie_portfolio,COOP14_MIG_BRANCH_GROUP,1d2a6f95014703ca171206e42701c52355b89dab08ba0a9b72b3d193a3b620d4,WARM_SAME_SOURCE,FRESH_EXACT_SOLVE_WITH_INTERNAL_CHECKS_EXCLUDES_EXTERNAL_VERIFICATION,16,512,3,1,19,3179716,524288,d5207e6b84fbabee961e83f3860a3bacaca585acd736c092903cacdfff692450,NUMPY_BATCHED_INVERSE_NTT_INTEGER_CRT,3,COMPLETE,OBSERVED_PATTERN,True,,,,,,444561408,0.00040040304884314537,0.09181731392163783,0.218545202,0.033578525,0.005392833147197962,0.02193187285280204,0.007062674965709448,0.279610181,,0.0,74783c7d275e3db213978aa44c102ce557c702d6c791d4ad7d7cae34d1fcc593,"{""N"": 83, ""source_family"": ""N96_INDUCED_TRANSITION_LADDER_V1"", ""graph_hash"": ""8bc5fa38060f57ee62ea77c27480f0cd609722fb189fe4d912537e971c0bae89"", ""source_hash"": ""ec96ba0ad20ce7b3738431e1ba2cc0043af2ce4aef4cf727ab479cd6cdba949d"", ""edges"": 178, ""degree_min"": 2, ""degree_max"": 5, ""degree_mean"": 4.289156626506024, ""degree_std"": 0.7368137277793086, ""components"": 1, ""component_sizes"": [83], ""max_component"": 83, ""local_assignments"": 9671406556917033397649408, ""minfill_width"": 21, ""minfill_work"": 9958635, ""minfill_order"": [60, 15, 20, 0, 6, 12, 25, 32, 41, 51, 59, 64, 50, 34, 42, 62, 11, 76, 82, 24, 3, 33, 68, 38, 48, 63, 67, 39, 8, 16, 47, 56, 37, 69, 19, 55, 78, 61, 7, 2, 52, 66, 73, 1, 17, 58, 77, 71, 9, 65, 10, 43, 46, 27, 70, 49, 13, 30, 40, 75, 14, 57, 4, 5, 18, 21, 22, 23, 26, 28, 29, 31, 35, 36, 44, 45, 53, 54, 72, 74, 79, 80, 81], ""energy_bound"": 448, ""root_bound"": 512, ""crt_primes"": 3, ""arithmetic_burden"": 15296463360, ""coefficient_bound"": ""9671406556917033397649408"", ""coupling_multiplicities"": {""3"": 33, ""-1"": 34, ""-2"": 30, ""1"": 34, ""-3"": 24, ""2"": 23}, ""symmetry"": ""not assumed"", ""degree_signature"": [2, 3, 3, 3, 3, 3, 3, 3, 3, 3, 3, 3, 4, 4, 4, 4, 4, 4, 4, 4, 4, 4, 4, 4, 4, 4, 4, 4, 4, 4, 4, 4, 4, 4, 4, 4, 4, 4, 4, 4, 4, 4, 4, 4, 4, 4, 5, 5, 5, 5, 5, 5, 5, 5, 5, 5, 5, 5, 5, 5, 5, 5, 5, 5, 5, 5, 5, 5, 5, 5, 5, 5, 5, 5, 5, 5, 5, 5, 5, 5, 5, 5, 5]}",37251984,"[73579, 73580, 73581, 73582, 73583, 73584, 73585, 73586, 73587, 73588, 73589, 73590, 73591, 73592]","[96, 96, 144, 128, 96, 80, 128, 128, 96, 112, 128, 80, 128, 96]",WARM_SAME_SOURCE,focused
