question_id,source_key,source_hash,graph_hash,source_lineage,ordered_ports_hash,ordered_ports,plan_hash,retained_plan_hash,method,backend_id,worker_topology_id,cache_state,timing_scope,root_batch,root_count,CRT_prime_count,branch_count,retained_width,weighted_entries,estimated_factor_peak_entries,runtime_package_hash,readout_backend,repeat,cost_context,status,map_bytes,worker_pids,participation,worker_preparation_kind,warm_training_eligible,measured_memory_bytes,engine_mode,structural_planning_seconds,source_preparation_seconds,worker_preparation_seconds,modular_gpu_seconds,readout_seconds,crt_reconstruction_seconds,verification_seconds,end_to_end_solve_seconds,process_startup_seconds,verification_hash,PRE_features
07038db5aac24bb7e823e742,N072,2c949e8f79d3db8e94006a1e043cf1865a85042263efe0e3794f0385ac4e8ff4,645ec4b5f11db7d843704080284a94872bc81e317cd1f3a9150949add7913874,N96_INDUCED_TRANSITION_LADDER_V1,f2f991d74dfbb2edf7f4475dcb7d82989de00a71e44bb11d4a6fbb49442577b6,"[0, 1, 2, 3]",0a97dafbbf7cec197eedf4a4e42a4a9c12016d00e6b90bbb1e3d91a527971fce,017641906e7f6fc870196e5ffd95c6cc58471502d4a162f385413926d500bcf0,tie_portfolio,COOP14_MIG_BRANCH_GROUP,1d2a6f95014703ca171206e42701c52355b89dab08ba0a9b72b3d193a3b620d4,COLD,FRESH_EXACT_SOLVE_WITH_INTERNAL_CHECKS_EXCLUDES_EXTERNAL_VERIFICATION,16,512,3,1,13,37446,8192,d5207e6b84fbabee961e83f3860a3bacaca585acd736c092903cacdfff692450,NUMPY_BATCHED_INVERSE_NTT_INTEGER_CRT,0,COMPLETE,OBSERVED_PATTERN,407280,"[52419, 52420, 52421, 52422, 52423, 52424, 52425, 52426, 52427, 52428, 52429, 52430, 52431, 52432]","[112, 112, 128, 80, 80, 80, 64, 80, 128, 128, 144, 144, 128, 128]",COLD_WORKER_INITIALIZATION,False,5459968,focused,1.1244570659473538,0.006868715048767626,12.406772027,0.02309609,0.004651864874176681,0.015115565125823318,0.005233015050180256,12.449768805,0.0,8b777c8d39398abd04cbe8f8f4708678831da85ebdd000cacf07d5dfe9606516,"{""N"": 72, ""source_family"": ""N96_INDUCED_TRANSITION_LADDER_V1"", ""graph_hash"": ""645ec4b5f11db7d843704080284a94872bc81e317cd1f3a9150949add7913874"", ""source_hash"": ""2c949e8f79d3db8e94006a1e043cf1865a85042263efe0e3794f0385ac4e8ff4"", ""edges"": 132, ""degree_min"": 1, ""degree_max"": 5, ""degree_mean"": 3.6666666666666665, ""degree_std"": 0.927960727138337, ""components"": 1, ""component_sizes"": [72], ""max_component"": 72, ""local_assignments"": 4722366482869645213696, ""minfill_width"": 13, ""minfill_work"": 43537, ""minfill_order"": [25, 1, 11, 62, 60, 15, 20, 29, 0, 3, 6, 23, 27, 31, 32, 34, 37, 39, 52, 41, 42, 43, 64, 48, 59, 68, 8, 50, 24, 17, 33, 38, 47, 66, 69, 7, 45, 63, 9, 70, 58, 18, 51, 61, 46, 16, 10, 2, 4, 5, 26, 12, 30, 65, 19, 14, 44, 54, 13, 21, 22, 28, 35, 36, 40, 49, 53, 55, 56, 57, 67, 71], ""energy_bound"": 349, ""root_bound"": 512, ""crt_primes"": 3, ""arithmetic_burden"": 66872832, ""coefficient_bound"": ""4722366482869645213696"", ""coupling_multiplicities"": {""3"": 30, ""-1"": 23, ""-2"": 23, ""1"": 24, ""-3"": 15, ""2"": 17}, ""symmetry"": ""not assumed"", ""degree_signature"": [1, 2, 2, 2, 2, 3, 3, 3, 3, 3, 3, 3, 3, 3, 3, 3, 3, 3, 3, 3, 3, 3, 3, 3, 3, 3, 3, 3, 3, 3, 3, 3, 3, 3, 4, 4, 4, 4, 4, 4, 4, 4, 4, 4, 4, 4, 4, 4, 4, 4, 4, 4, 4, 4, 4, 4, 5, 5, 5, 5, 5, 5, 5, 5, 5, 5, 5, 5, 5, 5, 5, 5]}"
07038db5aac24bb7e823e742,N072,2c949e8f79d3db8e94006a1e043cf1865a85042263efe0e3794f0385ac4e8ff4,645ec4b5f11db7d843704080284a94872bc81e317cd1f3a9150949add7913874,N96_INDUCED_TRANSITION_LADDER_V1,f2f991d74dfbb2edf7f4475dcb7d82989de00a71e44bb11d4a6fbb49442577b6,"[0, 1, 2, 3]",0a97dafbbf7cec197eedf4a4e42a4a9c12016d00e6b90bbb1e3d91a527971fce,017641906e7f6fc870196e5ffd95c6cc58471502d4a162f385413926d500bcf0,tie_portfolio,COOP14_MIG_BRANCH_GROUP,1d2a6f95014703ca171206e42701c52355b89dab08ba0a9b72b3d193a3b620d4,WARM_SAME_SOURCE,FRESH_EXACT_SOLVE_WITH_INTERNAL_CHECKS_EXCLUDES_EXTERNAL_VERIFICATION,16,512,3,1,13,37446,8192,d5207e6b84fbabee961e83f3860a3bacaca585acd736c092903cacdfff692450,NUMPY_BATCHED_INVERSE_NTT_INTEGER_CRT,1,COMPLETE,OBSERVED_PATTERN,407280,"[52419, 52420, 52421, 52422, 52423, 52424, 52425, 52426, 52427, 52428, 52429, 52430, 52431, 52432]","[80, 96, 96, 96, 96, 112, 144, 112, 96, 96, 176, 80, 160, 96]",WARM_SAME_SOURCE,True,5459968,focused,1.1244570659473538,0.006868715048767626,0.053221361,0.018727809,0.0018803859129548073,0.007730949087045193,0.005198265076614916,0.081637483,0.0,8b777c8d39398abd04cbe8f8f4708678831da85ebdd000cacf07d5dfe9606516,"{""N"": 72, ""source_family"": ""N96_INDUCED_TRANSITION_LADDER_V1"", ""graph_hash"": ""645ec4b5f11db7d843704080284a94872bc81e317cd1f3a9150949add7913874"", ""source_hash"": ""2c949e8f79d3db8e94006a1e043cf1865a85042263efe0e3794f0385ac4e8ff4"", ""edges"": 132, ""degree_min"": 1, ""degree_max"": 5, ""degree_mean"": 3.6666666666666665, ""degree_std"": 0.927960727138337, ""components"": 1, ""component_sizes"": [72], ""max_component"": 72, ""local_assignments"": 4722366482869645213696, ""minfill_width"": 13, ""minfill_work"": 43537, ""minfill_order"": [25, 1, 11, 62, 60, 15, 20, 29, 0, 3, 6, 23, 27, 31, 32, 34, 37, 39, 52, 41, 42, 43, 64, 48, 59, 68, 8, 50, 24, 17, 33, 38, 47, 66, 69, 7, 45, 63, 9, 70, 58, 18, 51, 61, 46, 16, 10, 2, 4, 5, 26, 12, 30, 65, 19, 14, 44, 54, 13, 21, 22, 28, 35, 36, 40, 49, 53, 55, 56, 57, 67, 71], ""energy_bound"": 349, ""root_bound"": 512, ""crt_primes"": 3, ""arithmetic_burden"": 66872832, ""coefficient_bound"": ""4722366482869645213696"", ""coupling_multiplicities"": {""3"": 30, ""-1"": 23, ""-2"": 23, ""1"": 24, ""-3"": 15, ""2"": 17}, ""symmetry"": ""not assumed"", ""degree_signature"": [1, 2, 2, 2, 2, 3, 3, 3, 3, 3, 3, 3, 3, 3, 3, 3, 3, 3, 3, 3, 3, 3, 3, 3, 3, 3, 3, 3, 3, 3, 3, 3, 3, 3, 4, 4, 4, 4, 4, 4, 4, 4, 4, 4, 4, 4, 4, 4, 4, 4, 4, 4, 4, 4, 4, 4, 5, 5, 5, 5, 5, 5, 5, 5, 5, 5, 5, 5, 5, 5, 5, 5]}"
07038db5aac24bb7e823e742,N072,2c949e8f79d3db8e94006a1e043cf1865a85042263efe0e3794f0385ac4e8ff4,645ec4b5f11db7d843704080284a94872bc81e317cd1f3a9150949add7913874,N96_INDUCED_TRANSITION_LADDER_V1,f2f991d74dfbb2edf7f4475dcb7d82989de00a71e44bb11d4a6fbb49442577b6,"[0, 1, 2, 3]",0a97dafbbf7cec197eedf4a4e42a4a9c12016d00e6b90bbb1e3d91a527971fce,017641906e7f6fc870196e5ffd95c6cc58471502d4a162f385413926d500bcf0,tie_portfolio,COOP14_MIG_BRANCH_GROUP,1d2a6f95014703ca171206e42701c52355b89dab08ba0a9b72b3d193a3b620d4,WARM_SAME_SOURCE,FRESH_EXACT_SOLVE_WITH_INTERNAL_CHECKS_EXCLUDES_EXTERNAL_VERIFICATION,16,512,3,1,13,37446,8192,d5207e6b84fbabee961e83f3860a3bacaca585acd736c092903cacdfff692450,NUMPY_BATCHED_INVERSE_NTT_INTEGER_CRT,2,COMPLETE,OBSERVED_PATTERN,407280,"[52419, 52420, 52421, 52422, 52423, 52424, 52425, 52426, 52427, 52428, 52429, 52430, 52431, 52432]","[80, 176, 80, 128, 192, 80, 80, 80, 128, 112, 80, 128, 112, 80]",WARM_SAME_SOURCE,True,5459968,focused,1.1244570659473538,0.006868715048767626,0.060579087,0.021110086,0.003318689181469381,0.012160858818530618,0.005447251023724675,0.097292079,0.0,8b777c8d39398abd04cbe8f8f4708678831da85ebdd000cacf07d5dfe9606516,"{""N"": 72, ""source_family"": ""N96_INDUCED_TRANSITION_LADDER_V1"", ""graph_hash"": ""645ec4b5f11db7d843704080284a94872bc81e317cd1f3a9150949add7913874"", ""source_hash"": ""2c949e8f79d3db8e94006a1e043cf1865a85042263efe0e3794f0385ac4e8ff4"", ""edges"": 132, ""degree_min"": 1, ""degree_max"": 5, ""degree_mean"": 3.6666666666666665, ""degree_std"": 0.927960727138337, ""components"": 1, ""component_sizes"": [72], ""max_component"": 72, ""local_assignments"": 4722366482869645213696, ""minfill_width"": 13, ""minfill_work"": 43537, ""minfill_order"": [25, 1, 11, 62, 60, 15, 20, 29, 0, 3, 6, 23, 27, 31, 32, 34, 37, 39, 52, 41, 42, 43, 64, 48, 59, 68, 8, 50, 24, 17, 33, 38, 47, 66, 69, 7, 45, 63, 9, 70, 58, 18, 51, 61, 46, 16, 10, 2, 4, 5, 26, 12, 30, 65, 19, 14, 44, 54, 13, 21, 22, 28, 35, 36, 40, 49, 53, 55, 56, 57, 67, 71], ""energy_bound"": 349, ""root_bound"": 512, ""crt_primes"": 3, ""arithmetic_burden"": 66872832, ""coefficient_bound"": ""4722366482869645213696"", ""coupling_multiplicities"": {""3"": 30, ""-1"": 23, ""-2"": 23, ""1"": 24, ""-3"": 15, ""2"": 17}, ""symmetry"": ""not assumed"", ""degree_signature"": [1, 2, 2, 2, 2, 3, 3, 3, 3, 3, 3, 3, 3, 3, 3, 3, 3, 3, 3, 3, 3, 3, 3, 3, 3, 3, 3, 3, 3, 3, 3, 3, 3, 3, 4, 4, 4, 4, 4, 4, 4, 4, 4, 4, 4, 4, 4, 4, 4, 4, 4, 4, 4, 4, 4, 4, 5, 5, 5, 5, 5, 5, 5, 5, 5, 5, 5, 5, 5, 5, 5, 5]}"
07038db5aac24bb7e823e742,N072,2c949e8f79d3db8e94006a1e043cf1865a85042263efe0e3794f0385ac4e8ff4,645ec4b5f11db7d843704080284a94872bc81e317cd1f3a9150949add7913874,N96_INDUCED_TRANSITION_LADDER_V1,f2f991d74dfbb2edf7f4475dcb7d82989de00a71e44bb11d4a6fbb49442577b6,"[0, 1, 2, 3]",0a97dafbbf7cec197eedf4a4e42a4a9c12016d00e6b90bbb1e3d91a527971fce,017641906e7f6fc870196e5ffd95c6cc58471502d4a162f385413926d500bcf0,tie_portfolio,COOP14_MIG_BRANCH_GROUP,1d2a6f95014703ca171206e42701c52355b89dab08ba0a9b72b3d193a3b620d4,WARM_SAME_SOURCE,FRESH_EXACT_SOLVE_WITH_INTERNAL_CHECKS_EXCLUDES_EXTERNAL_VERIFICATION,16,512,3,1,13,37446,8192,d5207e6b84fbabee961e83f3860a3bacaca585acd736c092903cacdfff692450,NUMPY_BATCHED_INVERSE_NTT_INTEGER_CRT,3,COMPLETE,OBSERVED_PATTERN,407280,"[52419, 52420, 52421, 52422, 52423, 52424, 52425, 52426, 52427, 52428, 52429, 52430, 52431, 52432]","[144, 96, 96, 112, 160, 128, 80, 64, 176, 64, 144, 96, 96, 80]",WARM_SAME_SOURCE,True,5459968,focused,1.1244570659473538,0.006868715048767626,0.078354494,0.02137664,0.0034154088934883475,0.012200117106511652,0.005052878055721521,0.115476868,0.0,8b777c8d39398abd04cbe8f8f4708678831da85ebdd000cacf07d5dfe9606516,"{""N"": 72, ""source_family"": ""N96_INDUCED_TRANSITION_LADDER_V1"", ""graph_hash"": ""645ec4b5f11db7d843704080284a94872bc81e317cd1f3a9150949add7913874"", ""source_hash"": ""2c949e8f79d3db8e94006a1e043cf1865a85042263efe0e3794f0385ac4e8ff4"", ""edges"": 132, ""degree_min"": 1, ""degree_max"": 5, ""degree_mean"": 3.6666666666666665, ""degree_std"": 0.927960727138337, ""components"": 1, ""component_sizes"": [72], ""max_component"": 72, ""local_assignments"": 4722366482869645213696, ""minfill_width"": 13, ""minfill_work"": 43537, ""minfill_order"": [25, 1, 11, 62, 60, 15, 20, 29, 0, 3, 6, 23, 27, 31, 32, 34, 37, 39, 52, 41, 42, 43, 64, 48, 59, 68, 8, 50, 24, 17, 33, 38, 47, 66, 69, 7, 45, 63, 9, 70, 58, 18, 51, 61, 46, 16, 10, 2, 4, 5, 26, 12, 30, 65, 19, 14, 44, 54, 13, 21, 22, 28, 35, 36, 40, 49, 53, 55, 56, 57, 67, 71], ""energy_bound"": 349, ""root_bound"": 512, ""crt_primes"": 3, ""arithmetic_burden"": 66872832, ""coefficient_bound"": ""4722366482869645213696"", ""coupling_multiplicities"": {""3"": 30, ""-1"": 23, ""-2"": 23, ""1"": 24, ""-3"": 15, ""2"": 17}, ""symmetry"": ""not assumed"", ""degree_signature"": [1, 2, 2, 2, 2, 3, 3, 3, 3, 3, 3, 3, 3, 3, 3, 3, 3, 3, 3, 3, 3, 3, 3, 3, 3, 3, 3, 3, 3, 3, 3, 3, 3, 3, 4, 4, 4, 4, 4, 4, 4, 4, 4, 4, 4, 4, 4, 4, 4, 4, 4, 4, 4, 4, 4, 4, 5, 5, 5, 5, 5, 5, 5, 5, 5, 5, 5, 5, 5, 5, 5, 5]}"
9dde4ca1719442aae86d0d44,N084,a9276261b491353b7a97dfe6fa8053ce22f644b61fc21d0b3c8e160a13727b0c,87e50f929aae0668d5104e5418201bb1a55e05f9990e161d8608b4272056b2f4,N96_INDUCED_TRANSITION_LADDER_V1,f2f991d74dfbb2edf7f4475dcb7d82989de00a71e44bb11d4a6fbb49442577b6,"[0, 1, 2, 3]",df459afe4918c4a5d2601a5fc00975c11aee6d4fd21a1ef6c4aa65578eb9404b,9f27ccc3889c6e14860e169491c096f1b7f9264d9e9daa25ad5d912e43e99648,expanded_portfolio,COOP14_MIG_BRANCH_GROUP,1d2a6f95014703ca171206e42701c52355b89dab08ba0a9b72b3d193a3b620d4,COLD,FRESH_EXACT_SOLVE_WITH_INTERNAL_CHECKS_EXCLUDES_EXTERNAL_VERIFICATION,16,512,3,8,16,4066208,65536,d5207e6b84fbabee961e83f3860a3bacaca585acd736c092903cacdfff692450,NUMPY_BATCHED_INVERSE_NTT_INTEGER_CRT,0,COMPLETE,OBSERVED_PATTERN,5424144,"[52752, 52753, 52754, 52755, 52756, 52757, 52758, 52759, 52760, 52761, 52762, 52763, 52764, 52765]","[112, 112, 112, 96, 112, 96, 128, 112, 96, 112, 112, 96, 112, 128]",COLD_WORKER_INITIALIZATION,False,72135680,focused,2.756655086996034,0.017388643929734826,9.943080196,0.099829443,0.005019298056140542,0.04159166294385946,0.006387953995727003,10.089637768,0.0,c3fd9c86bbc441f4e170d8c75189db0f271a4aaaaefeffffee315ea3b0aa0401,"{""N"": 84, ""source_family"": ""N96_INDUCED_TRANSITION_LADDER_V1"", ""graph_hash"": ""87e50f929aae0668d5104e5418201bb1a55e05f9990e161d8608b4272056b2f4"", ""source_hash"": ""a9276261b491353b7a97dfe6fa8053ce22f644b61fc21d0b3c8e160a13727b0c"", ""edges"": 183, ""degree_min"": 2, ""degree_max"": 5, ""degree_mean"": 4.357142857142857, ""degree_std"": 0.7342449497671083, ""components"": 1, ""component_sizes"": [84], ""max_component"": 84, ""local_assignments"": 19342813113834066795298816, ""minfill_width"": 22, ""minfill_work"": 15123219, ""minfill_order"": [60, 15, 20, 0, 6, 12, 32, 41, 51, 59, 64, 50, 34, 62, 11, 76, 82, 24, 3, 25, 33, 38, 48, 63, 67, 39, 8, 16, 47, 68, 19, 56, 37, 69, 55, 65, 7, 43, 2, 52, 40, 66, 17, 77, 22, 58, 72, 79, 42, 9, 61, 75, 10, 73, 78, 27, 74, 46, 57, 35, 36, 1, 4, 5, 13, 14, 18, 21, 23, 26, 28, 29, 30, 31, 44, 45, 49, 53, 54, 70, 71, 80, 81, 83], ""energy_bound"": 460, ""root_bound"": 512, ""crt_primes"": 3, ""arithmetic_burden"": 23229264384, ""coefficient_bound"": ""19342813113834066795298816"", ""coupling_multiplicities"": {""3"": 34, ""-1"": 35, ""-2"": 32, ""1"": 34, ""-3"": 24, ""2"": 24}, ""symmetry"": ""not assumed"", ""degree_signature"": [2, 3, 3, 3, 3, 3, 3, 3, 3, 3, 3, 4, 4, 4, 4, 4, 4, 4, 4, 4, 4, 4, 4, 4, 4, 4, 4, 4, 4, 4, 4, 4, 4, 4, 4, 4, 4, 4, 4, 4, 4, 4, 5, 5, 5, 5, 5, 5, 5, 5, 5, 5, 5, 5, 5, 5, 5, 5, 5, 5, 5, 5, 5, 5, 5, 5, 5, 5, 5, 5, 5, 5, 5, 5, 5, 5, 5, 5, 5, 5, 5, 5, 5, 5]}"
9dde4ca1719442aae86d0d44,N084,a9276261b491353b7a97dfe6fa8053ce22f644b61fc21d0b3c8e160a13727b0c,87e50f929aae0668d5104e5418201bb1a55e05f9990e161d8608b4272056b2f4,N96_INDUCED_TRANSITION_LADDER_V1,f2f991d74dfbb2edf7f4475dcb7d82989de00a71e44bb11d4a6fbb49442577b6,"[0, 1, 2, 3]",df459afe4918c4a5d2601a5fc00975c11aee6d4fd21a1ef6c4aa65578eb9404b,9f27ccc3889c6e14860e169491c096f1b7f9264d9e9daa25ad5d912e43e99648,expanded_portfolio,COOP14_MIG_BRANCH_GROUP,1d2a6f95014703ca171206e42701c52355b89dab08ba0a9b72b3d193a3b620d4,WARM_SAME_SOURCE,FRESH_EXACT_SOLVE_WITH_INTERNAL_CHECKS_EXCLUDES_EXTERNAL_VERIFICATION,16,512,3,8,16,4066208,65536,d5207e6b84fbabee961e83f3860a3bacaca585acd736c092903cacdfff692450,NUMPY_BATCHED_INVERSE_NTT_INTEGER_CRT,1,COMPLETE,OBSERVED_PATTERN,5424144,"[52752, 52753, 52754, 52755, 52756, 52757, 52758, 52759, 52760, 52761, 52762, 52763, 52764, 52765]","[112, 112, 112, 112, 112, 96, 112, 112, 96, 112, 112, 112, 112, 112]",WARM_SAME_SOURCE,True,72135680,focused,2.756655086996034,0.017388643929734826,0.255524847,0.089185186,0.00477193295955658,0.02869194804044342,0.006994882016442716,0.37840726,0.0,c3fd9c86bbc441f4e170d8c75189db0f271a4aaaaefeffffee315ea3b0aa0401,"{""N"": 84, ""source_family"": ""N96_INDUCED_TRANSITION_LADDER_V1"", ""graph_hash"": ""87e50f929aae0668d5104e5418201bb1a55e05f9990e161d8608b4272056b2f4"", ""source_hash"": ""a9276261b491353b7a97dfe6fa8053ce22f644b61fc21d0b3c8e160a13727b0c"", ""edges"": 183, ""degree_min"": 2, ""degree_max"": 5, ""degree_mean"": 4.357142857142857, ""degree_std"": 0.7342449497671083, ""components"": 1, ""component_sizes"": [84], ""max_component"": 84, ""local_assignments"": 19342813113834066795298816, ""minfill_width"": 22, ""minfill_work"": 15123219, ""minfill_order"": [60, 15, 20, 0, 6, 12, 32, 41, 51, 59, 64, 50, 34, 62, 11, 76, 82, 24, 3, 25, 33, 38, 48, 63, 67, 39, 8, 16, 47, 68, 19, 56, 37, 69, 55, 65, 7, 43, 2, 52, 40, 66, 17, 77, 22, 58, 72, 79, 42, 9, 61, 75, 10, 73, 78, 27, 74, 46, 57, 35, 36, 1, 4, 5, 13, 14, 18, 21, 23, 26, 28, 29, 30, 31, 44, 45, 49, 53, 54, 70, 71, 80, 81, 83], ""energy_bound"": 460, ""root_bound"": 512, ""crt_primes"": 3, ""arithmetic_burden"": 23229264384, ""coefficient_bound"": ""19342813113834066795298816"", ""coupling_multiplicities"": {""3"": 34, ""-1"": 35, ""-2"": 32, ""1"": 34, ""-3"": 24, ""2"": 24}, ""symmetry"": ""not assumed"", ""degree_signature"": [2, 3, 3, 3, 3, 3, 3, 3, 3, 3, 3, 4, 4, 4, 4, 4, 4, 4, 4, 4, 4, 4, 4, 4, 4, 4, 4, 4, 4, 4, 4, 4, 4, 4, 4, 4, 4, 4, 4, 4, 4, 4, 5, 5, 5, 5, 5, 5, 5, 5, 5, 5, 5, 5, 5, 5, 5, 5, 5, 5, 5, 5, 5, 5, 5, 5, 5, 5, 5, 5, 5, 5, 5, 5, 5, 5, 5, 5, 5, 5, 5, 5, 5, 5]}"
9dde4ca1719442aae86d0d44,N084,a9276261b491353b7a97dfe6fa8053ce22f644b61fc21d0b3c8e160a13727b0c,87e50f929aae0668d5104e5418201bb1a55e05f9990e161d8608b4272056b2f4,N96_INDUCED_TRANSITION_LADDER_V1,f2f991d74dfbb2edf7f4475dcb7d82989de00a71e44bb11d4a6fbb49442577b6,"[0, 1, 2, 3]",df459afe4918c4a5d2601a5fc00975c11aee6d4fd21a1ef6c4aa65578eb9404b,9f27ccc3889c6e14860e169491c096f1b7f9264d9e9daa25ad5d912e43e99648,expanded_portfolio,COOP14_MIG_BRANCH_GROUP,1d2a6f95014703ca171206e42701c52355b89dab08ba0a9b72b3d193a3b620d4,WARM_SAME_SOURCE,FRESH_EXACT_SOLVE_WITH_INTERNAL_CHECKS_EXCLUDES_EXTERNAL_VERIFICATION,16,512,3,8,16,4066208,65536,d5207e6b84fbabee961e83f3860a3bacaca585acd736c092903cacdfff692450,NUMPY_BATCHED_INVERSE_NTT_INTEGER_CRT,2,COMPLETE,OBSERVED_PATTERN,5424144,"[52752, 52753, 52754, 52755, 52756, 52757, 52758, 52759, 52760, 52761, 52762, 52763, 52764, 52765]","[112, 112, 112, 112, 112, 96, 96, 112, 112, 112, 112, 112, 112, 112]",WARM_SAME_SOURCE,True,72135680,focused,2.756655086996034,0.017388643929734826,0.226013704,0.090892155,0.004704055027104914,0.019051382972895086,0.006277475971728563,0.340809184,0.0,c3fd9c86bbc441f4e170d8c75189db0f271a4aaaaefeffffee315ea3b0aa0401,"{""N"": 84, ""source_family"": ""N96_INDUCED_TRANSITION_LADDER_V1"", ""graph_hash"": ""87e50f929aae0668d5104e5418201bb1a55e05f9990e161d8608b4272056b2f4"", ""source_hash"": ""a9276261b491353b7a97dfe6fa8053ce22f644b61fc21d0b3c8e160a13727b0c"", ""edges"": 183, ""degree_min"": 2, ""degree_max"": 5, ""degree_mean"": 4.357142857142857, ""degree_std"": 0.7342449497671083, ""components"": 1, ""component_sizes"": [84], ""max_component"": 84, ""local_assignments"": 19342813113834066795298816, ""minfill_width"": 22, ""minfill_work"": 15123219, ""minfill_order"": [60, 15, 20, 0, 6, 12, 32, 41, 51, 59, 64, 50, 34, 62, 11, 76, 82, 24, 3, 25, 33, 38, 48, 63, 67, 39, 8, 16, 47, 68, 19, 56, 37, 69, 55, 65, 7, 43, 2, 52, 40, 66, 17, 77, 22, 58, 72, 79, 42, 9, 61, 75, 10, 73, 78, 27, 74, 46, 57, 35, 36, 1, 4, 5, 13, 14, 18, 21, 23, 26, 28, 29, 30, 31, 44, 45, 49, 53, 54, 70, 71, 80, 81, 83], ""energy_bound"": 460, ""root_bound"": 512, ""crt_primes"": 3, ""arithmetic_burden"": 23229264384, ""coefficient_bound"": ""19342813113834066795298816"", ""coupling_multiplicities"": {""3"": 34, ""-1"": 35, ""-2"": 32, ""1"": 34, ""-3"": 24, ""2"": 24}, ""symmetry"": ""not assumed"", ""degree_signature"": [2, 3, 3, 3, 3, 3, 3, 3, 3, 3, 3, 4, 4, 4, 4, 4, 4, 4, 4, 4, 4, 4, 4, 4, 4, 4, 4, 4, 4, 4, 4, 4, 4, 4, 4, 4, 4, 4, 4, 4, 4, 4, 5, 5, 5, 5, 5, 5, 5, 5, 5, 5, 5, 5, 5, 5, 5, 5, 5, 5, 5, 5, 5, 5, 5, 5, 5, 5, 5, 5, 5, 5, 5, 5, 5, 5, 5, 5, 5, 5, 5, 5, 5, 5]}"
9dde4ca1719442aae86d0d44,N084,a9276261b491353b7a97dfe6fa8053ce22f644b61fc21d0b3c8e160a13727b0c,87e50f929aae0668d5104e5418201bb1a55e05f9990e161d8608b4272056b2f4,N96_INDUCED_TRANSITION_LADDER_V1,f2f991d74dfbb2edf7f4475dcb7d82989de00a71e44bb11d4a6fbb49442577b6,"[0, 1, 2, 3]",df459afe4918c4a5d2601a5fc00975c11aee6d4fd21a1ef6c4aa65578eb9404b,9f27ccc3889c6e14860e169491c096f1b7f9264d9e9daa25ad5d912e43e99648,expanded_portfolio,COOP14_MIG_BRANCH_GROUP,1d2a6f95014703ca171206e42701c52355b89dab08ba0a9b72b3d193a3b620d4,WARM_SAME_SOURCE,FRESH_EXACT_SOLVE_WITH_INTERNAL_CHECKS_EXCLUDES_EXTERNAL_VERIFICATION,16,512,3,8,16,4066208,65536,d5207e6b84fbabee961e83f3860a3bacaca585acd736c092903cacdfff692450,NUMPY_BATCHED_INVERSE_NTT_INTEGER_CRT,3,COMPLETE,OBSERVED_PATTERN,5424144,"[52752, 52753, 52754, 52755, 52756, 52757, 52758, 52759, 52760, 52761, 52762, 52763, 52764, 52765]","[112, 112, 112, 112, 112, 96, 112, 96, 112, 112, 112, 112, 112, 112]",WARM_SAME_SOURCE,True,72135680,focused,2.756655086996034,0.017388643929734826,0.235665739,0.088775814,0.004749964107759297,0.019931505892240704,0.007053342065773904,0.34928297,0.0,c3fd9c86bbc441f4e170d8c75189db0f271a4aaaaefeffffee315ea3b0aa0401,"{""N"": 84, ""source_family"": ""N96_INDUCED_TRANSITION_LADDER_V1"", ""graph_hash"": ""87e50f929aae0668d5104e5418201bb1a55e05f9990e161d8608b4272056b2f4"", ""source_hash"": ""a9276261b491353b7a97dfe6fa8053ce22f644b61fc21d0b3c8e160a13727b0c"", ""edges"": 183, ""degree_min"": 2, ""degree_max"": 5, ""degree_mean"": 4.357142857142857, ""degree_std"": 0.7342449497671083, ""components"": 1, ""component_sizes"": [84], ""max_component"": 84, ""local_assignments"": 19342813113834066795298816, ""minfill_width"": 22, ""minfill_work"": 15123219, ""minfill_order"": [60, 15, 20, 0, 6, 12, 32, 41, 51, 59, 64, 50, 34, 62, 11, 76, 82, 24, 3, 25, 33, 38, 48, 63, 67, 39, 8, 16, 47, 68, 19, 56, 37, 69, 55, 65, 7, 43, 2, 52, 40, 66, 17, 77, 22, 58, 72, 79, 42, 9, 61, 75, 10, 73, 78, 27, 74, 46, 57, 35, 36, 1, 4, 5, 13, 14, 18, 21, 23, 26, 28, 29, 30, 31, 44, 45, 49, 53, 54, 70, 71, 80, 81, 83], ""energy_bound"": 460, ""root_bound"": 512, ""crt_primes"": 3, ""arithmetic_burden"": 23229264384, ""coefficient_bound"": ""19342813113834066795298816"", ""coupling_multiplicities"": {""3"": 34, ""-1"": 35, ""-2"": 32, ""1"": 34, ""-3"": 24, ""2"": 24}, ""symmetry"": ""not assumed"", ""degree_signature"": [2, 3, 3, 3, 3, 3, 3, 3, 3, 3, 3, 4, 4, 4, 4, 4, 4, 4, 4, 4, 4, 4, 4, 4, 4, 4, 4, 4, 4, 4, 4, 4, 4, 4, 4, 4, 4, 4, 4, 4, 4, 4, 5, 5, 5, 5, 5, 5, 5, 5, 5, 5, 5, 5, 5, 5, 5, 5, 5, 5, 5, 5, 5, 5, 5, 5, 5, 5, 5, 5, 5, 5, 5, 5, 5, 5, 5, 5, 5, 5, 5, 5, 5, 5]}"
197cc0f45f3d045624685aed,N090,6b3e60db691983154e059577c5a5e4ad912c1b3e9347d81507a90c49fe59e463,6eb160420fa48047e1e8b134dd33e3fd7cdf46a24a92f216b327b4e2515fa9fd,N96_INDUCED_TRANSITION_LADDER_V1,f2f991d74dfbb2edf7f4475dcb7d82989de00a71e44bb11d4a6fbb49442577b6,"[0, 1, 2, 3]",d0fbd9c30f0ddd4afca8c2fad3d9e2eca42d5ea75dcaf6641a37b6d3f5ad0783,85b855a31f767bfadf02a46d1eb9145d05754020437aca5ef6718b99130d4602,fresh_min_fill,COOP14_MIG_BRANCH_GROUP,1d2a6f95014703ca171206e42701c52355b89dab08ba0a9b72b3d193a3b620d4,COLD,FRESH_EXACT_SOLVE_WITH_INTERNAL_CHECKS_EXCLUDES_EXTERNAL_VERIFICATION,16,1024,4,32,18,58879232,262144,d5207e6b84fbabee961e83f3860a3bacaca585acd736c092903cacdfff692450,NUMPY_BATCHED_INVERSE_NTT_INTEGER_CRT,0,COMPLETE,OBSERVED_PATTERN,20657072,"[53052, 53053, 53054, 53055, 53056, 53057, 53059, 53060, 53061, 53062, 53063, 53064, 53065, 53066]","[288, 304, 288, 288, 288, 288, 288, 288, 304, 288, 288, 304, 288, 304]",COLD_WORKER_INITIALIZATION,False,262880768,focused,0.0004215630469843745,0.06996255600824952,10.453887706,1.051773739,0.009378057904541492,0.02267184809545851,0.008220749907195568,11.537881498,0.0,9c0fa4186a9acf3cbe491cac1da1a4dbb77efe64bb7917685fcdf0426acfd661,"{""N"": 90, ""source_family"": ""N96_INDUCED_TRANSITION_LADDER_V1"", ""graph_hash"": ""6eb160420fa48047e1e8b134dd33e3fd7cdf46a24a92f216b327b4e2515fa9fd"", ""source_hash"": ""6b3e60db691983154e059577c5a5e4ad912c1b3e9347d81507a90c49fe59e463"", ""edges"": 210, ""degree_min"": 2, ""degree_max"": 5, ""degree_mean"": 4.666666666666667, ""degree_std"": 0.5962847939999439, ""components"": 1, ""component_sizes"": [90], ""max_component"": 90, ""local_assignments"": 1237940039285380274899124224, ""minfill_width"": 28, ""minfill_work"": 951809499, ""minfill_order"": [60, 0, 20, 41, 15, 16, 34, 3, 12, 22, 25, 33, 48, 51, 59, 67, 81, 50, 68, 77, 11, 14, 23, 39, 63, 76, 78, 32, 6, 8, 38, 37, 4, 42, 61, 79, 52, 58, 31, 47, 84, 19, 73, 13, 17, 29, 55, 7, 89, 62, 9, 40, 2, 86, 10, 88, 46, 30, 75, 36, 69, 1, 5, 18, 21, 24, 26, 27, 28, 35, 43, 44, 45, 49, 53, 54, 56, 57, 64, 65, 66, 70, 71, 72, 74, 80, 82, 83, 85, 87], ""energy_bound"": 521, ""root_bound"": 1024, ""crt_primes"": 4, ""arithmetic_burden"": 3898611707904, ""coefficient_bound"": ""1237940039285380274899124224"", ""coupling_multiplicities"": {""3"": 40, ""-1"": 40, ""-2"": 37, ""1"": 39, ""-3"": 27, ""2"": 27}, ""symmetry"": ""not assumed"", ""degree_signature"": [2, 3, 3, 3, 4, 4, 4, 4, 4, 4, 4, 4, 4, 4, 4, 4, 4, 4, 4, 4, 4, 4, 4, 4, 4, 5, 5, 5, 5, 5, 5, 5, 5, 5, 5, 5, 5, 5, 5, 5, 5, 5, 5, 5, 5, 5, 5, 5, 5, 5, 5, 5, 5, 5, 5, 5, 5, 5, 5, 5, 5, 5, 5, 5, 5, 5, 5, 5, 5, 5, 5, 5, 5, 5, 5, 5, 5, 5, 5, 5, 5, 5, 5, 5, 5, 5, 5, 5, 5, 5]}"
197cc0f45f3d045624685aed,N090,6b3e60db691983154e059577c5a5e4ad912c1b3e9347d81507a90c49fe59e463,6eb160420fa48047e1e8b134dd33e3fd7cdf46a24a92f216b327b4e2515fa9fd,N96_INDUCED_TRANSITION_LADDER_V1,f2f991d74dfbb2edf7f4475dcb7d82989de00a71e44bb11d4a6fbb49442577b6,"[0, 1, 2, 3]",d0fbd9c30f0ddd4afca8c2fad3d9e2eca42d5ea75dcaf6641a37b6d3f5ad0783,85b855a31f767bfadf02a46d1eb9145d05754020437aca5ef6718b99130d4602,fresh_min_fill,COOP14_MIG_BRANCH_GROUP,1d2a6f95014703ca171206e42701c52355b89dab08ba0a9b72b3d193a3b620d4,WARM_SAME_SOURCE,FRESH_EXACT_SOLVE_WITH_INTERNAL_CHECKS_EXCLUDES_EXTERNAL_VERIFICATION,16,1024,4,32,18,58879232,262144,d5207e6b84fbabee961e83f3860a3bacaca585acd736c092903cacdfff692450,NUMPY_BATCHED_INVERSE_NTT_INTEGER_CRT,1,COMPLETE,OBSERVED_PATTERN,20657072,"[53052, 53053, 53054, 53055, 53056, 53057, 53059, 53060, 53061, 53062, 53063, 53064, 53065, 53066]","[304, 288, 288, 304, 288, 304, 288, 288, 288, 288, 288, 304, 288, 288]",WARM_SAME_SOURCE,True,262880768,focused,0.0004215630469843745,0.06996255600824952,0.706897619,1.039831857,0.005538259167224169,0.01449592583277583,0.021443499019369483,1.766909158,0.0,9c0fa4186a9acf3cbe491cac1da1a4dbb77efe64bb7917685fcdf0426acfd661,"{""N"": 90, ""source_family"": ""N96_INDUCED_TRANSITION_LADDER_V1"", ""graph_hash"": ""6eb160420fa48047e1e8b134dd33e3fd7cdf46a24a92f216b327b4e2515fa9fd"", ""source_hash"": ""6b3e60db691983154e059577c5a5e4ad912c1b3e9347d81507a90c49fe59e463"", ""edges"": 210, ""degree_min"": 2, ""degree_max"": 5, ""degree_mean"": 4.666666666666667, ""degree_std"": 0.5962847939999439, ""components"": 1, ""component_sizes"": [90], ""max_component"": 90, ""local_assignments"": 1237940039285380274899124224, ""minfill_width"": 28, ""minfill_work"": 951809499, ""minfill_order"": [60, 0, 20, 41, 15, 16, 34, 3, 12, 22, 25, 33, 48, 51, 59, 67, 81, 50, 68, 77, 11, 14, 23, 39, 63, 76, 78, 32, 6, 8, 38, 37, 4, 42, 61, 79, 52, 58, 31, 47, 84, 19, 73, 13, 17, 29, 55, 7, 89, 62, 9, 40, 2, 86, 10, 88, 46, 30, 75, 36, 69, 1, 5, 18, 21, 24, 26, 27, 28, 35, 43, 44, 45, 49, 53, 54, 56, 57, 64, 65, 66, 70, 71, 72, 74, 80, 82, 83, 85, 87], ""energy_bound"": 521, ""root_bound"": 1024, ""crt_primes"": 4, ""arithmetic_burden"": 3898611707904, ""coefficient_bound"": ""1237940039285380274899124224"", ""coupling_multiplicities"": {""3"": 40, ""-1"": 40, ""-2"": 37, ""1"": 39, ""-3"": 27, ""2"": 27}, ""symmetry"": ""not assumed"", ""degree_signature"": [2, 3, 3, 3, 4, 4, 4, 4, 4, 4, 4, 4, 4, 4, 4, 4, 4, 4, 4, 4, 4, 4, 4, 4, 4, 5, 5, 5, 5, 5, 5, 5, 5, 5, 5, 5, 5, 5, 5, 5, 5, 5, 5, 5, 5, 5, 5, 5, 5, 5, 5, 5, 5, 5, 5, 5, 5, 5, 5, 5, 5, 5, 5, 5, 5, 5, 5, 5, 5, 5, 5, 5, 5, 5, 5, 5, 5, 5, 5, 5, 5, 5, 5, 5, 5, 5, 5, 5, 5, 5]}"
197cc0f45f3d045624685aed,N090,6b3e60db691983154e059577c5a5e4ad912c1b3e9347d81507a90c49fe59e463,6eb160420fa48047e1e8b134dd33e3fd7cdf46a24a92f216b327b4e2515fa9fd,N96_INDUCED_TRANSITION_LADDER_V1,f2f991d74dfbb2edf7f4475dcb7d82989de00a71e44bb11d4a6fbb49442577b6,"[0, 1, 2, 3]",d0fbd9c30f0ddd4afca8c2fad3d9e2eca42d5ea75dcaf6641a37b6d3f5ad0783,85b855a31f767bfadf02a46d1eb9145d05754020437aca5ef6718b99130d4602,fresh_min_fill,COOP14_MIG_BRANCH_GROUP,1d2a6f95014703ca171206e42701c52355b89dab08ba0a9b72b3d193a3b620d4,WARM_SAME_SOURCE,FRESH_EXACT_SOLVE_WITH_INTERNAL_CHECKS_EXCLUDES_EXTERNAL_VERIFICATION,16,1024,4,32,18,58879232,262144,d5207e6b84fbabee961e83f3860a3bacaca585acd736c092903cacdfff692450,NUMPY_BATCHED_INVERSE_NTT_INTEGER_CRT,2,COMPLETE,OBSERVED_PATTERN,20657072,"[53052, 53053, 53054, 53055, 53056, 53057, 53059, 53060, 53061, 53062, 53063, 53064, 53065, 53066]","[304, 288, 304, 304, 288, 288, 288, 288, 288, 288, 288, 288, 304, 288]",WARM_SAME_SOURCE,True,262880768,focused,0.0004215630469843745,0.06996255600824952,0.699828878,1.041565305,0.012924913899041712,0.03039719710095829,0.00807968305889517,1.78494183,0.0,9c0fa4186a9acf3cbe491cac1da1a4dbb77efe64bb7917685fcdf0426acfd661,"{""N"": 90, ""source_family"": ""N96_INDUCED_TRANSITION_LADDER_V1"", ""graph_hash"": ""6eb160420fa48047e1e8b134dd33e3fd7cdf46a24a92f216b327b4e2515fa9fd"", ""source_hash"": ""6b3e60db691983154e059577c5a5e4ad912c1b3e9347d81507a90c49fe59e463"", ""edges"": 210, ""degree_min"": 2, ""degree_max"": 5, ""degree_mean"": 4.666666666666667, ""degree_std"": 0.5962847939999439, ""components"": 1, ""component_sizes"": [90], ""max_component"": 90, ""local_assignments"": 1237940039285380274899124224, ""minfill_width"": 28, ""minfill_work"": 951809499, ""minfill_order"": [60, 0, 20, 41, 15, 16, 34, 3, 12, 22, 25, 33, 48, 51, 59, 67, 81, 50, 68, 77, 11, 14, 23, 39, 63, 76, 78, 32, 6, 8, 38, 37, 4, 42, 61, 79, 52, 58, 31, 47, 84, 19, 73, 13, 17, 29, 55, 7, 89, 62, 9, 40, 2, 86, 10, 88, 46, 30, 75, 36, 69, 1, 5, 18, 21, 24, 26, 27, 28, 35, 43, 44, 45, 49, 53, 54, 56, 57, 64, 65, 66, 70, 71, 72, 74, 80, 82, 83, 85, 87], ""energy_bound"": 521, ""root_bound"": 1024, ""crt_primes"": 4, ""arithmetic_burden"": 3898611707904, ""coefficient_bound"": ""1237940039285380274899124224"", ""coupling_multiplicities"": {""3"": 40, ""-1"": 40, ""-2"": 37, ""1"": 39, ""-3"": 27, ""2"": 27}, ""symmetry"": ""not assumed"", ""degree_signature"": [2, 3, 3, 3, 4, 4, 4, 4, 4, 4, 4, 4, 4, 4, 4, 4, 4, 4, 4, 4, 4, 4, 4, 4, 4, 5, 5, 5, 5, 5, 5, 5, 5, 5, 5, 5, 5, 5, 5, 5, 5, 5, 5, 5, 5, 5, 5, 5, 5, 5, 5, 5, 5, 5, 5, 5, 5, 5, 5, 5, 5, 5, 5, 5, 5, 5, 5, 5, 5, 5, 5, 5, 5, 5, 5, 5, 5, 5, 5, 5, 5, 5, 5, 5, 5, 5, 5, 5, 5, 5]}"
197cc0f45f3d045624685aed,N090,6b3e60db691983154e059577c5a5e4ad912c1b3e9347d81507a90c49fe59e463,6eb160420fa48047e1e8b134dd33e3fd7cdf46a24a92f216b327b4e2515fa9fd,N96_INDUCED_TRANSITION_LADDER_V1,f2f991d74dfbb2edf7f4475dcb7d82989de00a71e44bb11d4a6fbb49442577b6,"[0, 1, 2, 3]",d0fbd9c30f0ddd4afca8c2fad3d9e2eca42d5ea75dcaf6641a37b6d3f5ad0783,85b855a31f767bfadf02a46d1eb9145d05754020437aca5ef6718b99130d4602,fresh_min_fill,COOP14_MIG_BRANCH_GROUP,1d2a6f95014703ca171206e42701c52355b89dab08ba0a9b72b3d193a3b620d4,WARM_SAME_SOURCE,FRESH_EXACT_SOLVE_WITH_INTERNAL_CHECKS_EXCLUDES_EXTERNAL_VERIFICATION,16,1024,4,32,18,58879232,262144,d5207e6b84fbabee961e83f3860a3bacaca585acd736c092903cacdfff692450,NUMPY_BATCHED_INVERSE_NTT_INTEGER_CRT,3,COMPLETE,OBSERVED_PATTERN,20657072,"[53052, 53053, 53054, 53055, 53056, 53057, 53059, 53060, 53061, 53062, 53063, 53064, 53065, 53066]","[304, 304, 304, 288, 288, 288, 304, 288, 288, 288, 288, 288, 288, 288]",WARM_SAME_SOURCE,True,262880768,focused,0.0004215630469843745,0.06996255600824952,0.67605414,1.037553398,0.013587241875939071,0.02725584412406093,0.007190839038230479,1.75469151,0.0,9c0fa4186a9acf3cbe491cac1da1a4dbb77efe64bb7917685fcdf0426acfd661,"{""N"": 90, ""source_family"": ""N96_INDUCED_TRANSITION_LADDER_V1"", ""graph_hash"": ""6eb160420fa48047e1e8b134dd33e3fd7cdf46a24a92f216b327b4e2515fa9fd"", ""source_hash"": ""6b3e60db691983154e059577c5a5e4ad912c1b3e9347d81507a90c49fe59e463"", ""edges"": 210, ""degree_min"": 2, ""degree_max"": 5, ""degree_mean"": 4.666666666666667, ""degree_std"": 0.5962847939999439, ""components"": 1, ""component_sizes"": [90], ""max_component"": 90, ""local_assignments"": 1237940039285380274899124224, ""minfill_width"": 28, ""minfill_work"": 951809499, ""minfill_order"": [60, 0, 20, 41, 15, 16, 34, 3, 12, 22, 25, 33, 48, 51, 59, 67, 81, 50, 68, 77, 11, 14, 23, 39, 63, 76, 78, 32, 6, 8, 38, 37, 4, 42, 61, 79, 52, 58, 31, 47, 84, 19, 73, 13, 17, 29, 55, 7, 89, 62, 9, 40, 2, 86, 10, 88, 46, 30, 75, 36, 69, 1, 5, 18, 21, 24, 26, 27, 28, 35, 43, 44, 45, 49, 53, 54, 56, 57, 64, 65, 66, 70, 71, 72, 74, 80, 82, 83, 85, 87], ""energy_bound"": 521, ""root_bound"": 1024, ""crt_primes"": 4, ""arithmetic_burden"": 3898611707904, ""coefficient_bound"": ""1237940039285380274899124224"", ""coupling_multiplicities"": {""3"": 40, ""-1"": 40, ""-2"": 37, ""1"": 39, ""-3"": 27, ""2"": 27}, ""symmetry"": ""not assumed"", ""degree_signature"": [2, 3, 3, 3, 4, 4, 4, 4, 4, 4, 4, 4, 4, 4, 4, 4, 4, 4, 4, 4, 4, 4, 4, 4, 4, 5, 5, 5, 5, 5, 5, 5, 5, 5, 5, 5, 5, 5, 5, 5, 5, 5, 5, 5, 5, 5, 5, 5, 5, 5, 5, 5, 5, 5, 5, 5, 5, 5, 5, 5, 5, 5, 5, 5, 5, 5, 5, 5, 5, 5, 5, 5, 5, 5, 5, 5, 5, 5, 5, 5, 5, 5, 5, 5, 5, 5, 5, 5, 5, 5]}"
397ed4ce5c9f15dcaffe998c,N096,dad9c1331dbc9b401ff729dde21b4e477b7b749ffea3504dab5b38c2c5d8fb44,6a741a395db2348150108dd98618e2c8fba13a369a364cfd9d97ebffea4901fa,N96_INDUCED_TRANSITION_LADDER_V1,f2f991d74dfbb2edf7f4475dcb7d82989de00a71e44bb11d4a6fbb49442577b6,"[0, 1, 2, 3]",e6a3c5b7678a2e6761257ab6156de12e275c5ef60853165d1e7622bdfaa0592a,5e41d1760eb18bac845ae3d8eda407f1e653b37456b702db62734074278600df,expanded_portfolio,COOP14_MIG_BRANCH_GROUP,1d2a6f95014703ca171206e42701c52355b89dab08ba0a9b72b3d193a3b620d4,COLD,FRESH_EXACT_SOLVE_WITH_INTERNAL_CHECKS_EXCLUDES_EXTERNAL_VERIFICATION,16,1024,4,16,21,203956800,2097152,d5207e6b84fbabee961e83f3860a3bacaca585acd736c092903cacdfff692450,NUMPY_BATCHED_INVERSE_NTT_INTEGER_CRT,0,COMPLETE,OBSERVED_PATTERN,128034992,"[54493, 54494, 54495, 54496, 54497, 54498, 54499, 54500, 54501, 54502, 54503, 54504, 54505, 54506]","[304, 304, 304, 304, 288, 288, 288, 288, 288, 288, 288, 288, 288, 288]",COLD_WORKER_INITIALIZATION,False,1763521024,focused,0.0006917470600455999,0.5773739520227537,10.280719171,2.825785901,0.017804487142711878,0.03676033385728812,0.007926205988042057,13.212408462,0.0,d4e40dd285bf9e76ae6136d06213aaacc14c9084038fbbef2daabcbcdedcece5,"{""N"": 96, ""source_family"": ""N96_INDUCED_TRANSITION_LADDER_V1"", ""graph_hash"": ""6a741a395db2348150108dd98618e2c8fba13a369a364cfd9d97ebffea4901fa"", ""source_hash"": ""dad9c1331dbc9b401ff729dde21b4e477b7b749ffea3504dab5b38c2c5d8fb44"", ""edges"": 240, ""degree_min"": 5, ""degree_max"": 5, ""degree_mean"": 5, ""degree_std"": 0.0, ""components"": 1, ""component_sizes"": [96], ""max_component"": 96, ""local_assignments"": 79228162514264337593543950336, ""minfill_width"": 32, ""minfill_work"": 16698150047, ""minfill_order"": [15, 34, 50, 77, 82, 94, 3, 11, 20, 16, 24, 32, 63, 39, 44, 17, 18, 52, 27, 66, 78, 85, 88, 1, 4, 8, 33, 68, 48, 25, 69, 61, 19, 65, 22, 49, 56, 90, 38, 92, 73, 91, 55, 62, 7, 70, 64, 45, 29, 95, 26, 79, 57, 86, 5, 0, 2, 35, 71, 36, 47, 60, 93, 6, 9, 10, 12, 13, 14, 21, 23, 28, 30, 31, 37, 40, 41, 42, 43, 46, 51, 53, 54, 58, 59, 67, 72, 74, 75, 76, 80, 81, 83, 84, 87, 89], ""energy_bound"": 590, ""root_bound"": 1024, ""crt_primes"": 4, ""arithmetic_burden"": 68395622592512, ""coefficient_bound"": ""79228162514264337593543950336"", ""coupling_multiplicities"": {""3"": 47, ""-1"": 44, ""-2"": 41, ""2"": 33, ""1"": 45, ""-3"": 30}, ""symmetry"": ""not assumed"", ""degree_signature"": [5, 5, 5, 5, 5, 5, 5, 5, 5, 5, 5, 5, 5, 5, 5, 5, 5, 5, 5, 5, 5, 5, 5, 5, 5, 5, 5, 5, 5, 5, 5, 5, 5, 5, 5, 5, 5, 5, 5, 5, 5, 5, 5, 5, 5, 5, 5, 5, 5, 5, 5, 5, 5, 5, 5, 5, 5, 5, 5, 5, 5, 5, 5, 5, 5, 5, 5, 5, 5, 5, 5, 5, 5, 5, 5, 5, 5, 5, 5, 5, 5, 5, 5, 5, 5, 5, 5, 5, 5, 5, 5, 5, 5, 5, 5, 5]}"
397ed4ce5c9f15dcaffe998c,N096,dad9c1331dbc9b401ff729dde21b4e477b7b749ffea3504dab5b38c2c5d8fb44,6a741a395db2348150108dd98618e2c8fba13a369a364cfd9d97ebffea4901fa,N96_INDUCED_TRANSITION_LADDER_V1,f2f991d74dfbb2edf7f4475dcb7d82989de00a71e44bb11d4a6fbb49442577b6,"[0, 1, 2, 3]",a865de1d7956b8d7ad9fab90e8e195a4a86a1366c3d9af1520240f38d60034c2,6d074097a49ac819b178b7c0553ed25318a259c69008c95429d170794f8759ee,fresh_min_fill,COOP14_MIG_BRANCH_GROUP,1d2a6f95014703ca171206e42701c52355b89dab08ba0a9b72b3d193a3b620d4,WARM_NEW_PLAN,FRESH_EXACT_SOLVE_WITH_INTERNAL_CHECKS_EXCLUDES_EXTERNAL_VERIFICATION,16,1024,4,32,22,641754752,4194304,d5207e6b84fbabee961e83f3860a3bacaca585acd736c092903cacdfff692450,NUMPY_BATCHED_INVERSE_NTT_INTEGER_CRT,0,COMPLETE,OBSERVED_PATTERN,235278256,"[54493, 54494, 54495, 54496, 54497, 54498, 54499, 54500, 54501, 54502, 54503, 54504, 54505, 54506]","[288, 288, 304, 288, 288, 288, 288, 304, 304, 304, 288, 288, 288, 288]",WARM_NEW_PLAN,False,2917739008,focused,0.0006917470600455999,0.5773739520227537,1.033534613,9.017987203,0.01407018513418734,0.03628456186581266,0.007225780049338937,10.161436213,0.0,eb83de000a70771e682fc5fd3e83f8535eceaecd88d30617caf336b67b36695d,"{""N"": 96, ""source_family"": ""N96_INDUCED_TRANSITION_LADDER_V1"", ""graph_hash"": ""6a741a395db2348150108dd98618e2c8fba13a369a364cfd9d97ebffea4901fa"", ""source_hash"": ""dad9c1331dbc9b401ff729dde21b4e477b7b749ffea3504dab5b38c2c5d8fb44"", ""edges"": 240, ""degree_min"": 5, ""degree_max"": 5, ""degree_mean"": 5, ""degree_std"": 0.0, ""components"": 1, ""component_sizes"": [96], ""max_component"": 96, ""local_assignments"": 79228162514264337593543950336, ""minfill_width"": 32, ""minfill_work"": 16698150047, ""minfill_order"": [15, 34, 50, 77, 82, 94, 3, 11, 20, 16, 24, 32, 63, 39, 44, 17, 18, 52, 27, 66, 78, 85, 88, 1, 4, 8, 33, 68, 48, 25, 69, 61, 19, 65, 22, 49, 56, 90, 38, 92, 73, 91, 55, 62, 7, 70, 64, 45, 29, 95, 26, 79, 57, 86, 5, 0, 2, 35, 71, 36, 47, 60, 93, 6, 9, 10, 12, 13, 14, 21, 23, 28, 30, 31, 37, 40, 41, 42, 43, 46, 51, 53, 54, 58, 59, 67, 72, 74, 75, 76, 80, 81, 83, 84, 87, 89], ""energy_bound"": 590, ""root_bound"": 1024, ""crt_primes"": 4, ""arithmetic_burden"": 68395622592512, ""coefficient_bound"": ""79228162514264337593543950336"", ""coupling_multiplicities"": {""3"": 47, ""-1"": 44, ""-2"": 41, ""2"": 33, ""1"": 45, ""-3"": 30}, ""symmetry"": ""not assumed"", ""degree_signature"": [5, 5, 5, 5, 5, 5, 5, 5, 5, 5, 5, 5, 5, 5, 5, 5, 5, 5, 5, 5, 5, 5, 5, 5, 5, 5, 5, 5, 5, 5, 5, 5, 5, 5, 5, 5, 5, 5, 5, 5, 5, 5, 5, 5, 5, 5, 5, 5, 5, 5, 5, 5, 5, 5, 5, 5, 5, 5, 5, 5, 5, 5, 5, 5, 5, 5, 5, 5, 5, 5, 5, 5, 5, 5, 5, 5, 5, 5, 5, 5, 5, 5, 5, 5, 5, 5, 5, 5, 5, 5, 5, 5, 5, 5, 5, 5]}"
397ed4ce5c9f15dcaffe998c,N096,dad9c1331dbc9b401ff729dde21b4e477b7b749ffea3504dab5b38c2c5d8fb44,6a741a395db2348150108dd98618e2c8fba13a369a364cfd9d97ebffea4901fa,N96_INDUCED_TRANSITION_LADDER_V1,f2f991d74dfbb2edf7f4475dcb7d82989de00a71e44bb11d4a6fbb49442577b6,"[0, 1, 2, 3]",a865de1d7956b8d7ad9fab90e8e195a4a86a1366c3d9af1520240f38d60034c2,6d074097a49ac819b178b7c0553ed25318a259c69008c95429d170794f8759ee,fresh_min_fill,COOP14_MIG_BRANCH_GROUP,1d2a6f95014703ca171206e42701c52355b89dab08ba0a9b72b3d193a3b620d4,WARM_SAME_SOURCE,FRESH_EXACT_SOLVE_WITH_INTERNAL_CHECKS_EXCLUDES_EXTERNAL_VERIFICATION,16,1024,4,32,22,641754752,4194304,d5207e6b84fbabee961e83f3860a3bacaca585acd736c092903cacdfff692450,NUMPY_BATCHED_INVERSE_NTT_INTEGER_CRT,1,COMPLETE,OBSERVED_PATTERN,235278256,"[54493, 54494, 54495, 54496, 54497, 54498, 54499, 54500, 54501, 54502, 54503, 54504, 54505, 54506]","[288, 288, 288, 304, 304, 288, 288, 304, 288, 288, 288, 288, 304, 288]",WARM_SAME_SOURCE,True,2917739008,focused,0.0006917470600455999,0.5773739520227537,0.811094045,9.007030412,0.013918349053710699,0.040551772946289304,0.00728091795463115,9.923256731,0.0,eb83de000a70771e682fc5fd3e83f8535eceaecd88d30617caf336b67b36695d,"{""N"": 96, ""source_family"": ""N96_INDUCED_TRANSITION_LADDER_V1"", ""graph_hash"": ""6a741a395db2348150108dd98618e2c8fba13a369a364cfd9d97ebffea4901fa"", ""source_hash"": ""dad9c1331dbc9b401ff729dde21b4e477b7b749ffea3504dab5b38c2c5d8fb44"", ""edges"": 240, ""degree_min"": 5, ""degree_max"": 5, ""degree_mean"": 5, ""degree_std"": 0.0, ""components"": 1, ""component_sizes"": [96], ""max_component"": 96, ""local_assignments"": 79228162514264337593543950336, ""minfill_width"": 32, ""minfill_work"": 16698150047, ""minfill_order"": [15, 34, 50, 77, 82, 94, 3, 11, 20, 16, 24, 32, 63, 39, 44, 17, 18, 52, 27, 66, 78, 85, 88, 1, 4, 8, 33, 68, 48, 25, 69, 61, 19, 65, 22, 49, 56, 90, 38, 92, 73, 91, 55, 62, 7, 70, 64, 45, 29, 95, 26, 79, 57, 86, 5, 0, 2, 35, 71, 36, 47, 60, 93, 6, 9, 10, 12, 13, 14, 21, 23, 28, 30, 31, 37, 40, 41, 42, 43, 46, 51, 53, 54, 58, 59, 67, 72, 74, 75, 76, 80, 81, 83, 84, 87, 89], ""energy_bound"": 590, ""root_bound"": 1024, ""crt_primes"": 4, ""arithmetic_burden"": 68395622592512, ""coefficient_bound"": ""79228162514264337593543950336"", ""coupling_multiplicities"": {""3"": 47, ""-1"": 44, ""-2"": 41, ""2"": 33, ""1"": 45, ""-3"": 30}, ""symmetry"": ""not assumed"", ""degree_signature"": [5, 5, 5, 5, 5, 5, 5, 5, 5, 5, 5, 5, 5, 5, 5, 5, 5, 5, 5, 5, 5, 5, 5, 5, 5, 5, 5, 5, 5, 5, 5, 5, 5, 5, 5, 5, 5, 5, 5, 5, 5, 5, 5, 5, 5, 5, 5, 5, 5, 5, 5, 5, 5, 5, 5, 5, 5, 5, 5, 5, 5, 5, 5, 5, 5, 5, 5, 5, 5, 5, 5, 5, 5, 5, 5, 5, 5, 5, 5, 5, 5, 5, 5, 5, 5, 5, 5, 5, 5, 5, 5, 5, 5, 5, 5, 5]}"
397ed4ce5c9f15dcaffe998c,N096,dad9c1331dbc9b401ff729dde21b4e477b7b749ffea3504dab5b38c2c5d8fb44,6a741a395db2348150108dd98618e2c8fba13a369a364cfd9d97ebffea4901fa,N96_INDUCED_TRANSITION_LADDER_V1,f2f991d74dfbb2edf7f4475dcb7d82989de00a71e44bb11d4a6fbb49442577b6,"[0, 1, 2, 3]",e6a3c5b7678a2e6761257ab6156de12e275c5ef60853165d1e7622bdfaa0592a,5e41d1760eb18bac845ae3d8eda407f1e653b37456b702db62734074278600df,expanded_portfolio,COOP14_MIG_BRANCH_GROUP,1d2a6f95014703ca171206e42701c52355b89dab08ba0a9b72b3d193a3b620d4,WARM_NEW_PLAN,FRESH_EXACT_SOLVE_WITH_INTERNAL_CHECKS_EXCLUDES_EXTERNAL_VERIFICATION,16,1024,4,16,21,203956800,2097152,d5207e6b84fbabee961e83f3860a3bacaca585acd736c092903cacdfff692450,NUMPY_BATCHED_INVERSE_NTT_INTEGER_CRT,1,COMPLETE,OBSERVED_PATTERN,128034992,"[54493, 54494, 54495, 54496, 54497, 54498, 54499, 54500, 54501, 54502, 54503, 54504, 54505, 54506]","[304, 288, 288, 288, 304, 288, 288, 288, 288, 304, 288, 304, 288, 288]",WARM_NEW_PLAN,True,1978777088,focused,0.0006917470600455999,0.5773739520227537,0.523773894,2.762313572,0.009112754953093827,0.04421652804690617,0.007196099031716585,3.386353948,0.0,d4e40dd285bf9e76ae6136d06213aaacc14c9084038fbbef2daabcbcdedcece5,"{""N"": 96, ""source_family"": ""N96_INDUCED_TRANSITION_LADDER_V1"", ""graph_hash"": ""6a741a395db2348150108dd98618e2c8fba13a369a364cfd9d97ebffea4901fa"", ""source_hash"": ""dad9c1331dbc9b401ff729dde21b4e477b7b749ffea3504dab5b38c2c5d8fb44"", ""edges"": 240, ""degree_min"": 5, ""degree_max"": 5, ""degree_mean"": 5, ""degree_std"": 0.0, ""components"": 1, ""component_sizes"": [96], ""max_component"": 96, ""local_assignments"": 79228162514264337593543950336, ""minfill_width"": 32, ""minfill_work"": 16698150047, ""minfill_order"": [15, 34, 50, 77, 82, 94, 3, 11, 20, 16, 24, 32, 63, 39, 44, 17, 18, 52, 27, 66, 78, 85, 88, 1, 4, 8, 33, 68, 48, 25, 69, 61, 19, 65, 22, 49, 56, 90, 38, 92, 73, 91, 55, 62, 7, 70, 64, 45, 29, 95, 26, 79, 57, 86, 5, 0, 2, 35, 71, 36, 47, 60, 93, 6, 9, 10, 12, 13, 14, 21, 23, 28, 30, 31, 37, 40, 41, 42, 43, 46, 51, 53, 54, 58, 59, 67, 72, 74, 75, 76, 80, 81, 83, 84, 87, 89], ""energy_bound"": 590, ""root_bound"": 1024, ""crt_primes"": 4, ""arithmetic_burden"": 68395622592512, ""coefficient_bound"": ""79228162514264337593543950336"", ""coupling_multiplicities"": {""3"": 47, ""-1"": 44, ""-2"": 41, ""2"": 33, ""1"": 45, ""-3"": 30}, ""symmetry"": ""not assumed"", ""degree_signature"": [5, 5, 5, 5, 5, 5, 5, 5, 5, 5, 5, 5, 5, 5, 5, 5, 5, 5, 5, 5, 5, 5, 5, 5, 5, 5, 5, 5, 5, 5, 5, 5, 5, 5, 5, 5, 5, 5, 5, 5, 5, 5, 5, 5, 5, 5, 5, 5, 5, 5, 5, 5, 5, 5, 5, 5, 5, 5, 5, 5, 5, 5, 5, 5, 5, 5, 5, 5, 5, 5, 5, 5, 5, 5, 5, 5, 5, 5, 5, 5, 5, 5, 5, 5, 5, 5, 5, 5, 5, 5, 5, 5, 5, 5, 5, 5]}"
397ed4ce5c9f15dcaffe998c,N096,dad9c1331dbc9b401ff729dde21b4e477b7b749ffea3504dab5b38c2c5d8fb44,6a741a395db2348150108dd98618e2c8fba13a369a364cfd9d97ebffea4901fa,N96_INDUCED_TRANSITION_LADDER_V1,f2f991d74dfbb2edf7f4475dcb7d82989de00a71e44bb11d4a6fbb49442577b6,"[0, 1, 2, 3]",e6a3c5b7678a2e6761257ab6156de12e275c5ef60853165d1e7622bdfaa0592a,5e41d1760eb18bac845ae3d8eda407f1e653b37456b702db62734074278600df,expanded_portfolio,COOP14_MIG_BRANCH_GROUP,1d2a6f95014703ca171206e42701c52355b89dab08ba0a9b72b3d193a3b620d4,WARM_SAME_SOURCE,FRESH_EXACT_SOLVE_WITH_INTERNAL_CHECKS_EXCLUDES_EXTERNAL_VERIFICATION,16,1024,4,16,21,203956800,2097152,d5207e6b84fbabee961e83f3860a3bacaca585acd736c092903cacdfff692450,NUMPY_BATCHED_INVERSE_NTT_INTEGER_CRT,2,COMPLETE,OBSERVED_PATTERN,128034992,"[54493, 54494, 54495, 54496, 54497, 54498, 54499, 54500, 54501, 54502, 54503, 54504, 54505, 54506]","[288, 288, 288, 304, 288, 288, 288, 304, 288, 288, 288, 304, 304, 288]",WARM_SAME_SOURCE,True,1978777088,focused,0.0006917470600455999,0.5773739520227537,0.491128196,2.762568088,0.012628859956748784,0.03446863604325122,0.0075951530598104,3.354809071,0.0,d4e40dd285bf9e76ae6136d06213aaacc14c9084038fbbef2daabcbcdedcece5,"{""N"": 96, ""source_family"": ""N96_INDUCED_TRANSITION_LADDER_V1"", ""graph_hash"": ""6a741a395db2348150108dd98618e2c8fba13a369a364cfd9d97ebffea4901fa"", ""source_hash"": ""dad9c1331dbc9b401ff729dde21b4e477b7b749ffea3504dab5b38c2c5d8fb44"", ""edges"": 240, ""degree_min"": 5, ""degree_max"": 5, ""degree_mean"": 5, ""degree_std"": 0.0, ""components"": 1, ""component_sizes"": [96], ""max_component"": 96, ""local_assignments"": 79228162514264337593543950336, ""minfill_width"": 32, ""minfill_work"": 16698150047, ""minfill_order"": [15, 34, 50, 77, 82, 94, 3, 11, 20, 16, 24, 32, 63, 39, 44, 17, 18, 52, 27, 66, 78, 85, 88, 1, 4, 8, 33, 68, 48, 25, 69, 61, 19, 65, 22, 49, 56, 90, 38, 92, 73, 91, 55, 62, 7, 70, 64, 45, 29, 95, 26, 79, 57, 86, 5, 0, 2, 35, 71, 36, 47, 60, 93, 6, 9, 10, 12, 13, 14, 21, 23, 28, 30, 31, 37, 40, 41, 42, 43, 46, 51, 53, 54, 58, 59, 67, 72, 74, 75, 76, 80, 81, 83, 84, 87, 89], ""energy_bound"": 590, ""root_bound"": 1024, ""crt_primes"": 4, ""arithmetic_burden"": 68395622592512, ""coefficient_bound"": ""79228162514264337593543950336"", ""coupling_multiplicities"": {""3"": 47, ""-1"": 44, ""-2"": 41, ""2"": 33, ""1"": 45, ""-3"": 30}, ""symmetry"": ""not assumed"", ""degree_signature"": [5, 5, 5, 5, 5, 5, 5, 5, 5, 5, 5, 5, 5, 5, 5, 5, 5, 5, 5, 5, 5, 5, 5, 5, 5, 5, 5, 5, 5, 5, 5, 5, 5, 5, 5, 5, 5, 5, 5, 5, 5, 5, 5, 5, 5, 5, 5, 5, 5, 5, 5, 5, 5, 5, 5, 5, 5, 5, 5, 5, 5, 5, 5, 5, 5, 5, 5, 5, 5, 5, 5, 5, 5, 5, 5, 5, 5, 5, 5, 5, 5, 5, 5, 5, 5, 5, 5, 5, 5, 5, 5, 5, 5, 5, 5, 5]}"
397ed4ce5c9f15dcaffe998c,N096,dad9c1331dbc9b401ff729dde21b4e477b7b749ffea3504dab5b38c2c5d8fb44,6a741a395db2348150108dd98618e2c8fba13a369a364cfd9d97ebffea4901fa,N96_INDUCED_TRANSITION_LADDER_V1,f2f991d74dfbb2edf7f4475dcb7d82989de00a71e44bb11d4a6fbb49442577b6,"[0, 1, 2, 3]",a865de1d7956b8d7ad9fab90e8e195a4a86a1366c3d9af1520240f38d60034c2,6d074097a49ac819b178b7c0553ed25318a259c69008c95429d170794f8759ee,fresh_min_fill,COOP14_MIG_BRANCH_GROUP,1d2a6f95014703ca171206e42701c52355b89dab08ba0a9b72b3d193a3b620d4,WARM_NEW_PLAN,FRESH_EXACT_SOLVE_WITH_INTERNAL_CHECKS_EXCLUDES_EXTERNAL_VERIFICATION,16,1024,4,32,22,641754752,4194304,d5207e6b84fbabee961e83f3860a3bacaca585acd736c092903cacdfff692450,NUMPY_BATCHED_INVERSE_NTT_INTEGER_CRT,2,COMPLETE,OBSERVED_PATTERN,235278256,"[54493, 54494, 54495, 54496, 54497, 54498, 54499, 54500, 54501, 54502, 54503, 54504, 54505, 54506]","[304, 288, 288, 288, 304, 288, 288, 304, 288, 288, 288, 304, 288, 288]",WARM_NEW_PLAN,True,2917739008,focused,0.0006917470600455999,0.5773739520227537,0.856703648,8.978054087,0.014506586943753064,0.02828061705624694,0.007322616991586983,9.925774385,0.0,eb83de000a70771e682fc5fd3e83f8535eceaecd88d30617caf336b67b36695d,"{""N"": 96, ""source_family"": ""N96_INDUCED_TRANSITION_LADDER_V1"", ""graph_hash"": ""6a741a395db2348150108dd98618e2c8fba13a369a364cfd9d97ebffea4901fa"", ""source_hash"": ""dad9c1331dbc9b401ff729dde21b4e477b7b749ffea3504dab5b38c2c5d8fb44"", ""edges"": 240, ""degree_min"": 5, ""degree_max"": 5, ""degree_mean"": 5, ""degree_std"": 0.0, ""components"": 1, ""component_sizes"": [96], ""max_component"": 96, ""local_assignments"": 79228162514264337593543950336, ""minfill_width"": 32, ""minfill_work"": 16698150047, ""minfill_order"": [15, 34, 50, 77, 82, 94, 3, 11, 20, 16, 24, 32, 63, 39, 44, 17, 18, 52, 27, 66, 78, 85, 88, 1, 4, 8, 33, 68, 48, 25, 69, 61, 19, 65, 22, 49, 56, 90, 38, 92, 73, 91, 55, 62, 7, 70, 64, 45, 29, 95, 26, 79, 57, 86, 5, 0, 2, 35, 71, 36, 47, 60, 93, 6, 9, 10, 12, 13, 14, 21, 23, 28, 30, 31, 37, 40, 41, 42, 43, 46, 51, 53, 54, 58, 59, 67, 72, 74, 75, 76, 80, 81, 83, 84, 87, 89], ""energy_bound"": 590, ""root_bound"": 1024, ""crt_primes"": 4, ""arithmetic_burden"": 68395622592512, ""coefficient_bound"": ""79228162514264337593543950336"", ""coupling_multiplicities"": {""3"": 47, ""-1"": 44, ""-2"": 41, ""2"": 33, ""1"": 45, ""-3"": 30}, ""symmetry"": ""not assumed"", ""degree_signature"": [5, 5, 5, 5, 5, 5, 5, 5, 5, 5, 5, 5, 5, 5, 5, 5, 5, 5, 5, 5, 5, 5, 5, 5, 5, 5, 5, 5, 5, 5, 5, 5, 5, 5, 5, 5, 5, 5, 5, 5, 5, 5, 5, 5, 5, 5, 5, 5, 5, 5, 5, 5, 5, 5, 5, 5, 5, 5, 5, 5, 5, 5, 5, 5, 5, 5, 5, 5, 5, 5, 5, 5, 5, 5, 5, 5, 5, 5, 5, 5, 5, 5, 5, 5, 5, 5, 5, 5, 5, 5, 5, 5, 5, 5, 5, 5]}"
397ed4ce5c9f15dcaffe998c,N096,dad9c1331dbc9b401ff729dde21b4e477b7b749ffea3504dab5b38c2c5d8fb44,6a741a395db2348150108dd98618e2c8fba13a369a364cfd9d97ebffea4901fa,N96_INDUCED_TRANSITION_LADDER_V1,f2f991d74dfbb2edf7f4475dcb7d82989de00a71e44bb11d4a6fbb49442577b6,"[0, 1, 2, 3]",a865de1d7956b8d7ad9fab90e8e195a4a86a1366c3d9af1520240f38d60034c2,6d074097a49ac819b178b7c0553ed25318a259c69008c95429d170794f8759ee,fresh_min_fill,COOP14_MIG_BRANCH_GROUP,1d2a6f95014703ca171206e42701c52355b89dab08ba0a9b72b3d193a3b620d4,WARM_SAME_SOURCE,FRESH_EXACT_SOLVE_WITH_INTERNAL_CHECKS_EXCLUDES_EXTERNAL_VERIFICATION,16,1024,4,32,22,641754752,4194304,d5207e6b84fbabee961e83f3860a3bacaca585acd736c092903cacdfff692450,NUMPY_BATCHED_INVERSE_NTT_INTEGER_CRT,3,COMPLETE,OBSERVED_PATTERN,235278256,"[54493, 54494, 54495, 54496, 54497, 54498, 54499, 54500, 54501, 54502, 54503, 54504, 54505, 54506]","[288, 288, 288, 304, 304, 288, 288, 304, 288, 288, 288, 304, 288, 288]",WARM_SAME_SOURCE,True,2917739008,focused,0.0006917470600455999,0.5773739520227537,0.818898775,8.972807872,0.012508222949691117,0.03412934205030888,0.007256848970428109,9.908070487,0.0,eb83de000a70771e682fc5fd3e83f8535eceaecd88d30617caf336b67b36695d,"{""N"": 96, ""source_family"": ""N96_INDUCED_TRANSITION_LADDER_V1"", ""graph_hash"": ""6a741a395db2348150108dd98618e2c8fba13a369a364cfd9d97ebffea4901fa"", ""source_hash"": ""dad9c1331dbc9b401ff729dde21b4e477b7b749ffea3504dab5b38c2c5d8fb44"", ""edges"": 240, ""degree_min"": 5, ""degree_max"": 5, ""degree_mean"": 5, ""degree_std"": 0.0, ""components"": 1, ""component_sizes"": [96], ""max_component"": 96, ""local_assignments"": 79228162514264337593543950336, ""minfill_width"": 32, ""minfill_work"": 16698150047, ""minfill_order"": [15, 34, 50, 77, 82, 94, 3, 11, 20, 16, 24, 32, 63, 39, 44, 17, 18, 52, 27, 66, 78, 85, 88, 1, 4, 8, 33, 68, 48, 25, 69, 61, 19, 65, 22, 49, 56, 90, 38, 92, 73, 91, 55, 62, 7, 70, 64, 45, 29, 95, 26, 79, 57, 86, 5, 0, 2, 35, 71, 36, 47, 60, 93, 6, 9, 10, 12, 13, 14, 21, 23, 28, 30, 31, 37, 40, 41, 42, 43, 46, 51, 53, 54, 58, 59, 67, 72, 74, 75, 76, 80, 81, 83, 84, 87, 89], ""energy_bound"": 590, ""root_bound"": 1024, ""crt_primes"": 4, ""arithmetic_burden"": 68395622592512, ""coefficient_bound"": ""79228162514264337593543950336"", ""coupling_multiplicities"": {""3"": 47, ""-1"": 44, ""-2"": 41, ""2"": 33, ""1"": 45, ""-3"": 30}, ""symmetry"": ""not assumed"", ""degree_signature"": [5, 5, 5, 5, 5, 5, 5, 5, 5, 5, 5, 5, 5, 5, 5, 5, 5, 5, 5, 5, 5, 5, 5, 5, 5, 5, 5, 5, 5, 5, 5, 5, 5, 5, 5, 5, 5, 5, 5, 5, 5, 5, 5, 5, 5, 5, 5, 5, 5, 5, 5, 5, 5, 5, 5, 5, 5, 5, 5, 5, 5, 5, 5, 5, 5, 5, 5, 5, 5, 5, 5, 5, 5, 5, 5, 5, 5, 5, 5, 5, 5, 5, 5, 5, 5, 5, 5, 5, 5, 5, 5, 5, 5, 5, 5, 5]}"
397ed4ce5c9f15dcaffe998c,N096,dad9c1331dbc9b401ff729dde21b4e477b7b749ffea3504dab5b38c2c5d8fb44,6a741a395db2348150108dd98618e2c8fba13a369a364cfd9d97ebffea4901fa,N96_INDUCED_TRANSITION_LADDER_V1,f2f991d74dfbb2edf7f4475dcb7d82989de00a71e44bb11d4a6fbb49442577b6,"[0, 1, 2, 3]",e6a3c5b7678a2e6761257ab6156de12e275c5ef60853165d1e7622bdfaa0592a,5e41d1760eb18bac845ae3d8eda407f1e653b37456b702db62734074278600df,expanded_portfolio,COOP14_MIG_BRANCH_GROUP,1d2a6f95014703ca171206e42701c52355b89dab08ba0a9b72b3d193a3b620d4,WARM_NEW_PLAN,FRESH_EXACT_SOLVE_WITH_INTERNAL_CHECKS_EXCLUDES_EXTERNAL_VERIFICATION,16,1024,4,16,21,203956800,2097152,d5207e6b84fbabee961e83f3860a3bacaca585acd736c092903cacdfff692450,NUMPY_BATCHED_INVERSE_NTT_INTEGER_CRT,3,COMPLETE,OBSERVED_PATTERN,128034992,"[54493, 54494, 54495, 54496, 54497, 54498, 54499, 54500, 54501, 54502, 54503, 54504, 54505, 54506]","[288, 288, 288, 304, 288, 288, 288, 304, 288, 288, 288, 304, 288, 304]",WARM_NEW_PLAN,True,1978777088,focused,0.0006917470600455999,0.5773739520227537,0.538318691,2.76241446,0.013214058941230178,0.03401196505876982,0.007652670959942043,3.401549803,0.0,d4e40dd285bf9e76ae6136d06213aaacc14c9084038fbbef2daabcbcdedcece5,"{""N"": 96, ""source_family"": ""N96_INDUCED_TRANSITION_LADDER_V1"", ""graph_hash"": ""6a741a395db2348150108dd98618e2c8fba13a369a364cfd9d97ebffea4901fa"", ""source_hash"": ""dad9c1331dbc9b401ff729dde21b4e477b7b749ffea3504dab5b38c2c5d8fb44"", ""edges"": 240, ""degree_min"": 5, ""degree_max"": 5, ""degree_mean"": 5, ""degree_std"": 0.0, ""components"": 1, ""component_sizes"": [96], ""max_component"": 96, ""local_assignments"": 79228162514264337593543950336, ""minfill_width"": 32, ""minfill_work"": 16698150047, ""minfill_order"": [15, 34, 50, 77, 82, 94, 3, 11, 20, 16, 24, 32, 63, 39, 44, 17, 18, 52, 27, 66, 78, 85, 88, 1, 4, 8, 33, 68, 48, 25, 69, 61, 19, 65, 22, 49, 56, 90, 38, 92, 73, 91, 55, 62, 7, 70, 64, 45, 29, 95, 26, 79, 57, 86, 5, 0, 2, 35, 71, 36, 47, 60, 93, 6, 9, 10, 12, 13, 14, 21, 23, 28, 30, 31, 37, 40, 41, 42, 43, 46, 51, 53, 54, 58, 59, 67, 72, 74, 75, 76, 80, 81, 83, 84, 87, 89], ""energy_bound"": 590, ""root_bound"": 1024, ""crt_primes"": 4, ""arithmetic_burden"": 68395622592512, ""coefficient_bound"": ""79228162514264337593543950336"", ""coupling_multiplicities"": {""3"": 47, ""-1"": 44, ""-2"": 41, ""2"": 33, ""1"": 45, ""-3"": 30}, ""symmetry"": ""not assumed"", ""degree_signature"": [5, 5, 5, 5, 5, 5, 5, 5, 5, 5, 5, 5, 5, 5, 5, 5, 5, 5, 5, 5, 5, 5, 5, 5, 5, 5, 5, 5, 5, 5, 5, 5, 5, 5, 5, 5, 5, 5, 5, 5, 5, 5, 5, 5, 5, 5, 5, 5, 5, 5, 5, 5, 5, 5, 5, 5, 5, 5, 5, 5, 5, 5, 5, 5, 5, 5, 5, 5, 5, 5, 5, 5, 5, 5, 5, 5, 5, 5, 5, 5, 5, 5, 5, 5, 5, 5, 5, 5, 5, 5, 5, 5, 5, 5, 5, 5]}"
b5d60a71c85c85deb39ad86e,N100,f4f512facb6a5b46acbf03543c91d6653cb961b30ea9f2a1c1af33255bb1aa0b,28e9e44506fd4dcd854bc2d2f36c432fa3694abe93af29e88f5beca98f42dfa0,N100_P2_PACKET_PLUS_DEPTH_V1,46f1f2fd7b1710ed745060e45f24f9db60f681e8010208e52e657f6e531da178,"[0, 1, 60, 61]",9bba112fdafcc7ff8767041e14b7104dc56bb4e85722a3fea8c9f3578fb4077f,e9ac9c038ee9ecaca98d29e052662172f98094e122668a5f2730f37924bcec72,fresh_min_fill,COOP14_MIG_BRANCH_GROUP,1d2a6f95014703ca171206e42701c52355b89dab08ba0a9b72b3d193a3b620d4,WARM_NEW_SOURCE,FRESH_EXACT_SOLVE_WITH_INTERNAL_CHECKS_EXCLUDES_EXTERNAL_VERIFICATION,16,512,4,1,5,2153,32,d5207e6b84fbabee961e83f3860a3bacaca585acd736c092903cacdfff692450,NUMPY_BATCHED_INVERSE_NTT_INTEGER_CRT,0,COMPLETE,OBSERVED_PATTERN,3444,"[54493, 54494, 54495, 54496, 54497, 54498, 54499, 54500, 54501, 54502, 54503, 54504, 54505, 54506]","[160, 112, 176, 112, 160, 160, 160, 160, 96, 176, 160, 96, 160, 160]",WARM_NEW_SOURCE,False,343988224,focused,1.8092374500120059,0.025118864024989307,0.168362138,0.031526588,0.007745728944428265,0.014306071055571735,0.004127344931475818,0.222082294,0.0,3238c4ef8a2a23d767c29695fee610d940919582d26db02a4ef21088b610d43f,"{""N"": 100, ""source_family"": ""N100_P2_PACKET_PLUS_DEPTH_V1"", ""graph_hash"": ""28e9e44506fd4dcd854bc2d2f36c432fa3694abe93af29e88f5beca98f42dfa0"", ""source_hash"": ""f4f512facb6a5b46acbf03543c91d6653cb961b30ea9f2a1c1af33255bb1aa0b"", ""edges"": 260, ""degree_min"": 4, ""degree_max"": 6, ""degree_mean"": 5.2, ""degree_std"": 0.5099019513592785, ""components"": 8, ""component_sizes"": [5, 10, 10, 15, 15, 15, 15, 15], ""max_component"": 15, ""local_assignments"": 165920, ""minfill_width"": 5, ""minfill_work"": 2168, ""minfill_order"": [39, 40, 41, 86, 87, 0, 1, 2, 60, 61, 3, 4, 5, 62, 63, 6, 7, 8, 64, 65, 9, 10, 11, 66, 67, 12, 13, 14, 68, 69, 15, 16, 17, 70, 36, 37, 38, 71, 84, 85, 18, 19, 20, 72, 42, 43, 44, 73, 88, 89, 21, 22, 23, 74, 45, 46, 47, 75, 90, 91, 24, 25, 26, 76, 48, 49, 50, 77, 92, 93, 27, 28, 29, 78, 51, 52, 53, 79, 94, 95, 30, 31, 32, 80, 54, 55, 56, 81, 96, 97, 33, 34, 35, 82, 57, 58, 59, 83, 98, 99], ""energy_bound"": 260, ""root_bound"": 512, ""crt_primes"": 4, ""arithmetic_burden"": 4440064, ""coefficient_bound"": ""1267650600228229401496703205376"", ""coupling_multiplicities"": {""1"": 260}, ""symmetry"": ""not assumed"", ""degree_signature"": [4, 4, 4, 4, 4, 5, 5, 5, 5, 5, 5, 5, 5, 5, 5, 5, 5, 5, 5, 5, 5, 5, 5, 5, 5, 5, 5, 5, 5, 5, 5, 5, 5, 5, 5, 5, 5, 5, 5, 5, 5, 5, 5, 5, 5, 5, 5, 5, 5, 5, 5, 5, 5, 5, 5, 5, 5, 5, 5, 5, 5, 5, 5, 5, 5, 5, 5, 5, 5, 5, 5, 5, 5, 5, 5, 6, 6, 6, 6, 6, 6, 6, 6, 6, 6, 6, 6, 6, 6, 6, 6, 6, 6, 6, 6, 6, 6, 6, 6, 6]}"
b5d60a71c85c85deb39ad86e,N100,f4f512facb6a5b46acbf03543c91d6653cb961b30ea9f2a1c1af33255bb1aa0b,28e9e44506fd4dcd854bc2d2f36c432fa3694abe93af29e88f5beca98f42dfa0,N100_P2_PACKET_PLUS_DEPTH_V1,46f1f2fd7b1710ed745060e45f24f9db60f681e8010208e52e657f6e531da178,"[0, 1, 60, 61]",9bba112fdafcc7ff8767041e14b7104dc56bb4e85722a3fea8c9f3578fb4077f,e9ac9c038ee9ecaca98d29e052662172f98094e122668a5f2730f37924bcec72,fresh_min_fill,COOP14_MIG_BRANCH_GROUP,1d2a6f95014703ca171206e42701c52355b89dab08ba0a9b72b3d193a3b620d4,WARM_SAME_SOURCE,FRESH_EXACT_SOLVE_WITH_INTERNAL_CHECKS_EXCLUDES_EXTERNAL_VERIFICATION,16,512,4,1,5,2153,32,d5207e6b84fbabee961e83f3860a3bacaca585acd736c092903cacdfff692450,NUMPY_BATCHED_INVERSE_NTT_INTEGER_CRT,1,COMPLETE,OBSERVED_PATTERN,3444,"[54493, 54494, 54495, 54496, 54497, 54498, 54499, 54500, 54501, 54502, 54503, 54504, 54505, 54506]","[160, 160, 160, 112, 160, 160, 160, 144, 96, 160, 160, 96, 160, 160]",WARM_SAME_SOURCE,True,343988224,focused,1.8092374500120059,0.025118864024989307,0.053236775,0.027518571,0.002199999988079071,0.007784109011920929,0.004051307099871337,0.090824744,0.0,3238c4ef8a2a23d767c29695fee610d940919582d26db02a4ef21088b610d43f,"{""N"": 100, ""source_family"": ""N100_P2_PACKET_PLUS_DEPTH_V1"", ""graph_hash"": ""28e9e44506fd4dcd854bc2d2f36c432fa3694abe93af29e88f5beca98f42dfa0"", ""source_hash"": ""f4f512facb6a5b46acbf03543c91d6653cb961b30ea9f2a1c1af33255bb1aa0b"", ""edges"": 260, ""degree_min"": 4, ""degree_max"": 6, ""degree_mean"": 5.2, ""degree_std"": 0.5099019513592785, ""components"": 8, ""component_sizes"": [5, 10, 10, 15, 15, 15, 15, 15], ""max_component"": 15, ""local_assignments"": 165920, ""minfill_width"": 5, ""minfill_work"": 2168, ""minfill_order"": [39, 40, 41, 86, 87, 0, 1, 2, 60, 61, 3, 4, 5, 62, 63, 6, 7, 8, 64, 65, 9, 10, 11, 66, 67, 12, 13, 14, 68, 69, 15, 16, 17, 70, 36, 37, 38, 71, 84, 85, 18, 19, 20, 72, 42, 43, 44, 73, 88, 89, 21, 22, 23, 74, 45, 46, 47, 75, 90, 91, 24, 25, 26, 76, 48, 49, 50, 77, 92, 93, 27, 28, 29, 78, 51, 52, 53, 79, 94, 95, 30, 31, 32, 80, 54, 55, 56, 81, 96, 97, 33, 34, 35, 82, 57, 58, 59, 83, 98, 99], ""energy_bound"": 260, ""root_bound"": 512, ""crt_primes"": 4, ""arithmetic_burden"": 4440064, ""coefficient_bound"": ""1267650600228229401496703205376"", ""coupling_multiplicities"": {""1"": 260}, ""symmetry"": ""not assumed"", ""degree_signature"": [4, 4, 4, 4, 4, 5, 5, 5, 5, 5, 5, 5, 5, 5, 5, 5, 5, 5, 5, 5, 5, 5, 5, 5, 5, 5, 5, 5, 5, 5, 5, 5, 5, 5, 5, 5, 5, 5, 5, 5, 5, 5, 5, 5, 5, 5, 5, 5, 5, 5, 5, 5, 5, 5, 5, 5, 5, 5, 5, 5, 5, 5, 5, 5, 5, 5, 5, 5, 5, 5, 5, 5, 5, 5, 5, 6, 6, 6, 6, 6, 6, 6, 6, 6, 6, 6, 6, 6, 6, 6, 6, 6, 6, 6, 6, 6, 6, 6, 6, 6]}"
b5d60a71c85c85deb39ad86e,N100,f4f512facb6a5b46acbf03543c91d6653cb961b30ea9f2a1c1af33255bb1aa0b,28e9e44506fd4dcd854bc2d2f36c432fa3694abe93af29e88f5beca98f42dfa0,N100_P2_PACKET_PLUS_DEPTH_V1,46f1f2fd7b1710ed745060e45f24f9db60f681e8010208e52e657f6e531da178,"[0, 1, 60, 61]",9bba112fdafcc7ff8767041e14b7104dc56bb4e85722a3fea8c9f3578fb4077f,e9ac9c038ee9ecaca98d29e052662172f98094e122668a5f2730f37924bcec72,fresh_min_fill,COOP14_MIG_BRANCH_GROUP,1d2a6f95014703ca171206e42701c52355b89dab08ba0a9b72b3d193a3b620d4,WARM_SAME_SOURCE,FRESH_EXACT_SOLVE_WITH_INTERNAL_CHECKS_EXCLUDES_EXTERNAL_VERIFICATION,16,512,4,1,5,2153,32,d5207e6b84fbabee961e83f3860a3bacaca585acd736c092903cacdfff692450,NUMPY_BATCHED_INVERSE_NTT_INTEGER_CRT,2,COMPLETE,OBSERVED_PATTERN,3444,"[54493, 54494, 54495, 54496, 54497, 54498, 54499, 54500, 54501, 54502, 54503, 54504, 54505, 54506]","[176, 176, 112, 144, 176, 176, 112, 176, 176, 112, 112, 176, 112, 112]",WARM_SAME_SOURCE,True,343988224,focused,1.8092374500120059,0.025118864024989307,0.054460682,0.028000253,0.003816130105406046,0.012696509894593953,0.004028006922453642,0.099058694,0.0,3238c4ef8a2a23d767c29695fee610d940919582d26db02a4ef21088b610d43f,"{""N"": 100, ""source_family"": ""N100_P2_PACKET_PLUS_DEPTH_V1"", ""graph_hash"": ""28e9e44506fd4dcd854bc2d2f36c432fa3694abe93af29e88f5beca98f42dfa0"", ""source_hash"": ""f4f512facb6a5b46acbf03543c91d6653cb961b30ea9f2a1c1af33255bb1aa0b"", ""edges"": 260, ""degree_min"": 4, ""degree_max"": 6, ""degree_mean"": 5.2, ""degree_std"": 0.5099019513592785, ""components"": 8, ""component_sizes"": [5, 10, 10, 15, 15, 15, 15, 15], ""max_component"": 15, ""local_assignments"": 165920, ""minfill_width"": 5, ""minfill_work"": 2168, ""minfill_order"": [39, 40, 41, 86, 87, 0, 1, 2, 60, 61, 3, 4, 5, 62, 63, 6, 7, 8, 64, 65, 9, 10, 11, 66, 67, 12, 13, 14, 68, 69, 15, 16, 17, 70, 36, 37, 38, 71, 84, 85, 18, 19, 20, 72, 42, 43, 44, 73, 88, 89, 21, 22, 23, 74, 45, 46, 47, 75, 90, 91, 24, 25, 26, 76, 48, 49, 50, 77, 92, 93, 27, 28, 29, 78, 51, 52, 53, 79, 94, 95, 30, 31, 32, 80, 54, 55, 56, 81, 96, 97, 33, 34, 35, 82, 57, 58, 59, 83, 98, 99], ""energy_bound"": 260, ""root_bound"": 512, ""crt_primes"": 4, ""arithmetic_burden"": 4440064, ""coefficient_bound"": ""1267650600228229401496703205376"", ""coupling_multiplicities"": {""1"": 260}, ""symmetry"": ""not assumed"", ""degree_signature"": [4, 4, 4, 4, 4, 5, 5, 5, 5, 5, 5, 5, 5, 5, 5, 5, 5, 5, 5, 5, 5, 5, 5, 5, 5, 5, 5, 5, 5, 5, 5, 5, 5, 5, 5, 5, 5, 5, 5, 5, 5, 5, 5, 5, 5, 5, 5, 5, 5, 5, 5, 5, 5, 5, 5, 5, 5, 5, 5, 5, 5, 5, 5, 5, 5, 5, 5, 5, 5, 5, 5, 5, 5, 5, 5, 6, 6, 6, 6, 6, 6, 6, 6, 6, 6, 6, 6, 6, 6, 6, 6, 6, 6, 6, 6, 6, 6, 6, 6, 6]}"
b5d60a71c85c85deb39ad86e,N100,f4f512facb6a5b46acbf03543c91d6653cb961b30ea9f2a1c1af33255bb1aa0b,28e9e44506fd4dcd854bc2d2f36c432fa3694abe93af29e88f5beca98f42dfa0,N100_P2_PACKET_PLUS_DEPTH_V1,46f1f2fd7b1710ed745060e45f24f9db60f681e8010208e52e657f6e531da178,"[0, 1, 60, 61]",9bba112fdafcc7ff8767041e14b7104dc56bb4e85722a3fea8c9f3578fb4077f,e9ac9c038ee9ecaca98d29e052662172f98094e122668a5f2730f37924bcec72,fresh_min_fill,COOP14_MIG_BRANCH_GROUP,1d2a6f95014703ca171206e42701c52355b89dab08ba0a9b72b3d193a3b620d4,WARM_SAME_SOURCE,FRESH_EXACT_SOLVE_WITH_INTERNAL_CHECKS_EXCLUDES_EXTERNAL_VERIFICATION,16,512,4,1,5,2153,32,d5207e6b84fbabee961e83f3860a3bacaca585acd736c092903cacdfff692450,NUMPY_BATCHED_INVERSE_NTT_INTEGER_CRT,3,COMPLETE,OBSERVED_PATTERN,3444,"[54493, 54494, 54495, 54496, 54497, 54498, 54499, 54500, 54501, 54502, 54503, 54504, 54505, 54506]","[160, 160, 160, 112, 176, 160, 176, 96, 112, 112, 160, 144, 160, 160]",WARM_SAME_SOURCE,True,343988224,focused,1.8092374500120059,0.025118864024989307,0.053567119,0.026125326,0.0029577170498669147,0.008280768950133086,0.004193003987893462,0.09102504,0.0,3238c4ef8a2a23d767c29695fee610d940919582d26db02a4ef21088b610d43f,"{""N"": 100, ""source_family"": ""N100_P2_PACKET_PLUS_DEPTH_V1"", ""graph_hash"": ""28e9e44506fd4dcd854bc2d2f36c432fa3694abe93af29e88f5beca98f42dfa0"", ""source_hash"": ""f4f512facb6a5b46acbf03543c91d6653cb961b30ea9f2a1c1af33255bb1aa0b"", ""edges"": 260, ""degree_min"": 4, ""degree_max"": 6, ""degree_mean"": 5.2, ""degree_std"": 0.5099019513592785, ""components"": 8, ""component_sizes"": [5, 10, 10, 15, 15, 15, 15, 15], ""max_component"": 15, ""local_assignments"": 165920, ""minfill_width"": 5, ""minfill_work"": 2168, ""minfill_order"": [39, 40, 41, 86, 87, 0, 1, 2, 60, 61, 3, 4, 5, 62, 63, 6, 7, 8, 64, 65, 9, 10, 11, 66, 67, 12, 13, 14, 68, 69, 15, 16, 17, 70, 36, 37, 38, 71, 84, 85, 18, 19, 20, 72, 42, 43, 44, 73, 88, 89, 21, 22, 23, 74, 45, 46, 47, 75, 90, 91, 24, 25, 26, 76, 48, 49, 50, 77, 92, 93, 27, 28, 29, 78, 51, 52, 53, 79, 94, 95, 30, 31, 32, 80, 54, 55, 56, 81, 96, 97, 33, 34, 35, 82, 57, 58, 59, 83, 98, 99], ""energy_bound"": 260, ""root_bound"": 512, ""crt_primes"": 4, ""arithmetic_burden"": 4440064, ""coefficient_bound"": ""1267650600228229401496703205376"", ""coupling_multiplicities"": {""1"": 260}, ""symmetry"": ""not assumed"", ""degree_signature"": [4, 4, 4, 4, 4, 5, 5, 5, 5, 5, 5, 5, 5, 5, 5, 5, 5, 5, 5, 5, 5, 5, 5, 5, 5, 5, 5, 5, 5, 5, 5, 5, 5, 5, 5, 5, 5, 5, 5, 5, 5, 5, 5, 5, 5, 5, 5, 5, 5, 5, 5, 5, 5, 5, 5, 5, 5, 5, 5, 5, 5, 5, 5, 5, 5, 5, 5, 5, 5, 5, 5, 5, 5, 5, 5, 6, 6, 6, 6, 6, 6, 6, 6, 6, 6, 6, 6, 6, 6, 6, 6, 6, 6, 6, 6, 6, 6, 6, 6, 6]}"
5d39c43351fcc8732dd71700,N105,5776b29715e9a50cd9f500c1b53e676b5e8d4ed040d40ac02cad5f3eb90e7774,1a5a3f398978af9ec44f29e6dedde0caacb3eaa35df2a7da5f0aada620afb2bf,N105_P9G0_HISTORICAL_PACKET_RESTORATION_V1,46f1f2fd7b1710ed745060e45f24f9db60f681e8010208e52e657f6e531da178,"[0, 1, 60, 61]",4ce49b3bd57787671e8d84190fc6ac27792c247097b95e747076012c6fbf8164,6a6f783dc891750586becb563080fe829139ecd3fda3737d3bec91ff18cf050b,fresh_min_fill,COOP14_MIG_BRANCH_GROUP,1d2a6f95014703ca171206e42701c52355b89dab08ba0a9b72b3d193a3b620d4,WARM_NEW_SOURCE,FRESH_EXACT_SOLVE_WITH_INTERNAL_CHECKS_EXCLUDES_EXTERNAL_VERIFICATION,16,512,4,1,5,2313,32,d5207e6b84fbabee961e83f3860a3bacaca585acd736c092903cacdfff692450,NUMPY_BATCHED_INVERSE_NTT_INTEGER_CRT,0,COMPLETE,OBSERVED_PATTERN,3444,"[54493, 54494, 54495, 54496, 54497, 54498, 54499, 54500, 54501, 54502, 54503, 54504, 54505, 54506]","[160, 128, 128, 128, 144, 128, 128, 224, 128, 208, 128, 160, 128, 128]",WARM_NEW_SOURCE,False,344028160,focused,1.9718982310732827,0.006959103047847748,0.066035113,0.033336636,0.0021660791244357824,0.008839590875564218,0.004495298024266958,0.110470628,0.0,020797de5f798950f4dc55148da28f5c9daf285323bd44f404c9065d9db60d09,"{""N"": 105, ""source_family"": ""N105_P9G0_HISTORICAL_PACKET_RESTORATION_V1"", ""graph_hash"": ""1a5a3f398978af9ec44f29e6dedde0caacb3eaa35df2a7da5f0aada620afb2bf"", ""source_hash"": ""5776b29715e9a50cd9f500c1b53e676b5e8d4ed040d40ac02cad5f3eb90e7774"", ""edges"": 275, ""degree_min"": 5, ""degree_max"": 6, ""degree_mean"": 5.238095238095238, ""degree_std"": 0.4259177099999599, ""components"": 8, ""component_sizes"": [10, 10, 10, 15, 15, 15, 15, 15], ""max_component"": 15, ""local_assignments"": 166912, ""minfill_width"": 5, ""minfill_work"": 2328, ""minfill_order"": [0, 1, 2, 60, 61, 3, 4, 5, 62, 63, 6, 7, 8, 64, 65, 9, 10, 11, 66, 67, 12, 13, 14, 68, 69, 15, 16, 17, 70, 36, 37, 38, 71, 84, 85, 18, 19, 20, 72, 42, 43, 44, 73, 88, 89, 21, 22, 23, 74, 45, 46, 47, 75, 90, 91, 24, 25, 26, 76, 48, 49, 50, 77, 92, 93, 27, 28, 29, 78, 51, 52, 53, 79, 94, 95, 30, 31, 32, 80, 54, 55, 56, 81, 96, 97, 33, 34, 35, 82, 57, 58, 59, 83, 98, 99, 39, 40, 41, 86, 87, 100, 101, 102, 103, 104], ""energy_bound"": 275, ""root_bound"": 512, ""crt_primes"": 4, ""arithmetic_burden"": 4767744, ""coefficient_bound"": ""40564819207303340847894502572032"", ""coupling_multiplicities"": {""1"": 275}, ""symmetry"": ""not assumed"", ""degree_signature"": [5, 5, 5, 5, 5, 5, 5, 5, 5, 5, 5, 5, 5, 5, 5, 5, 5, 5, 5, 5, 5, 5, 5, 5, 5, 5, 5, 5, 5, 5, 5, 5, 5, 5, 5, 5, 5, 5, 5, 5, 5, 5, 5, 5, 5, 5, 5, 5, 5, 5, 5, 5, 5, 5, 5, 5, 5, 5, 5, 5, 5, 5, 5, 5, 5, 5, 5, 5, 5, 5, 5, 5, 5, 5, 5, 5, 5, 5, 5, 5, 6, 6, 6, 6, 6, 6, 6, 6, 6, 6, 6, 6, 6, 6, 6, 6, 6, 6, 6, 6, 6, 6, 6, 6, 6]}"
5d39c43351fcc8732dd71700,N105,5776b29715e9a50cd9f500c1b53e676b5e8d4ed040d40ac02cad5f3eb90e7774,1a5a3f398978af9ec44f29e6dedde0caacb3eaa35df2a7da5f0aada620afb2bf,N105_P9G0_HISTORICAL_PACKET_RESTORATION_V1,46f1f2fd7b1710ed745060e45f24f9db60f681e8010208e52e657f6e531da178,"[0, 1, 60, 61]",4ce49b3bd57787671e8d84190fc6ac27792c247097b95e747076012c6fbf8164,6a6f783dc891750586becb563080fe829139ecd3fda3737d3bec91ff18cf050b,fresh_min_fill,COOP14_MIG_BRANCH_GROUP,1d2a6f95014703ca171206e42701c52355b89dab08ba0a9b72b3d193a3b620d4,WARM_SAME_SOURCE,FRESH_EXACT_SOLVE_WITH_INTERNAL_CHECKS_EXCLUDES_EXTERNAL_VERIFICATION,16,512,4,1,5,2313,32,d5207e6b84fbabee961e83f3860a3bacaca585acd736c092903cacdfff692450,NUMPY_BATCHED_INVERSE_NTT_INTEGER_CRT,1,COMPLETE,OBSERVED_PATTERN,3444,"[54493, 54494, 54495, 54496, 54497, 54498, 54499, 54500, 54501, 54502, 54503, 54504, 54505, 54506]","[160, 160, 160, 160, 144, 144, 160, 144, 160, 96, 144, 96, 160, 160]",WARM_SAME_SOURCE,True,344028160,focused,1.9718982310732827,0.006959103047847748,0.056663322,0.02868069,0.0036689238622784615,0.025745413137721537,0.004238783032633364,0.114842507,0.0,020797de5f798950f4dc55148da28f5c9daf285323bd44f404c9065d9db60d09,"{""N"": 105, ""source_family"": ""N105_P9G0_HISTORICAL_PACKET_RESTORATION_V1"", ""graph_hash"": ""1a5a3f398978af9ec44f29e6dedde0caacb3eaa35df2a7da5f0aada620afb2bf"", ""source_hash"": ""5776b29715e9a50cd9f500c1b53e676b5e8d4ed040d40ac02cad5f3eb90e7774"", ""edges"": 275, ""degree_min"": 5, ""degree_max"": 6, ""degree_mean"": 5.238095238095238, ""degree_std"": 0.4259177099999599, ""components"": 8, ""component_sizes"": [10, 10, 10, 15, 15, 15, 15, 15], ""max_component"": 15, ""local_assignments"": 166912, ""minfill_width"": 5, ""minfill_work"": 2328, ""minfill_order"": [0, 1, 2, 60, 61, 3, 4, 5, 62, 63, 6, 7, 8, 64, 65, 9, 10, 11, 66, 67, 12, 13, 14, 68, 69, 15, 16, 17, 70, 36, 37, 38, 71, 84, 85, 18, 19, 20, 72, 42, 43, 44, 73, 88, 89, 21, 22, 23, 74, 45, 46, 47, 75, 90, 91, 24, 25, 26, 76, 48, 49, 50, 77, 92, 93, 27, 28, 29, 78, 51, 52, 53, 79, 94, 95, 30, 31, 32, 80, 54, 55, 56, 81, 96, 97, 33, 34, 35, 82, 57, 58, 59, 83, 98, 99, 39, 40, 41, 86, 87, 100, 101, 102, 103, 104], ""energy_bound"": 275, ""root_bound"": 512, ""crt_primes"": 4, ""arithmetic_burden"": 4767744, ""coefficient_bound"": ""40564819207303340847894502572032"", ""coupling_multiplicities"": {""1"": 275}, ""symmetry"": ""not assumed"", ""degree_signature"": [5, 5, 5, 5, 5, 5, 5, 5, 5, 5, 5, 5, 5, 5, 5, 5, 5, 5, 5, 5, 5, 5, 5, 5, 5, 5, 5, 5, 5, 5, 5, 5, 5, 5, 5, 5, 5, 5, 5, 5, 5, 5, 5, 5, 5, 5, 5, 5, 5, 5, 5, 5, 5, 5, 5, 5, 5, 5, 5, 5, 5, 5, 5, 5, 5, 5, 5, 5, 5, 5, 5, 5, 5, 5, 5, 5, 5, 5, 5, 5, 6, 6, 6, 6, 6, 6, 6, 6, 6, 6, 6, 6, 6, 6, 6, 6, 6, 6, 6, 6, 6, 6, 6, 6, 6]}"
5d39c43351fcc8732dd71700,N105,5776b29715e9a50cd9f500c1b53e676b5e8d4ed040d40ac02cad5f3eb90e7774,1a5a3f398978af9ec44f29e6dedde0caacb3eaa35df2a7da5f0aada620afb2bf,N105_P9G0_HISTORICAL_PACKET_RESTORATION_V1,46f1f2fd7b1710ed745060e45f24f9db60f681e8010208e52e657f6e531da178,"[0, 1, 60, 61]",4ce49b3bd57787671e8d84190fc6ac27792c247097b95e747076012c6fbf8164,6a6f783dc891750586becb563080fe829139ecd3fda3737d3bec91ff18cf050b,fresh_min_fill,COOP14_MIG_BRANCH_GROUP,1d2a6f95014703ca171206e42701c52355b89dab08ba0a9b72b3d193a3b620d4,WARM_SAME_SOURCE,FRESH_EXACT_SOLVE_WITH_INTERNAL_CHECKS_EXCLUDES_EXTERNAL_VERIFICATION,16,512,4,1,5,2313,32,d5207e6b84fbabee961e83f3860a3bacaca585acd736c092903cacdfff692450,NUMPY_BATCHED_INVERSE_NTT_INTEGER_CRT,2,COMPLETE,OBSERVED_PATTERN,3444,"[54493, 54494, 54495, 54496, 54497, 54498, 54499, 54500, 54501, 54502, 54503, 54504, 54505, 54506]","[160, 176, 160, 128, 144, 144, 112, 160, 176, 128, 144, 128, 112, 176]",WARM_SAME_SOURCE,True,344028160,focused,1.9718982310732827,0.006959103047847748,0.060576722,0.030975159,0.002181221963837743,0.008557664036162257,0.0044681389117613435,0.102403024,0.0,020797de5f798950f4dc55148da28f5c9daf285323bd44f404c9065d9db60d09,"{""N"": 105, ""source_family"": ""N105_P9G0_HISTORICAL_PACKET_RESTORATION_V1"", ""graph_hash"": ""1a5a3f398978af9ec44f29e6dedde0caacb3eaa35df2a7da5f0aada620afb2bf"", ""source_hash"": ""5776b29715e9a50cd9f500c1b53e676b5e8d4ed040d40ac02cad5f3eb90e7774"", ""edges"": 275, ""degree_min"": 5, ""degree_max"": 6, ""degree_mean"": 5.238095238095238, ""degree_std"": 0.4259177099999599, ""components"": 8, ""component_sizes"": [10, 10, 10, 15, 15, 15, 15, 15], ""max_component"": 15, ""local_assignments"": 166912, ""minfill_width"": 5, ""minfill_work"": 2328, ""minfill_order"": [0, 1, 2, 60, 61, 3, 4, 5, 62, 63, 6, 7, 8, 64, 65, 9, 10, 11, 66, 67, 12, 13, 14, 68, 69, 15, 16, 17, 70, 36, 37, 38, 71, 84, 85, 18, 19, 20, 72, 42, 43, 44, 73, 88, 89, 21, 22, 23, 74, 45, 46, 47, 75, 90, 91, 24, 25, 26, 76, 48, 49, 50, 77, 92, 93, 27, 28, 29, 78, 51, 52, 53, 79, 94, 95, 30, 31, 32, 80, 54, 55, 56, 81, 96, 97, 33, 34, 35, 82, 57, 58, 59, 83, 98, 99, 39, 40, 41, 86, 87, 100, 101, 102, 103, 104], ""energy_bound"": 275, ""root_bound"": 512, ""crt_primes"": 4, ""arithmetic_burden"": 4767744, ""coefficient_bound"": ""40564819207303340847894502572032"", ""coupling_multiplicities"": {""1"": 275}, ""symmetry"": ""not assumed"", ""degree_signature"": [5, 5, 5, 5, 5, 5, 5, 5, 5, 5, 5, 5, 5, 5, 5, 5, 5, 5, 5, 5, 5, 5, 5, 5, 5, 5, 5, 5, 5, 5, 5, 5, 5, 5, 5, 5, 5, 5, 5, 5, 5, 5, 5, 5, 5, 5, 5, 5, 5, 5, 5, 5, 5, 5, 5, 5, 5, 5, 5, 5, 5, 5, 5, 5, 5, 5, 5, 5, 5, 5, 5, 5, 5, 5, 5, 5, 5, 5, 5, 5, 6, 6, 6, 6, 6, 6, 6, 6, 6, 6, 6, 6, 6, 6, 6, 6, 6, 6, 6, 6, 6, 6, 6, 6, 6]}"
5d39c43351fcc8732dd71700,N105,5776b29715e9a50cd9f500c1b53e676b5e8d4ed040d40ac02cad5f3eb90e7774,1a5a3f398978af9ec44f29e6dedde0caacb3eaa35df2a7da5f0aada620afb2bf,N105_P9G0_HISTORICAL_PACKET_RESTORATION_V1,46f1f2fd7b1710ed745060e45f24f9db60f681e8010208e52e657f6e531da178,"[0, 1, 60, 61]",4ce49b3bd57787671e8d84190fc6ac27792c247097b95e747076012c6fbf8164,6a6f783dc891750586becb563080fe829139ecd3fda3737d3bec91ff18cf050b,fresh_min_fill,COOP14_MIG_BRANCH_GROUP,1d2a6f95014703ca171206e42701c52355b89dab08ba0a9b72b3d193a3b620d4,WARM_SAME_SOURCE,FRESH_EXACT_SOLVE_WITH_INTERNAL_CHECKS_EXCLUDES_EXTERNAL_VERIFICATION,16,512,4,1,5,2313,32,d5207e6b84fbabee961e83f3860a3bacaca585acd736c092903cacdfff692450,NUMPY_BATCHED_INVERSE_NTT_INTEGER_CRT,3,COMPLETE,OBSERVED_PATTERN,3444,"[54493, 54494, 54495, 54496, 54497, 54498, 54499, 54500, 54501, 54502, 54503, 54504, 54505, 54506]","[160, 176, 160, 96, 160, 176, 176, 160, 160, 112, 128, 144, 144, 96]",WARM_SAME_SOURCE,True,344028160,focused,1.9718982310732827,0.006959103047847748,0.058802974,0.031115366,0.0036886839661747217,0.013468235033825278,0.004690455039963126,0.107189816,0.0,020797de5f798950f4dc55148da28f5c9daf285323bd44f404c9065d9db60d09,"{""N"": 105, ""source_family"": ""N105_P9G0_HISTORICAL_PACKET_RESTORATION_V1"", ""graph_hash"": ""1a5a3f398978af9ec44f29e6dedde0caacb3eaa35df2a7da5f0aada620afb2bf"", ""source_hash"": ""5776b29715e9a50cd9f500c1b53e676b5e8d4ed040d40ac02cad5f3eb90e7774"", ""edges"": 275, ""degree_min"": 5, ""degree_max"": 6, ""degree_mean"": 5.238095238095238, ""degree_std"": 0.4259177099999599, ""components"": 8, ""component_sizes"": [10, 10, 10, 15, 15, 15, 15, 15], ""max_component"": 15, ""local_assignments"": 166912, ""minfill_width"": 5, ""minfill_work"": 2328, ""minfill_order"": [0, 1, 2, 60, 61, 3, 4, 5, 62, 63, 6, 7, 8, 64, 65, 9, 10, 11, 66, 67, 12, 13, 14, 68, 69, 15, 16, 17, 70, 36, 37, 38, 71, 84, 85, 18, 19, 20, 72, 42, 43, 44, 73, 88, 89, 21, 22, 23, 74, 45, 46, 47, 75, 90, 91, 24, 25, 26, 76, 48, 49, 50, 77, 92, 93, 27, 28, 29, 78, 51, 52, 53, 79, 94, 95, 30, 31, 32, 80, 54, 55, 56, 81, 96, 97, 33, 34, 35, 82, 57, 58, 59, 83, 98, 99, 39, 40, 41, 86, 87, 100, 101, 102, 103, 104], ""energy_bound"": 275, ""root_bound"": 512, ""crt_primes"": 4, ""arithmetic_burden"": 4767744, ""coefficient_bound"": ""40564819207303340847894502572032"", ""coupling_multiplicities"": {""1"": 275}, ""symmetry"": ""not assumed"", ""degree_signature"": [5, 5, 5, 5, 5, 5, 5, 5, 5, 5, 5, 5, 5, 5, 5, 5, 5, 5, 5, 5, 5, 5, 5, 5, 5, 5, 5, 5, 5, 5, 5, 5, 5, 5, 5, 5, 5, 5, 5, 5, 5, 5, 5, 5, 5, 5, 5, 5, 5, 5, 5, 5, 5, 5, 5, 5, 5, 5, 5, 5, 5, 5, 5, 5, 5, 5, 5, 5, 5, 5, 5, 5, 5, 5, 5, 5, 5, 5, 5, 5, 6, 6, 6, 6, 6, 6, 6, 6, 6, 6, 6, 6, 6, 6, 6, 6, 6, 6, 6, 6, 6, 6, 6, 6, 6]}"
1f3fa1f45e07708b8089b6fd,N078,5a976c34f66269cff9d4e0a2ae2b690e1b1e4467ce6fb7789ccf4ce4ff392ba5,6a3bd8d809750dd0ecd926d2bcd6745227e4dca2551b8045d89aadb82272b049,N96_INDUCED_TRANSITION_LADDER_V1,f2f991d74dfbb2edf7f4475dcb7d82989de00a71e44bb11d4a6fbb49442577b6,"[0, 1, 2, 3]",58e8a00979bccfed0276fec9f5bdcf859a3957e5c346ed88b8bf8edb6f628269,db3c96bbe439ac6ff41712c4701f72f91f134f1e692569e279ec6a9b43d5423f,transition_priority,COOP14_MIG_BRANCH_GROUP,1d2a6f95014703ca171206e42701c52355b89dab08ba0a9b72b3d193a3b620d4,COLD,FRESH_EXACT_SOLVE_WITH_INTERNAL_CHECKS_EXCLUDES_EXTERNAL_VERIFICATION,16,512,3,1,18,688808,262144,d5207e6b84fbabee961e83f3860a3bacaca585acd736c092903cacdfff692450,NUMPY_BATCHED_INVERSE_NTT_INTEGER_CRT,0,COMPLETE,OBSERVED_PATTERN,9132016,"[59976, 59977, 59978, 59979, 59980, 59981, 59982, 59983, 59984, 59985, 59986, 59987, 59988, 59989]","[96, 112, 128, 128, 96, 128, 112, 96, 64, 128, 128, 128, 128, 64]",COLD_WORKER_INITIALIZATION,False,97586688,focused,0.00015804707072675228,0.04662569402717054,9.398179908,0.029163702,0.005754965008236468,0.021994881991763533,0.007441965048201382,9.455250264,0.0,0c0ae16bf02511597263215347227cdb2e182d44abc6b91649e4f2847e1f34e9,"{""N"": 78, ""source_family"": ""N96_INDUCED_TRANSITION_LADDER_V1"", ""graph_hash"": ""6a3bd8d809750dd0ecd926d2bcd6745227e4dca2551b8045d89aadb82272b049"", ""source_hash"": ""5a976c34f66269cff9d4e0a2ae2b690e1b1e4467ce6fb7789ccf4ce4ff392ba5"", ""edges"": 158, ""degree_min"": 2, ""degree_max"": 5, ""degree_mean"": 4.051282051282051, ""degree_std"": 0.8755574912289166, ""components"": 1, ""component_sizes"": [78], ""max_component"": 78, ""local_assignments"": 302231454903657293676544, ""minfill_width"": 18, ""minfill_work"": 948847, ""minfill_order"": [25, 60, 15, 20, 29, 62, 0, 3, 6, 24, 31, 32, 34, 37, 41, 51, 59, 64, 68, 8, 50, 1, 11, 28, 33, 42, 47, 69, 76, 48, 67, 39, 12, 54, 21, 74, 43, 23, 40, 75, 9, 77, 56, 16, 5, 2, 63, 44, 46, 52, 14, 30, 73, 10, 7, 26, 61, 65, 27, 57, 4, 13, 17, 18, 19, 22, 35, 36, 38, 45, 49, 53, 55, 58, 66, 70, 71, 72], ""energy_bound"": 404, ""root_bound"": 512, ""crt_primes"": 3, ""arithmetic_burden"": 1457428992, ""coefficient_bound"": ""302231454903657293676544"", ""coupling_multiplicities"": {""3"": 32, ""-1"": 30, ""-2"": 27, ""1"": 30, ""-3"": 20, ""2"": 19}, ""symmetry"": ""not assumed"", ""degree_signature"": [2, 2, 3, 3, 3, 3, 3, 3, 3, 3, 3, 3, 3, 3, 3, 3, 3, 3, 3, 3, 3, 3, 3, 3, 4, 4, 4, 4, 4, 4, 4, 4, 4, 4, 4, 4, 4, 4, 4, 4, 4, 4, 4, 4, 4, 4, 4, 4, 5, 5, 5, 5, 5, 5, 5, 5, 5, 5, 5, 5, 5, 5, 5, 5, 5, 5, 5, 5, 5, 5, 5, 5, 5, 5, 5, 5, 5, 5]}"
1f3fa1f45e07708b8089b6fd,N078,5a976c34f66269cff9d4e0a2ae2b690e1b1e4467ce6fb7789ccf4ce4ff392ba5,6a3bd8d809750dd0ecd926d2bcd6745227e4dca2551b8045d89aadb82272b049,N96_INDUCED_TRANSITION_LADDER_V1,f2f991d74dfbb2edf7f4475dcb7d82989de00a71e44bb11d4a6fbb49442577b6,"[0, 1, 2, 3]",58e8a00979bccfed0276fec9f5bdcf859a3957e5c346ed88b8bf8edb6f628269,db3c96bbe439ac6ff41712c4701f72f91f134f1e692569e279ec6a9b43d5423f,transition_priority,COOP14_MIG_BRANCH_GROUP,1d2a6f95014703ca171206e42701c52355b89dab08ba0a9b72b3d193a3b620d4,WARM_SAME_SOURCE,FRESH_EXACT_SOLVE_WITH_INTERNAL_CHECKS_EXCLUDES_EXTERNAL_VERIFICATION,16,512,3,1,18,688808,262144,d5207e6b84fbabee961e83f3860a3bacaca585acd736c092903cacdfff692450,NUMPY_BATCHED_INVERSE_NTT_INTEGER_CRT,1,COMPLETE,OBSERVED_PATTERN,9132016,"[59976, 59977, 59978, 59979, 59980, 59981, 59982, 59983, 59984, 59985, 59986, 59987, 59988, 59989]","[112, 176, 176, 192, 80, 80, 80, 112, 80, 80, 96, 80, 112, 80]",WARM_SAME_SOURCE,True,97586688,focused,0.00015804707072675228,0.04662569402717054,0.125644611,0.028417195,0.005397310946136713,0.020137656053863286,0.006401453982107341,0.179732591,0.0,0c0ae16bf02511597263215347227cdb2e182d44abc6b91649e4f2847e1f34e9,"{""N"": 78, ""source_family"": ""N96_INDUCED_TRANSITION_LADDER_V1"", ""graph_hash"": ""6a3bd8d809750dd0ecd926d2bcd6745227e4dca2551b8045d89aadb82272b049"", ""source_hash"": ""5a976c34f66269cff9d4e0a2ae2b690e1b1e4467ce6fb7789ccf4ce4ff392ba5"", ""edges"": 158, ""degree_min"": 2, ""degree_max"": 5, ""degree_mean"": 4.051282051282051, ""degree_std"": 0.8755574912289166, ""components"": 1, ""component_sizes"": [78], ""max_component"": 78, ""local_assignments"": 302231454903657293676544, ""minfill_width"": 18, ""minfill_work"": 948847, ""minfill_order"": [25, 60, 15, 20, 29, 62, 0, 3, 6, 24, 31, 32, 34, 37, 41, 51, 59, 64, 68, 8, 50, 1, 11, 28, 33, 42, 47, 69, 76, 48, 67, 39, 12, 54, 21, 74, 43, 23, 40, 75, 9, 77, 56, 16, 5, 2, 63, 44, 46, 52, 14, 30, 73, 10, 7, 26, 61, 65, 27, 57, 4, 13, 17, 18, 19, 22, 35, 36, 38, 45, 49, 53, 55, 58, 66, 70, 71, 72], ""energy_bound"": 404, ""root_bound"": 512, ""crt_primes"": 3, ""arithmetic_burden"": 1457428992, ""coefficient_bound"": ""302231454903657293676544"", ""coupling_multiplicities"": {""3"": 32, ""-1"": 30, ""-2"": 27, ""1"": 30, ""-3"": 20, ""2"": 19}, ""symmetry"": ""not assumed"", ""degree_signature"": [2, 2, 3, 3, 3, 3, 3, 3, 3, 3, 3, 3, 3, 3, 3, 3, 3, 3, 3, 3, 3, 3, 3, 3, 4, 4, 4, 4, 4, 4, 4, 4, 4, 4, 4, 4, 4, 4, 4, 4, 4, 4, 4, 4, 4, 4, 4, 4, 5, 5, 5, 5, 5, 5, 5, 5, 5, 5, 5, 5, 5, 5, 5, 5, 5, 5, 5, 5, 5, 5, 5, 5, 5, 5, 5, 5, 5, 5]}"
1f3fa1f45e07708b8089b6fd,N078,5a976c34f66269cff9d4e0a2ae2b690e1b1e4467ce6fb7789ccf4ce4ff392ba5,6a3bd8d809750dd0ecd926d2bcd6745227e4dca2551b8045d89aadb82272b049,N96_INDUCED_TRANSITION_LADDER_V1,f2f991d74dfbb2edf7f4475dcb7d82989de00a71e44bb11d4a6fbb49442577b6,"[0, 1, 2, 3]",58e8a00979bccfed0276fec9f5bdcf859a3957e5c346ed88b8bf8edb6f628269,db3c96bbe439ac6ff41712c4701f72f91f134f1e692569e279ec6a9b43d5423f,transition_priority,COOP14_MIG_BRANCH_GROUP,1d2a6f95014703ca171206e42701c52355b89dab08ba0a9b72b3d193a3b620d4,WARM_SAME_SOURCE,FRESH_EXACT_SOLVE_WITH_INTERNAL_CHECKS_EXCLUDES_EXTERNAL_VERIFICATION,16,512,3,1,18,688808,262144,d5207e6b84fbabee961e83f3860a3bacaca585acd736c092903cacdfff692450,NUMPY_BATCHED_INVERSE_NTT_INTEGER_CRT,2,COMPLETE,OBSERVED_PATTERN,9132016,"[59976, 59977, 59978, 59979, 59980, 59981, 59982, 59983, 59984, 59985, 59986, 59987, 59988, 59989]","[112, 192, 128, 192, 80, 112, 96, 80, 80, 80, 80, 112, 112, 80]",WARM_SAME_SOURCE,True,97586688,focused,0.00015804707072675228,0.04662569402717054,0.121395739,0.025672754,0.004259031848050654,0.013950308151949347,0.007191529963165522,0.165415941,0.0,0c0ae16bf02511597263215347227cdb2e182d44abc6b91649e4f2847e1f34e9,"{""N"": 78, ""source_family"": ""N96_INDUCED_TRANSITION_LADDER_V1"", ""graph_hash"": ""6a3bd8d809750dd0ecd926d2bcd6745227e4dca2551b8045d89aadb82272b049"", ""source_hash"": ""5a976c34f66269cff9d4e0a2ae2b690e1b1e4467ce6fb7789ccf4ce4ff392ba5"", ""edges"": 158, ""degree_min"": 2, ""degree_max"": 5, ""degree_mean"": 4.051282051282051, ""degree_std"": 0.8755574912289166, ""components"": 1, ""component_sizes"": [78], ""max_component"": 78, ""local_assignments"": 302231454903657293676544, ""minfill_width"": 18, ""minfill_work"": 948847, ""minfill_order"": [25, 60, 15, 20, 29, 62, 0, 3, 6, 24, 31, 32, 34, 37, 41, 51, 59, 64, 68, 8, 50, 1, 11, 28, 33, 42, 47, 69, 76, 48, 67, 39, 12, 54, 21, 74, 43, 23, 40, 75, 9, 77, 56, 16, 5, 2, 63, 44, 46, 52, 14, 30, 73, 10, 7, 26, 61, 65, 27, 57, 4, 13, 17, 18, 19, 22, 35, 36, 38, 45, 49, 53, 55, 58, 66, 70, 71, 72], ""energy_bound"": 404, ""root_bound"": 512, ""crt_primes"": 3, ""arithmetic_burden"": 1457428992, ""coefficient_bound"": ""302231454903657293676544"", ""coupling_multiplicities"": {""3"": 32, ""-1"": 30, ""-2"": 27, ""1"": 30, ""-3"": 20, ""2"": 19}, ""symmetry"": ""not assumed"", ""degree_signature"": [2, 2, 3, 3, 3, 3, 3, 3, 3, 3, 3, 3, 3, 3, 3, 3, 3, 3, 3, 3, 3, 3, 3, 3, 4, 4, 4, 4, 4, 4, 4, 4, 4, 4, 4, 4, 4, 4, 4, 4, 4, 4, 4, 4, 4, 4, 4, 4, 5, 5, 5, 5, 5, 5, 5, 5, 5, 5, 5, 5, 5, 5, 5, 5, 5, 5, 5, 5, 5, 5, 5, 5, 5, 5, 5, 5, 5, 5]}"
1f3fa1f45e07708b8089b6fd,N078,5a976c34f66269cff9d4e0a2ae2b690e1b1e4467ce6fb7789ccf4ce4ff392ba5,6a3bd8d809750dd0ecd926d2bcd6745227e4dca2551b8045d89aadb82272b049,N96_INDUCED_TRANSITION_LADDER_V1,f2f991d74dfbb2edf7f4475dcb7d82989de00a71e44bb11d4a6fbb49442577b6,"[0, 1, 2, 3]",58e8a00979bccfed0276fec9f5bdcf859a3957e5c346ed88b8bf8edb6f628269,db3c96bbe439ac6ff41712c4701f72f91f134f1e692569e279ec6a9b43d5423f,transition_priority,COOP14_MIG_BRANCH_GROUP,1d2a6f95014703ca171206e42701c52355b89dab08ba0a9b72b3d193a3b620d4,WARM_SAME_SOURCE,FRESH_EXACT_SOLVE_WITH_INTERNAL_CHECKS_EXCLUDES_EXTERNAL_VERIFICATION,16,512,3,1,18,688808,262144,d5207e6b84fbabee961e83f3860a3bacaca585acd736c092903cacdfff692450,NUMPY_BATCHED_INVERSE_NTT_INTEGER_CRT,3,COMPLETE,OBSERVED_PATTERN,9132016,"[59976, 59977, 59978, 59979, 59980, 59981, 59982, 59983, 59984, 59985, 59986, 59987, 59988, 59989]","[96, 112, 80, 128, 128, 128, 160, 96, 80, 96, 96, 96, 112, 128]",WARM_SAME_SOURCE,True,97586688,focused,0.00015804707072675228,0.04662569402717054,0.135256778,0.028457584,0.004670984926633537,0.019548876073366462,0.006359454011544585,0.18805962,0.0,0c0ae16bf02511597263215347227cdb2e182d44abc6b91649e4f2847e1f34e9,"{""N"": 78, ""source_family"": ""N96_INDUCED_TRANSITION_LADDER_V1"", ""graph_hash"": ""6a3bd8d809750dd0ecd926d2bcd6745227e4dca2551b8045d89aadb82272b049"", ""source_hash"": ""5a976c34f66269cff9d4e0a2ae2b690e1b1e4467ce6fb7789ccf4ce4ff392ba5"", ""edges"": 158, ""degree_min"": 2, ""degree_max"": 5, ""degree_mean"": 4.051282051282051, ""degree_std"": 0.8755574912289166, ""components"": 1, ""component_sizes"": [78], ""max_component"": 78, ""local_assignments"": 302231454903657293676544, ""minfill_width"": 18, ""minfill_work"": 948847, ""minfill_order"": [25, 60, 15, 20, 29, 62, 0, 3, 6, 24, 31, 32, 34, 37, 41, 51, 59, 64, 68, 8, 50, 1, 11, 28, 33, 42, 47, 69, 76, 48, 67, 39, 12, 54, 21, 74, 43, 23, 40, 75, 9, 77, 56, 16, 5, 2, 63, 44, 46, 52, 14, 30, 73, 10, 7, 26, 61, 65, 27, 57, 4, 13, 17, 18, 19, 22, 35, 36, 38, 45, 49, 53, 55, 58, 66, 70, 71, 72], ""energy_bound"": 404, ""root_bound"": 512, ""crt_primes"": 3, ""arithmetic_burden"": 1457428992, ""coefficient_bound"": ""302231454903657293676544"", ""coupling_multiplicities"": {""3"": 32, ""-1"": 30, ""-2"": 27, ""1"": 30, ""-3"": 20, ""2"": 19}, ""symmetry"": ""not assumed"", ""degree_signature"": [2, 2, 3, 3, 3, 3, 3, 3, 3, 3, 3, 3, 3, 3, 3, 3, 3, 3, 3, 3, 3, 3, 3, 3, 4, 4, 4, 4, 4, 4, 4, 4, 4, 4, 4, 4, 4, 4, 4, 4, 4, 4, 4, 4, 4, 4, 4, 4, 5, 5, 5, 5, 5, 5, 5, 5, 5, 5, 5, 5, 5, 5, 5, 5, 5, 5, 5, 5, 5, 5, 5, 5, 5, 5, 5, 5, 5, 5]}"
b5fad9d6a8cbd26357edd4db,N087,79d702f8631e6b005b45d8f9b8b1b2a2cd8f1da5dd8dcf37f5d1a188bb440e5e,d5999846c0584a9633964a8b0dad6c36880753f757e96b756984a2c4ed4559d6,N96_INDUCED_TRANSITION_LADDER_V1,f2f991d74dfbb2edf7f4475dcb7d82989de00a71e44bb11d4a6fbb49442577b6,"[0, 1, 2, 3]",770e489bf378032509cb13c318769e9816c717ab9ed2020f52e583b7813ff7bc,6dd955133f14d830cd63fbd52104baeec8fc64913d8dde293a0f645e49157e12,tie_portfolio,COOP14_MIG_BRANCH_GROUP,1d2a6f95014703ca171206e42701c52355b89dab08ba0a9b72b3d193a3b620d4,WARM_NEW_SOURCE,FRESH_EXACT_SOLVE_WITH_INTERNAL_CHECKS_EXCLUDES_EXTERNAL_VERIFICATION,16,512,3,1,20,9111100,1048576,d5207e6b84fbabee961e83f3860a3bacaca585acd736c092903cacdfff692450,NUMPY_BATCHED_INVERSE_NTT_INTEGER_CRT,0,COMPLETE,OBSERVED_PATTERN,104229232,"[59976, 59977, 59978, 59979, 59980, 59981, 59982, 59983, 59984, 59985, 59986, 59987, 59988, 59989]","[112, 112, 112, 112, 112, 112, 112, 112, 112, 96, 112, 112, 96, 112]",WARM_NEW_SOURCE,False,1277754880,focused,0.00039409298915416,0.18436257692519575,0.408836308,0.058013698,0.005707046133466065,0.05165206386653393,0.007390495971776545,0.524766526,0.0,dee4daa906ee08f5ea1ad6d8c7653f37e896bd2a91908a6a1708b960b84ca8e1,"{""N"": 87, ""source_family"": ""N96_INDUCED_TRANSITION_LADDER_V1"", ""graph_hash"": ""d5999846c0584a9633964a8b0dad6c36880753f757e96b756984a2c4ed4559d6"", ""source_hash"": ""79d702f8631e6b005b45d8f9b8b1b2a2cd8f1da5dd8dcf37f5d1a188bb440e5e"", ""edges"": 196, ""degree_min"": 2, ""degree_max"": 5, ""degree_mean"": 4.505747126436781, ""degree_std"": 0.6759168012868578, ""components"": 1, ""component_sizes"": [87], ""max_component"": 87, ""local_assignments"": 154742504910672534362390528, ""minfill_width"": 26, ""minfill_work"": 166450211, ""minfill_order"": [60, 15, 20, 0, 12, 41, 51, 50, 16, 34, 82, 24, 3, 6, 21, 25, 33, 38, 39, 48, 59, 67, 8, 52, 47, 68, 77, 11, 84, 55, 56, 78, 37, 69, 61, 2, 27, 73, 42, 7, 9, 63, 17, 1, 32, 64, 66, 62, 22, 81, 57, 36, 76, 74, 72, 44, 79, 35, 43, 4, 5, 10, 13, 14, 18, 19, 23, 26, 28, 29, 30, 31, 40, 45, 46, 49, 53, 54, 58, 65, 70, 71, 75, 80, 83, 85, 86], ""energy_bound"": 487, ""root_bound"": 512, ""crt_primes"": 3, ""arithmetic_burden"": 255667524096, ""coefficient_bound"": ""154742504910672534362390528"", ""coupling_multiplicities"": {""3"": 37, ""-1"": 36, ""-2"": 35, ""1"": 38, ""-3"": 24, ""2"": 26}, ""symmetry"": ""not assumed"", ""degree_signature"": [2, 3, 3, 3, 3, 3, 3, 4, 4, 4, 4, 4, 4, 4, 4, 4, 4, 4, 4, 4, 4, 4, 4, 4, 4, 4, 4, 4, 4, 4, 4, 4, 4, 4, 4, 5, 5, 5, 5, 5, 5, 5, 5, 5, 5, 5, 5, 5, 5, 5, 5, 5, 5, 5, 5, 5, 5, 5, 5, 5, 5, 5, 5, 5, 5, 5, 5, 5, 5, 5, 5, 5, 5, 5, 5, 5, 5, 5, 5, 5, 5, 5, 5, 5, 5, 5, 5]}"
b5fad9d6a8cbd26357edd4db,N087,79d702f8631e6b005b45d8f9b8b1b2a2cd8f1da5dd8dcf37f5d1a188bb440e5e,d5999846c0584a9633964a8b0dad6c36880753f757e96b756984a2c4ed4559d6,N96_INDUCED_TRANSITION_LADDER_V1,f2f991d74dfbb2edf7f4475dcb7d82989de00a71e44bb11d4a6fbb49442577b6,"[0, 1, 2, 3]",770e489bf378032509cb13c318769e9816c717ab9ed2020f52e583b7813ff7bc,6dd955133f14d830cd63fbd52104baeec8fc64913d8dde293a0f645e49157e12,tie_portfolio,COOP14_MIG_BRANCH_GROUP,1d2a6f95014703ca171206e42701c52355b89dab08ba0a9b72b3d193a3b620d4,WARM_SAME_SOURCE,FRESH_EXACT_SOLVE_WITH_INTERNAL_CHECKS_EXCLUDES_EXTERNAL_VERIFICATION,16,512,3,1,20,9111100,1048576,d5207e6b84fbabee961e83f3860a3bacaca585acd736c092903cacdfff692450,NUMPY_BATCHED_INVERSE_NTT_INTEGER_CRT,1,COMPLETE,OBSERVED_PATTERN,104229232,"[59976, 59977, 59978, 59979, 59980, 59981, 59982, 59983, 59984, 59985, 59986, 59987, 59988, 59989]","[112, 112, 112, 96, 112, 112, 112, 112, 96, 112, 112, 112, 112, 112]",WARM_SAME_SOURCE,True,1277754880,focused,0.00039409298915416,0.18436257692519575,0.240357762,0.059698398,0.004829232930205762,0.010961290069794238,0.008476865943521261,0.315958542,0.0,dee4daa906ee08f5ea1ad6d8c7653f37e896bd2a91908a6a1708b960b84ca8e1,"{""N"": 87, ""source_family"": ""N96_INDUCED_TRANSITION_LADDER_V1"", ""graph_hash"": ""d5999846c0584a9633964a8b0dad6c36880753f757e96b756984a2c4ed4559d6"", ""source_hash"": ""79d702f8631e6b005b45d8f9b8b1b2a2cd8f1da5dd8dcf37f5d1a188bb440e5e"", ""edges"": 196, ""degree_min"": 2, ""degree_max"": 5, ""degree_mean"": 4.505747126436781, ""degree_std"": 0.6759168012868578, ""components"": 1, ""component_sizes"": [87], ""max_component"": 87, ""local_assignments"": 154742504910672534362390528, ""minfill_width"": 26, ""minfill_work"": 166450211, ""minfill_order"": [60, 15, 20, 0, 12, 41, 51, 50, 16, 34, 82, 24, 3, 6, 21, 25, 33, 38, 39, 48, 59, 67, 8, 52, 47, 68, 77, 11, 84, 55, 56, 78, 37, 69, 61, 2, 27, 73, 42, 7, 9, 63, 17, 1, 32, 64, 66, 62, 22, 81, 57, 36, 76, 74, 72, 44, 79, 35, 43, 4, 5, 10, 13, 14, 18, 19, 23, 26, 28, 29, 30, 31, 40, 45, 46, 49, 53, 54, 58, 65, 70, 71, 75, 80, 83, 85, 86], ""energy_bound"": 487, ""root_bound"": 512, ""crt_primes"": 3, ""arithmetic_burden"": 255667524096, ""coefficient_bound"": ""154742504910672534362390528"", ""coupling_multiplicities"": {""3"": 37, ""-1"": 36, ""-2"": 35, ""1"": 38, ""-3"": 24, ""2"": 26}, ""symmetry"": ""not assumed"", ""degree_signature"": [2, 3, 3, 3, 3, 3, 3, 4, 4, 4, 4, 4, 4, 4, 4, 4, 4, 4, 4, 4, 4, 4, 4, 4, 4, 4, 4, 4, 4, 4, 4, 4, 4, 4, 4, 5, 5, 5, 5, 5, 5, 5, 5, 5, 5, 5, 5, 5, 5, 5, 5, 5, 5, 5, 5, 5, 5, 5, 5, 5, 5, 5, 5, 5, 5, 5, 5, 5, 5, 5, 5, 5, 5, 5, 5, 5, 5, 5, 5, 5, 5, 5, 5, 5, 5, 5, 5]}"
b5fad9d6a8cbd26357edd4db,N087,79d702f8631e6b005b45d8f9b8b1b2a2cd8f1da5dd8dcf37f5d1a188bb440e5e,d5999846c0584a9633964a8b0dad6c36880753f757e96b756984a2c4ed4559d6,N96_INDUCED_TRANSITION_LADDER_V1,f2f991d74dfbb2edf7f4475dcb7d82989de00a71e44bb11d4a6fbb49442577b6,"[0, 1, 2, 3]",770e489bf378032509cb13c318769e9816c717ab9ed2020f52e583b7813ff7bc,6dd955133f14d830cd63fbd52104baeec8fc64913d8dde293a0f645e49157e12,tie_portfolio,COOP14_MIG_BRANCH_GROUP,1d2a6f95014703ca171206e42701c52355b89dab08ba0a9b72b3d193a3b620d4,WARM_SAME_SOURCE,FRESH_EXACT_SOLVE_WITH_INTERNAL_CHECKS_EXCLUDES_EXTERNAL_VERIFICATION,16,512,3,1,20,9111100,1048576,d5207e6b84fbabee961e83f3860a3bacaca585acd736c092903cacdfff692450,NUMPY_BATCHED_INVERSE_NTT_INTEGER_CRT,2,COMPLETE,OBSERVED_PATTERN,104229232,"[59976, 59977, 59978, 59979, 59980, 59981, 59982, 59983, 59984, 59985, 59986, 59987, 59988, 59989]","[96, 112, 112, 112, 112, 96, 112, 112, 112, 112, 112, 112, 112, 112]",WARM_SAME_SOURCE,True,1277754880,focused,0.00039409298915416,0.18436257692519575,0.298306322,0.056881608,0.004761485033668578,0.020481706966331423,0.007173599908128381,0.380591,0.0,dee4daa906ee08f5ea1ad6d8c7653f37e896bd2a91908a6a1708b960b84ca8e1,"{""N"": 87, ""source_family"": ""N96_INDUCED_TRANSITION_LADDER_V1"", ""graph_hash"": ""d5999846c0584a9633964a8b0dad6c36880753f757e96b756984a2c4ed4559d6"", ""source_hash"": ""79d702f8631e6b005b45d8f9b8b1b2a2cd8f1da5dd8dcf37f5d1a188bb440e5e"", ""edges"": 196, ""degree_min"": 2, ""degree_max"": 5, ""degree_mean"": 4.505747126436781, ""degree_std"": 0.6759168012868578, ""components"": 1, ""component_sizes"": [87], ""max_component"": 87, ""local_assignments"": 154742504910672534362390528, ""minfill_width"": 26, ""minfill_work"": 166450211, ""minfill_order"": [60, 15, 20, 0, 12, 41, 51, 50, 16, 34, 82, 24, 3, 6, 21, 25, 33, 38, 39, 48, 59, 67, 8, 52, 47, 68, 77, 11, 84, 55, 56, 78, 37, 69, 61, 2, 27, 73, 42, 7, 9, 63, 17, 1, 32, 64, 66, 62, 22, 81, 57, 36, 76, 74, 72, 44, 79, 35, 43, 4, 5, 10, 13, 14, 18, 19, 23, 26, 28, 29, 30, 31, 40, 45, 46, 49, 53, 54, 58, 65, 70, 71, 75, 80, 83, 85, 86], ""energy_bound"": 487, ""root_bound"": 512, ""crt_primes"": 3, ""arithmetic_burden"": 255667524096, ""coefficient_bound"": ""154742504910672534362390528"", ""coupling_multiplicities"": {""3"": 37, ""-1"": 36, ""-2"": 35, ""1"": 38, ""-3"": 24, ""2"": 26}, ""symmetry"": ""not assumed"", ""degree_signature"": [2, 3, 3, 3, 3, 3, 3, 4, 4, 4, 4, 4, 4, 4, 4, 4, 4, 4, 4, 4, 4, 4, 4, 4, 4, 4, 4, 4, 4, 4, 4, 4, 4, 4, 4, 5, 5, 5, 5, 5, 5, 5, 5, 5, 5, 5, 5, 5, 5, 5, 5, 5, 5, 5, 5, 5, 5, 5, 5, 5, 5, 5, 5, 5, 5, 5, 5, 5, 5, 5, 5, 5, 5, 5, 5, 5, 5, 5, 5, 5, 5, 5, 5, 5, 5, 5, 5]}"
b5fad9d6a8cbd26357edd4db,N087,79d702f8631e6b005b45d8f9b8b1b2a2cd8f1da5dd8dcf37f5d1a188bb440e5e,d5999846c0584a9633964a8b0dad6c36880753f757e96b756984a2c4ed4559d6,N96_INDUCED_TRANSITION_LADDER_V1,f2f991d74dfbb2edf7f4475dcb7d82989de00a71e44bb11d4a6fbb49442577b6,"[0, 1, 2, 3]",770e489bf378032509cb13c318769e9816c717ab9ed2020f52e583b7813ff7bc,6dd955133f14d830cd63fbd52104baeec8fc64913d8dde293a0f645e49157e12,tie_portfolio,COOP14_MIG_BRANCH_GROUP,1d2a6f95014703ca171206e42701c52355b89dab08ba0a9b72b3d193a3b620d4,WARM_SAME_SOURCE,FRESH_EXACT_SOLVE_WITH_INTERNAL_CHECKS_EXCLUDES_EXTERNAL_VERIFICATION,16,512,3,1,20,9111100,1048576,d5207e6b84fbabee961e83f3860a3bacaca585acd736c092903cacdfff692450,NUMPY_BATCHED_INVERSE_NTT_INTEGER_CRT,3,COMPLETE,OBSERVED_PATTERN,104229232,"[59976, 59977, 59978, 59979, 59980, 59981, 59982, 59983, 59984, 59985, 59986, 59987, 59988, 59989]","[112, 112, 112, 112, 112, 112, 112, 112, 112, 112, 96, 96, 112, 112]",WARM_SAME_SOURCE,True,1277754880,focused,0.00039409298915416,0.18436257692519575,0.287683884,0.057214802,0.004811563063412905,0.020735943936587096,0.00839893810916692,0.370626,0.0,dee4daa906ee08f5ea1ad6d8c7653f37e896bd2a91908a6a1708b960b84ca8e1,"{""N"": 87, ""source_family"": ""N96_INDUCED_TRANSITION_LADDER_V1"", ""graph_hash"": ""d5999846c0584a9633964a8b0dad6c36880753f757e96b756984a2c4ed4559d6"", ""source_hash"": ""79d702f8631e6b005b45d8f9b8b1b2a2cd8f1da5dd8dcf37f5d1a188bb440e5e"", ""edges"": 196, ""degree_min"": 2, ""degree_max"": 5, ""degree_mean"": 4.505747126436781, ""degree_std"": 0.6759168012868578, ""components"": 1, ""component_sizes"": [87], ""max_component"": 87, ""local_assignments"": 154742504910672534362390528, ""minfill_width"": 26, ""minfill_work"": 166450211, ""minfill_order"": [60, 15, 20, 0, 12, 41, 51, 50, 16, 34, 82, 24, 3, 6, 21, 25, 33, 38, 39, 48, 59, 67, 8, 52, 47, 68, 77, 11, 84, 55, 56, 78, 37, 69, 61, 2, 27, 73, 42, 7, 9, 63, 17, 1, 32, 64, 66, 62, 22, 81, 57, 36, 76, 74, 72, 44, 79, 35, 43, 4, 5, 10, 13, 14, 18, 19, 23, 26, 28, 29, 30, 31, 40, 45, 46, 49, 53, 54, 58, 65, 70, 71, 75, 80, 83, 85, 86], ""energy_bound"": 487, ""root_bound"": 512, ""crt_primes"": 3, ""arithmetic_burden"": 255667524096, ""coefficient_bound"": ""154742504910672534362390528"", ""coupling_multiplicities"": {""3"": 37, ""-1"": 36, ""-2"": 35, ""1"": 38, ""-3"": 24, ""2"": 26}, ""symmetry"": ""not assumed"", ""degree_signature"": [2, 3, 3, 3, 3, 3, 3, 4, 4, 4, 4, 4, 4, 4, 4, 4, 4, 4, 4, 4, 4, 4, 4, 4, 4, 4, 4, 4, 4, 4, 4, 4, 4, 4, 4, 5, 5, 5, 5, 5, 5, 5, 5, 5, 5, 5, 5, 5, 5, 5, 5, 5, 5, 5, 5, 5, 5, 5, 5, 5, 5, 5, 5, 5, 5, 5, 5, 5, 5, 5, 5, 5, 5, 5, 5, 5, 5, 5, 5, 5, 5, 5, 5, 5, 5, 5, 5]}"
3a12e1169182049281893c35,N080,943df0e82445feae09928be7af24b337ee45bf1f96d77a5aa68eb7a83c4d9c6f,e0768c427800ea265d9d8aed1e401fe560866246a7d336bc556ada0bdb580e7c,N96_INDUCED_TRANSITION_LADDER_V1,f2f991d74dfbb2edf7f4475dcb7d82989de00a71e44bb11d4a6fbb49442577b6,"[0, 1, 2, 3]",4c10920a93396615ed7f669ae27bed2886da84729671d3f9d30f4c8a13a138da,0e0da7808bebe32b8231fd9b8ff72ecd09f4d325f0fb4f758704b5f72a11152f,transition_priority,COOP14_MIG_BRANCH_GROUP,1d2a6f95014703ca171206e42701c52355b89dab08ba0a9b72b3d193a3b620d4,WARM_NEW_SOURCE,FRESH_EXACT_SOLVE_WITH_INTERNAL_CHECKS_EXCLUDES_EXTERNAL_VERIFICATION,16,512,3,1,17,672760,131072,d5207e6b84fbabee961e83f3860a3bacaca585acd736c092903cacdfff692450,NUMPY_BATCHED_INVERSE_NTT_INTEGER_CRT,0,COMPLETE,OBSERVED_PATTERN,7071760,"[59976, 59977, 59978, 59979, 59980, 59981, 59982, 59983, 59984, 59985, 59986, 59987, 59988, 59989]","[80, 80, 128, 80, 112, 144, 96, 80, 160, 112, 96, 96, 160, 112]",WARM_NEW_SOURCE,False,202537472,focused,0.00035436300095170736,0.046673564007505774,0.177795126,0.025743653,0.005630116909742355,0.020734695090257646,0.012381284963339567,0.230042979,0.0,e228040c47bd52c935e6d48fdfc8f463089cf54fc89722cae0ca70a3ab360065,"{""N"": 80, ""source_family"": ""N96_INDUCED_TRANSITION_LADDER_V1"", ""graph_hash"": ""e0768c427800ea265d9d8aed1e401fe560866246a7d336bc556ada0bdb580e7c"", ""source_hash"": ""943df0e82445feae09928be7af24b337ee45bf1f96d77a5aa68eb7a83c4d9c6f"", ""edges"": 166, ""degree_min"": 2, ""degree_max"": 5, ""degree_mean"": 4.15, ""degree_std"": 0.8077747210701756, ""components"": 1, ""component_sizes"": [80], ""max_component"": 80, ""local_assignments"": 1208925819614629174706176, ""minfill_width"": 19, ""minfill_work"": 3325231, ""minfill_order"": [25, 60, 15, 20, 29, 0, 6, 24, 32, 37, 41, 51, 59, 64, 68, 8, 50, 33, 34, 42, 47, 62, 11, 66, 3, 38, 48, 63, 67, 39, 16, 69, 76, 56, 74, 23, 7, 9, 77, 61, 2, 17, 58, 46, 1, 73, 78, 12, 52, 27, 22, 19, 10, 43, 65, 30, 13, 40, 54, 75, 49, 4, 5, 14, 18, 21, 26, 28, 31, 35, 36, 44, 45, 53, 55, 57, 70, 71, 72, 79], ""energy_bound"": 418, ""root_bound"": 512, ""crt_primes"": 3, ""arithmetic_burden"": 5107554816, ""coefficient_bound"": ""1208925819614629174706176"", ""coupling_multiplicities"": {""3"": 32, ""-1"": 33, ""-2"": 27, ""1"": 33, ""-3"": 21, ""2"": 20}, ""symmetry"": ""not assumed"", ""degree_signature"": [2, 2, 3, 3, 3, 3, 3, 3, 3, 3, 3, 3, 3, 3, 3, 3, 3, 4, 4, 4, 4, 4, 4, 4, 4, 4, 4, 4, 4, 4, 4, 4, 4, 4, 4, 4, 4, 4, 4, 4, 4, 4, 4, 4, 4, 4, 4, 4, 4, 5, 5, 5, 5, 5, 5, 5, 5, 5, 5, 5, 5, 5, 5, 5, 5, 5, 5, 5, 5, 5, 5, 5, 5, 5, 5, 5, 5, 5, 5, 5]}"
3a12e1169182049281893c35,N080,943df0e82445feae09928be7af24b337ee45bf1f96d77a5aa68eb7a83c4d9c6f,e0768c427800ea265d9d8aed1e401fe560866246a7d336bc556ada0bdb580e7c,N96_INDUCED_TRANSITION_LADDER_V1,f2f991d74dfbb2edf7f4475dcb7d82989de00a71e44bb11d4a6fbb49442577b6,"[0, 1, 2, 3]",4c10920a93396615ed7f669ae27bed2886da84729671d3f9d30f4c8a13a138da,0e0da7808bebe32b8231fd9b8ff72ecd09f4d325f0fb4f758704b5f72a11152f,transition_priority,COOP14_MIG_BRANCH_GROUP,1d2a6f95014703ca171206e42701c52355b89dab08ba0a9b72b3d193a3b620d4,WARM_SAME_SOURCE,FRESH_EXACT_SOLVE_WITH_INTERNAL_CHECKS_EXCLUDES_EXTERNAL_VERIFICATION,16,512,3,1,17,672760,131072,d5207e6b84fbabee961e83f3860a3bacaca585acd736c092903cacdfff692450,NUMPY_BATCHED_INVERSE_NTT_INTEGER_CRT,1,COMPLETE,OBSERVED_PATTERN,7071760,"[59976, 59977, 59978, 59979, 59980, 59981, 59982, 59983, 59984, 59985, 59986, 59987, 59988, 59989]","[80, 112, 160, 192, 112, 192, 64, 80, 96, 64, 112, 112, 96, 64]",WARM_SAME_SOURCE,True,202537472,focused,0.00035436300095170736,0.046673564007505774,0.145215597,0.035356419,0.003497916040942073,0.014118744959057926,0.006643319968134165,0.198338314,0.0,e228040c47bd52c935e6d48fdfc8f463089cf54fc89722cae0ca70a3ab360065,"{""N"": 80, ""source_family"": ""N96_INDUCED_TRANSITION_LADDER_V1"", ""graph_hash"": ""e0768c427800ea265d9d8aed1e401fe560866246a7d336bc556ada0bdb580e7c"", ""source_hash"": ""943df0e82445feae09928be7af24b337ee45bf1f96d77a5aa68eb7a83c4d9c6f"", ""edges"": 166, ""degree_min"": 2, ""degree_max"": 5, ""degree_mean"": 4.15, ""degree_std"": 0.8077747210701756, ""components"": 1, ""component_sizes"": [80], ""max_component"": 80, ""local_assignments"": 1208925819614629174706176, ""minfill_width"": 19, ""minfill_work"": 3325231, ""minfill_order"": [25, 60, 15, 20, 29, 0, 6, 24, 32, 37, 41, 51, 59, 64, 68, 8, 50, 33, 34, 42, 47, 62, 11, 66, 3, 38, 48, 63, 67, 39, 16, 69, 76, 56, 74, 23, 7, 9, 77, 61, 2, 17, 58, 46, 1, 73, 78, 12, 52, 27, 22, 19, 10, 43, 65, 30, 13, 40, 54, 75, 49, 4, 5, 14, 18, 21, 26, 28, 31, 35, 36, 44, 45, 53, 55, 57, 70, 71, 72, 79], ""energy_bound"": 418, ""root_bound"": 512, ""crt_primes"": 3, ""arithmetic_burden"": 5107554816, ""coefficient_bound"": ""1208925819614629174706176"", ""coupling_multiplicities"": {""3"": 32, ""-1"": 33, ""-2"": 27, ""1"": 33, ""-3"": 21, ""2"": 20}, ""symmetry"": ""not assumed"", ""degree_signature"": [2, 2, 3, 3, 3, 3, 3, 3, 3, 3, 3, 3, 3, 3, 3, 3, 3, 4, 4, 4, 4, 4, 4, 4, 4, 4, 4, 4, 4, 4, 4, 4, 4, 4, 4, 4, 4, 4, 4, 4, 4, 4, 4, 4, 4, 4, 4, 4, 4, 5, 5, 5, 5, 5, 5, 5, 5, 5, 5, 5, 5, 5, 5, 5, 5, 5, 5, 5, 5, 5, 5, 5, 5, 5, 5, 5, 5, 5, 5, 5]}"
3a12e1169182049281893c35,N080,943df0e82445feae09928be7af24b337ee45bf1f96d77a5aa68eb7a83c4d9c6f,e0768c427800ea265d9d8aed1e401fe560866246a7d336bc556ada0bdb580e7c,N96_INDUCED_TRANSITION_LADDER_V1,f2f991d74dfbb2edf7f4475dcb7d82989de00a71e44bb11d4a6fbb49442577b6,"[0, 1, 2, 3]",4c10920a93396615ed7f669ae27bed2886da84729671d3f9d30f4c8a13a138da,0e0da7808bebe32b8231fd9b8ff72ecd09f4d325f0fb4f758704b5f72a11152f,transition_priority,COOP14_MIG_BRANCH_GROUP,1d2a6f95014703ca171206e42701c52355b89dab08ba0a9b72b3d193a3b620d4,WARM_SAME_SOURCE,FRESH_EXACT_SOLVE_WITH_INTERNAL_CHECKS_EXCLUDES_EXTERNAL_VERIFICATION,16,512,3,1,17,672760,131072,d5207e6b84fbabee961e83f3860a3bacaca585acd736c092903cacdfff692450,NUMPY_BATCHED_INVERSE_NTT_INTEGER_CRT,2,COMPLETE,OBSERVED_PATTERN,7071760,"[59976, 59977, 59978, 59979, 59980, 59981, 59982, 59983, 59984, 59985, 59986, 59987, 59988, 59989]","[32, 160, 64, 192, 80, 192, 96, 192, 128, 80, 64, 80, 80, 96]",WARM_SAME_SOURCE,True,202537472,focused,0.00035436300095170736,0.046673564007505774,0.243400087,0.026977371,0.005350741907022893,0.021689077092977106,0.00690614408813417,0.297575995,0.0,e228040c47bd52c935e6d48fdfc8f463089cf54fc89722cae0ca70a3ab360065,"{""N"": 80, ""source_family"": ""N96_INDUCED_TRANSITION_LADDER_V1"", ""graph_hash"": ""e0768c427800ea265d9d8aed1e401fe560866246a7d336bc556ada0bdb580e7c"", ""source_hash"": ""943df0e82445feae09928be7af24b337ee45bf1f96d77a5aa68eb7a83c4d9c6f"", ""edges"": 166, ""degree_min"": 2, ""degree_max"": 5, ""degree_mean"": 4.15, ""degree_std"": 0.8077747210701756, ""components"": 1, ""component_sizes"": [80], ""max_component"": 80, ""local_assignments"": 1208925819614629174706176, ""minfill_width"": 19, ""minfill_work"": 3325231, ""minfill_order"": [25, 60, 15, 20, 29, 0, 6, 24, 32, 37, 41, 51, 59, 64, 68, 8, 50, 33, 34, 42, 47, 62, 11, 66, 3, 38, 48, 63, 67, 39, 16, 69, 76, 56, 74, 23, 7, 9, 77, 61, 2, 17, 58, 46, 1, 73, 78, 12, 52, 27, 22, 19, 10, 43, 65, 30, 13, 40, 54, 75, 49, 4, 5, 14, 18, 21, 26, 28, 31, 35, 36, 44, 45, 53, 55, 57, 70, 71, 72, 79], ""energy_bound"": 418, ""root_bound"": 512, ""crt_primes"": 3, ""arithmetic_burden"": 5107554816, ""coefficient_bound"": ""1208925819614629174706176"", ""coupling_multiplicities"": {""3"": 32, ""-1"": 33, ""-2"": 27, ""1"": 33, ""-3"": 21, ""2"": 20}, ""symmetry"": ""not assumed"", ""degree_signature"": [2, 2, 3, 3, 3, 3, 3, 3, 3, 3, 3, 3, 3, 3, 3, 3, 3, 4, 4, 4, 4, 4, 4, 4, 4, 4, 4, 4, 4, 4, 4, 4, 4, 4, 4, 4, 4, 4, 4, 4, 4, 4, 4, 4, 4, 4, 4, 4, 4, 5, 5, 5, 5, 5, 5, 5, 5, 5, 5, 5, 5, 5, 5, 5, 5, 5, 5, 5, 5, 5, 5, 5, 5, 5, 5, 5, 5, 5, 5, 5]}"
3a12e1169182049281893c35,N080,943df0e82445feae09928be7af24b337ee45bf1f96d77a5aa68eb7a83c4d9c6f,e0768c427800ea265d9d8aed1e401fe560866246a7d336bc556ada0bdb580e7c,N96_INDUCED_TRANSITION_LADDER_V1,f2f991d74dfbb2edf7f4475dcb7d82989de00a71e44bb11d4a6fbb49442577b6,"[0, 1, 2, 3]",4c10920a93396615ed7f669ae27bed2886da84729671d3f9d30f4c8a13a138da,0e0da7808bebe32b8231fd9b8ff72ecd09f4d325f0fb4f758704b5f72a11152f,transition_priority,COOP14_MIG_BRANCH_GROUP,1d2a6f95014703ca171206e42701c52355b89dab08ba0a9b72b3d193a3b620d4,WARM_SAME_SOURCE,FRESH_EXACT_SOLVE_WITH_INTERNAL_CHECKS_EXCLUDES_EXTERNAL_VERIFICATION,16,512,3,1,17,672760,131072,d5207e6b84fbabee961e83f3860a3bacaca585acd736c092903cacdfff692450,NUMPY_BATCHED_INVERSE_NTT_INTEGER_CRT,3,COMPLETE,OBSERVED_PATTERN,7071760,"[59976, 59977, 59978, 59979, 59980, 59981, 59982, 59983, 59984, 59985, 59986, 59987, 59988, 59989]","[160, 96, 80, 224, 80, 96, 96, 96, 96, 96, 80, 160, 80, 96]",WARM_SAME_SOURCE,True,202537472,focused,0.00035436300095170736,0.046673564007505774,0.352275163,0.028083811,0.004712545080110431,0.01488538891988957,0.007417915971018374,0.400121456,0.0,e228040c47bd52c935e6d48fdfc8f463089cf54fc89722cae0ca70a3ab360065,"{""N"": 80, ""source_family"": ""N96_INDUCED_TRANSITION_LADDER_V1"", ""graph_hash"": ""e0768c427800ea265d9d8aed1e401fe560866246a7d336bc556ada0bdb580e7c"", ""source_hash"": ""943df0e82445feae09928be7af24b337ee45bf1f96d77a5aa68eb7a83c4d9c6f"", ""edges"": 166, ""degree_min"": 2, ""degree_max"": 5, ""degree_mean"": 4.15, ""degree_std"": 0.8077747210701756, ""components"": 1, ""component_sizes"": [80], ""max_component"": 80, ""local_assignments"": 1208925819614629174706176, ""minfill_width"": 19, ""minfill_work"": 3325231, ""minfill_order"": [25, 60, 15, 20, 29, 0, 6, 24, 32, 37, 41, 51, 59, 64, 68, 8, 50, 33, 34, 42, 47, 62, 11, 66, 3, 38, 48, 63, 67, 39, 16, 69, 76, 56, 74, 23, 7, 9, 77, 61, 2, 17, 58, 46, 1, 73, 78, 12, 52, 27, 22, 19, 10, 43, 65, 30, 13, 40, 54, 75, 49, 4, 5, 14, 18, 21, 26, 28, 31, 35, 36, 44, 45, 53, 55, 57, 70, 71, 72, 79], ""energy_bound"": 418, ""root_bound"": 512, ""crt_primes"": 3, ""arithmetic_burden"": 5107554816, ""coefficient_bound"": ""1208925819614629174706176"", ""coupling_multiplicities"": {""3"": 32, ""-1"": 33, ""-2"": 27, ""1"": 33, ""-3"": 21, ""2"": 20}, ""symmetry"": ""not assumed"", ""degree_signature"": [2, 2, 3, 3, 3, 3, 3, 3, 3, 3, 3, 3, 3, 3, 3, 3, 3, 4, 4, 4, 4, 4, 4, 4, 4, 4, 4, 4, 4, 4, 4, 4, 4, 4, 4, 4, 4, 4, 4, 4, 4, 4, 4, 4, 4, 4, 4, 4, 4, 5, 5, 5, 5, 5, 5, 5, 5, 5, 5, 5, 5, 5, 5, 5, 5, 5, 5, 5, 5, 5, 5, 5, 5, 5, 5, 5, 5, 5, 5, 5]}"
34a37ff4b41b6ef764e7ceff,N079,52c770b6a8ed6f639d8ded5cf7726d339612662a322afafdd3bd79ab3b766ecd,8f842662e36b9b8a2364c5951d7fb9365d65b70a3c5ce128f50ba5cd472e9361,N96_INDUCED_TRANSITION_LADDER_V1,f2f991d74dfbb2edf7f4475dcb7d82989de00a71e44bb11d4a6fbb49442577b6,"[0, 1, 2, 3]",42c1f799bcc36b3c5bfd4bec1499b48c2460d21025c0e18c8403721820190fd6,0351ea0e98daca6d4a8426e3f64c2a64db05f0b095c30bdb3237c421cfcd3496,fresh_min_fill,COOP14_MIG_BRANCH_GROUP,1d2a6f95014703ca171206e42701c52355b89dab08ba0a9b72b3d193a3b620d4,WARM_NEW_SOURCE,FRESH_EXACT_SOLVE_WITH_INTERNAL_CHECKS_EXCLUDES_EXTERNAL_VERIFICATION,16,512,3,1,18,1177136,262144,d5207e6b84fbabee961e83f3860a3bacaca585acd736c092903cacdfff692450,NUMPY_BATCHED_INVERSE_NTT_INTEGER_CRT,0,COMPLETE,OBSERVED_PATTERN,13160432,"[59976, 59977, 59978, 59979, 59980, 59981, 59982, 59983, 59984, 59985, 59986, 59987, 59988, 59989]","[96, 144, 144, 48, 128, 112, 112, 112, 112, 96, 96, 96, 128, 112]",WARM_NEW_SOURCE,False,277754880,focused,0.00024444598238915205,0.04881509498227388,0.397410014,0.030501938,0.004717184929177165,0.038482292070822835,0.0062255170196294785,0.471322664,0.0,c6eb10fd6e633d796ce3e9dfd111b8a078a8e170b2c8a88f9aac6c4d12e991f2,"{""N"": 79, ""source_family"": ""N96_INDUCED_TRANSITION_LADDER_V1"", ""graph_hash"": ""8f842662e36b9b8a2364c5951d7fb9365d65b70a3c5ce128f50ba5cd472e9361"", ""source_hash"": ""52c770b6a8ed6f639d8ded5cf7726d339612662a322afafdd3bd79ab3b766ecd"", ""edges"": 162, ""degree_min"": 2, ""degree_max"": 5, ""degree_mean"": 4.10126582278481, ""degree_std"": 0.8508363228762562, ""components"": 1, ""component_sizes"": [79], ""max_component"": 79, ""local_assignments"": 604462909807314587353088, ""minfill_width"": 20, ""minfill_work"": 2931343, ""minfill_order"": [25, 60, 15, 20, 29, 0, 3, 6, 24, 32, 34, 37, 41, 51, 59, 64, 68, 8, 50, 1, 33, 42, 47, 62, 11, 66, 69, 48, 63, 67, 39, 16, 76, 56, 74, 23, 2, 7, 9, 77, 61, 17, 38, 58, 46, 73, 78, 12, 52, 27, 22, 19, 40, 10, 43, 65, 75, 30, 13, 54, 49, 4, 5, 14, 18, 21, 26, 28, 31, 35, 36, 44, 45, 53, 55, 57, 70, 71, 72], ""energy_bound"": 410, ""root_bound"": 512, ""crt_primes"": 3, ""arithmetic_burden"": 4502542848, ""coefficient_bound"": ""604462909807314587353088"", ""coupling_multiplicities"": {""3"": 32, ""-1"": 32, ""-2"": 27, ""1"": 32, ""-3"": 20, ""2"": 19}, ""symmetry"": ""not assumed"", ""degree_signature"": [2, 2, 3, 3, 3, 3, 3, 3, 3, 3, 3, 3, 3, 3, 3, 3, 3, 3, 3, 3, 3, 4, 4, 4, 4, 4, 4, 4, 4, 4, 4, 4, 4, 4, 4, 4, 4, 4, 4, 4, 4, 4, 4, 4, 4, 4, 4, 4, 5, 5, 5, 5, 5, 5, 5, 5, 5, 5, 5, 5, 5, 5, 5, 5, 5, 5, 5, 5, 5, 5, 5, 5, 5, 5, 5, 5, 5, 5, 5]}"
34a37ff4b41b6ef764e7ceff,N079,52c770b6a8ed6f639d8ded5cf7726d339612662a322afafdd3bd79ab3b766ecd,8f842662e36b9b8a2364c5951d7fb9365d65b70a3c5ce128f50ba5cd472e9361,N96_INDUCED_TRANSITION_LADDER_V1,f2f991d74dfbb2edf7f4475dcb7d82989de00a71e44bb11d4a6fbb49442577b6,"[0, 1, 2, 3]",42c1f799bcc36b3c5bfd4bec1499b48c2460d21025c0e18c8403721820190fd6,0351ea0e98daca6d4a8426e3f64c2a64db05f0b095c30bdb3237c421cfcd3496,fresh_min_fill,COOP14_MIG_BRANCH_GROUP,1d2a6f95014703ca171206e42701c52355b89dab08ba0a9b72b3d193a3b620d4,WARM_SAME_SOURCE,FRESH_EXACT_SOLVE_WITH_INTERNAL_CHECKS_EXCLUDES_EXTERNAL_VERIFICATION,16,512,3,1,18,1177136,262144,d5207e6b84fbabee961e83f3860a3bacaca585acd736c092903cacdfff692450,NUMPY_BATCHED_INVERSE_NTT_INTEGER_CRT,1,COMPLETE,OBSERVED_PATTERN,13160432,"[59976, 59977, 59978, 59979, 59980, 59981, 59982, 59983, 59984, 59985, 59986, 59987, 59988, 59989]","[144, 112, 112, 112, 112, 96, 112, 112, 112, 96, 96, 112, 96, 112]",WARM_SAME_SOURCE,True,277754880,focused,0.00024444598238915205,0.04881509498227388,0.257953913,0.029644853,0.004711864050477743,0.018591102949522258,0.006409224006347358,0.311047041,0.0,c6eb10fd6e633d796ce3e9dfd111b8a078a8e170b2c8a88f9aac6c4d12e991f2,"{""N"": 79, ""source_family"": ""N96_INDUCED_TRANSITION_LADDER_V1"", ""graph_hash"": ""8f842662e36b9b8a2364c5951d7fb9365d65b70a3c5ce128f50ba5cd472e9361"", ""source_hash"": ""52c770b6a8ed6f639d8ded5cf7726d339612662a322afafdd3bd79ab3b766ecd"", ""edges"": 162, ""degree_min"": 2, ""degree_max"": 5, ""degree_mean"": 4.10126582278481, ""degree_std"": 0.8508363228762562, ""components"": 1, ""component_sizes"": [79], ""max_component"": 79, ""local_assignments"": 604462909807314587353088, ""minfill_width"": 20, ""minfill_work"": 2931343, ""minfill_order"": [25, 60, 15, 20, 29, 0, 3, 6, 24, 32, 34, 37, 41, 51, 59, 64, 68, 8, 50, 1, 33, 42, 47, 62, 11, 66, 69, 48, 63, 67, 39, 16, 76, 56, 74, 23, 2, 7, 9, 77, 61, 17, 38, 58, 46, 73, 78, 12, 52, 27, 22, 19, 40, 10, 43, 65, 75, 30, 13, 54, 49, 4, 5, 14, 18, 21, 26, 28, 31, 35, 36, 44, 45, 53, 55, 57, 70, 71, 72], ""energy_bound"": 410, ""root_bound"": 512, ""crt_primes"": 3, ""arithmetic_burden"": 4502542848, ""coefficient_bound"": ""604462909807314587353088"", ""coupling_multiplicities"": {""3"": 32, ""-1"": 32, ""-2"": 27, ""1"": 32, ""-3"": 20, ""2"": 19}, ""symmetry"": ""not assumed"", ""degree_signature"": [2, 2, 3, 3, 3, 3, 3, 3, 3, 3, 3, 3, 3, 3, 3, 3, 3, 3, 3, 3, 3, 4, 4, 4, 4, 4, 4, 4, 4, 4, 4, 4, 4, 4, 4, 4, 4, 4, 4, 4, 4, 4, 4, 4, 4, 4, 4, 4, 5, 5, 5, 5, 5, 5, 5, 5, 5, 5, 5, 5, 5, 5, 5, 5, 5, 5, 5, 5, 5, 5, 5, 5, 5, 5, 5, 5, 5, 5, 5]}"
34a37ff4b41b6ef764e7ceff,N079,52c770b6a8ed6f639d8ded5cf7726d339612662a322afafdd3bd79ab3b766ecd,8f842662e36b9b8a2364c5951d7fb9365d65b70a3c5ce128f50ba5cd472e9361,N96_INDUCED_TRANSITION_LADDER_V1,f2f991d74dfbb2edf7f4475dcb7d82989de00a71e44bb11d4a6fbb49442577b6,"[0, 1, 2, 3]",42c1f799bcc36b3c5bfd4bec1499b48c2460d21025c0e18c8403721820190fd6,0351ea0e98daca6d4a8426e3f64c2a64db05f0b095c30bdb3237c421cfcd3496,fresh_min_fill,COOP14_MIG_BRANCH_GROUP,1d2a6f95014703ca171206e42701c52355b89dab08ba0a9b72b3d193a3b620d4,WARM_SAME_SOURCE,FRESH_EXACT_SOLVE_WITH_INTERNAL_CHECKS_EXCLUDES_EXTERNAL_VERIFICATION,16,512,3,1,18,1177136,262144,d5207e6b84fbabee961e83f3860a3bacaca585acd736c092903cacdfff692450,NUMPY_BATCHED_INVERSE_NTT_INTEGER_CRT,2,COMPLETE,OBSERVED_PATTERN,13160432,"[59976, 59977, 59978, 59979, 59980, 59981, 59982, 59983, 59984, 59985, 59986, 59987, 59988, 59989]","[96, 144, 96, 112, 112, 128, 96, 112, 112, 144, 96, 96, 96, 96]",WARM_SAME_SOURCE,True,277754880,focused,0.00024444598238915205,0.04881509498227388,0.164977629,0.029942867,0.004968319088220596,0.018541653911779404,0.006574410945177078,0.218650236,0.0,c6eb10fd6e633d796ce3e9dfd111b8a078a8e170b2c8a88f9aac6c4d12e991f2,"{""N"": 79, ""source_family"": ""N96_INDUCED_TRANSITION_LADDER_V1"", ""graph_hash"": ""8f842662e36b9b8a2364c5951d7fb9365d65b70a3c5ce128f50ba5cd472e9361"", ""source_hash"": ""52c770b6a8ed6f639d8ded5cf7726d339612662a322afafdd3bd79ab3b766ecd"", ""edges"": 162, ""degree_min"": 2, ""degree_max"": 5, ""degree_mean"": 4.10126582278481, ""degree_std"": 0.8508363228762562, ""components"": 1, ""component_sizes"": [79], ""max_component"": 79, ""local_assignments"": 604462909807314587353088, ""minfill_width"": 20, ""minfill_work"": 2931343, ""minfill_order"": [25, 60, 15, 20, 29, 0, 3, 6, 24, 32, 34, 37, 41, 51, 59, 64, 68, 8, 50, 1, 33, 42, 47, 62, 11, 66, 69, 48, 63, 67, 39, 16, 76, 56, 74, 23, 2, 7, 9, 77, 61, 17, 38, 58, 46, 73, 78, 12, 52, 27, 22, 19, 40, 10, 43, 65, 75, 30, 13, 54, 49, 4, 5, 14, 18, 21, 26, 28, 31, 35, 36, 44, 45, 53, 55, 57, 70, 71, 72], ""energy_bound"": 410, ""root_bound"": 512, ""crt_primes"": 3, ""arithmetic_burden"": 4502542848, ""coefficient_bound"": ""604462909807314587353088"", ""coupling_multiplicities"": {""3"": 32, ""-1"": 32, ""-2"": 27, ""1"": 32, ""-3"": 20, ""2"": 19}, ""symmetry"": ""not assumed"", ""degree_signature"": [2, 2, 3, 3, 3, 3, 3, 3, 3, 3, 3, 3, 3, 3, 3, 3, 3, 3, 3, 3, 3, 4, 4, 4, 4, 4, 4, 4, 4, 4, 4, 4, 4, 4, 4, 4, 4, 4, 4, 4, 4, 4, 4, 4, 4, 4, 4, 4, 5, 5, 5, 5, 5, 5, 5, 5, 5, 5, 5, 5, 5, 5, 5, 5, 5, 5, 5, 5, 5, 5, 5, 5, 5, 5, 5, 5, 5, 5, 5]}"
34a37ff4b41b6ef764e7ceff,N079,52c770b6a8ed6f639d8ded5cf7726d339612662a322afafdd3bd79ab3b766ecd,8f842662e36b9b8a2364c5951d7fb9365d65b70a3c5ce128f50ba5cd472e9361,N96_INDUCED_TRANSITION_LADDER_V1,f2f991d74dfbb2edf7f4475dcb7d82989de00a71e44bb11d4a6fbb49442577b6,"[0, 1, 2, 3]",42c1f799bcc36b3c5bfd4bec1499b48c2460d21025c0e18c8403721820190fd6,0351ea0e98daca6d4a8426e3f64c2a64db05f0b095c30bdb3237c421cfcd3496,fresh_min_fill,COOP14_MIG_BRANCH_GROUP,1d2a6f95014703ca171206e42701c52355b89dab08ba0a9b72b3d193a3b620d4,WARM_SAME_SOURCE,FRESH_EXACT_SOLVE_WITH_INTERNAL_CHECKS_EXCLUDES_EXTERNAL_VERIFICATION,16,512,3,1,18,1177136,262144,d5207e6b84fbabee961e83f3860a3bacaca585acd736c092903cacdfff692450,NUMPY_BATCHED_INVERSE_NTT_INTEGER_CRT,3,COMPLETE,OBSERVED_PATTERN,13160432,"[59976, 59977, 59978, 59979, 59980, 59981, 59982, 59983, 59984, 59985, 59986, 59987, 59988, 59989]","[96, 112, 112, 80, 80, 112, 80, 192, 80, 176, 96, 112, 112, 96]",WARM_SAME_SOURCE,True,277754880,focused,0.00024444598238915205,0.04881509498227388,0.150946223,0.027281795,0.004765982856042683,0.018336338143957315,0.006527762045152485,0.201474777,0.0,c6eb10fd6e633d796ce3e9dfd111b8a078a8e170b2c8a88f9aac6c4d12e991f2,"{""N"": 79, ""source_family"": ""N96_INDUCED_TRANSITION_LADDER_V1"", ""graph_hash"": ""8f842662e36b9b8a2364c5951d7fb9365d65b70a3c5ce128f50ba5cd472e9361"", ""source_hash"": ""52c770b6a8ed6f639d8ded5cf7726d339612662a322afafdd3bd79ab3b766ecd"", ""edges"": 162, ""degree_min"": 2, ""degree_max"": 5, ""degree_mean"": 4.10126582278481, ""degree_std"": 0.8508363228762562, ""components"": 1, ""component_sizes"": [79], ""max_component"": 79, ""local_assignments"": 604462909807314587353088, ""minfill_width"": 20, ""minfill_work"": 2931343, ""minfill_order"": [25, 60, 15, 20, 29, 0, 3, 6, 24, 32, 34, 37, 41, 51, 59, 64, 68, 8, 50, 1, 33, 42, 47, 62, 11, 66, 69, 48, 63, 67, 39, 16, 76, 56, 74, 23, 2, 7, 9, 77, 61, 17, 38, 58, 46, 73, 78, 12, 52, 27, 22, 19, 40, 10, 43, 65, 75, 30, 13, 54, 49, 4, 5, 14, 18, 21, 26, 28, 31, 35, 36, 44, 45, 53, 55, 57, 70, 71, 72], ""energy_bound"": 410, ""root_bound"": 512, ""crt_primes"": 3, ""arithmetic_burden"": 4502542848, ""coefficient_bound"": ""604462909807314587353088"", ""coupling_multiplicities"": {""3"": 32, ""-1"": 32, ""-2"": 27, ""1"": 32, ""-3"": 20, ""2"": 19}, ""symmetry"": ""not assumed"", ""degree_signature"": [2, 2, 3, 3, 3, 3, 3, 3, 3, 3, 3, 3, 3, 3, 3, 3, 3, 3, 3, 3, 3, 4, 4, 4, 4, 4, 4, 4, 4, 4, 4, 4, 4, 4, 4, 4, 4, 4, 4, 4, 4, 4, 4, 4, 4, 4, 4, 4, 5, 5, 5, 5, 5, 5, 5, 5, 5, 5, 5, 5, 5, 5, 5, 5, 5, 5, 5, 5, 5, 5, 5, 5, 5, 5, 5, 5, 5, 5, 5]}"
b2836d9781e388fc610a298f,N074,27bbd81c034e6049fc1c3f96ef55b8d3f6e439915574d3b0b39d82004c1fae69,e78b7226fdf50fd7721a80d49ca46f6ce861f9aff7d2bfd771467276302f8e50,N96_INDUCED_TRANSITION_LADDER_V1,f2f991d74dfbb2edf7f4475dcb7d82989de00a71e44bb11d4a6fbb49442577b6,"[0, 1, 2, 3]",7ee65974250950bf78b53a74e6b97ba6153df165fbb4f8f94d677a42b389573c,f7972e1b5ddafed70c1ccce338d0dc0a681a5b412052c975ef5ed051776654ab,fresh_min_fill,COOP14_MIG_BRANCH_GROUP,1d2a6f95014703ca171206e42701c52355b89dab08ba0a9b72b3d193a3b620d4,WARM_NEW_SOURCE,FRESH_EXACT_SOLVE_WITH_INTERNAL_CHECKS_EXCLUDES_EXTERNAL_VERIFICATION,16,512,3,1,14,77106,16384,d5207e6b84fbabee961e83f3860a3bacaca585acd736c092903cacdfff692450,NUMPY_BATCHED_INVERSE_NTT_INTEGER_CRT,0,COMPLETE,OBSERVED_PATTERN,869536,"[59976, 59977, 59978, 59979, 59980, 59981, 59982, 59983, 59984, 59985, 59986, 59987, 59988, 59989]","[144, 96, 80, 144, 128, 144, 80, 96, 176, 144, 64, 80, 80, 80]",WARM_NEW_SOURCE,False,137524224,focused,0.00033183395862579346,0.01793721504509449,0.134131928,0.029008615,0.0046550859697163105,0.01975592203028369,0.0055394190130755305,0.187690457,0.0,9d199b9668a949b8507444e17e72f709d3e3f9e013d13ee3d5d72899a6888af1,"{""N"": 74, ""source_family"": ""N96_INDUCED_TRANSITION_LADDER_V1"", ""graph_hash"": ""e78b7226fdf50fd7721a80d49ca46f6ce861f9aff7d2bfd771467276302f8e50"", ""source_hash"": ""27bbd81c034e6049fc1c3f96ef55b8d3f6e439915574d3b0b39d82004c1fae69"", ""edges"": 141, ""degree_min"": 1, ""degree_max"": 5, ""degree_mean"": 3.810810810810811, ""degree_std"": 0.9252563658715508, ""components"": 1, ""component_sizes"": [74], ""max_component"": 74, ""local_assignments"": 18889465931478580854784, ""minfill_width"": 14, ""minfill_work"": 68761, ""minfill_order"": [25, 60, 62, 11, 15, 20, 29, 0, 3, 6, 24, 27, 31, 32, 34, 37, 38, 41, 42, 52, 55, 59, 68, 8, 39, 50, 28, 33, 43, 64, 47, 69, 7, 45, 48, 67, 12, 19, 70, 1, 58, 73, 51, 4, 46, 5, 10, 65, 9, 26, 61, 23, 71, 16, 30, 66, 56, 54, 17, 2, 13, 14, 18, 21, 22, 35, 36, 40, 44, 49, 53, 57, 63, 72], ""energy_bound"": 368, ""root_bound"": 512, ""crt_primes"": 3, ""arithmetic_burden"": 105616896, ""coefficient_bound"": ""18889465931478580854784"", ""coupling_multiplicities"": {""3"": 31, ""-1"": 26, ""-2"": 25, ""1"": 26, ""-3"": 16, ""2"": 17}, ""symmetry"": ""not assumed"", ""degree_signature"": [1, 2, 2, 3, 3, 3, 3, 3, 3, 3, 3, 3, 3, 3, 3, 3, 3, 3, 3, 3, 3, 3, 3, 3, 3, 3, 3, 3, 3, 3, 3, 4, 4, 4, 4, 4, 4, 4, 4, 4, 4, 4, 4, 4, 4, 4, 4, 4, 4, 4, 4, 4, 4, 5, 5, 5, 5, 5, 5, 5, 5, 5, 5, 5, 5, 5, 5, 5, 5, 5, 5, 5, 5, 5]}"
b2836d9781e388fc610a298f,N074,27bbd81c034e6049fc1c3f96ef55b8d3f6e439915574d3b0b39d82004c1fae69,e78b7226fdf50fd7721a80d49ca46f6ce861f9aff7d2bfd771467276302f8e50,N96_INDUCED_TRANSITION_LADDER_V1,f2f991d74dfbb2edf7f4475dcb7d82989de00a71e44bb11d4a6fbb49442577b6,"[0, 1, 2, 3]",7ee65974250950bf78b53a74e6b97ba6153df165fbb4f8f94d677a42b389573c,f7972e1b5ddafed70c1ccce338d0dc0a681a5b412052c975ef5ed051776654ab,fresh_min_fill,COOP14_MIG_BRANCH_GROUP,1d2a6f95014703ca171206e42701c52355b89dab08ba0a9b72b3d193a3b620d4,WARM_SAME_SOURCE,FRESH_EXACT_SOLVE_WITH_INTERNAL_CHECKS_EXCLUDES_EXTERNAL_VERIFICATION,16,512,3,1,14,77106,16384,d5207e6b84fbabee961e83f3860a3bacaca585acd736c092903cacdfff692450,NUMPY_BATCHED_INVERSE_NTT_INTEGER_CRT,1,COMPLETE,OBSERVED_PATTERN,869536,"[59976, 59977, 59978, 59979, 59980, 59981, 59982, 59983, 59984, 59985, 59986, 59987, 59988, 59989]","[96, 80, 96, 112, 96, 128, 64, 80, 192, 96, 112, 192, 112, 80]",WARM_SAME_SOURCE,True,137524224,focused,0.00033183395862579346,0.01793721504509449,0.062063565,0.025082955,0.004712224937975407,0.014957489062024595,0.00603243091609329,0.106952511,0.0,9d199b9668a949b8507444e17e72f709d3e3f9e013d13ee3d5d72899a6888af1,"{""N"": 74, ""source_family"": ""N96_INDUCED_TRANSITION_LADDER_V1"", ""graph_hash"": ""e78b7226fdf50fd7721a80d49ca46f6ce861f9aff7d2bfd771467276302f8e50"", ""source_hash"": ""27bbd81c034e6049fc1c3f96ef55b8d3f6e439915574d3b0b39d82004c1fae69"", ""edges"": 141, ""degree_min"": 1, ""degree_max"": 5, ""degree_mean"": 3.810810810810811, ""degree_std"": 0.9252563658715508, ""components"": 1, ""component_sizes"": [74], ""max_component"": 74, ""local_assignments"": 18889465931478580854784, ""minfill_width"": 14, ""minfill_work"": 68761, ""minfill_order"": [25, 60, 62, 11, 15, 20, 29, 0, 3, 6, 24, 27, 31, 32, 34, 37, 38, 41, 42, 52, 55, 59, 68, 8, 39, 50, 28, 33, 43, 64, 47, 69, 7, 45, 48, 67, 12, 19, 70, 1, 58, 73, 51, 4, 46, 5, 10, 65, 9, 26, 61, 23, 71, 16, 30, 66, 56, 54, 17, 2, 13, 14, 18, 21, 22, 35, 36, 40, 44, 49, 53, 57, 63, 72], ""energy_bound"": 368, ""root_bound"": 512, ""crt_primes"": 3, ""arithmetic_burden"": 105616896, ""coefficient_bound"": ""18889465931478580854784"", ""coupling_multiplicities"": {""3"": 31, ""-1"": 26, ""-2"": 25, ""1"": 26, ""-3"": 16, ""2"": 17}, ""symmetry"": ""not assumed"", ""degree_signature"": [1, 2, 2, 3, 3, 3, 3, 3, 3, 3, 3, 3, 3, 3, 3, 3, 3, 3, 3, 3, 3, 3, 3, 3, 3, 3, 3, 3, 3, 3, 3, 4, 4, 4, 4, 4, 4, 4, 4, 4, 4, 4, 4, 4, 4, 4, 4, 4, 4, 4, 4, 4, 4, 5, 5, 5, 5, 5, 5, 5, 5, 5, 5, 5, 5, 5, 5, 5, 5, 5, 5, 5, 5, 5]}"
b2836d9781e388fc610a298f,N074,27bbd81c034e6049fc1c3f96ef55b8d3f6e439915574d3b0b39d82004c1fae69,e78b7226fdf50fd7721a80d49ca46f6ce861f9aff7d2bfd771467276302f8e50,N96_INDUCED_TRANSITION_LADDER_V1,f2f991d74dfbb2edf7f4475dcb7d82989de00a71e44bb11d4a6fbb49442577b6,"[0, 1, 2, 3]",7ee65974250950bf78b53a74e6b97ba6153df165fbb4f8f94d677a42b389573c,f7972e1b5ddafed70c1ccce338d0dc0a681a5b412052c975ef5ed051776654ab,fresh_min_fill,COOP14_MIG_BRANCH_GROUP,1d2a6f95014703ca171206e42701c52355b89dab08ba0a9b72b3d193a3b620d4,WARM_SAME_SOURCE,FRESH_EXACT_SOLVE_WITH_INTERNAL_CHECKS_EXCLUDES_EXTERNAL_VERIFICATION,16,512,3,1,14,77106,16384,d5207e6b84fbabee961e83f3860a3bacaca585acd736c092903cacdfff692450,NUMPY_BATCHED_INVERSE_NTT_INTEGER_CRT,2,COMPLETE,OBSERVED_PATTERN,869536,"[59976, 59977, 59978, 59979, 59980, 59981, 59982, 59983, 59984, 59985, 59986, 59987, 59988, 59989]","[96, 96, 112, 112, 96, 96, 48, 112, 112, 128, 176, 192, 112, 48]",WARM_SAME_SOURCE,True,137524224,focused,0.00033183395862579346,0.01793721504509449,0.064618569,0.02480367,0.004677536082454026,0.014855259917545976,0.005768444971181452,0.109096222,0.0,9d199b9668a949b8507444e17e72f709d3e3f9e013d13ee3d5d72899a6888af1,"{""N"": 74, ""source_family"": ""N96_INDUCED_TRANSITION_LADDER_V1"", ""graph_hash"": ""e78b7226fdf50fd7721a80d49ca46f6ce861f9aff7d2bfd771467276302f8e50"", ""source_hash"": ""27bbd81c034e6049fc1c3f96ef55b8d3f6e439915574d3b0b39d82004c1fae69"", ""edges"": 141, ""degree_min"": 1, ""degree_max"": 5, ""degree_mean"": 3.810810810810811, ""degree_std"": 0.9252563658715508, ""components"": 1, ""component_sizes"": [74], ""max_component"": 74, ""local_assignments"": 18889465931478580854784, ""minfill_width"": 14, ""minfill_work"": 68761, ""minfill_order"": [25, 60, 62, 11, 15, 20, 29, 0, 3, 6, 24, 27, 31, 32, 34, 37, 38, 41, 42, 52, 55, 59, 68, 8, 39, 50, 28, 33, 43, 64, 47, 69, 7, 45, 48, 67, 12, 19, 70, 1, 58, 73, 51, 4, 46, 5, 10, 65, 9, 26, 61, 23, 71, 16, 30, 66, 56, 54, 17, 2, 13, 14, 18, 21, 22, 35, 36, 40, 44, 49, 53, 57, 63, 72], ""energy_bound"": 368, ""root_bound"": 512, ""crt_primes"": 3, ""arithmetic_burden"": 105616896, ""coefficient_bound"": ""18889465931478580854784"", ""coupling_multiplicities"": {""3"": 31, ""-1"": 26, ""-2"": 25, ""1"": 26, ""-3"": 16, ""2"": 17}, ""symmetry"": ""not assumed"", ""degree_signature"": [1, 2, 2, 3, 3, 3, 3, 3, 3, 3, 3, 3, 3, 3, 3, 3, 3, 3, 3, 3, 3, 3, 3, 3, 3, 3, 3, 3, 3, 3, 3, 4, 4, 4, 4, 4, 4, 4, 4, 4, 4, 4, 4, 4, 4, 4, 4, 4, 4, 4, 4, 4, 4, 5, 5, 5, 5, 5, 5, 5, 5, 5, 5, 5, 5, 5, 5, 5, 5, 5, 5, 5, 5, 5]}"
b2836d9781e388fc610a298f,N074,27bbd81c034e6049fc1c3f96ef55b8d3f6e439915574d3b0b39d82004c1fae69,e78b7226fdf50fd7721a80d49ca46f6ce861f9aff7d2bfd771467276302f8e50,N96_INDUCED_TRANSITION_LADDER_V1,f2f991d74dfbb2edf7f4475dcb7d82989de00a71e44bb11d4a6fbb49442577b6,"[0, 1, 2, 3]",7ee65974250950bf78b53a74e6b97ba6153df165fbb4f8f94d677a42b389573c,f7972e1b5ddafed70c1ccce338d0dc0a681a5b412052c975ef5ed051776654ab,fresh_min_fill,COOP14_MIG_BRANCH_GROUP,1d2a6f95014703ca171206e42701c52355b89dab08ba0a9b72b3d193a3b620d4,WARM_SAME_SOURCE,FRESH_EXACT_SOLVE_WITH_INTERNAL_CHECKS_EXCLUDES_EXTERNAL_VERIFICATION,16,512,3,1,14,77106,16384,d5207e6b84fbabee961e83f3860a3bacaca585acd736c092903cacdfff692450,NUMPY_BATCHED_INVERSE_NTT_INTEGER_CRT,3,COMPLETE,OBSERVED_PATTERN,869536,"[59976, 59977, 59978, 59979, 59980, 59981, 59982, 59983, 59984, 59985, 59986, 59987, 59988, 59989]","[96, 64, 160, 144, 128, 80, 80, 80, 96, 96, 96, 160, 96, 160]",WARM_SAME_SOURCE,True,137524224,focused,0.00033183395862579346,0.01793721504509449,0.060878856,0.020685035,0.0047126548597589135,0.015088986140241085,0.006226157071068883,0.10149439,0.0,9d199b9668a949b8507444e17e72f709d3e3f9e013d13ee3d5d72899a6888af1,"{""N"": 74, ""source_family"": ""N96_INDUCED_TRANSITION_LADDER_V1"", ""graph_hash"": ""e78b7226fdf50fd7721a80d49ca46f6ce861f9aff7d2bfd771467276302f8e50"", ""source_hash"": ""27bbd81c034e6049fc1c3f96ef55b8d3f6e439915574d3b0b39d82004c1fae69"", ""edges"": 141, ""degree_min"": 1, ""degree_max"": 5, ""degree_mean"": 3.810810810810811, ""degree_std"": 0.9252563658715508, ""components"": 1, ""component_sizes"": [74], ""max_component"": 74, ""local_assignments"": 18889465931478580854784, ""minfill_width"": 14, ""minfill_work"": 68761, ""minfill_order"": [25, 60, 62, 11, 15, 20, 29, 0, 3, 6, 24, 27, 31, 32, 34, 37, 38, 41, 42, 52, 55, 59, 68, 8, 39, 50, 28, 33, 43, 64, 47, 69, 7, 45, 48, 67, 12, 19, 70, 1, 58, 73, 51, 4, 46, 5, 10, 65, 9, 26, 61, 23, 71, 16, 30, 66, 56, 54, 17, 2, 13, 14, 18, 21, 22, 35, 36, 40, 44, 49, 53, 57, 63, 72], ""energy_bound"": 368, ""root_bound"": 512, ""crt_primes"": 3, ""arithmetic_burden"": 105616896, ""coefficient_bound"": ""18889465931478580854784"", ""coupling_multiplicities"": {""3"": 31, ""-1"": 26, ""-2"": 25, ""1"": 26, ""-3"": 16, ""2"": 17}, ""symmetry"": ""not assumed"", ""degree_signature"": [1, 2, 2, 3, 3, 3, 3, 3, 3, 3, 3, 3, 3, 3, 3, 3, 3, 3, 3, 3, 3, 3, 3, 3, 3, 3, 3, 3, 3, 3, 3, 4, 4, 4, 4, 4, 4, 4, 4, 4, 4, 4, 4, 4, 4, 4, 4, 4, 4, 4, 4, 4, 4, 5, 5, 5, 5, 5, 5, 5, 5, 5, 5, 5, 5, 5, 5, 5, 5, 5, 5, 5, 5, 5]}"
685de9468b897b9c21699741,N088,114fb989d5ec62cbf483788d83475ecdfad12802e5c0e9011a983df59f20608a,68ace9b6f03948c280af81b1b51ebc72b52f4587c94460a70df5c3ae86632ea1,N96_INDUCED_TRANSITION_LADDER_V1,f2f991d74dfbb2edf7f4475dcb7d82989de00a71e44bb11d4a6fbb49442577b6,"[0, 1, 2, 3]",648a7c6a6bd865453725b0bd235738a6d2d593c600641557246f5cce01d14640,93ee43b3892160c0bbdcc147f547c8ab506d77bb5886a0fbab3bc36c166a0e78,tie_portfolio,COOP14_MIG_BRANCH_GROUP,1d2a6f95014703ca171206e42701c52355b89dab08ba0a9b72b3d193a3b620d4,WARM_NEW_SOURCE,FRESH_EXACT_SOLVE_WITH_INTERNAL_CHECKS_EXCLUDES_EXTERNAL_VERIFICATION,16,512,3,16,18,22404032,262144,d5207e6b84fbabee961e83f3860a3bacaca585acd736c092903cacdfff692450,NUMPY_BATCHED_INVERSE_NTT_INTEGER_CRT,0,COMPLETE,OBSERVED_PATTERN,16486032,"[59976, 59977, 59978, 59979, 59980, 59981, 59982, 59983, 59984, 59985, 59986, 59987, 59988, 59989]","[80, 112, 112, 96, 80, 112, 128, 128, 112, 112, 96, 112, 128, 128]",WARM_NEW_SOURCE,False,321051136,focused,0.00015207694377750158,0.027658408042043447,0.558225919,0.21506762,0.0019707349129021168,0.011809975087097883,0.011766417068429291,0.787175718,0.0,eca5fe647b57f1b916e6ea37238b0dd626b44e09fe4b446d19a80ad9b437b50c,"{""N"": 88, ""source_family"": ""N96_INDUCED_TRANSITION_LADDER_V1"", ""graph_hash"": ""68ace9b6f03948c280af81b1b51ebc72b52f4587c94460a70df5c3ae86632ea1"", ""source_hash"": ""114fb989d5ec62cbf483788d83475ecdfad12802e5c0e9011a983df59f20608a"", ""edges"": 200, ""degree_min"": 2, ""degree_max"": 5, ""degree_mean"": 4.545454545454546, ""degree_std"": 0.655554777357089, ""components"": 1, ""component_sizes"": [88], ""max_component"": 88, ""local_assignments"": 309485009821345068724781056, ""minfill_width"": 24, ""minfill_work"": 108552347, ""minfill_order"": [60, 0, 12, 20, 41, 51, 15, 50, 16, 34, 82, 24, 3, 6, 21, 25, 33, 39, 48, 59, 67, 8, 47, 68, 77, 11, 84, 64, 55, 56, 38, 78, 37, 69, 27, 61, 42, 7, 9, 63, 17, 2, 32, 66, 73, 52, 62, 1, 22, 81, 57, 49, 76, 74, 65, 10, 43, 19, 85, 30, 14, 46, 36, 4, 5, 13, 18, 23, 26, 28, 29, 31, 35, 40, 44, 45, 53, 54, 58, 70, 71, 72, 75, 79, 80, 83, 86, 87], ""energy_bound"": 499, ""root_bound"": 512, ""crt_primes"": 3, ""arithmetic_burden"": 166736404992, ""coefficient_bound"": ""309485009821345068724781056"", ""coupling_multiplicities"": {""3"": 39, ""-1"": 36, ""-2"": 35, ""1"": 39, ""-3"": 25, ""2"": 26}, ""symmetry"": ""not assumed"", ""degree_signature"": [2, 3, 3, 3, 3, 3, 4, 4, 4, 4, 4, 4, 4, 4, 4, 4, 4, 4, 4, 4, 4, 4, 4, 4, 4, 4, 4, 4, 4, 4, 4, 4, 4, 5, 5, 5, 5, 5, 5, 5, 5, 5, 5, 5, 5, 5, 5, 5, 5, 5, 5, 5, 5, 5, 5, 5, 5, 5, 5, 5, 5, 5, 5, 5, 5, 5, 5, 5, 5, 5, 5, 5, 5, 5, 5, 5, 5, 5, 5, 5, 5, 5, 5, 5, 5, 5, 5, 5]}"
685de9468b897b9c21699741,N088,114fb989d5ec62cbf483788d83475ecdfad12802e5c0e9011a983df59f20608a,68ace9b6f03948c280af81b1b51ebc72b52f4587c94460a70df5c3ae86632ea1,N96_INDUCED_TRANSITION_LADDER_V1,f2f991d74dfbb2edf7f4475dcb7d82989de00a71e44bb11d4a6fbb49442577b6,"[0, 1, 2, 3]",648a7c6a6bd865453725b0bd235738a6d2d593c600641557246f5cce01d14640,93ee43b3892160c0bbdcc147f547c8ab506d77bb5886a0fbab3bc36c166a0e78,tie_portfolio,COOP14_MIG_BRANCH_GROUP,1d2a6f95014703ca171206e42701c52355b89dab08ba0a9b72b3d193a3b620d4,WARM_SAME_SOURCE,FRESH_EXACT_SOLVE_WITH_INTERNAL_CHECKS_EXCLUDES_EXTERNAL_VERIFICATION,16,512,3,16,18,22404032,262144,d5207e6b84fbabee961e83f3860a3bacaca585acd736c092903cacdfff692450,NUMPY_BATCHED_INVERSE_NTT_INTEGER_CRT,1,COMPLETE,OBSERVED_PATTERN,16486032,"[59976, 59977, 59978, 59979, 59980, 59981, 59982, 59983, 59984, 59985, 59986, 59987, 59988, 59989]","[112, 112, 112, 112, 112, 112, 96, 112, 112, 112, 112, 112, 112, 96]",WARM_SAME_SOURCE,True,321051136,focused,0.00015207694377750158,0.027658408042043447,0.600708779,0.202680585,0.0019888048991560936,0.009372519100843907,0.008307929034344852,0.814862356,0.0,eca5fe647b57f1b916e6ea37238b0dd626b44e09fe4b446d19a80ad9b437b50c,"{""N"": 88, ""source_family"": ""N96_INDUCED_TRANSITION_LADDER_V1"", ""graph_hash"": ""68ace9b6f03948c280af81b1b51ebc72b52f4587c94460a70df5c3ae86632ea1"", ""source_hash"": ""114fb989d5ec62cbf483788d83475ecdfad12802e5c0e9011a983df59f20608a"", ""edges"": 200, ""degree_min"": 2, ""degree_max"": 5, ""degree_mean"": 4.545454545454546, ""degree_std"": 0.655554777357089, ""components"": 1, ""component_sizes"": [88], ""max_component"": 88, ""local_assignments"": 309485009821345068724781056, ""minfill_width"": 24, ""minfill_work"": 108552347, ""minfill_order"": [60, 0, 12, 20, 41, 51, 15, 50, 16, 34, 82, 24, 3, 6, 21, 25, 33, 39, 48, 59, 67, 8, 47, 68, 77, 11, 84, 64, 55, 56, 38, 78, 37, 69, 27, 61, 42, 7, 9, 63, 17, 2, 32, 66, 73, 52, 62, 1, 22, 81, 57, 49, 76, 74, 65, 10, 43, 19, 85, 30, 14, 46, 36, 4, 5, 13, 18, 23, 26, 28, 29, 31, 35, 40, 44, 45, 53, 54, 58, 70, 71, 72, 75, 79, 80, 83, 86, 87], ""energy_bound"": 499, ""root_bound"": 512, ""crt_primes"": 3, ""arithmetic_burden"": 166736404992, ""coefficient_bound"": ""309485009821345068724781056"", ""coupling_multiplicities"": {""3"": 39, ""-1"": 36, ""-2"": 35, ""1"": 39, ""-3"": 25, ""2"": 26}, ""symmetry"": ""not assumed"", ""degree_signature"": [2, 3, 3, 3, 3, 3, 4, 4, 4, 4, 4, 4, 4, 4, 4, 4, 4, 4, 4, 4, 4, 4, 4, 4, 4, 4, 4, 4, 4, 4, 4, 4, 4, 5, 5, 5, 5, 5, 5, 5, 5, 5, 5, 5, 5, 5, 5, 5, 5, 5, 5, 5, 5, 5, 5, 5, 5, 5, 5, 5, 5, 5, 5, 5, 5, 5, 5, 5, 5, 5, 5, 5, 5, 5, 5, 5, 5, 5, 5, 5, 5, 5, 5, 5, 5, 5, 5, 5]}"
685de9468b897b9c21699741,N088,114fb989d5ec62cbf483788d83475ecdfad12802e5c0e9011a983df59f20608a,68ace9b6f03948c280af81b1b51ebc72b52f4587c94460a70df5c3ae86632ea1,N96_INDUCED_TRANSITION_LADDER_V1,f2f991d74dfbb2edf7f4475dcb7d82989de00a71e44bb11d4a6fbb49442577b6,"[0, 1, 2, 3]",648a7c6a6bd865453725b0bd235738a6d2d593c600641557246f5cce01d14640,93ee43b3892160c0bbdcc147f547c8ab506d77bb5886a0fbab3bc36c166a0e78,tie_portfolio,COOP14_MIG_BRANCH_GROUP,1d2a6f95014703ca171206e42701c52355b89dab08ba0a9b72b3d193a3b620d4,WARM_SAME_SOURCE,FRESH_EXACT_SOLVE_WITH_INTERNAL_CHECKS_EXCLUDES_EXTERNAL_VERIFICATION,16,512,3,16,18,22404032,262144,d5207e6b84fbabee961e83f3860a3bacaca585acd736c092903cacdfff692450,NUMPY_BATCHED_INVERSE_NTT_INTEGER_CRT,2,COMPLETE,OBSERVED_PATTERN,16486032,"[59976, 59977, 59978, 59979, 59980, 59981, 59982, 59983, 59984, 59985, 59986, 59987, 59988, 59989]","[96, 112, 112, 112, 112, 96, 112, 112, 112, 112, 112, 112, 112, 112]",WARM_SAME_SOURCE,True,321051136,focused,0.00015207694377750158,0.027658408042043447,0.364367063,0.192307383,0.003360438975505531,0.016210546024494468,0.008396617020480335,0.576419568,0.0,eca5fe647b57f1b916e6ea37238b0dd626b44e09fe4b446d19a80ad9b437b50c,"{""N"": 88, ""source_family"": ""N96_INDUCED_TRANSITION_LADDER_V1"", ""graph_hash"": ""68ace9b6f03948c280af81b1b51ebc72b52f4587c94460a70df5c3ae86632ea1"", ""source_hash"": ""114fb989d5ec62cbf483788d83475ecdfad12802e5c0e9011a983df59f20608a"", ""edges"": 200, ""degree_min"": 2, ""degree_max"": 5, ""degree_mean"": 4.545454545454546, ""degree_std"": 0.655554777357089, ""components"": 1, ""component_sizes"": [88], ""max_component"": 88, ""local_assignments"": 309485009821345068724781056, ""minfill_width"": 24, ""minfill_work"": 108552347, ""minfill_order"": [60, 0, 12, 20, 41, 51, 15, 50, 16, 34, 82, 24, 3, 6, 21, 25, 33, 39, 48, 59, 67, 8, 47, 68, 77, 11, 84, 64, 55, 56, 38, 78, 37, 69, 27, 61, 42, 7, 9, 63, 17, 2, 32, 66, 73, 52, 62, 1, 22, 81, 57, 49, 76, 74, 65, 10, 43, 19, 85, 30, 14, 46, 36, 4, 5, 13, 18, 23, 26, 28, 29, 31, 35, 40, 44, 45, 53, 54, 58, 70, 71, 72, 75, 79, 80, 83, 86, 87], ""energy_bound"": 499, ""root_bound"": 512, ""crt_primes"": 3, ""arithmetic_burden"": 166736404992, ""coefficient_bound"": ""309485009821345068724781056"", ""coupling_multiplicities"": {""3"": 39, ""-1"": 36, ""-2"": 35, ""1"": 39, ""-3"": 25, ""2"": 26}, ""symmetry"": ""not assumed"", ""degree_signature"": [2, 3, 3, 3, 3, 3, 4, 4, 4, 4, 4, 4, 4, 4, 4, 4, 4, 4, 4, 4, 4, 4, 4, 4, 4, 4, 4, 4, 4, 4, 4, 4, 4, 5, 5, 5, 5, 5, 5, 5, 5, 5, 5, 5, 5, 5, 5, 5, 5, 5, 5, 5, 5, 5, 5, 5, 5, 5, 5, 5, 5, 5, 5, 5, 5, 5, 5, 5, 5, 5, 5, 5, 5, 5, 5, 5, 5, 5, 5, 5, 5, 5, 5, 5, 5, 5, 5, 5]}"
685de9468b897b9c21699741,N088,114fb989d5ec62cbf483788d83475ecdfad12802e5c0e9011a983df59f20608a,68ace9b6f03948c280af81b1b51ebc72b52f4587c94460a70df5c3ae86632ea1,N96_INDUCED_TRANSITION_LADDER_V1,f2f991d74dfbb2edf7f4475dcb7d82989de00a71e44bb11d4a6fbb49442577b6,"[0, 1, 2, 3]",648a7c6a6bd865453725b0bd235738a6d2d593c600641557246f5cce01d14640,93ee43b3892160c0bbdcc147f547c8ab506d77bb5886a0fbab3bc36c166a0e78,tie_portfolio,COOP14_MIG_BRANCH_GROUP,1d2a6f95014703ca171206e42701c52355b89dab08ba0a9b72b3d193a3b620d4,WARM_SAME_SOURCE,FRESH_EXACT_SOLVE_WITH_INTERNAL_CHECKS_EXCLUDES_EXTERNAL_VERIFICATION,16,512,3,16,18,22404032,262144,d5207e6b84fbabee961e83f3860a3bacaca585acd736c092903cacdfff692450,NUMPY_BATCHED_INVERSE_NTT_INTEGER_CRT,3,COMPLETE,OBSERVED_PATTERN,16486032,"[59976, 59977, 59978, 59979, 59980, 59981, 59982, 59983, 59984, 59985, 59986, 59987, 59988, 59989]","[112, 112, 112, 96, 112, 112, 112, 112, 112, 112, 96, 112, 112, 112]",WARM_SAME_SOURCE,True,321051136,focused,0.00015207694377750158,0.027658408042043447,0.380239946,0.213808013,0.003374369000084698,0.016002658999915303,0.008718131924979389,0.613605304,0.0,eca5fe647b57f1b916e6ea37238b0dd626b44e09fe4b446d19a80ad9b437b50c,"{""N"": 88, ""source_family"": ""N96_INDUCED_TRANSITION_LADDER_V1"", ""graph_hash"": ""68ace9b6f03948c280af81b1b51ebc72b52f4587c94460a70df5c3ae86632ea1"", ""source_hash"": ""114fb989d5ec62cbf483788d83475ecdfad12802e5c0e9011a983df59f20608a"", ""edges"": 200, ""degree_min"": 2, ""degree_max"": 5, ""degree_mean"": 4.545454545454546, ""degree_std"": 0.655554777357089, ""components"": 1, ""component_sizes"": [88], ""max_component"": 88, ""local_assignments"": 309485009821345068724781056, ""minfill_width"": 24, ""minfill_work"": 108552347, ""minfill_order"": [60, 0, 12, 20, 41, 51, 15, 50, 16, 34, 82, 24, 3, 6, 21, 25, 33, 39, 48, 59, 67, 8, 47, 68, 77, 11, 84, 64, 55, 56, 38, 78, 37, 69, 27, 61, 42, 7, 9, 63, 17, 2, 32, 66, 73, 52, 62, 1, 22, 81, 57, 49, 76, 74, 65, 10, 43, 19, 85, 30, 14, 46, 36, 4, 5, 13, 18, 23, 26, 28, 29, 31, 35, 40, 44, 45, 53, 54, 58, 70, 71, 72, 75, 79, 80, 83, 86, 87], ""energy_bound"": 499, ""root_bound"": 512, ""crt_primes"": 3, ""arithmetic_burden"": 166736404992, ""coefficient_bound"": ""309485009821345068724781056"", ""coupling_multiplicities"": {""3"": 39, ""-1"": 36, ""-2"": 35, ""1"": 39, ""-3"": 25, ""2"": 26}, ""symmetry"": ""not assumed"", ""degree_signature"": [2, 3, 3, 3, 3, 3, 4, 4, 4, 4, 4, 4, 4, 4, 4, 4, 4, 4, 4, 4, 4, 4, 4, 4, 4, 4, 4, 4, 4, 4, 4, 4, 4, 5, 5, 5, 5, 5, 5, 5, 5, 5, 5, 5, 5, 5, 5, 5, 5, 5, 5, 5, 5, 5, 5, 5, 5, 5, 5, 5, 5, 5, 5, 5, 5, 5, 5, 5, 5, 5, 5, 5, 5, 5, 5, 5, 5, 5, 5, 5, 5, 5, 5, 5, 5, 5, 5, 5]}"
c42b86cd05c893d8c62d02fc,N081,a44aa0a4ea9c9cbc1672d4942815975347011434ee93b12c0f3c1c82ff5b875c,a7aa07ced745a30b5a4e5ce07742ac1ad48cfa999b47f2e9b5a971d5e1df3f01,N96_INDUCED_TRANSITION_LADDER_V1,f2f991d74dfbb2edf7f4475dcb7d82989de00a71e44bb11d4a6fbb49442577b6,"[0, 1, 2, 3]",8d039b5da784f9d39035d6e3f740f3b5dc63f61a0017b38ff8cddceb4b7cc54a,c85599251ef259cbcf1e53f4cef938557c2472e866f33db95a2ce3ce862070e8,tie_portfolio,COOP14_MIG_BRANCH_GROUP,1d2a6f95014703ca171206e42701c52355b89dab08ba0a9b72b3d193a3b620d4,WARM_NEW_SOURCE,FRESH_EXACT_SOLVE_WITH_INTERNAL_CHECKS_EXCLUDES_EXTERNAL_VERIFICATION,16,512,3,1,19,2157892,524288,d5207e6b84fbabee961e83f3860a3bacaca585acd736c092903cacdfff692450,NUMPY_BATCHED_INVERSE_NTT_INTEGER_CRT,0,COMPLETE,OBSERVED_PATTERN,24309072,"[59976, 59977, 59978, 59979, 59980, 59981, 59982, 59983, 59984, 59985, 59986, 59987, 59988, 59989]","[112, 144, 128, 96, 96, 128, 96, 96, 80, 80, 96, 128, 128, 128]",WARM_NEW_SOURCE,False,433267712,focused,0.00022199598606675863,0.05657589400652796,0.283767155,0.027375453,0.004726884188130498,0.021247364811869503,0.007530584000051022,0.337283574,0.0,e620ac270bdcf5a97ea8c29c97ab5a3388307b56299245ec6d328c7f2a276376,"{""N"": 81, ""source_family"": ""N96_INDUCED_TRANSITION_LADDER_V1"", ""graph_hash"": ""a7aa07ced745a30b5a4e5ce07742ac1ad48cfa999b47f2e9b5a971d5e1df3f01"", ""source_hash"": ""a44aa0a4ea9c9cbc1672d4942815975347011434ee93b12c0f3c1c82ff5b875c"", ""edges"": 170, ""degree_min"": 2, ""degree_max"": 5, ""degree_mean"": 4.197530864197531, ""degree_std"": 0.7765029725193278, ""components"": 1, ""component_sizes"": [81], ""max_component"": 81, ""local_assignments"": 2417851639229258349412352, ""minfill_width"": 20, ""minfill_work"": 6647851, ""minfill_order"": [60, 15, 20, 29, 0, 6, 24, 25, 32, 37, 41, 51, 59, 64, 50, 34, 42, 47, 62, 11, 66, 3, 33, 68, 38, 48, 63, 67, 39, 8, 16, 69, 76, 56, 23, 19, 78, 61, 7, 74, 2, 17, 1, 73, 58, 46, 9, 12, 77, 52, 27, 10, 43, 65, 30, 13, 40, 54, 75, 18, 28, 22, 4, 5, 14, 21, 26, 31, 35, 36, 44, 45, 49, 53, 55, 57, 70, 71, 72, 79, 80], ""energy_bound"": 428, ""root_bound"": 512, ""crt_primes"": 3, ""arithmetic_burden"": 10211099136, ""coefficient_bound"": ""2417851639229258349412352"", ""coupling_multiplicities"": {""3"": 33, ""-1"": 33, ""-2"": 27, ""1"": 34, ""-3"": 22, ""2"": 21}, ""symmetry"": ""not assumed"", ""degree_signature"": [2, 3, 3, 3, 3, 3, 3, 3, 3, 3, 3, 3, 3, 3, 3, 3, 4, 4, 4, 4, 4, 4, 4, 4, 4, 4, 4, 4, 4, 4, 4, 4, 4, 4, 4, 4, 4, 4, 4, 4, 4, 4, 4, 4, 4, 4, 4, 4, 5, 5, 5, 5, 5, 5, 5, 5, 5, 5, 5, 5, 5, 5, 5, 5, 5, 5, 5, 5, 5, 5, 5, 5, 5, 5, 5, 5, 5, 5, 5, 5, 5]}"
c42b86cd05c893d8c62d02fc,N081,a44aa0a4ea9c9cbc1672d4942815975347011434ee93b12c0f3c1c82ff5b875c,a7aa07ced745a30b5a4e5ce07742ac1ad48cfa999b47f2e9b5a971d5e1df3f01,N96_INDUCED_TRANSITION_LADDER_V1,f2f991d74dfbb2edf7f4475dcb7d82989de00a71e44bb11d4a6fbb49442577b6,"[0, 1, 2, 3]",8d039b5da784f9d39035d6e3f740f3b5dc63f61a0017b38ff8cddceb4b7cc54a,c85599251ef259cbcf1e53f4cef938557c2472e866f33db95a2ce3ce862070e8,tie_portfolio,COOP14_MIG_BRANCH_GROUP,1d2a6f95014703ca171206e42701c52355b89dab08ba0a9b72b3d193a3b620d4,WARM_SAME_SOURCE,FRESH_EXACT_SOLVE_WITH_INTERNAL_CHECKS_EXCLUDES_EXTERNAL_VERIFICATION,16,512,3,1,19,2157892,524288,d5207e6b84fbabee961e83f3860a3bacaca585acd736c092903cacdfff692450,NUMPY_BATCHED_INVERSE_NTT_INTEGER_CRT,1,COMPLETE,OBSERVED_PATTERN,24309072,"[59976, 59977, 59978, 59979, 59980, 59981, 59982, 59983, 59984, 59985, 59986, 59987, 59988, 59989]","[128, 96, 128, 80, 128, 96, 96, 96, 128, 80, 128, 112, 96, 144]",WARM_SAME_SOURCE,True,433267712,focused,0.00022199598606675863,0.05657589400652796,0.232524324,0.027650659,0.00466822599992156,0.03412774000007844,0.00605452002491802,0.299113047,0.0,e620ac270bdcf5a97ea8c29c97ab5a3388307b56299245ec6d328c7f2a276376,"{""N"": 81, ""source_family"": ""N96_INDUCED_TRANSITION_LADDER_V1"", ""graph_hash"": ""a7aa07ced745a30b5a4e5ce07742ac1ad48cfa999b47f2e9b5a971d5e1df3f01"", ""source_hash"": ""a44aa0a4ea9c9cbc1672d4942815975347011434ee93b12c0f3c1c82ff5b875c"", ""edges"": 170, ""degree_min"": 2, ""degree_max"": 5, ""degree_mean"": 4.197530864197531, ""degree_std"": 0.7765029725193278, ""components"": 1, ""component_sizes"": [81], ""max_component"": 81, ""local_assignments"": 2417851639229258349412352, ""minfill_width"": 20, ""minfill_work"": 6647851, ""minfill_order"": [60, 15, 20, 29, 0, 6, 24, 25, 32, 37, 41, 51, 59, 64, 50, 34, 42, 47, 62, 11, 66, 3, 33, 68, 38, 48, 63, 67, 39, 8, 16, 69, 76, 56, 23, 19, 78, 61, 7, 74, 2, 17, 1, 73, 58, 46, 9, 12, 77, 52, 27, 10, 43, 65, 30, 13, 40, 54, 75, 18, 28, 22, 4, 5, 14, 21, 26, 31, 35, 36, 44, 45, 49, 53, 55, 57, 70, 71, 72, 79, 80], ""energy_bound"": 428, ""root_bound"": 512, ""crt_primes"": 3, ""arithmetic_burden"": 10211099136, ""coefficient_bound"": ""2417851639229258349412352"", ""coupling_multiplicities"": {""3"": 33, ""-1"": 33, ""-2"": 27, ""1"": 34, ""-3"": 22, ""2"": 21}, ""symmetry"": ""not assumed"", ""degree_signature"": [2, 3, 3, 3, 3, 3, 3, 3, 3, 3, 3, 3, 3, 3, 3, 3, 4, 4, 4, 4, 4, 4, 4, 4, 4, 4, 4, 4, 4, 4, 4, 4, 4, 4, 4, 4, 4, 4, 4, 4, 4, 4, 4, 4, 4, 4, 4, 4, 5, 5, 5, 5, 5, 5, 5, 5, 5, 5, 5, 5, 5, 5, 5, 5, 5, 5, 5, 5, 5, 5, 5, 5, 5, 5, 5, 5, 5, 5, 5, 5, 5]}"
c42b86cd05c893d8c62d02fc,N081,a44aa0a4ea9c9cbc1672d4942815975347011434ee93b12c0f3c1c82ff5b875c,a7aa07ced745a30b5a4e5ce07742ac1ad48cfa999b47f2e9b5a971d5e1df3f01,N96_INDUCED_TRANSITION_LADDER_V1,f2f991d74dfbb2edf7f4475dcb7d82989de00a71e44bb11d4a6fbb49442577b6,"[0, 1, 2, 3]",8d039b5da784f9d39035d6e3f740f3b5dc63f61a0017b38ff8cddceb4b7cc54a,c85599251ef259cbcf1e53f4cef938557c2472e866f33db95a2ce3ce862070e8,tie_portfolio,COOP14_MIG_BRANCH_GROUP,1d2a6f95014703ca171206e42701c52355b89dab08ba0a9b72b3d193a3b620d4,WARM_SAME_SOURCE,FRESH_EXACT_SOLVE_WITH_INTERNAL_CHECKS_EXCLUDES_EXTERNAL_VERIFICATION,16,512,3,1,19,2157892,524288,d5207e6b84fbabee961e83f3860a3bacaca585acd736c092903cacdfff692450,NUMPY_BATCHED_INVERSE_NTT_INTEGER_CRT,2,COMPLETE,OBSERVED_PATTERN,24309072,"[59976, 59977, 59978, 59979, 59980, 59981, 59982, 59983, 59984, 59985, 59986, 59987, 59988, 59989]","[96, 96, 128, 128, 80, 128, 64, 96, 128, 112, 128, 128, 96, 128]",WARM_SAME_SOURCE,True,433267712,focused,0.00022199598606675863,0.05657589400652796,0.24375864,0.025838592,0.004867002135142684,0.019917967864857316,0.007513963966630399,0.294558389,0.0,e620ac270bdcf5a97ea8c29c97ab5a3388307b56299245ec6d328c7f2a276376,"{""N"": 81, ""source_family"": ""N96_INDUCED_TRANSITION_LADDER_V1"", ""graph_hash"": ""a7aa07ced745a30b5a4e5ce07742ac1ad48cfa999b47f2e9b5a971d5e1df3f01"", ""source_hash"": ""a44aa0a4ea9c9cbc1672d4942815975347011434ee93b12c0f3c1c82ff5b875c"", ""edges"": 170, ""degree_min"": 2, ""degree_max"": 5, ""degree_mean"": 4.197530864197531, ""degree_std"": 0.7765029725193278, ""components"": 1, ""component_sizes"": [81], ""max_component"": 81, ""local_assignments"": 2417851639229258349412352, ""minfill_width"": 20, ""minfill_work"": 6647851, ""minfill_order"": [60, 15, 20, 29, 0, 6, 24, 25, 32, 37, 41, 51, 59, 64, 50, 34, 42, 47, 62, 11, 66, 3, 33, 68, 38, 48, 63, 67, 39, 8, 16, 69, 76, 56, 23, 19, 78, 61, 7, 74, 2, 17, 1, 73, 58, 46, 9, 12, 77, 52, 27, 10, 43, 65, 30, 13, 40, 54, 75, 18, 28, 22, 4, 5, 14, 21, 26, 31, 35, 36, 44, 45, 49, 53, 55, 57, 70, 71, 72, 79, 80], ""energy_bound"": 428, ""root_bound"": 512, ""crt_primes"": 3, ""arithmetic_burden"": 10211099136, ""coefficient_bound"": ""2417851639229258349412352"", ""coupling_multiplicities"": {""3"": 33, ""-1"": 33, ""-2"": 27, ""1"": 34, ""-3"": 22, ""2"": 21}, ""symmetry"": ""not assumed"", ""degree_signature"": [2, 3, 3, 3, 3, 3, 3, 3, 3, 3, 3, 3, 3, 3, 3, 3, 4, 4, 4, 4, 4, 4, 4, 4, 4, 4, 4, 4, 4, 4, 4, 4, 4, 4, 4, 4, 4, 4, 4, 4, 4, 4, 4, 4, 4, 4, 4, 4, 5, 5, 5, 5, 5, 5, 5, 5, 5, 5, 5, 5, 5, 5, 5, 5, 5, 5, 5, 5, 5, 5, 5, 5, 5, 5, 5, 5, 5, 5, 5, 5, 5]}"
c42b86cd05c893d8c62d02fc,N081,a44aa0a4ea9c9cbc1672d4942815975347011434ee93b12c0f3c1c82ff5b875c,a7aa07ced745a30b5a4e5ce07742ac1ad48cfa999b47f2e9b5a971d5e1df3f01,N96_INDUCED_TRANSITION_LADDER_V1,f2f991d74dfbb2edf7f4475dcb7d82989de00a71e44bb11d4a6fbb49442577b6,"[0, 1, 2, 3]",8d039b5da784f9d39035d6e3f740f3b5dc63f61a0017b38ff8cddceb4b7cc54a,c85599251ef259cbcf1e53f4cef938557c2472e866f33db95a2ce3ce862070e8,tie_portfolio,COOP14_MIG_BRANCH_GROUP,1d2a6f95014703ca171206e42701c52355b89dab08ba0a9b72b3d193a3b620d4,WARM_SAME_SOURCE,FRESH_EXACT_SOLVE_WITH_INTERNAL_CHECKS_EXCLUDES_EXTERNAL_VERIFICATION,16,512,3,1,19,2157892,524288,d5207e6b84fbabee961e83f3860a3bacaca585acd736c092903cacdfff692450,NUMPY_BATCHED_INVERSE_NTT_INTEGER_CRT,3,COMPLETE,OBSERVED_PATTERN,24309072,"[59976, 59977, 59978, 59979, 59980, 59981, 59982, 59983, 59984, 59985, 59986, 59987, 59988, 59989]","[144, 96, 112, 112, 112, 96, 80, 176, 96, 80, 96, 96, 96, 144]",WARM_SAME_SOURCE,True,433267712,focused,0.00022199598606675863,0.05657589400652796,0.260191473,0.032438742,0.004717065137811005,0.020252481862188997,0.006394973956048489,0.317744839,0.0,e620ac270bdcf5a97ea8c29c97ab5a3388307b56299245ec6d328c7f2a276376,"{""N"": 81, ""source_family"": ""N96_INDUCED_TRANSITION_LADDER_V1"", ""graph_hash"": ""a7aa07ced745a30b5a4e5ce07742ac1ad48cfa999b47f2e9b5a971d5e1df3f01"", ""source_hash"": ""a44aa0a4ea9c9cbc1672d4942815975347011434ee93b12c0f3c1c82ff5b875c"", ""edges"": 170, ""degree_min"": 2, ""degree_max"": 5, ""degree_mean"": 4.197530864197531, ""degree_std"": 0.7765029725193278, ""components"": 1, ""component_sizes"": [81], ""max_component"": 81, ""local_assignments"": 2417851639229258349412352, ""minfill_width"": 20, ""minfill_work"": 6647851, ""minfill_order"": [60, 15, 20, 29, 0, 6, 24, 25, 32, 37, 41, 51, 59, 64, 50, 34, 42, 47, 62, 11, 66, 3, 33, 68, 38, 48, 63, 67, 39, 8, 16, 69, 76, 56, 23, 19, 78, 61, 7, 74, 2, 17, 1, 73, 58, 46, 9, 12, 77, 52, 27, 10, 43, 65, 30, 13, 40, 54, 75, 18, 28, 22, 4, 5, 14, 21, 26, 31, 35, 36, 44, 45, 49, 53, 55, 57, 70, 71, 72, 79, 80], ""energy_bound"": 428, ""root_bound"": 512, ""crt_primes"": 3, ""arithmetic_burden"": 10211099136, ""coefficient_bound"": ""2417851639229258349412352"", ""coupling_multiplicities"": {""3"": 33, ""-1"": 33, ""-2"": 27, ""1"": 34, ""-3"": 22, ""2"": 21}, ""symmetry"": ""not assumed"", ""degree_signature"": [2, 3, 3, 3, 3, 3, 3, 3, 3, 3, 3, 3, 3, 3, 3, 3, 4, 4, 4, 4, 4, 4, 4, 4, 4, 4, 4, 4, 4, 4, 4, 4, 4, 4, 4, 4, 4, 4, 4, 4, 4, 4, 4, 4, 4, 4, 4, 4, 5, 5, 5, 5, 5, 5, 5, 5, 5, 5, 5, 5, 5, 5, 5, 5, 5, 5, 5, 5, 5, 5, 5, 5, 5, 5, 5, 5, 5, 5, 5, 5, 5]}"
52280a7bd7458e6416d8c7b4,N089,25d1fca40ca926b462c3f7e1e1d48d0e7a43c906cf0b2423703ee6d20c036175,3d0509bb1bd883dcf90392f4fdd79848ab77ca0aade9735cf1f78b7b692fd37d,N96_INDUCED_TRANSITION_LADDER_V1,f2f991d74dfbb2edf7f4475dcb7d82989de00a71e44bb11d4a6fbb49442577b6,"[0, 1, 2, 3]",6159a5e206142bec103befbfdc6b3f5e55311127dd01853d9e3e001791284878,4c115869a9cb40b60b4d019389f9f6b325fc66b9799cf4aec09b85fe6a4e613f,fresh_min_fill,COOP14_MIG_BRANCH_GROUP,1d2a6f95014703ca171206e42701c52355b89dab08ba0a9b72b3d193a3b620d4,COLD,FRESH_EXACT_SOLVE_WITH_INTERNAL_CHECKS_EXCLUDES_EXTERNAL_VERIFICATION,16,512,4,16,18,29439616,262144,d5207e6b84fbabee961e83f3860a3bacaca585acd736c092903cacdfff692450,NUMPY_BATCHED_INVERSE_NTT_INTEGER_CRT,0,COMPLETE,OBSERVED_PATTERN,20657072,"[62183, 62184, 62185, 62186, 62187, 62188, 62189, 62190, 62191, 62192, 62193, 62194, 62195, 62196]","[144, 160, 160, 144, 144, 144, 144, 160, 144, 160, 144, 128, 128, 144]",COLD_WORKER_INITIALIZATION,False,259581440,focused,0.00041001196950674057,0.13652379403356463,14.144558591,0.289666068,0.006636740057729185,0.026601726942270816,0.009497637045569718,14.46779614,0.0,ba5c37fb764b9e2dddda955b8ac368f2f2390707829a922e54b01d925aa32a81,"{""N"": 89, ""source_family"": ""N96_INDUCED_TRANSITION_LADDER_V1"", ""graph_hash"": ""3d0509bb1bd883dcf90392f4fdd79848ab77ca0aade9735cf1f78b7b692fd37d"", ""source_hash"": ""25d1fca40ca926b462c3f7e1e1d48d0e7a43c906cf0b2423703ee6d20c036175"", ""edges"": 205, ""degree_min"": 2, ""degree_max"": 5, ""degree_mean"": 4.606741573033708, ""degree_std"": 0.611095489478074, ""components"": 1, ""component_sizes"": [89], ""max_component"": 89, ""local_assignments"": 618970019642690137449562112, ""minfill_width"": 26, ""minfill_work"": 291639163, ""minfill_order"": [60, 0, 20, 41, 15, 50, 16, 34, 82, 24, 3, 12, 25, 33, 39, 48, 51, 59, 67, 85, 47, 68, 77, 11, 55, 56, 63, 78, 32, 7, 9, 38, 37, 69, 61, 42, 64, 27, 17, 2, 80, 66, 10, 73, 52, 1, 22, 6, 21, 81, 65, 43, 62, 76, 86, 57, 36, 40, 75, 30, 14, 46, 4, 5, 8, 13, 18, 19, 23, 26, 28, 29, 31, 35, 44, 45, 49, 53, 54, 58, 70, 71, 72, 74, 79, 83, 84, 87, 88], ""energy_bound"": 512, ""root_bound"": 1024, ""crt_primes"": 4, ""arithmetic_burden"": 1194554011648, ""coefficient_bound"": ""618970019642690137449562112"", ""coupling_multiplicities"": {""3"": 39, ""-1"": 37, ""-2"": 37, ""1"": 39, ""-3"": 27, ""2"": 26}, ""symmetry"": ""not assumed"", ""degree_signature"": [2, 3, 3, 3, 4, 4, 4, 4, 4, 4, 4, 4, 4, 4, 4, 4, 4, 4, 4, 4, 4, 4, 4, 4, 4, 4, 4, 4, 4, 4, 5, 5, 5, 5, 5, 5, 5, 5, 5, 5, 5, 5, 5, 5, 5, 5, 5, 5, 5, 5, 5, 5, 5, 5, 5, 5, 5, 5, 5, 5, 5, 5, 5, 5, 5, 5, 5, 5, 5, 5, 5, 5, 5, 5, 5, 5, 5, 5, 5, 5, 5, 5, 5, 5, 5, 5, 5, 5, 5]}"
52280a7bd7458e6416d8c7b4,N089,25d1fca40ca926b462c3f7e1e1d48d0e7a43c906cf0b2423703ee6d20c036175,3d0509bb1bd883dcf90392f4fdd79848ab77ca0aade9735cf1f78b7b692fd37d,N96_INDUCED_TRANSITION_LADDER_V1,f2f991d74dfbb2edf7f4475dcb7d82989de00a71e44bb11d4a6fbb49442577b6,"[0, 1, 2, 3]",6159a5e206142bec103befbfdc6b3f5e55311127dd01853d9e3e001791284878,4c115869a9cb40b60b4d019389f9f6b325fc66b9799cf4aec09b85fe6a4e613f,fresh_min_fill,COOP14_MIG_BRANCH_GROUP,1d2a6f95014703ca171206e42701c52355b89dab08ba0a9b72b3d193a3b620d4,WARM_SAME_SOURCE,FRESH_EXACT_SOLVE_WITH_INTERNAL_CHECKS_EXCLUDES_EXTERNAL_VERIFICATION,16,512,4,16,18,29439616,262144,d5207e6b84fbabee961e83f3860a3bacaca585acd736c092903cacdfff692450,NUMPY_BATCHED_INVERSE_NTT_INTEGER_CRT,1,COMPLETE,OBSERVED_PATTERN,20657072,"[62183, 62184, 62185, 62186, 62187, 62188, 62189, 62190, 62191, 62192, 62193, 62194, 62195, 62196]","[144, 160, 144, 160, 160, 144, 144, 144, 128, 144, 144, 144, 144, 144]",WARM_SAME_SOURCE,True,259581440,focused,0.00041001196950674057,0.13652379403356463,0.600221757,0.286559474,0.006262777023948729,0.025055924976051268,0.008422728045843542,0.918435537,0.0,ba5c37fb764b9e2dddda955b8ac368f2f2390707829a922e54b01d925aa32a81,"{""N"": 89, ""source_family"": ""N96_INDUCED_TRANSITION_LADDER_V1"", ""graph_hash"": ""3d0509bb1bd883dcf90392f4fdd79848ab77ca0aade9735cf1f78b7b692fd37d"", ""source_hash"": ""25d1fca40ca926b462c3f7e1e1d48d0e7a43c906cf0b2423703ee6d20c036175"", ""edges"": 205, ""degree_min"": 2, ""degree_max"": 5, ""degree_mean"": 4.606741573033708, ""degree_std"": 0.611095489478074, ""components"": 1, ""component_sizes"": [89], ""max_component"": 89, ""local_assignments"": 618970019642690137449562112, ""minfill_width"": 26, ""minfill_work"": 291639163, ""minfill_order"": [60, 0, 20, 41, 15, 50, 16, 34, 82, 24, 3, 12, 25, 33, 39, 48, 51, 59, 67, 85, 47, 68, 77, 11, 55, 56, 63, 78, 32, 7, 9, 38, 37, 69, 61, 42, 64, 27, 17, 2, 80, 66, 10, 73, 52, 1, 22, 6, 21, 81, 65, 43, 62, 76, 86, 57, 36, 40, 75, 30, 14, 46, 4, 5, 8, 13, 18, 19, 23, 26, 28, 29, 31, 35, 44, 45, 49, 53, 54, 58, 70, 71, 72, 74, 79, 83, 84, 87, 88], ""energy_bound"": 512, ""root_bound"": 1024, ""crt_primes"": 4, ""arithmetic_burden"": 1194554011648, ""coefficient_bound"": ""618970019642690137449562112"", ""coupling_multiplicities"": {""3"": 39, ""-1"": 37, ""-2"": 37, ""1"": 39, ""-3"": 27, ""2"": 26}, ""symmetry"": ""not assumed"", ""degree_signature"": [2, 3, 3, 3, 4, 4, 4, 4, 4, 4, 4, 4, 4, 4, 4, 4, 4, 4, 4, 4, 4, 4, 4, 4, 4, 4, 4, 4, 4, 4, 5, 5, 5, 5, 5, 5, 5, 5, 5, 5, 5, 5, 5, 5, 5, 5, 5, 5, 5, 5, 5, 5, 5, 5, 5, 5, 5, 5, 5, 5, 5, 5, 5, 5, 5, 5, 5, 5, 5, 5, 5, 5, 5, 5, 5, 5, 5, 5, 5, 5, 5, 5, 5, 5, 5, 5, 5, 5, 5]}"
52280a7bd7458e6416d8c7b4,N089,25d1fca40ca926b462c3f7e1e1d48d0e7a43c906cf0b2423703ee6d20c036175,3d0509bb1bd883dcf90392f4fdd79848ab77ca0aade9735cf1f78b7b692fd37d,N96_INDUCED_TRANSITION_LADDER_V1,f2f991d74dfbb2edf7f4475dcb7d82989de00a71e44bb11d4a6fbb49442577b6,"[0, 1, 2, 3]",6159a5e206142bec103befbfdc6b3f5e55311127dd01853d9e3e001791284878,4c115869a9cb40b60b4d019389f9f6b325fc66b9799cf4aec09b85fe6a4e613f,fresh_min_fill,COOP14_MIG_BRANCH_GROUP,1d2a6f95014703ca171206e42701c52355b89dab08ba0a9b72b3d193a3b620d4,WARM_SAME_SOURCE,FRESH_EXACT_SOLVE_WITH_INTERNAL_CHECKS_EXCLUDES_EXTERNAL_VERIFICATION,16,512,4,16,18,29439616,262144,d5207e6b84fbabee961e83f3860a3bacaca585acd736c092903cacdfff692450,NUMPY_BATCHED_INVERSE_NTT_INTEGER_CRT,2,COMPLETE,OBSERVED_PATTERN,20657072,"[62183, 62184, 62185, 62186, 62187, 62188, 62189, 62190, 62191, 62192, 62193, 62194, 62195, 62196]","[160, 144, 144, 144, 144, 144, 144, 144, 144, 144, 160, 144, 144, 144]",WARM_SAME_SOURCE,True,259581440,focused,0.00041001196950674057,0.13652379403356463,0.49634855,0.28180941,0.006318095023743808,0.02478178097625619,0.008292719954624772,0.809570421,0.0,ba5c37fb764b9e2dddda955b8ac368f2f2390707829a922e54b01d925aa32a81,"{""N"": 89, ""source_family"": ""N96_INDUCED_TRANSITION_LADDER_V1"", ""graph_hash"": ""3d0509bb1bd883dcf90392f4fdd79848ab77ca0aade9735cf1f78b7b692fd37d"", ""source_hash"": ""25d1fca40ca926b462c3f7e1e1d48d0e7a43c906cf0b2423703ee6d20c036175"", ""edges"": 205, ""degree_min"": 2, ""degree_max"": 5, ""degree_mean"": 4.606741573033708, ""degree_std"": 0.611095489478074, ""components"": 1, ""component_sizes"": [89], ""max_component"": 89, ""local_assignments"": 618970019642690137449562112, ""minfill_width"": 26, ""minfill_work"": 291639163, ""minfill_order"": [60, 0, 20, 41, 15, 50, 16, 34, 82, 24, 3, 12, 25, 33, 39, 48, 51, 59, 67, 85, 47, 68, 77, 11, 55, 56, 63, 78, 32, 7, 9, 38, 37, 69, 61, 42, 64, 27, 17, 2, 80, 66, 10, 73, 52, 1, 22, 6, 21, 81, 65, 43, 62, 76, 86, 57, 36, 40, 75, 30, 14, 46, 4, 5, 8, 13, 18, 19, 23, 26, 28, 29, 31, 35, 44, 45, 49, 53, 54, 58, 70, 71, 72, 74, 79, 83, 84, 87, 88], ""energy_bound"": 512, ""root_bound"": 1024, ""crt_primes"": 4, ""arithmetic_burden"": 1194554011648, ""coefficient_bound"": ""618970019642690137449562112"", ""coupling_multiplicities"": {""3"": 39, ""-1"": 37, ""-2"": 37, ""1"": 39, ""-3"": 27, ""2"": 26}, ""symmetry"": ""not assumed"", ""degree_signature"": [2, 3, 3, 3, 4, 4, 4, 4, 4, 4, 4, 4, 4, 4, 4, 4, 4, 4, 4, 4, 4, 4, 4, 4, 4, 4, 4, 4, 4, 4, 5, 5, 5, 5, 5, 5, 5, 5, 5, 5, 5, 5, 5, 5, 5, 5, 5, 5, 5, 5, 5, 5, 5, 5, 5, 5, 5, 5, 5, 5, 5, 5, 5, 5, 5, 5, 5, 5, 5, 5, 5, 5, 5, 5, 5, 5, 5, 5, 5, 5, 5, 5, 5, 5, 5, 5, 5, 5, 5]}"
52280a7bd7458e6416d8c7b4,N089,25d1fca40ca926b462c3f7e1e1d48d0e7a43c906cf0b2423703ee6d20c036175,3d0509bb1bd883dcf90392f4fdd79848ab77ca0aade9735cf1f78b7b692fd37d,N96_INDUCED_TRANSITION_LADDER_V1,f2f991d74dfbb2edf7f4475dcb7d82989de00a71e44bb11d4a6fbb49442577b6,"[0, 1, 2, 3]",6159a5e206142bec103befbfdc6b3f5e55311127dd01853d9e3e001791284878,4c115869a9cb40b60b4d019389f9f6b325fc66b9799cf4aec09b85fe6a4e613f,fresh_min_fill,COOP14_MIG_BRANCH_GROUP,1d2a6f95014703ca171206e42701c52355b89dab08ba0a9b72b3d193a3b620d4,WARM_SAME_SOURCE,FRESH_EXACT_SOLVE_WITH_INTERNAL_CHECKS_EXCLUDES_EXTERNAL_VERIFICATION,16,512,4,16,18,29439616,262144,d5207e6b84fbabee961e83f3860a3bacaca585acd736c092903cacdfff692450,NUMPY_BATCHED_INVERSE_NTT_INTEGER_CRT,3,COMPLETE,OBSERVED_PATTERN,20657072,"[62183, 62184, 62185, 62186, 62187, 62188, 62189, 62190, 62191, 62192, 62193, 62194, 62195, 62196]","[144, 144, 144, 144, 160, 144, 144, 144, 144, 144, 160, 144, 144, 144]",WARM_SAME_SOURCE,True,259581440,focused,0.00041001196950674057,0.13652379403356463,0.500189471,0.282549727,0.002577423001639545,0.010062637998360454,0.00827275007031858,0.795512986,0.0,ba5c37fb764b9e2dddda955b8ac368f2f2390707829a922e54b01d925aa32a81,"{""N"": 89, ""source_family"": ""N96_INDUCED_TRANSITION_LADDER_V1"", ""graph_hash"": ""3d0509bb1bd883dcf90392f4fdd79848ab77ca0aade9735cf1f78b7b692fd37d"", ""source_hash"": ""25d1fca40ca926b462c3f7e1e1d48d0e7a43c906cf0b2423703ee6d20c036175"", ""edges"": 205, ""degree_min"": 2, ""degree_max"": 5, ""degree_mean"": 4.606741573033708, ""degree_std"": 0.611095489478074, ""components"": 1, ""component_sizes"": [89], ""max_component"": 89, ""local_assignments"": 618970019642690137449562112, ""minfill_width"": 26, ""minfill_work"": 291639163, ""minfill_order"": [60, 0, 20, 41, 15, 50, 16, 34, 82, 24, 3, 12, 25, 33, 39, 48, 51, 59, 67, 85, 47, 68, 77, 11, 55, 56, 63, 78, 32, 7, 9, 38, 37, 69, 61, 42, 64, 27, 17, 2, 80, 66, 10, 73, 52, 1, 22, 6, 21, 81, 65, 43, 62, 76, 86, 57, 36, 40, 75, 30, 14, 46, 4, 5, 8, 13, 18, 19, 23, 26, 28, 29, 31, 35, 44, 45, 49, 53, 54, 58, 70, 71, 72, 74, 79, 83, 84, 87, 88], ""energy_bound"": 512, ""root_bound"": 1024, ""crt_primes"": 4, ""arithmetic_burden"": 1194554011648, ""coefficient_bound"": ""618970019642690137449562112"", ""coupling_multiplicities"": {""3"": 39, ""-1"": 37, ""-2"": 37, ""1"": 39, ""-3"": 27, ""2"": 26}, ""symmetry"": ""not assumed"", ""degree_signature"": [2, 3, 3, 3, 4, 4, 4, 4, 4, 4, 4, 4, 4, 4, 4, 4, 4, 4, 4, 4, 4, 4, 4, 4, 4, 4, 4, 4, 4, 4, 5, 5, 5, 5, 5, 5, 5, 5, 5, 5, 5, 5, 5, 5, 5, 5, 5, 5, 5, 5, 5, 5, 5, 5, 5, 5, 5, 5, 5, 5, 5, 5, 5, 5, 5, 5, 5, 5, 5, 5, 5, 5, 5, 5, 5, 5, 5, 5, 5, 5, 5, 5, 5, 5, 5, 5, 5, 5, 5]}"
549d34c0733f80c42aba1b6c,N073,02922ed789f3cf7343cc634dd12ca12989dc36bffae5cc0fd62d872fae23be5a,aed7d0658e1b802fab81f273c2767e0da29b8a233368b3a3aa399d6f364db3aa,N96_INDUCED_TRANSITION_LADDER_V1,f2f991d74dfbb2edf7f4475dcb7d82989de00a71e44bb11d4a6fbb49442577b6,"[0, 1, 2, 3]",7bc045af1830d83ccd63e2a95e6f7cea6b9bf86eec82977b41a9272f459a59db,a6281945e8be8be8720bd9ef749fbe210846ea020ae2c22e3ef14cfb8c59cfbb,tie_portfolio,COOP14_MIG_BRANCH_GROUP,1d2a6f95014703ca171206e42701c52355b89dab08ba0a9b72b3d193a3b620d4,WARM_NEW_SOURCE,FRESH_EXACT_SOLVE_WITH_INTERNAL_CHECKS_EXCLUDES_EXTERNAL_VERIFICATION,16,512,3,1,13,58454,8192,d5207e6b84fbabee961e83f3860a3bacaca585acd736c092903cacdfff692450,NUMPY_BATCHED_INVERSE_NTT_INTEGER_CRT,0,COMPLETE,OBSERVED_PATTERN,685168,"[62183, 62184, 62185, 62186, 62187, 62188, 62189, 62190, 62191, 62192, 62193, 62194, 62195, 62196]","[128, 80, 80, 128, 96, 80, 96, 144, 160, 96, 96, 128, 128, 96]",WARM_NEW_SOURCE,False,28994560,focused,0.0003527440130710602,0.018502074060961604,0.189794649,0.018679541,0.002134961076080799,0.009353370923919201,0.0056739370338618755,0.220091139,0.0,ecf235ee257d026c647e4353a75eba367d0dab58ce80088896b08a6e59da881e,"{""N"": 73, ""source_family"": ""N96_INDUCED_TRANSITION_LADDER_V1"", ""graph_hash"": ""aed7d0658e1b802fab81f273c2767e0da29b8a233368b3a3aa399d6f364db3aa"", ""source_hash"": ""02922ed789f3cf7343cc634dd12ca12989dc36bffae5cc0fd62d872fae23be5a"", ""edges"": 137, ""degree_min"": 1, ""degree_max"": 5, ""degree_mean"": 3.7534246575342465, ""degree_std"": 0.9331170611466522, ""components"": 1, ""component_sizes"": [73], ""max_component"": 73, ""local_assignments"": 9444732965739290427392, ""minfill_width"": 14, ""minfill_work"": 71541, ""minfill_order"": [25, 11, 62, 60, 15, 20, 29, 0, 3, 6, 24, 27, 31, 32, 34, 37, 38, 39, 52, 41, 42, 43, 64, 55, 59, 68, 8, 50, 28, 33, 47, 69, 7, 45, 48, 67, 12, 19, 70, 1, 51, 58, 61, 4, 46, 23, 63, 16, 65, 9, 10, 5, 26, 2, 14, 30, 54, 44, 13, 17, 18, 21, 22, 35, 36, 40, 49, 53, 56, 57, 66, 71, 72], ""energy_bound"": 358, ""root_bound"": 512, ""crt_primes"": 3, ""arithmetic_burden"": 109886976, ""coefficient_bound"": ""9444732965739290427392"", ""coupling_multiplicities"": {""3"": 30, ""-1"": 25, ""-2"": 23, ""1"": 26, ""-3"": 16, ""2"": 17}, ""symmetry"": ""not assumed"", ""degree_signature"": [1, 2, 2, 2, 3, 3, 3, 3, 3, 3, 3, 3, 3, 3, 3, 3, 3, 3, 3, 3, 3, 3, 3, 3, 3, 3, 3, 3, 3, 3, 3, 3, 4, 4, 4, 4, 4, 4, 4, 4, 4, 4, 4, 4, 4, 4, 4, 4, 4, 4, 4, 4, 4, 4, 5, 5, 5, 5, 5, 5, 5, 5, 5, 5, 5, 5, 5, 5, 5, 5, 5, 5, 5]}"
549d34c0733f80c42aba1b6c,N073,02922ed789f3cf7343cc634dd12ca12989dc36bffae5cc0fd62d872fae23be5a,aed7d0658e1b802fab81f273c2767e0da29b8a233368b3a3aa399d6f364db3aa,N96_INDUCED_TRANSITION_LADDER_V1,f2f991d74dfbb2edf7f4475dcb7d82989de00a71e44bb11d4a6fbb49442577b6,"[0, 1, 2, 3]",7bc045af1830d83ccd63e2a95e6f7cea6b9bf86eec82977b41a9272f459a59db,a6281945e8be8be8720bd9ef749fbe210846ea020ae2c22e3ef14cfb8c59cfbb,tie_portfolio,COOP14_MIG_BRANCH_GROUP,1d2a6f95014703ca171206e42701c52355b89dab08ba0a9b72b3d193a3b620d4,WARM_SAME_SOURCE,FRESH_EXACT_SOLVE_WITH_INTERNAL_CHECKS_EXCLUDES_EXTERNAL_VERIFICATION,16,512,3,1,13,58454,8192,d5207e6b84fbabee961e83f3860a3bacaca585acd736c092903cacdfff692450,NUMPY_BATCHED_INVERSE_NTT_INTEGER_CRT,1,COMPLETE,OBSERVED_PATTERN,685168,"[62183, 62184, 62185, 62186, 62187, 62188, 62189, 62190, 62191, 62192, 62193, 62194, 62195, 62196]","[112, 96, 112, 112, 112, 80, 96, 112, 176, 96, 160, 80, 96, 96]",WARM_SAME_SOURCE,True,28994560,focused,0.0003527440130710602,0.018502074060961604,0.07228231,0.024679432,0.0048386710695922375,0.013864909930407763,0.006125268992036581,0.11580717,0.0,ecf235ee257d026c647e4353a75eba367d0dab58ce80088896b08a6e59da881e,"{""N"": 73, ""source_family"": ""N96_INDUCED_TRANSITION_LADDER_V1"", ""graph_hash"": ""aed7d0658e1b802fab81f273c2767e0da29b8a233368b3a3aa399d6f364db3aa"", ""source_hash"": ""02922ed789f3cf7343cc634dd12ca12989dc36bffae5cc0fd62d872fae23be5a"", ""edges"": 137, ""degree_min"": 1, ""degree_max"": 5, ""degree_mean"": 3.7534246575342465, ""degree_std"": 0.9331170611466522, ""components"": 1, ""component_sizes"": [73], ""max_component"": 73, ""local_assignments"": 9444732965739290427392, ""minfill_width"": 14, ""minfill_work"": 71541, ""minfill_order"": [25, 11, 62, 60, 15, 20, 29, 0, 3, 6, 24, 27, 31, 32, 34, 37, 38, 39, 52, 41, 42, 43, 64, 55, 59, 68, 8, 50, 28, 33, 47, 69, 7, 45, 48, 67, 12, 19, 70, 1, 51, 58, 61, 4, 46, 23, 63, 16, 65, 9, 10, 5, 26, 2, 14, 30, 54, 44, 13, 17, 18, 21, 22, 35, 36, 40, 49, 53, 56, 57, 66, 71, 72], ""energy_bound"": 358, ""root_bound"": 512, ""crt_primes"": 3, ""arithmetic_burden"": 109886976, ""coefficient_bound"": ""9444732965739290427392"", ""coupling_multiplicities"": {""3"": 30, ""-1"": 25, ""-2"": 23, ""1"": 26, ""-3"": 16, ""2"": 17}, ""symmetry"": ""not assumed"", ""degree_signature"": [1, 2, 2, 2, 3, 3, 3, 3, 3, 3, 3, 3, 3, 3, 3, 3, 3, 3, 3, 3, 3, 3, 3, 3, 3, 3, 3, 3, 3, 3, 3, 3, 4, 4, 4, 4, 4, 4, 4, 4, 4, 4, 4, 4, 4, 4, 4, 4, 4, 4, 4, 4, 4, 4, 5, 5, 5, 5, 5, 5, 5, 5, 5, 5, 5, 5, 5, 5, 5, 5, 5, 5, 5]}"
549d34c0733f80c42aba1b6c,N073,02922ed789f3cf7343cc634dd12ca12989dc36bffae5cc0fd62d872fae23be5a,aed7d0658e1b802fab81f273c2767e0da29b8a233368b3a3aa399d6f364db3aa,N96_INDUCED_TRANSITION_LADDER_V1,f2f991d74dfbb2edf7f4475dcb7d82989de00a71e44bb11d4a6fbb49442577b6,"[0, 1, 2, 3]",7bc045af1830d83ccd63e2a95e6f7cea6b9bf86eec82977b41a9272f459a59db,a6281945e8be8be8720bd9ef749fbe210846ea020ae2c22e3ef14cfb8c59cfbb,tie_portfolio,COOP14_MIG_BRANCH_GROUP,1d2a6f95014703ca171206e42701c52355b89dab08ba0a9b72b3d193a3b620d4,WARM_SAME_SOURCE,FRESH_EXACT_SOLVE_WITH_INTERNAL_CHECKS_EXCLUDES_EXTERNAL_VERIFICATION,16,512,3,1,13,58454,8192,d5207e6b84fbabee961e83f3860a3bacaca585acd736c092903cacdfff692450,NUMPY_BATCHED_INVERSE_NTT_INTEGER_CRT,2,COMPLETE,OBSERVED_PATTERN,685168,"[62183, 62184, 62185, 62186, 62187, 62188, 62189, 62190, 62191, 62192, 62193, 62194, 62195, 62196]","[96, 96, 96, 144, 96, 96, 96, 112, 96, 144, 144, 96, 128, 96]",WARM_SAME_SOURCE,True,28994560,focused,0.0003527440130710602,0.018502074060961604,0.113537281,0.023784029,0.004778504022397101,0.0366901339776029,0.0054062019335106015,0.178871826,0.0,ecf235ee257d026c647e4353a75eba367d0dab58ce80088896b08a6e59da881e,"{""N"": 73, ""source_family"": ""N96_INDUCED_TRANSITION_LADDER_V1"", ""graph_hash"": ""aed7d0658e1b802fab81f273c2767e0da29b8a233368b3a3aa399d6f364db3aa"", ""source_hash"": ""02922ed789f3cf7343cc634dd12ca12989dc36bffae5cc0fd62d872fae23be5a"", ""edges"": 137, ""degree_min"": 1, ""degree_max"": 5, ""degree_mean"": 3.7534246575342465, ""degree_std"": 0.9331170611466522, ""components"": 1, ""component_sizes"": [73], ""max_component"": 73, ""local_assignments"": 9444732965739290427392, ""minfill_width"": 14, ""minfill_work"": 71541, ""minfill_order"": [25, 11, 62, 60, 15, 20, 29, 0, 3, 6, 24, 27, 31, 32, 34, 37, 38, 39, 52, 41, 42, 43, 64, 55, 59, 68, 8, 50, 28, 33, 47, 69, 7, 45, 48, 67, 12, 19, 70, 1, 51, 58, 61, 4, 46, 23, 63, 16, 65, 9, 10, 5, 26, 2, 14, 30, 54, 44, 13, 17, 18, 21, 22, 35, 36, 40, 49, 53, 56, 57, 66, 71, 72], ""energy_bound"": 358, ""root_bound"": 512, ""crt_primes"": 3, ""arithmetic_burden"": 109886976, ""coefficient_bound"": ""9444732965739290427392"", ""coupling_multiplicities"": {""3"": 30, ""-1"": 25, ""-2"": 23, ""1"": 26, ""-3"": 16, ""2"": 17}, ""symmetry"": ""not assumed"", ""degree_signature"": [1, 2, 2, 2, 3, 3, 3, 3, 3, 3, 3, 3, 3, 3, 3, 3, 3, 3, 3, 3, 3, 3, 3, 3, 3, 3, 3, 3, 3, 3, 3, 3, 4, 4, 4, 4, 4, 4, 4, 4, 4, 4, 4, 4, 4, 4, 4, 4, 4, 4, 4, 4, 4, 4, 5, 5, 5, 5, 5, 5, 5, 5, 5, 5, 5, 5, 5, 5, 5, 5, 5, 5, 5]}"
549d34c0733f80c42aba1b6c,N073,02922ed789f3cf7343cc634dd12ca12989dc36bffae5cc0fd62d872fae23be5a,aed7d0658e1b802fab81f273c2767e0da29b8a233368b3a3aa399d6f364db3aa,N96_INDUCED_TRANSITION_LADDER_V1,f2f991d74dfbb2edf7f4475dcb7d82989de00a71e44bb11d4a6fbb49442577b6,"[0, 1, 2, 3]",7bc045af1830d83ccd63e2a95e6f7cea6b9bf86eec82977b41a9272f459a59db,a6281945e8be8be8720bd9ef749fbe210846ea020ae2c22e3ef14cfb8c59cfbb,tie_portfolio,COOP14_MIG_BRANCH_GROUP,1d2a6f95014703ca171206e42701c52355b89dab08ba0a9b72b3d193a3b620d4,WARM_SAME_SOURCE,FRESH_EXACT_SOLVE_WITH_INTERNAL_CHECKS_EXCLUDES_EXTERNAL_VERIFICATION,16,512,3,1,13,58454,8192,d5207e6b84fbabee961e83f3860a3bacaca585acd736c092903cacdfff692450,NUMPY_BATCHED_INVERSE_NTT_INTEGER_CRT,3,COMPLETE,OBSERVED_PATTERN,685168,"[62183, 62184, 62185, 62186, 62187, 62188, 62189, 62190, 62191, 62192, 62193, 62194, 62195, 62196]","[80, 112, 112, 112, 80, 80, 192, 96, 112, 176, 96, 80, 96, 112]",WARM_SAME_SOURCE,True,28994560,focused,0.0003527440130710602,0.018502074060961604,0.072640702,0.02209863,0.0032065020641312003,0.012900875935868798,0.005893312976695597,0.110983367,0.0,ecf235ee257d026c647e4353a75eba367d0dab58ce80088896b08a6e59da881e,"{""N"": 73, ""source_family"": ""N96_INDUCED_TRANSITION_LADDER_V1"", ""graph_hash"": ""aed7d0658e1b802fab81f273c2767e0da29b8a233368b3a3aa399d6f364db3aa"", ""source_hash"": ""02922ed789f3cf7343cc634dd12ca12989dc36bffae5cc0fd62d872fae23be5a"", ""edges"": 137, ""degree_min"": 1, ""degree_max"": 5, ""degree_mean"": 3.7534246575342465, ""degree_std"": 0.9331170611466522, ""components"": 1, ""component_sizes"": [73], ""max_component"": 73, ""local_assignments"": 9444732965739290427392, ""minfill_width"": 14, ""minfill_work"": 71541, ""minfill_order"": [25, 11, 62, 60, 15, 20, 29, 0, 3, 6, 24, 27, 31, 32, 34, 37, 38, 39, 52, 41, 42, 43, 64, 55, 59, 68, 8, 50, 28, 33, 47, 69, 7, 45, 48, 67, 12, 19, 70, 1, 51, 58, 61, 4, 46, 23, 63, 16, 65, 9, 10, 5, 26, 2, 14, 30, 54, 44, 13, 17, 18, 21, 22, 35, 36, 40, 49, 53, 56, 57, 66, 71, 72], ""energy_bound"": 358, ""root_bound"": 512, ""crt_primes"": 3, ""arithmetic_burden"": 109886976, ""coefficient_bound"": ""9444732965739290427392"", ""coupling_multiplicities"": {""3"": 30, ""-1"": 25, ""-2"": 23, ""1"": 26, ""-3"": 16, ""2"": 17}, ""symmetry"": ""not assumed"", ""degree_signature"": [1, 2, 2, 2, 3, 3, 3, 3, 3, 3, 3, 3, 3, 3, 3, 3, 3, 3, 3, 3, 3, 3, 3, 3, 3, 3, 3, 3, 3, 3, 3, 3, 4, 4, 4, 4, 4, 4, 4, 4, 4, 4, 4, 4, 4, 4, 4, 4, 4, 4, 4, 4, 4, 4, 5, 5, 5, 5, 5, 5, 5, 5, 5, 5, 5, 5, 5, 5, 5, 5, 5, 5, 5]}"
b5b92434b2ab29140be32089,N092,db3f1d90469edce7438a20541e8f18a4ac1a591d9f9cc195b32da567c4cd8c45,cdfd0e581f3198357dea35f17eac8900e410dd91d2a8e8a19fa845b16fcd0879,N96_INDUCED_TRANSITION_LADDER_V1,f2f991d74dfbb2edf7f4475dcb7d82989de00a71e44bb11d4a6fbb49442577b6,"[0, 1, 2, 3]",abd09c5d7589cc82e00eba4ec0886ade73fa0c2badc0ca8f4f46d9e6fedc694d,c9e3645cfebcc2c4d530fce48f4c7fb4432272b30bf1fcb8feb8b975663f3116,transition_priority,COOP14_MIG_BRANCH_GROUP,1d2a6f95014703ca171206e42701c52355b89dab08ba0a9b72b3d193a3b620d4,COLD,FRESH_EXACT_SOLVE_WITH_INTERNAL_CHECKS_EXCLUDES_EXTERNAL_VERIFICATION,16,1024,4,32,18,74167936,262144,d5207e6b84fbabee961e83f3860a3bacaca585acd736c092903cacdfff692450,NUMPY_BATCHED_INVERSE_NTT_INTEGER_CRT,0,COMPLETE,OBSERVED_PATTERN,24119184,"[62895, 62896, 62897, 62898, 62899, 62900, 62901, 62902, 62903, 62904, 62905, 62906, 62907, 62908]","[304, 288, 288, 288, 288, 288, 288, 304, 288, 304, 304, 288, 288, 288]",COLD_WORKER_INITIALIZATION,False,327727104,focused,0.00042395200580358505,0.114844377967529,11.383165018,1.193280064,0.005561948986724019,0.01636121401327598,0.009233052027411759,12.598536032,0.0,8be495f971f255340ad13952d0eb5cefdf1e6062700f312cf9814c617b6c4913,"{""N"": 92, ""source_family"": ""N96_INDUCED_TRANSITION_LADDER_V1"", ""graph_hash"": ""cdfd0e581f3198357dea35f17eac8900e410dd91d2a8e8a19fa845b16fcd0879"", ""source_hash"": ""db3f1d90469edce7438a20541e8f18a4ac1a591d9f9cc195b32da567c4cd8c45"", ""edges"": 220, ""degree_min"": 3, ""degree_max"": 5, ""degree_mean"": 4.782608695652174, ""degree_std"": 0.5070392952039392, ""components"": 1, ""component_sizes"": [92], ""max_component"": 92, ""local_assignments"": 4951760157141521099596496896, ""minfill_width"": 26, ""minfill_work"": 369382079, ""minfill_order"": [0, 20, 41, 60, 12, 22, 25, 33, 51, 67, 81, 15, 16, 34, 50, 68, 77, 3, 11, 14, 23, 39, 48, 63, 76, 78, 4, 6, 8, 38, 70, 84, 19, 65, 52, 18, 61, 47, 86, 31, 90, 7, 1, 73, 29, 64, 24, 46, 58, 10, 9, 43, 88, 89, 27, 59, 32, 2, 79, 17, 30, 62, 66, 57, 69, 5, 13, 21, 26, 28, 35, 36, 37, 40, 42, 44, 45, 49, 53, 54, 55, 56, 71, 72, 74, 75, 80, 82, 83, 85, 87, 91], ""energy_bound"": 547, ""root_bound"": 1024, ""crt_primes"": 4, ""arithmetic_burden"": 1512988995584, ""coefficient_bound"": ""4951760157141521099596496896"", ""coupling_multiplicities"": {""3"": 44, ""-1"": 42, ""-2"": 39, ""1"": 40, ""-3"": 28, ""2"": 27}, ""symmetry"": ""not assumed"", ""degree_signature"": [3, 3, 3, 3, 4, 4, 4, 4, 4, 4, 4, 4, 4, 4, 4, 4, 5, 5, 5, 5, 5, 5, 5, 5, 5, 5, 5, 5, 5, 5, 5, 5, 5, 5, 5, 5, 5, 5, 5, 5, 5, 5, 5, 5, 5, 5, 5, 5, 5, 5, 5, 5, 5, 5, 5, 5, 5, 5, 5, 5, 5, 5, 5, 5, 5, 5, 5, 5, 5, 5, 5, 5, 5, 5, 5, 5, 5, 5, 5, 5, 5, 5, 5, 5, 5, 5, 5, 5, 5, 5, 5, 5]}"
b5b92434b2ab29140be32089,N092,db3f1d90469edce7438a20541e8f18a4ac1a591d9f9cc195b32da567c4cd8c45,cdfd0e581f3198357dea35f17eac8900e410dd91d2a8e8a19fa845b16fcd0879,N96_INDUCED_TRANSITION_LADDER_V1,f2f991d74dfbb2edf7f4475dcb7d82989de00a71e44bb11d4a6fbb49442577b6,"[0, 1, 2, 3]",abd09c5d7589cc82e00eba4ec0886ade73fa0c2badc0ca8f4f46d9e6fedc694d,c9e3645cfebcc2c4d530fce48f4c7fb4432272b30bf1fcb8feb8b975663f3116,transition_priority,COOP14_MIG_BRANCH_GROUP,1d2a6f95014703ca171206e42701c52355b89dab08ba0a9b72b3d193a3b620d4,WARM_SAME_SOURCE,FRESH_EXACT_SOLVE_WITH_INTERNAL_CHECKS_EXCLUDES_EXTERNAL_VERIFICATION,16,1024,4,32,18,74167936,262144,d5207e6b84fbabee961e83f3860a3bacaca585acd736c092903cacdfff692450,NUMPY_BATCHED_INVERSE_NTT_INTEGER_CRT,1,COMPLETE,OBSERVED_PATTERN,24119184,"[62895, 62896, 62897, 62898, 62899, 62900, 62901, 62902, 62903, 62904, 62905, 62906, 62907, 62908]","[288, 288, 304, 288, 304, 288, 288, 304, 288, 288, 304, 288, 288, 288]",WARM_SAME_SOURCE,True,327727104,focused,0.00042395200580358505,0.114844377967529,0.837673862,1.196959528,0.01272368908394128,0.032866683916058716,0.00847609608899802,2.080502228,0.0,8be495f971f255340ad13952d0eb5cefdf1e6062700f312cf9814c617b6c4913,"{""N"": 92, ""source_family"": ""N96_INDUCED_TRANSITION_LADDER_V1"", ""graph_hash"": ""cdfd0e581f3198357dea35f17eac8900e410dd91d2a8e8a19fa845b16fcd0879"", ""source_hash"": ""db3f1d90469edce7438a20541e8f18a4ac1a591d9f9cc195b32da567c4cd8c45"", ""edges"": 220, ""degree_min"": 3, ""degree_max"": 5, ""degree_mean"": 4.782608695652174, ""degree_std"": 0.5070392952039392, ""components"": 1, ""component_sizes"": [92], ""max_component"": 92, ""local_assignments"": 4951760157141521099596496896, ""minfill_width"": 26, ""minfill_work"": 369382079, ""minfill_order"": [0, 20, 41, 60, 12, 22, 25, 33, 51, 67, 81, 15, 16, 34, 50, 68, 77, 3, 11, 14, 23, 39, 48, 63, 76, 78, 4, 6, 8, 38, 70, 84, 19, 65, 52, 18, 61, 47, 86, 31, 90, 7, 1, 73, 29, 64, 24, 46, 58, 10, 9, 43, 88, 89, 27, 59, 32, 2, 79, 17, 30, 62, 66, 57, 69, 5, 13, 21, 26, 28, 35, 36, 37, 40, 42, 44, 45, 49, 53, 54, 55, 56, 71, 72, 74, 75, 80, 82, 83, 85, 87, 91], ""energy_bound"": 547, ""root_bound"": 1024, ""crt_primes"": 4, ""arithmetic_burden"": 1512988995584, ""coefficient_bound"": ""4951760157141521099596496896"", ""coupling_multiplicities"": {""3"": 44, ""-1"": 42, ""-2"": 39, ""1"": 40, ""-3"": 28, ""2"": 27}, ""symmetry"": ""not assumed"", ""degree_signature"": [3, 3, 3, 3, 4, 4, 4, 4, 4, 4, 4, 4, 4, 4, 4, 4, 5, 5, 5, 5, 5, 5, 5, 5, 5, 5, 5, 5, 5, 5, 5, 5, 5, 5, 5, 5, 5, 5, 5, 5, 5, 5, 5, 5, 5, 5, 5, 5, 5, 5, 5, 5, 5, 5, 5, 5, 5, 5, 5, 5, 5, 5, 5, 5, 5, 5, 5, 5, 5, 5, 5, 5, 5, 5, 5, 5, 5, 5, 5, 5, 5, 5, 5, 5, 5, 5, 5, 5, 5, 5, 5, 5]}"
b5b92434b2ab29140be32089,N092,db3f1d90469edce7438a20541e8f18a4ac1a591d9f9cc195b32da567c4cd8c45,cdfd0e581f3198357dea35f17eac8900e410dd91d2a8e8a19fa845b16fcd0879,N96_INDUCED_TRANSITION_LADDER_V1,f2f991d74dfbb2edf7f4475dcb7d82989de00a71e44bb11d4a6fbb49442577b6,"[0, 1, 2, 3]",abd09c5d7589cc82e00eba4ec0886ade73fa0c2badc0ca8f4f46d9e6fedc694d,c9e3645cfebcc2c4d530fce48f4c7fb4432272b30bf1fcb8feb8b975663f3116,transition_priority,COOP14_MIG_BRANCH_GROUP,1d2a6f95014703ca171206e42701c52355b89dab08ba0a9b72b3d193a3b620d4,WARM_SAME_SOURCE,FRESH_EXACT_SOLVE_WITH_INTERNAL_CHECKS_EXCLUDES_EXTERNAL_VERIFICATION,16,1024,4,32,18,74167936,262144,d5207e6b84fbabee961e83f3860a3bacaca585acd736c092903cacdfff692450,NUMPY_BATCHED_INVERSE_NTT_INTEGER_CRT,2,COMPLETE,OBSERVED_PATTERN,24119184,"[62895, 62896, 62897, 62898, 62899, 62900, 62901, 62902, 62903, 62904, 62905, 62906, 62907, 62908]","[304, 288, 304, 288, 288, 288, 288, 304, 304, 288, 288, 288, 288, 288]",WARM_SAME_SOURCE,True,327727104,focused,0.00042395200580358505,0.114844377967529,0.787953404,1.18245512,0.012966274050995708,0.034057132949004296,0.008683192892931402,2.017697577,0.0,8be495f971f255340ad13952d0eb5cefdf1e6062700f312cf9814c617b6c4913,"{""N"": 92, ""source_family"": ""N96_INDUCED_TRANSITION_LADDER_V1"", ""graph_hash"": ""cdfd0e581f3198357dea35f17eac8900e410dd91d2a8e8a19fa845b16fcd0879"", ""source_hash"": ""db3f1d90469edce7438a20541e8f18a4ac1a591d9f9cc195b32da567c4cd8c45"", ""edges"": 220, ""degree_min"": 3, ""degree_max"": 5, ""degree_mean"": 4.782608695652174, ""degree_std"": 0.5070392952039392, ""components"": 1, ""component_sizes"": [92], ""max_component"": 92, ""local_assignments"": 4951760157141521099596496896, ""minfill_width"": 26, ""minfill_work"": 369382079, ""minfill_order"": [0, 20, 41, 60, 12, 22, 25, 33, 51, 67, 81, 15, 16, 34, 50, 68, 77, 3, 11, 14, 23, 39, 48, 63, 76, 78, 4, 6, 8, 38, 70, 84, 19, 65, 52, 18, 61, 47, 86, 31, 90, 7, 1, 73, 29, 64, 24, 46, 58, 10, 9, 43, 88, 89, 27, 59, 32, 2, 79, 17, 30, 62, 66, 57, 69, 5, 13, 21, 26, 28, 35, 36, 37, 40, 42, 44, 45, 49, 53, 54, 55, 56, 71, 72, 74, 75, 80, 82, 83, 85, 87, 91], ""energy_bound"": 547, ""root_bound"": 1024, ""crt_primes"": 4, ""arithmetic_burden"": 1512988995584, ""coefficient_bound"": ""4951760157141521099596496896"", ""coupling_multiplicities"": {""3"": 44, ""-1"": 42, ""-2"": 39, ""1"": 40, ""-3"": 28, ""2"": 27}, ""symmetry"": ""not assumed"", ""degree_signature"": [3, 3, 3, 3, 4, 4, 4, 4, 4, 4, 4, 4, 4, 4, 4, 4, 5, 5, 5, 5, 5, 5, 5, 5, 5, 5, 5, 5, 5, 5, 5, 5, 5, 5, 5, 5, 5, 5, 5, 5, 5, 5, 5, 5, 5, 5, 5, 5, 5, 5, 5, 5, 5, 5, 5, 5, 5, 5, 5, 5, 5, 5, 5, 5, 5, 5, 5, 5, 5, 5, 5, 5, 5, 5, 5, 5, 5, 5, 5, 5, 5, 5, 5, 5, 5, 5, 5, 5, 5, 5, 5, 5]}"
b5b92434b2ab29140be32089,N092,db3f1d90469edce7438a20541e8f18a4ac1a591d9f9cc195b32da567c4cd8c45,cdfd0e581f3198357dea35f17eac8900e410dd91d2a8e8a19fa845b16fcd0879,N96_INDUCED_TRANSITION_LADDER_V1,f2f991d74dfbb2edf7f4475dcb7d82989de00a71e44bb11d4a6fbb49442577b6,"[0, 1, 2, 3]",abd09c5d7589cc82e00eba4ec0886ade73fa0c2badc0ca8f4f46d9e6fedc694d,c9e3645cfebcc2c4d530fce48f4c7fb4432272b30bf1fcb8feb8b975663f3116,transition_priority,COOP14_MIG_BRANCH_GROUP,1d2a6f95014703ca171206e42701c52355b89dab08ba0a9b72b3d193a3b620d4,WARM_SAME_SOURCE,FRESH_EXACT_SOLVE_WITH_INTERNAL_CHECKS_EXCLUDES_EXTERNAL_VERIFICATION,16,1024,4,32,18,74167936,262144,d5207e6b84fbabee961e83f3860a3bacaca585acd736c092903cacdfff692450,NUMPY_BATCHED_INVERSE_NTT_INTEGER_CRT,3,COMPLETE,OBSERVED_PATTERN,24119184,"[62895, 62896, 62897, 62898, 62899, 62900, 62901, 62902, 62903, 62904, 62905, 62906, 62907, 62908]","[304, 288, 304, 304, 288, 288, 304, 288, 288, 288, 288, 288, 288, 288]",WARM_SAME_SOURCE,True,327727104,focused,0.00042395200580358505,0.114844377967529,0.828322362,1.204590609,0.012663570931181312,0.03153061706881869,0.008247309946455061,2.077375945,0.0,8be495f971f255340ad13952d0eb5cefdf1e6062700f312cf9814c617b6c4913,"{""N"": 92, ""source_family"": ""N96_INDUCED_TRANSITION_LADDER_V1"", ""graph_hash"": ""cdfd0e581f3198357dea35f17eac8900e410dd91d2a8e8a19fa845b16fcd0879"", ""source_hash"": ""db3f1d90469edce7438a20541e8f18a4ac1a591d9f9cc195b32da567c4cd8c45"", ""edges"": 220, ""degree_min"": 3, ""degree_max"": 5, ""degree_mean"": 4.782608695652174, ""degree_std"": 0.5070392952039392, ""components"": 1, ""component_sizes"": [92], ""max_component"": 92, ""local_assignments"": 4951760157141521099596496896, ""minfill_width"": 26, ""minfill_work"": 369382079, ""minfill_order"": [0, 20, 41, 60, 12, 22, 25, 33, 51, 67, 81, 15, 16, 34, 50, 68, 77, 3, 11, 14, 23, 39, 48, 63, 76, 78, 4, 6, 8, 38, 70, 84, 19, 65, 52, 18, 61, 47, 86, 31, 90, 7, 1, 73, 29, 64, 24, 46, 58, 10, 9, 43, 88, 89, 27, 59, 32, 2, 79, 17, 30, 62, 66, 57, 69, 5, 13, 21, 26, 28, 35, 36, 37, 40, 42, 44, 45, 49, 53, 54, 55, 56, 71, 72, 74, 75, 80, 82, 83, 85, 87, 91], ""energy_bound"": 547, ""root_bound"": 1024, ""crt_primes"": 4, ""arithmetic_burden"": 1512988995584, ""coefficient_bound"": ""4951760157141521099596496896"", ""coupling_multiplicities"": {""3"": 44, ""-1"": 42, ""-2"": 39, ""1"": 40, ""-3"": 28, ""2"": 27}, ""symmetry"": ""not assumed"", ""degree_signature"": [3, 3, 3, 3, 4, 4, 4, 4, 4, 4, 4, 4, 4, 4, 4, 4, 5, 5, 5, 5, 5, 5, 5, 5, 5, 5, 5, 5, 5, 5, 5, 5, 5, 5, 5, 5, 5, 5, 5, 5, 5, 5, 5, 5, 5, 5, 5, 5, 5, 5, 5, 5, 5, 5, 5, 5, 5, 5, 5, 5, 5, 5, 5, 5, 5, 5, 5, 5, 5, 5, 5, 5, 5, 5, 5, 5, 5, 5, 5, 5, 5, 5, 5, 5, 5, 5, 5, 5, 5, 5, 5, 5]}"
fad608fe1a541847c57e048b,N084,a9276261b491353b7a97dfe6fa8053ce22f644b61fc21d0b3c8e160a13727b0c,87e50f929aae0668d5104e5418201bb1a55e05f9990e161d8608b4272056b2f4,N96_INDUCED_TRANSITION_LADDER_V1,f2f991d74dfbb2edf7f4475dcb7d82989de00a71e44bb11d4a6fbb49442577b6,"[0, 1, 2, 3]",df459afe4918c4a5d2601a5fc00975c11aee6d4fd21a1ef6c4aa65578eb9404b,9f27ccc3889c6e14860e169491c096f1b7f9264d9e9daa25ad5d912e43e99648,expanded_portfolio,COOP14_MIG_BRANCH_GROUP,1d2a6f95014703ca171206e42701c52355b89dab08ba0a9b72b3d193a3b620d4,WARM_NEW_SOURCE,FRESH_EXACT_SOLVE_WITH_INTERNAL_CHECKS_EXCLUDES_EXTERNAL_VERIFICATION,16,512,3,8,16,4066208,65536,d5207e6b84fbabee961e83f3860a3bacaca585acd736c092903cacdfff692450,NUMPY_BATCHED_INVERSE_NTT_INTEGER_CRT,0,COMPLETE,OBSERVED_PATTERN,5424144,"[62895, 62896, 62897, 62898, 62899, 62900, 62901, 62902, 62903, 62904, 62905, 62906, 62907, 62908]","[112, 112, 112, 112, 112, 112, 112, 112, 112, 112, 96, 112, 112, 96]",WARM_NEW_SOURCE,False,95566336,focused,3.039861584082246,0.25736679299734533,0.30330916,0.096989802,0.007714879931882024,0.026577388068117977,0.011381422984413803,0.434874965,0.0,c3fd9c86bbc441f4e170d8c75189db0f271a4aaaaefeffffee315ea3b0aa0401,"{""N"": 84, ""source_family"": ""N96_INDUCED_TRANSITION_LADDER_V1"", ""graph_hash"": ""87e50f929aae0668d5104e5418201bb1a55e05f9990e161d8608b4272056b2f4"", ""source_hash"": ""a9276261b491353b7a97dfe6fa8053ce22f644b61fc21d0b3c8e160a13727b0c"", ""edges"": 183, ""degree_min"": 2, ""degree_max"": 5, ""degree_mean"": 4.357142857142857, ""degree_std"": 0.7342449497671083, ""components"": 1, ""component_sizes"": [84], ""max_component"": 84, ""local_assignments"": 19342813113834066795298816, ""minfill_width"": 22, ""minfill_work"": 15123219, ""minfill_order"": [60, 15, 20, 0, 6, 12, 32, 41, 51, 59, 64, 50, 34, 62, 11, 76, 82, 24, 3, 25, 33, 38, 48, 63, 67, 39, 8, 16, 47, 68, 19, 56, 37, 69, 55, 65, 7, 43, 2, 52, 40, 66, 17, 77, 22, 58, 72, 79, 42, 9, 61, 75, 10, 73, 78, 27, 74, 46, 57, 35, 36, 1, 4, 5, 13, 14, 18, 21, 23, 26, 28, 29, 30, 31, 44, 45, 49, 53, 54, 70, 71, 80, 81, 83], ""energy_bound"": 460, ""root_bound"": 512, ""crt_primes"": 3, ""arithmetic_burden"": 23229264384, ""coefficient_bound"": ""19342813113834066795298816"", ""coupling_multiplicities"": {""3"": 34, ""-1"": 35, ""-2"": 32, ""1"": 34, ""-3"": 24, ""2"": 24}, ""symmetry"": ""not assumed"", ""degree_signature"": [2, 3, 3, 3, 3, 3, 3, 3, 3, 3, 3, 4, 4, 4, 4, 4, 4, 4, 4, 4, 4, 4, 4, 4, 4, 4, 4, 4, 4, 4, 4, 4, 4, 4, 4, 4, 4, 4, 4, 4, 4, 4, 5, 5, 5, 5, 5, 5, 5, 5, 5, 5, 5, 5, 5, 5, 5, 5, 5, 5, 5, 5, 5, 5, 5, 5, 5, 5, 5, 5, 5, 5, 5, 5, 5, 5, 5, 5, 5, 5, 5, 5, 5, 5]}"
fad608fe1a541847c57e048b,N084,a9276261b491353b7a97dfe6fa8053ce22f644b61fc21d0b3c8e160a13727b0c,87e50f929aae0668d5104e5418201bb1a55e05f9990e161d8608b4272056b2f4,N96_INDUCED_TRANSITION_LADDER_V1,f2f991d74dfbb2edf7f4475dcb7d82989de00a71e44bb11d4a6fbb49442577b6,"[0, 1, 2, 3]",d2c65cf4c9998ce9bb1fa374e5d7a11408e43719520899ed111db7fd0d82fad1,3a29e336f0a403c84cd6e7f48b42fa40655b54c6879e270dc39fde5bf40188ac,tie_portfolio,COOP14_MIG_BRANCH_GROUP,1d2a6f95014703ca171206e42701c52355b89dab08ba0a9b72b3d193a3b620d4,WARM_NEW_PLAN,FRESH_EXACT_SOLVE_WITH_INTERNAL_CHECKS_EXCLUDES_EXTERNAL_VERIFICATION,16,512,3,1,21,7767628,2097152,d5207e6b84fbabee961e83f3860a3bacaca585acd736c092903cacdfff692450,NUMPY_BATCHED_INVERSE_NTT_INTEGER_CRT,0,COMPLETE,OBSERVED_PATTERN,88738704,"[62895, 62896, 62897, 62898, 62899, 62900, 62901, 62902, 62903, 62904, 62905, 62906, 62907, 62908]","[112, 112, 112, 112, 112, 96, 96, 112, 112, 112, 112, 112, 112, 112]",WARM_NEW_PLAN,False,1109322752,focused,3.039861584082246,0.25736679299734533,0.237200379,0.047199854,0.004723163903690875,0.045009334096309125,0.006946054054424167,0.33423649,0.0,6b30d0f8188dfa8df8109ec8fc4cf79f0c8bda204617ab1bc484e575f0c4f472,"{""N"": 84, ""source_family"": ""N96_INDUCED_TRANSITION_LADDER_V1"", ""graph_hash"": ""87e50f929aae0668d5104e5418201bb1a55e05f9990e161d8608b4272056b2f4"", ""source_hash"": ""a9276261b491353b7a97dfe6fa8053ce22f644b61fc21d0b3c8e160a13727b0c"", ""edges"": 183, ""degree_min"": 2, ""degree_max"": 5, ""degree_mean"": 4.357142857142857, ""degree_std"": 0.7342449497671083, ""components"": 1, ""component_sizes"": [84], ""max_component"": 84, ""local_assignments"": 19342813113834066795298816, ""minfill_width"": 22, ""minfill_work"": 15123219, ""minfill_order"": [60, 15, 20, 0, 6, 12, 32, 41, 51, 59, 64, 50, 34, 62, 11, 76, 82, 24, 3, 25, 33, 38, 48, 63, 67, 39, 8, 16, 47, 68, 19, 56, 37, 69, 55, 65, 7, 43, 2, 52, 40, 66, 17, 77, 22, 58, 72, 79, 42, 9, 61, 75, 10, 73, 78, 27, 74, 46, 57, 35, 36, 1, 4, 5, 13, 14, 18, 21, 23, 26, 28, 29, 30, 31, 44, 45, 49, 53, 54, 70, 71, 80, 81, 83], ""energy_bound"": 460, ""root_bound"": 512, ""crt_primes"": 3, ""arithmetic_burden"": 23229264384, ""coefficient_bound"": ""19342813113834066795298816"", ""coupling_multiplicities"": {""3"": 34, ""-1"": 35, ""-2"": 32, ""1"": 34, ""-3"": 24, ""2"": 24}, ""symmetry"": ""not assumed"", ""degree_signature"": [2, 3, 3, 3, 3, 3, 3, 3, 3, 3, 3, 4, 4, 4, 4, 4, 4, 4, 4, 4, 4, 4, 4, 4, 4, 4, 4, 4, 4, 4, 4, 4, 4, 4, 4, 4, 4, 4, 4, 4, 4, 4, 5, 5, 5, 5, 5, 5, 5, 5, 5, 5, 5, 5, 5, 5, 5, 5, 5, 5, 5, 5, 5, 5, 5, 5, 5, 5, 5, 5, 5, 5, 5, 5, 5, 5, 5, 5, 5, 5, 5, 5, 5, 5]}"
fad608fe1a541847c57e048b,N084,a9276261b491353b7a97dfe6fa8053ce22f644b61fc21d0b3c8e160a13727b0c,87e50f929aae0668d5104e5418201bb1a55e05f9990e161d8608b4272056b2f4,N96_INDUCED_TRANSITION_LADDER_V1,f2f991d74dfbb2edf7f4475dcb7d82989de00a71e44bb11d4a6fbb49442577b6,"[0, 1, 2, 3]",d2c65cf4c9998ce9bb1fa374e5d7a11408e43719520899ed111db7fd0d82fad1,3a29e336f0a403c84cd6e7f48b42fa40655b54c6879e270dc39fde5bf40188ac,tie_portfolio,COOP14_MIG_BRANCH_GROUP,1d2a6f95014703ca171206e42701c52355b89dab08ba0a9b72b3d193a3b620d4,WARM_SAME_SOURCE,FRESH_EXACT_SOLVE_WITH_INTERNAL_CHECKS_EXCLUDES_EXTERNAL_VERIFICATION,16,512,3,1,21,7767628,2097152,d5207e6b84fbabee961e83f3860a3bacaca585acd736c092903cacdfff692450,NUMPY_BATCHED_INVERSE_NTT_INTEGER_CRT,1,COMPLETE,OBSERVED_PATTERN,88738704,"[62895, 62896, 62897, 62898, 62899, 62900, 62901, 62902, 62903, 62904, 62905, 62906, 62907, 62908]","[112, 112, 112, 112, 112, 112, 112, 128, 96, 112, 112, 112, 80, 112]",WARM_SAME_SOURCE,True,1109322752,focused,3.039861584082246,0.25736679299734533,0.262789366,0.056548974,0.004718484939076006,0.019746272060923994,0.007887737010605633,0.343960364,0.0,6b30d0f8188dfa8df8109ec8fc4cf79f0c8bda204617ab1bc484e575f0c4f472,"{""N"": 84, ""source_family"": ""N96_INDUCED_TRANSITION_LADDER_V1"", ""graph_hash"": ""87e50f929aae0668d5104e5418201bb1a55e05f9990e161d8608b4272056b2f4"", ""source_hash"": ""a9276261b491353b7a97dfe6fa8053ce22f644b61fc21d0b3c8e160a13727b0c"", ""edges"": 183, ""degree_min"": 2, ""degree_max"": 5, ""degree_mean"": 4.357142857142857, ""degree_std"": 0.7342449497671083, ""components"": 1, ""component_sizes"": [84], ""max_component"": 84, ""local_assignments"": 19342813113834066795298816, ""minfill_width"": 22, ""minfill_work"": 15123219, ""minfill_order"": [60, 15, 20, 0, 6, 12, 32, 41, 51, 59, 64, 50, 34, 62, 11, 76, 82, 24, 3, 25, 33, 38, 48, 63, 67, 39, 8, 16, 47, 68, 19, 56, 37, 69, 55, 65, 7, 43, 2, 52, 40, 66, 17, 77, 22, 58, 72, 79, 42, 9, 61, 75, 10, 73, 78, 27, 74, 46, 57, 35, 36, 1, 4, 5, 13, 14, 18, 21, 23, 26, 28, 29, 30, 31, 44, 45, 49, 53, 54, 70, 71, 80, 81, 83], ""energy_bound"": 460, ""root_bound"": 512, ""crt_primes"": 3, ""arithmetic_burden"": 23229264384, ""coefficient_bound"": ""19342813113834066795298816"", ""coupling_multiplicities"": {""3"": 34, ""-1"": 35, ""-2"": 32, ""1"": 34, ""-3"": 24, ""2"": 24}, ""symmetry"": ""not assumed"", ""degree_signature"": [2, 3, 3, 3, 3, 3, 3, 3, 3, 3, 3, 4, 4, 4, 4, 4, 4, 4, 4, 4, 4, 4, 4, 4, 4, 4, 4, 4, 4, 4, 4, 4, 4, 4, 4, 4, 4, 4, 4, 4, 4, 4, 5, 5, 5, 5, 5, 5, 5, 5, 5, 5, 5, 5, 5, 5, 5, 5, 5, 5, 5, 5, 5, 5, 5, 5, 5, 5, 5, 5, 5, 5, 5, 5, 5, 5, 5, 5, 5, 5, 5, 5, 5, 5]}"
fad608fe1a541847c57e048b,N084,a9276261b491353b7a97dfe6fa8053ce22f644b61fc21d0b3c8e160a13727b0c,87e50f929aae0668d5104e5418201bb1a55e05f9990e161d8608b4272056b2f4,N96_INDUCED_TRANSITION_LADDER_V1,f2f991d74dfbb2edf7f4475dcb7d82989de00a71e44bb11d4a6fbb49442577b6,"[0, 1, 2, 3]",df459afe4918c4a5d2601a5fc00975c11aee6d4fd21a1ef6c4aa65578eb9404b,9f27ccc3889c6e14860e169491c096f1b7f9264d9e9daa25ad5d912e43e99648,expanded_portfolio,COOP14_MIG_BRANCH_GROUP,1d2a6f95014703ca171206e42701c52355b89dab08ba0a9b72b3d193a3b620d4,WARM_NEW_PLAN,FRESH_EXACT_SOLVE_WITH_INTERNAL_CHECKS_EXCLUDES_EXTERNAL_VERIFICATION,16,512,3,8,16,4066208,65536,d5207e6b84fbabee961e83f3860a3bacaca585acd736c092903cacdfff692450,NUMPY_BATCHED_INVERSE_NTT_INTEGER_CRT,1,COMPLETE,OBSERVED_PATTERN,5424144,"[62895, 62896, 62897, 62898, 62899, 62900, 62901, 62902, 62903, 62904, 62905, 62906, 62907, 62908]","[128, 80, 128, 112, 128, 112, 112, 80, 112, 112, 112, 112, 112, 96]",WARM_NEW_PLAN,True,181466112,focused,3.039861584082246,0.25736679299734533,0.293479819,0.095822923,0.004785402910783887,0.019283140089216114,0.007765838992781937,0.413538532,0.0,c3fd9c86bbc441f4e170d8c75189db0f271a4aaaaefeffffee315ea3b0aa0401,"{""N"": 84, ""source_family"": ""N96_INDUCED_TRANSITION_LADDER_V1"", ""graph_hash"": ""87e50f929aae0668d5104e5418201bb1a55e05f9990e161d8608b4272056b2f4"", ""source_hash"": ""a9276261b491353b7a97dfe6fa8053ce22f644b61fc21d0b3c8e160a13727b0c"", ""edges"": 183, ""degree_min"": 2, ""degree_max"": 5, ""degree_mean"": 4.357142857142857, ""degree_std"": 0.7342449497671083, ""components"": 1, ""component_sizes"": [84], ""max_component"": 84, ""local_assignments"": 19342813113834066795298816, ""minfill_width"": 22, ""minfill_work"": 15123219, ""minfill_order"": [60, 15, 20, 0, 6, 12, 32, 41, 51, 59, 64, 50, 34, 62, 11, 76, 82, 24, 3, 25, 33, 38, 48, 63, 67, 39, 8, 16, 47, 68, 19, 56, 37, 69, 55, 65, 7, 43, 2, 52, 40, 66, 17, 77, 22, 58, 72, 79, 42, 9, 61, 75, 10, 73, 78, 27, 74, 46, 57, 35, 36, 1, 4, 5, 13, 14, 18, 21, 23, 26, 28, 29, 30, 31, 44, 45, 49, 53, 54, 70, 71, 80, 81, 83], ""energy_bound"": 460, ""root_bound"": 512, ""crt_primes"": 3, ""arithmetic_burden"": 23229264384, ""coefficient_bound"": ""19342813113834066795298816"", ""coupling_multiplicities"": {""3"": 34, ""-1"": 35, ""-2"": 32, ""1"": 34, ""-3"": 24, ""2"": 24}, ""symmetry"": ""not assumed"", ""degree_signature"": [2, 3, 3, 3, 3, 3, 3, 3, 3, 3, 3, 4, 4, 4, 4, 4, 4, 4, 4, 4, 4, 4, 4, 4, 4, 4, 4, 4, 4, 4, 4, 4, 4, 4, 4, 4, 4, 4, 4, 4, 4, 4, 5, 5, 5, 5, 5, 5, 5, 5, 5, 5, 5, 5, 5, 5, 5, 5, 5, 5, 5, 5, 5, 5, 5, 5, 5, 5, 5, 5, 5, 5, 5, 5, 5, 5, 5, 5, 5, 5, 5, 5, 5, 5]}"
fad608fe1a541847c57e048b,N084,a9276261b491353b7a97dfe6fa8053ce22f644b61fc21d0b3c8e160a13727b0c,87e50f929aae0668d5104e5418201bb1a55e05f9990e161d8608b4272056b2f4,N96_INDUCED_TRANSITION_LADDER_V1,f2f991d74dfbb2edf7f4475dcb7d82989de00a71e44bb11d4a6fbb49442577b6,"[0, 1, 2, 3]",df459afe4918c4a5d2601a5fc00975c11aee6d4fd21a1ef6c4aa65578eb9404b,9f27ccc3889c6e14860e169491c096f1b7f9264d9e9daa25ad5d912e43e99648,expanded_portfolio,COOP14_MIG_BRANCH_GROUP,1d2a6f95014703ca171206e42701c52355b89dab08ba0a9b72b3d193a3b620d4,WARM_SAME_SOURCE,FRESH_EXACT_SOLVE_WITH_INTERNAL_CHECKS_EXCLUDES_EXTERNAL_VERIFICATION,16,512,3,8,16,4066208,65536,d5207e6b84fbabee961e83f3860a3bacaca585acd736c092903cacdfff692450,NUMPY_BATCHED_INVERSE_NTT_INTEGER_CRT,2,COMPLETE,OBSERVED_PATTERN,5424144,"[62895, 62896, 62897, 62898, 62899, 62900, 62901, 62902, 62903, 62904, 62905, 62906, 62907, 62908]","[112, 112, 112, 112, 112, 112, 112, 112, 112, 112, 96, 96, 112, 112]",WARM_SAME_SOURCE,True,181466112,focused,3.039861584082246,0.25736679299734533,0.223412119,0.090649037,0.004783711978234351,0.02129071502176565,0.008815440000034869,0.34029435,0.0,c3fd9c86bbc441f4e170d8c75189db0f271a4aaaaefeffffee315ea3b0aa0401,"{""N"": 84, ""source_family"": ""N96_INDUCED_TRANSITION_LADDER_V1"", ""graph_hash"": ""87e50f929aae0668d5104e5418201bb1a55e05f9990e161d8608b4272056b2f4"", ""source_hash"": ""a9276261b491353b7a97dfe6fa8053ce22f644b61fc21d0b3c8e160a13727b0c"", ""edges"": 183, ""degree_min"": 2, ""degree_max"": 5, ""degree_mean"": 4.357142857142857, ""degree_std"": 0.7342449497671083, ""components"": 1, ""component_sizes"": [84], ""max_component"": 84, ""local_assignments"": 19342813113834066795298816, ""minfill_width"": 22, ""minfill_work"": 15123219, ""minfill_order"": [60, 15, 20, 0, 6, 12, 32, 41, 51, 59, 64, 50, 34, 62, 11, 76, 82, 24, 3, 25, 33, 38, 48, 63, 67, 39, 8, 16, 47, 68, 19, 56, 37, 69, 55, 65, 7, 43, 2, 52, 40, 66, 17, 77, 22, 58, 72, 79, 42, 9, 61, 75, 10, 73, 78, 27, 74, 46, 57, 35, 36, 1, 4, 5, 13, 14, 18, 21, 23, 26, 28, 29, 30, 31, 44, 45, 49, 53, 54, 70, 71, 80, 81, 83], ""energy_bound"": 460, ""root_bound"": 512, ""crt_primes"": 3, ""arithmetic_burden"": 23229264384, ""coefficient_bound"": ""19342813113834066795298816"", ""coupling_multiplicities"": {""3"": 34, ""-1"": 35, ""-2"": 32, ""1"": 34, ""-3"": 24, ""2"": 24}, ""symmetry"": ""not assumed"", ""degree_signature"": [2, 3, 3, 3, 3, 3, 3, 3, 3, 3, 3, 4, 4, 4, 4, 4, 4, 4, 4, 4, 4, 4, 4, 4, 4, 4, 4, 4, 4, 4, 4, 4, 4, 4, 4, 4, 4, 4, 4, 4, 4, 4, 5, 5, 5, 5, 5, 5, 5, 5, 5, 5, 5, 5, 5, 5, 5, 5, 5, 5, 5, 5, 5, 5, 5, 5, 5, 5, 5, 5, 5, 5, 5, 5, 5, 5, 5, 5, 5, 5, 5, 5, 5, 5]}"
fad608fe1a541847c57e048b,N084,a9276261b491353b7a97dfe6fa8053ce22f644b61fc21d0b3c8e160a13727b0c,87e50f929aae0668d5104e5418201bb1a55e05f9990e161d8608b4272056b2f4,N96_INDUCED_TRANSITION_LADDER_V1,f2f991d74dfbb2edf7f4475dcb7d82989de00a71e44bb11d4a6fbb49442577b6,"[0, 1, 2, 3]",d2c65cf4c9998ce9bb1fa374e5d7a11408e43719520899ed111db7fd0d82fad1,3a29e336f0a403c84cd6e7f48b42fa40655b54c6879e270dc39fde5bf40188ac,tie_portfolio,COOP14_MIG_BRANCH_GROUP,1d2a6f95014703ca171206e42701c52355b89dab08ba0a9b72b3d193a3b620d4,WARM_NEW_PLAN,FRESH_EXACT_SOLVE_WITH_INTERNAL_CHECKS_EXCLUDES_EXTERNAL_VERIFICATION,16,512,3,1,21,7767628,2097152,d5207e6b84fbabee961e83f3860a3bacaca585acd736c092903cacdfff692450,NUMPY_BATCHED_INVERSE_NTT_INTEGER_CRT,2,COMPLETE,OBSERVED_PATTERN,88738704,"[62895, 62896, 62897, 62898, 62899, 62900, 62901, 62902, 62903, 62904, 62905, 62906, 62907, 62908]","[112, 112, 112, 112, 112, 112, 112, 112, 96, 112, 112, 96, 112, 112]",WARM_NEW_PLAN,True,1109322752,focused,3.039861584082246,0.25736679299734533,0.136147052,0.046016675,0.004716586088761687,0.020339079911238313,0.011139128007926047,0.20739699,0.0,6b30d0f8188dfa8df8109ec8fc4cf79f0c8bda204617ab1bc484e575f0c4f472,"{""N"": 84, ""source_family"": ""N96_INDUCED_TRANSITION_LADDER_V1"", ""graph_hash"": ""87e50f929aae0668d5104e5418201bb1a55e05f9990e161d8608b4272056b2f4"", ""source_hash"": ""a9276261b491353b7a97dfe6fa8053ce22f644b61fc21d0b3c8e160a13727b0c"", ""edges"": 183, ""degree_min"": 2, ""degree_max"": 5, ""degree_mean"": 4.357142857142857, ""degree_std"": 0.7342449497671083, ""components"": 1, ""component_sizes"": [84], ""max_component"": 84, ""local_assignments"": 19342813113834066795298816, ""minfill_width"": 22, ""minfill_work"": 15123219, ""minfill_order"": [60, 15, 20, 0, 6, 12, 32, 41, 51, 59, 64, 50, 34, 62, 11, 76, 82, 24, 3, 25, 33, 38, 48, 63, 67, 39, 8, 16, 47, 68, 19, 56, 37, 69, 55, 65, 7, 43, 2, 52, 40, 66, 17, 77, 22, 58, 72, 79, 42, 9, 61, 75, 10, 73, 78, 27, 74, 46, 57, 35, 36, 1, 4, 5, 13, 14, 18, 21, 23, 26, 28, 29, 30, 31, 44, 45, 49, 53, 54, 70, 71, 80, 81, 83], ""energy_bound"": 460, ""root_bound"": 512, ""crt_primes"": 3, ""arithmetic_burden"": 23229264384, ""coefficient_bound"": ""19342813113834066795298816"", ""coupling_multiplicities"": {""3"": 34, ""-1"": 35, ""-2"": 32, ""1"": 34, ""-3"": 24, ""2"": 24}, ""symmetry"": ""not assumed"", ""degree_signature"": [2, 3, 3, 3, 3, 3, 3, 3, 3, 3, 3, 4, 4, 4, 4, 4, 4, 4, 4, 4, 4, 4, 4, 4, 4, 4, 4, 4, 4, 4, 4, 4, 4, 4, 4, 4, 4, 4, 4, 4, 4, 4, 5, 5, 5, 5, 5, 5, 5, 5, 5, 5, 5, 5, 5, 5, 5, 5, 5, 5, 5, 5, 5, 5, 5, 5, 5, 5, 5, 5, 5, 5, 5, 5, 5, 5, 5, 5, 5, 5, 5, 5, 5, 5]}"
fad608fe1a541847c57e048b,N084,a9276261b491353b7a97dfe6fa8053ce22f644b61fc21d0b3c8e160a13727b0c,87e50f929aae0668d5104e5418201bb1a55e05f9990e161d8608b4272056b2f4,N96_INDUCED_TRANSITION_LADDER_V1,f2f991d74dfbb2edf7f4475dcb7d82989de00a71e44bb11d4a6fbb49442577b6,"[0, 1, 2, 3]",d2c65cf4c9998ce9bb1fa374e5d7a11408e43719520899ed111db7fd0d82fad1,3a29e336f0a403c84cd6e7f48b42fa40655b54c6879e270dc39fde5bf40188ac,tie_portfolio,COOP14_MIG_BRANCH_GROUP,1d2a6f95014703ca171206e42701c52355b89dab08ba0a9b72b3d193a3b620d4,WARM_SAME_SOURCE,FRESH_EXACT_SOLVE_WITH_INTERNAL_CHECKS_EXCLUDES_EXTERNAL_VERIFICATION,16,512,3,1,21,7767628,2097152,d5207e6b84fbabee961e83f3860a3bacaca585acd736c092903cacdfff692450,NUMPY_BATCHED_INVERSE_NTT_INTEGER_CRT,3,COMPLETE,OBSERVED_PATTERN,88738704,"[62895, 62896, 62897, 62898, 62899, 62900, 62901, 62902, 62903, 62904, 62905, 62906, 62907, 62908]","[112, 112, 112, 112, 96, 112, 112, 112, 112, 112, 96, 112, 112, 112]",WARM_SAME_SOURCE,True,1109322752,focused,3.039861584082246,0.25736679299734533,0.177484142,0.047292013,0.004756704089231789,0.02115025591076821,0.007847048109397292,0.250845532,0.0,6b30d0f8188dfa8df8109ec8fc4cf79f0c8bda204617ab1bc484e575f0c4f472,"{""N"": 84, ""source_family"": ""N96_INDUCED_TRANSITION_LADDER_V1"", ""graph_hash"": ""87e50f929aae0668d5104e5418201bb1a55e05f9990e161d8608b4272056b2f4"", ""source_hash"": ""a9276261b491353b7a97dfe6fa8053ce22f644b61fc21d0b3c8e160a13727b0c"", ""edges"": 183, ""degree_min"": 2, ""degree_max"": 5, ""degree_mean"": 4.357142857142857, ""degree_std"": 0.7342449497671083, ""components"": 1, ""component_sizes"": [84], ""max_component"": 84, ""local_assignments"": 19342813113834066795298816, ""minfill_width"": 22, ""minfill_work"": 15123219, ""minfill_order"": [60, 15, 20, 0, 6, 12, 32, 41, 51, 59, 64, 50, 34, 62, 11, 76, 82, 24, 3, 25, 33, 38, 48, 63, 67, 39, 8, 16, 47, 68, 19, 56, 37, 69, 55, 65, 7, 43, 2, 52, 40, 66, 17, 77, 22, 58, 72, 79, 42, 9, 61, 75, 10, 73, 78, 27, 74, 46, 57, 35, 36, 1, 4, 5, 13, 14, 18, 21, 23, 26, 28, 29, 30, 31, 44, 45, 49, 53, 54, 70, 71, 80, 81, 83], ""energy_bound"": 460, ""root_bound"": 512, ""crt_primes"": 3, ""arithmetic_burden"": 23229264384, ""coefficient_bound"": ""19342813113834066795298816"", ""coupling_multiplicities"": {""3"": 34, ""-1"": 35, ""-2"": 32, ""1"": 34, ""-3"": 24, ""2"": 24}, ""symmetry"": ""not assumed"", ""degree_signature"": [2, 3, 3, 3, 3, 3, 3, 3, 3, 3, 3, 4, 4, 4, 4, 4, 4, 4, 4, 4, 4, 4, 4, 4, 4, 4, 4, 4, 4, 4, 4, 4, 4, 4, 4, 4, 4, 4, 4, 4, 4, 4, 5, 5, 5, 5, 5, 5, 5, 5, 5, 5, 5, 5, 5, 5, 5, 5, 5, 5, 5, 5, 5, 5, 5, 5, 5, 5, 5, 5, 5, 5, 5, 5, 5, 5, 5, 5, 5, 5, 5, 5, 5, 5]}"
fad608fe1a541847c57e048b,N084,a9276261b491353b7a97dfe6fa8053ce22f644b61fc21d0b3c8e160a13727b0c,87e50f929aae0668d5104e5418201bb1a55e05f9990e161d8608b4272056b2f4,N96_INDUCED_TRANSITION_LADDER_V1,f2f991d74dfbb2edf7f4475dcb7d82989de00a71e44bb11d4a6fbb49442577b6,"[0, 1, 2, 3]",df459afe4918c4a5d2601a5fc00975c11aee6d4fd21a1ef6c4aa65578eb9404b,9f27ccc3889c6e14860e169491c096f1b7f9264d9e9daa25ad5d912e43e99648,expanded_portfolio,COOP14_MIG_BRANCH_GROUP,1d2a6f95014703ca171206e42701c52355b89dab08ba0a9b72b3d193a3b620d4,WARM_NEW_PLAN,FRESH_EXACT_SOLVE_WITH_INTERNAL_CHECKS_EXCLUDES_EXTERNAL_VERIFICATION,16,512,3,8,16,4066208,65536,d5207e6b84fbabee961e83f3860a3bacaca585acd736c092903cacdfff692450,NUMPY_BATCHED_INVERSE_NTT_INTEGER_CRT,3,COMPLETE,OBSERVED_PATTERN,5424144,"[62895, 62896, 62897, 62898, 62899, 62900, 62901, 62902, 62903, 62904, 62905, 62906, 62907, 62908]","[112, 112, 112, 112, 96, 112, 112, 112, 112, 112, 112, 112, 112, 96]",WARM_NEW_PLAN,True,181466112,focused,3.039861584082246,0.25736679299734533,0.236227217,0.090067347,0.00479617400560528,0.02131026299439472,0.010247503989376128,0.352575168,0.0,c3fd9c86bbc441f4e170d8c75189db0f271a4aaaaefeffffee315ea3b0aa0401,"{""N"": 84, ""source_family"": ""N96_INDUCED_TRANSITION_LADDER_V1"", ""graph_hash"": ""87e50f929aae0668d5104e5418201bb1a55e05f9990e161d8608b4272056b2f4"", ""source_hash"": ""a9276261b491353b7a97dfe6fa8053ce22f644b61fc21d0b3c8e160a13727b0c"", ""edges"": 183, ""degree_min"": 2, ""degree_max"": 5, ""degree_mean"": 4.357142857142857, ""degree_std"": 0.7342449497671083, ""components"": 1, ""component_sizes"": [84], ""max_component"": 84, ""local_assignments"": 19342813113834066795298816, ""minfill_width"": 22, ""minfill_work"": 15123219, ""minfill_order"": [60, 15, 20, 0, 6, 12, 32, 41, 51, 59, 64, 50, 34, 62, 11, 76, 82, 24, 3, 25, 33, 38, 48, 63, 67, 39, 8, 16, 47, 68, 19, 56, 37, 69, 55, 65, 7, 43, 2, 52, 40, 66, 17, 77, 22, 58, 72, 79, 42, 9, 61, 75, 10, 73, 78, 27, 74, 46, 57, 35, 36, 1, 4, 5, 13, 14, 18, 21, 23, 26, 28, 29, 30, 31, 44, 45, 49, 53, 54, 70, 71, 80, 81, 83], ""energy_bound"": 460, ""root_bound"": 512, ""crt_primes"": 3, ""arithmetic_burden"": 23229264384, ""coefficient_bound"": ""19342813113834066795298816"", ""coupling_multiplicities"": {""3"": 34, ""-1"": 35, ""-2"": 32, ""1"": 34, ""-3"": 24, ""2"": 24}, ""symmetry"": ""not assumed"", ""degree_signature"": [2, 3, 3, 3, 3, 3, 3, 3, 3, 3, 3, 4, 4, 4, 4, 4, 4, 4, 4, 4, 4, 4, 4, 4, 4, 4, 4, 4, 4, 4, 4, 4, 4, 4, 4, 4, 4, 4, 4, 4, 4, 4, 5, 5, 5, 5, 5, 5, 5, 5, 5, 5, 5, 5, 5, 5, 5, 5, 5, 5, 5, 5, 5, 5, 5, 5, 5, 5, 5, 5, 5, 5, 5, 5, 5, 5, 5, 5, 5, 5, 5, 5, 5, 5]}"
fc94e6df0d84dfeb06504917,N090,6b3e60db691983154e059577c5a5e4ad912c1b3e9347d81507a90c49fe59e463,6eb160420fa48047e1e8b134dd33e3fd7cdf46a24a92f216b327b4e2515fa9fd,N96_INDUCED_TRANSITION_LADDER_V1,f2f991d74dfbb2edf7f4475dcb7d82989de00a71e44bb11d4a6fbb49442577b6,"[0, 1, 2, 3]",d0fbd9c30f0ddd4afca8c2fad3d9e2eca42d5ea75dcaf6641a37b6d3f5ad0783,85b855a31f767bfadf02a46d1eb9145d05754020437aca5ef6718b99130d4602,fresh_min_fill,COOP14_MIG_BRANCH_GROUP,1d2a6f95014703ca171206e42701c52355b89dab08ba0a9b72b3d193a3b620d4,COLD,FRESH_EXACT_SOLVE_WITH_INTERNAL_CHECKS_EXCLUDES_EXTERNAL_VERIFICATION,16,1024,4,32,18,58879232,262144,d5207e6b84fbabee961e83f3860a3bacaca585acd736c092903cacdfff692450,NUMPY_BATCHED_INVERSE_NTT_INTEGER_CRT,0,COMPLETE,OBSERVED_PATTERN,20657072,"[64180, 64181, 64182, 64183, 64184, 64185, 64186, 64187, 64188, 64189, 64190, 64191, 64192, 64193]","[304, 288, 288, 288, 304, 288, 304, 288, 288, 304, 288, 288, 288, 288]",COLD_WORKER_INITIALIZATION,False,262880768,focused,0.3613709480268881,0.04753361805342138,10.257257882,1.025187162,0.013322567916475236,0.034842519083524766,0.009863130981102586,11.330891306,0.0,9c0fa4186a9acf3cbe491cac1da1a4dbb77efe64bb7917685fcdf0426acfd661,"{""N"": 90, ""source_family"": ""N96_INDUCED_TRANSITION_LADDER_V1"", ""graph_hash"": ""6eb160420fa48047e1e8b134dd33e3fd7cdf46a24a92f216b327b4e2515fa9fd"", ""source_hash"": ""6b3e60db691983154e059577c5a5e4ad912c1b3e9347d81507a90c49fe59e463"", ""edges"": 210, ""degree_min"": 2, ""degree_max"": 5, ""degree_mean"": 4.666666666666667, ""degree_std"": 0.5962847939999439, ""components"": 1, ""component_sizes"": [90], ""max_component"": 90, ""local_assignments"": 1237940039285380274899124224, ""minfill_width"": 28, ""minfill_work"": 951809499, ""minfill_order"": [60, 0, 20, 41, 15, 16, 34, 3, 12, 22, 25, 33, 48, 51, 59, 67, 81, 50, 68, 77, 11, 14, 23, 39, 63, 76, 78, 32, 6, 8, 38, 37, 4, 42, 61, 79, 52, 58, 31, 47, 84, 19, 73, 13, 17, 29, 55, 7, 89, 62, 9, 40, 2, 86, 10, 88, 46, 30, 75, 36, 69, 1, 5, 18, 21, 24, 26, 27, 28, 35, 43, 44, 45, 49, 53, 54, 56, 57, 64, 65, 66, 70, 71, 72, 74, 80, 82, 83, 85, 87], ""energy_bound"": 521, ""root_bound"": 1024, ""crt_primes"": 4, ""arithmetic_burden"": 3898611707904, ""coefficient_bound"": ""1237940039285380274899124224"", ""coupling_multiplicities"": {""3"": 40, ""-1"": 40, ""-2"": 37, ""1"": 39, ""-3"": 27, ""2"": 27}, ""symmetry"": ""not assumed"", ""degree_signature"": [2, 3, 3, 3, 4, 4, 4, 4, 4, 4, 4, 4, 4, 4, 4, 4, 4, 4, 4, 4, 4, 4, 4, 4, 4, 5, 5, 5, 5, 5, 5, 5, 5, 5, 5, 5, 5, 5, 5, 5, 5, 5, 5, 5, 5, 5, 5, 5, 5, 5, 5, 5, 5, 5, 5, 5, 5, 5, 5, 5, 5, 5, 5, 5, 5, 5, 5, 5, 5, 5, 5, 5, 5, 5, 5, 5, 5, 5, 5, 5, 5, 5, 5, 5, 5, 5, 5, 5, 5, 5]}"
fc94e6df0d84dfeb06504917,N090,6b3e60db691983154e059577c5a5e4ad912c1b3e9347d81507a90c49fe59e463,6eb160420fa48047e1e8b134dd33e3fd7cdf46a24a92f216b327b4e2515fa9fd,N96_INDUCED_TRANSITION_LADDER_V1,f2f991d74dfbb2edf7f4475dcb7d82989de00a71e44bb11d4a6fbb49442577b6,"[0, 1, 2, 3]",d0fbd9c30f0ddd4afca8c2fad3d9e2eca42d5ea75dcaf6641a37b6d3f5ad0783,85b855a31f767bfadf02a46d1eb9145d05754020437aca5ef6718b99130d4602,fresh_min_fill,COOP14_MIG_BRANCH_GROUP,1d2a6f95014703ca171206e42701c52355b89dab08ba0a9b72b3d193a3b620d4,WARM_SAME_SOURCE,FRESH_EXACT_SOLVE_WITH_INTERNAL_CHECKS_EXCLUDES_EXTERNAL_VERIFICATION,16,1024,4,32,18,58879232,262144,d5207e6b84fbabee961e83f3860a3bacaca585acd736c092903cacdfff692450,NUMPY_BATCHED_INVERSE_NTT_INTEGER_CRT,1,COMPLETE,OBSERVED_PATTERN,20657072,"[64180, 64181, 64182, 64183, 64184, 64185, 64186, 64187, 64188, 64189, 64190, 64191, 64192, 64193]","[288, 288, 304, 288, 304, 288, 288, 288, 304, 304, 288, 288, 288, 288]",WARM_SAME_SOURCE,True,262880768,focused,0.3613709480268881,0.04753361805342138,0.79641494,1.02362098,0.005275754956528544,0.015664025043471457,0.008911408018320799,1.841129338,0.0,9c0fa4186a9acf3cbe491cac1da1a4dbb77efe64bb7917685fcdf0426acfd661,"{""N"": 90, ""source_family"": ""N96_INDUCED_TRANSITION_LADDER_V1"", ""graph_hash"": ""6eb160420fa48047e1e8b134dd33e3fd7cdf46a24a92f216b327b4e2515fa9fd"", ""source_hash"": ""6b3e60db691983154e059577c5a5e4ad912c1b3e9347d81507a90c49fe59e463"", ""edges"": 210, ""degree_min"": 2, ""degree_max"": 5, ""degree_mean"": 4.666666666666667, ""degree_std"": 0.5962847939999439, ""components"": 1, ""component_sizes"": [90], ""max_component"": 90, ""local_assignments"": 1237940039285380274899124224, ""minfill_width"": 28, ""minfill_work"": 951809499, ""minfill_order"": [60, 0, 20, 41, 15, 16, 34, 3, 12, 22, 25, 33, 48, 51, 59, 67, 81, 50, 68, 77, 11, 14, 23, 39, 63, 76, 78, 32, 6, 8, 38, 37, 4, 42, 61, 79, 52, 58, 31, 47, 84, 19, 73, 13, 17, 29, 55, 7, 89, 62, 9, 40, 2, 86, 10, 88, 46, 30, 75, 36, 69, 1, 5, 18, 21, 24, 26, 27, 28, 35, 43, 44, 45, 49, 53, 54, 56, 57, 64, 65, 66, 70, 71, 72, 74, 80, 82, 83, 85, 87], ""energy_bound"": 521, ""root_bound"": 1024, ""crt_primes"": 4, ""arithmetic_burden"": 3898611707904, ""coefficient_bound"": ""1237940039285380274899124224"", ""coupling_multiplicities"": {""3"": 40, ""-1"": 40, ""-2"": 37, ""1"": 39, ""-3"": 27, ""2"": 27}, ""symmetry"": ""not assumed"", ""degree_signature"": [2, 3, 3, 3, 4, 4, 4, 4, 4, 4, 4, 4, 4, 4, 4, 4, 4, 4, 4, 4, 4, 4, 4, 4, 4, 5, 5, 5, 5, 5, 5, 5, 5, 5, 5, 5, 5, 5, 5, 5, 5, 5, 5, 5, 5, 5, 5, 5, 5, 5, 5, 5, 5, 5, 5, 5, 5, 5, 5, 5, 5, 5, 5, 5, 5, 5, 5, 5, 5, 5, 5, 5, 5, 5, 5, 5, 5, 5, 5, 5, 5, 5, 5, 5, 5, 5, 5, 5, 5, 5]}"
fc94e6df0d84dfeb06504917,N090,6b3e60db691983154e059577c5a5e4ad912c1b3e9347d81507a90c49fe59e463,6eb160420fa48047e1e8b134dd33e3fd7cdf46a24a92f216b327b4e2515fa9fd,N96_INDUCED_TRANSITION_LADDER_V1,f2f991d74dfbb2edf7f4475dcb7d82989de00a71e44bb11d4a6fbb49442577b6,"[0, 1, 2, 3]",d0fbd9c30f0ddd4afca8c2fad3d9e2eca42d5ea75dcaf6641a37b6d3f5ad0783,85b855a31f767bfadf02a46d1eb9145d05754020437aca5ef6718b99130d4602,fresh_min_fill,COOP14_MIG_BRANCH_GROUP,1d2a6f95014703ca171206e42701c52355b89dab08ba0a9b72b3d193a3b620d4,WARM_SAME_SOURCE,FRESH_EXACT_SOLVE_WITH_INTERNAL_CHECKS_EXCLUDES_EXTERNAL_VERIFICATION,16,1024,4,32,18,58879232,262144,d5207e6b84fbabee961e83f3860a3bacaca585acd736c092903cacdfff692450,NUMPY_BATCHED_INVERSE_NTT_INTEGER_CRT,2,COMPLETE,OBSERVED_PATTERN,20657072,"[64180, 64181, 64182, 64183, 64184, 64185, 64186, 64187, 64188, 64189, 64190, 64191, 64192, 64193]","[304, 288, 288, 288, 288, 288, 304, 288, 304, 288, 304, 288, 288, 288]",WARM_SAME_SOURCE,True,262880768,focused,0.3613709480268881,0.04753361805342138,0.737306381,1.025431088,0.012908195960335433,0.03175560403966456,0.0093069220893085,1.807669834,0.0,9c0fa4186a9acf3cbe491cac1da1a4dbb77efe64bb7917685fcdf0426acfd661,"{""N"": 90, ""source_family"": ""N96_INDUCED_TRANSITION_LADDER_V1"", ""graph_hash"": ""6eb160420fa48047e1e8b134dd33e3fd7cdf46a24a92f216b327b4e2515fa9fd"", ""source_hash"": ""6b3e60db691983154e059577c5a5e4ad912c1b3e9347d81507a90c49fe59e463"", ""edges"": 210, ""degree_min"": 2, ""degree_max"": 5, ""degree_mean"": 4.666666666666667, ""degree_std"": 0.5962847939999439, ""components"": 1, ""component_sizes"": [90], ""max_component"": 90, ""local_assignments"": 1237940039285380274899124224, ""minfill_width"": 28, ""minfill_work"": 951809499, ""minfill_order"": [60, 0, 20, 41, 15, 16, 34, 3, 12, 22, 25, 33, 48, 51, 59, 67, 81, 50, 68, 77, 11, 14, 23, 39, 63, 76, 78, 32, 6, 8, 38, 37, 4, 42, 61, 79, 52, 58, 31, 47, 84, 19, 73, 13, 17, 29, 55, 7, 89, 62, 9, 40, 2, 86, 10, 88, 46, 30, 75, 36, 69, 1, 5, 18, 21, 24, 26, 27, 28, 35, 43, 44, 45, 49, 53, 54, 56, 57, 64, 65, 66, 70, 71, 72, 74, 80, 82, 83, 85, 87], ""energy_bound"": 521, ""root_bound"": 1024, ""crt_primes"": 4, ""arithmetic_burden"": 3898611707904, ""coefficient_bound"": ""1237940039285380274899124224"", ""coupling_multiplicities"": {""3"": 40, ""-1"": 40, ""-2"": 37, ""1"": 39, ""-3"": 27, ""2"": 27}, ""symmetry"": ""not assumed"", ""degree_signature"": [2, 3, 3, 3, 4, 4, 4, 4, 4, 4, 4, 4, 4, 4, 4, 4, 4, 4, 4, 4, 4, 4, 4, 4, 4, 5, 5, 5, 5, 5, 5, 5, 5, 5, 5, 5, 5, 5, 5, 5, 5, 5, 5, 5, 5, 5, 5, 5, 5, 5, 5, 5, 5, 5, 5, 5, 5, 5, 5, 5, 5, 5, 5, 5, 5, 5, 5, 5, 5, 5, 5, 5, 5, 5, 5, 5, 5, 5, 5, 5, 5, 5, 5, 5, 5, 5, 5, 5, 5, 5]}"
fc94e6df0d84dfeb06504917,N090,6b3e60db691983154e059577c5a5e4ad912c1b3e9347d81507a90c49fe59e463,6eb160420fa48047e1e8b134dd33e3fd7cdf46a24a92f216b327b4e2515fa9fd,N96_INDUCED_TRANSITION_LADDER_V1,f2f991d74dfbb2edf7f4475dcb7d82989de00a71e44bb11d4a6fbb49442577b6,"[0, 1, 2, 3]",d0fbd9c30f0ddd4afca8c2fad3d9e2eca42d5ea75dcaf6641a37b6d3f5ad0783,85b855a31f767bfadf02a46d1eb9145d05754020437aca5ef6718b99130d4602,fresh_min_fill,COOP14_MIG_BRANCH_GROUP,1d2a6f95014703ca171206e42701c52355b89dab08ba0a9b72b3d193a3b620d4,WARM_SAME_SOURCE,FRESH_EXACT_SOLVE_WITH_INTERNAL_CHECKS_EXCLUDES_EXTERNAL_VERIFICATION,16,1024,4,32,18,58879232,262144,d5207e6b84fbabee961e83f3860a3bacaca585acd736c092903cacdfff692450,NUMPY_BATCHED_INVERSE_NTT_INTEGER_CRT,3,COMPLETE,OBSERVED_PATTERN,20657072,"[64180, 64181, 64182, 64183, 64184, 64185, 64186, 64187, 64188, 64189, 64190, 64191, 64192, 64193]","[304, 288, 288, 288, 304, 288, 288, 288, 288, 304, 288, 304, 288, 288]",WARM_SAME_SOURCE,True,262880768,focused,0.3613709480268881,0.04753361805342138,0.79585479,1.026327711,0.01285482698585838,0.050513204014141624,0.008385767927393317,1.885723119,0.0,9c0fa4186a9acf3cbe491cac1da1a4dbb77efe64bb7917685fcdf0426acfd661,"{""N"": 90, ""source_family"": ""N96_INDUCED_TRANSITION_LADDER_V1"", ""graph_hash"": ""6eb160420fa48047e1e8b134dd33e3fd7cdf46a24a92f216b327b4e2515fa9fd"", ""source_hash"": ""6b3e60db691983154e059577c5a5e4ad912c1b3e9347d81507a90c49fe59e463"", ""edges"": 210, ""degree_min"": 2, ""degree_max"": 5, ""degree_mean"": 4.666666666666667, ""degree_std"": 0.5962847939999439, ""components"": 1, ""component_sizes"": [90], ""max_component"": 90, ""local_assignments"": 1237940039285380274899124224, ""minfill_width"": 28, ""minfill_work"": 951809499, ""minfill_order"": [60, 0, 20, 41, 15, 16, 34, 3, 12, 22, 25, 33, 48, 51, 59, 67, 81, 50, 68, 77, 11, 14, 23, 39, 63, 76, 78, 32, 6, 8, 38, 37, 4, 42, 61, 79, 52, 58, 31, 47, 84, 19, 73, 13, 17, 29, 55, 7, 89, 62, 9, 40, 2, 86, 10, 88, 46, 30, 75, 36, 69, 1, 5, 18, 21, 24, 26, 27, 28, 35, 43, 44, 45, 49, 53, 54, 56, 57, 64, 65, 66, 70, 71, 72, 74, 80, 82, 83, 85, 87], ""energy_bound"": 521, ""root_bound"": 1024, ""crt_primes"": 4, ""arithmetic_burden"": 3898611707904, ""coefficient_bound"": ""1237940039285380274899124224"", ""coupling_multiplicities"": {""3"": 40, ""-1"": 40, ""-2"": 37, ""1"": 39, ""-3"": 27, ""2"": 27}, ""symmetry"": ""not assumed"", ""degree_signature"": [2, 3, 3, 3, 4, 4, 4, 4, 4, 4, 4, 4, 4, 4, 4, 4, 4, 4, 4, 4, 4, 4, 4, 4, 4, 5, 5, 5, 5, 5, 5, 5, 5, 5, 5, 5, 5, 5, 5, 5, 5, 5, 5, 5, 5, 5, 5, 5, 5, 5, 5, 5, 5, 5, 5, 5, 5, 5, 5, 5, 5, 5, 5, 5, 5, 5, 5, 5, 5, 5, 5, 5, 5, 5, 5, 5, 5, 5, 5, 5, 5, 5, 5, 5, 5, 5, 5, 5, 5, 5]}"
7c6ab23d6fbf169fb173c6ba,N096,dad9c1331dbc9b401ff729dde21b4e477b7b749ffea3504dab5b38c2c5d8fb44,6a741a395db2348150108dd98618e2c8fba13a369a364cfd9d97ebffea4901fa,N96_INDUCED_TRANSITION_LADDER_V1,f2f991d74dfbb2edf7f4475dcb7d82989de00a71e44bb11d4a6fbb49442577b6,"[0, 1, 2, 3]",e6a3c5b7678a2e6761257ab6156de12e275c5ef60853165d1e7622bdfaa0592a,5e41d1760eb18bac845ae3d8eda407f1e653b37456b702db62734074278600df,expanded_portfolio,COOP14_MIG_BRANCH_GROUP,1d2a6f95014703ca171206e42701c52355b89dab08ba0a9b72b3d193a3b620d4,WARM_NEW_SOURCE,FRESH_EXACT_SOLVE_WITH_INTERNAL_CHECKS_EXCLUDES_EXTERNAL_VERIFICATION,16,1024,4,16,21,203956800,2097152,d5207e6b84fbabee961e83f3860a3bacaca585acd736c092903cacdfff692450,NUMPY_BATCHED_INVERSE_NTT_INTEGER_CRT,0,COMPLETE,OBSERVED_PATTERN,128034992,"[64180, 64181, 64182, 64183, 64184, 64185, 64186, 64187, 64188, 64189, 64190, 64191, 64192, 64193]","[288, 304, 288, 288, 304, 288, 304, 288, 288, 304, 288, 288, 288, 288]",WARM_NEW_SOURCE,False,1781801984,focused,0.00029839493799954653,0.5121627140324563,0.651540937,2.776350841,0.006410134956240654,0.018055441043759345,0.00973324291408062,3.50172066,0.0,d4e40dd285bf9e76ae6136d06213aaacc14c9084038fbbef2daabcbcdedcece5,"{""N"": 96, ""source_family"": ""N96_INDUCED_TRANSITION_LADDER_V1"", ""graph_hash"": ""6a741a395db2348150108dd98618e2c8fba13a369a364cfd9d97ebffea4901fa"", ""source_hash"": ""dad9c1331dbc9b401ff729dde21b4e477b7b749ffea3504dab5b38c2c5d8fb44"", ""edges"": 240, ""degree_min"": 5, ""degree_max"": 5, ""degree_mean"": 5, ""degree_std"": 0.0, ""components"": 1, ""component_sizes"": [96], ""max_component"": 96, ""local_assignments"": 79228162514264337593543950336, ""minfill_width"": 32, ""minfill_work"": 16698150047, ""minfill_order"": [15, 34, 50, 77, 82, 94, 3, 11, 20, 16, 24, 32, 63, 39, 44, 17, 18, 52, 27, 66, 78, 85, 88, 1, 4, 8, 33, 68, 48, 25, 69, 61, 19, 65, 22, 49, 56, 90, 38, 92, 73, 91, 55, 62, 7, 70, 64, 45, 29, 95, 26, 79, 57, 86, 5, 0, 2, 35, 71, 36, 47, 60, 93, 6, 9, 10, 12, 13, 14, 21, 23, 28, 30, 31, 37, 40, 41, 42, 43, 46, 51, 53, 54, 58, 59, 67, 72, 74, 75, 76, 80, 81, 83, 84, 87, 89], ""energy_bound"": 590, ""root_bound"": 1024, ""crt_primes"": 4, ""arithmetic_burden"": 68395622592512, ""coefficient_bound"": ""79228162514264337593543950336"", ""coupling_multiplicities"": {""3"": 47, ""-1"": 44, ""-2"": 41, ""2"": 33, ""1"": 45, ""-3"": 30}, ""symmetry"": ""not assumed"", ""degree_signature"": [5, 5, 5, 5, 5, 5, 5, 5, 5, 5, 5, 5, 5, 5, 5, 5, 5, 5, 5, 5, 5, 5, 5, 5, 5, 5, 5, 5, 5, 5, 5, 5, 5, 5, 5, 5, 5, 5, 5, 5, 5, 5, 5, 5, 5, 5, 5, 5, 5, 5, 5, 5, 5, 5, 5, 5, 5, 5, 5, 5, 5, 5, 5, 5, 5, 5, 5, 5, 5, 5, 5, 5, 5, 5, 5, 5, 5, 5, 5, 5, 5, 5, 5, 5, 5, 5, 5, 5, 5, 5, 5, 5, 5, 5, 5, 5]}"
7c6ab23d6fbf169fb173c6ba,N096,dad9c1331dbc9b401ff729dde21b4e477b7b749ffea3504dab5b38c2c5d8fb44,6a741a395db2348150108dd98618e2c8fba13a369a364cfd9d97ebffea4901fa,N96_INDUCED_TRANSITION_LADDER_V1,f2f991d74dfbb2edf7f4475dcb7d82989de00a71e44bb11d4a6fbb49442577b6,"[0, 1, 2, 3]",a865de1d7956b8d7ad9fab90e8e195a4a86a1366c3d9af1520240f38d60034c2,6d074097a49ac819b178b7c0553ed25318a259c69008c95429d170794f8759ee,fresh_min_fill,COOP14_MIG_BRANCH_GROUP,1d2a6f95014703ca171206e42701c52355b89dab08ba0a9b72b3d193a3b620d4,WARM_NEW_PLAN,FRESH_EXACT_SOLVE_WITH_INTERNAL_CHECKS_EXCLUDES_EXTERNAL_VERIFICATION,16,1024,4,32,22,641754752,4194304,d5207e6b84fbabee961e83f3860a3bacaca585acd736c092903cacdfff692450,NUMPY_BATCHED_INVERSE_NTT_INTEGER_CRT,0,COMPLETE,OBSERVED_PATTERN,235278256,"[64180, 64181, 64182, 64183, 64184, 64185, 64186, 64187, 64188, 64189, 64190, 64191, 64192, 64193]","[304, 288, 288, 288, 288, 288, 288, 304, 288, 304, 288, 304, 288, 288]",WARM_NEW_PLAN,False,2935354880,focused,0.00029839493799954653,0.5121627140324563,1.055851836,8.984113596,0.013502174871973693,0.036116545128026305,0.009180304012261331,10.143108812,0.0,eb83de000a70771e682fc5fd3e83f8535eceaecd88d30617caf336b67b36695d,"{""N"": 96, ""source_family"": ""N96_INDUCED_TRANSITION_LADDER_V1"", ""graph_hash"": ""6a741a395db2348150108dd98618e2c8fba13a369a364cfd9d97ebffea4901fa"", ""source_hash"": ""dad9c1331dbc9b401ff729dde21b4e477b7b749ffea3504dab5b38c2c5d8fb44"", ""edges"": 240, ""degree_min"": 5, ""degree_max"": 5, ""degree_mean"": 5, ""degree_std"": 0.0, ""components"": 1, ""component_sizes"": [96], ""max_component"": 96, ""local_assignments"": 79228162514264337593543950336, ""minfill_width"": 32, ""minfill_work"": 16698150047, ""minfill_order"": [15, 34, 50, 77, 82, 94, 3, 11, 20, 16, 24, 32, 63, 39, 44, 17, 18, 52, 27, 66, 78, 85, 88, 1, 4, 8, 33, 68, 48, 25, 69, 61, 19, 65, 22, 49, 56, 90, 38, 92, 73, 91, 55, 62, 7, 70, 64, 45, 29, 95, 26, 79, 57, 86, 5, 0, 2, 35, 71, 36, 47, 60, 93, 6, 9, 10, 12, 13, 14, 21, 23, 28, 30, 31, 37, 40, 41, 42, 43, 46, 51, 53, 54, 58, 59, 67, 72, 74, 75, 76, 80, 81, 83, 84, 87, 89], ""energy_bound"": 590, ""root_bound"": 1024, ""crt_primes"": 4, ""arithmetic_burden"": 68395622592512, ""coefficient_bound"": ""79228162514264337593543950336"", ""coupling_multiplicities"": {""3"": 47, ""-1"": 44, ""-2"": 41, ""2"": 33, ""1"": 45, ""-3"": 30}, ""symmetry"": ""not assumed"", ""degree_signature"": [5, 5, 5, 5, 5, 5, 5, 5, 5, 5, 5, 5, 5, 5, 5, 5, 5, 5, 5, 5, 5, 5, 5, 5, 5, 5, 5, 5, 5, 5, 5, 5, 5, 5, 5, 5, 5, 5, 5, 5, 5, 5, 5, 5, 5, 5, 5, 5, 5, 5, 5, 5, 5, 5, 5, 5, 5, 5, 5, 5, 5, 5, 5, 5, 5, 5, 5, 5, 5, 5, 5, 5, 5, 5, 5, 5, 5, 5, 5, 5, 5, 5, 5, 5, 5, 5, 5, 5, 5, 5, 5, 5, 5, 5, 5, 5]}"
7c6ab23d6fbf169fb173c6ba,N096,dad9c1331dbc9b401ff729dde21b4e477b7b749ffea3504dab5b38c2c5d8fb44,6a741a395db2348150108dd98618e2c8fba13a369a364cfd9d97ebffea4901fa,N96_INDUCED_TRANSITION_LADDER_V1,f2f991d74dfbb2edf7f4475dcb7d82989de00a71e44bb11d4a6fbb49442577b6,"[0, 1, 2, 3]",a865de1d7956b8d7ad9fab90e8e195a4a86a1366c3d9af1520240f38d60034c2,6d074097a49ac819b178b7c0553ed25318a259c69008c95429d170794f8759ee,fresh_min_fill,COOP14_MIG_BRANCH_GROUP,1d2a6f95014703ca171206e42701c52355b89dab08ba0a9b72b3d193a3b620d4,WARM_SAME_SOURCE,FRESH_EXACT_SOLVE_WITH_INTERNAL_CHECKS_EXCLUDES_EXTERNAL_VERIFICATION,16,1024,4,32,22,641754752,4194304,d5207e6b84fbabee961e83f3860a3bacaca585acd736c092903cacdfff692450,NUMPY_BATCHED_INVERSE_NTT_INTEGER_CRT,1,COMPLETE,OBSERVED_PATTERN,235278256,"[64180, 64181, 64182, 64183, 64184, 64185, 64186, 64187, 64188, 64189, 64190, 64191, 64192, 64193]","[288, 288, 288, 288, 288, 288, 288, 304, 288, 304, 288, 304, 304, 288]",WARM_SAME_SOURCE,True,2935354880,focused,0.00029839493799954653,0.5121627140324563,0.844887621,8.976395307,0.012494823895394802,0.055155740104605194,0.009362260927446187,9.935375629,0.0,eb83de000a70771e682fc5fd3e83f8535eceaecd88d30617caf336b67b36695d,"{""N"": 96, ""source_family"": ""N96_INDUCED_TRANSITION_LADDER_V1"", ""graph_hash"": ""6a741a395db2348150108dd98618e2c8fba13a369a364cfd9d97ebffea4901fa"", ""source_hash"": ""dad9c1331dbc9b401ff729dde21b4e477b7b749ffea3504dab5b38c2c5d8fb44"", ""edges"": 240, ""degree_min"": 5, ""degree_max"": 5, ""degree_mean"": 5, ""degree_std"": 0.0, ""components"": 1, ""component_sizes"": [96], ""max_component"": 96, ""local_assignments"": 79228162514264337593543950336, ""minfill_width"": 32, ""minfill_work"": 16698150047, ""minfill_order"": [15, 34, 50, 77, 82, 94, 3, 11, 20, 16, 24, 32, 63, 39, 44, 17, 18, 52, 27, 66, 78, 85, 88, 1, 4, 8, 33, 68, 48, 25, 69, 61, 19, 65, 22, 49, 56, 90, 38, 92, 73, 91, 55, 62, 7, 70, 64, 45, 29, 95, 26, 79, 57, 86, 5, 0, 2, 35, 71, 36, 47, 60, 93, 6, 9, 10, 12, 13, 14, 21, 23, 28, 30, 31, 37, 40, 41, 42, 43, 46, 51, 53, 54, 58, 59, 67, 72, 74, 75, 76, 80, 81, 83, 84, 87, 89], ""energy_bound"": 590, ""root_bound"": 1024, ""crt_primes"": 4, ""arithmetic_burden"": 68395622592512, ""coefficient_bound"": ""79228162514264337593543950336"", ""coupling_multiplicities"": {""3"": 47, ""-1"": 44, ""-2"": 41, ""2"": 33, ""1"": 45, ""-3"": 30}, ""symmetry"": ""not assumed"", ""degree_signature"": [5, 5, 5, 5, 5, 5, 5, 5, 5, 5, 5, 5, 5, 5, 5, 5, 5, 5, 5, 5, 5, 5, 5, 5, 5, 5, 5, 5, 5, 5, 5, 5, 5, 5, 5, 5, 5, 5, 5, 5, 5, 5, 5, 5, 5, 5, 5, 5, 5, 5, 5, 5, 5, 5, 5, 5, 5, 5, 5, 5, 5, 5, 5, 5, 5, 5, 5, 5, 5, 5, 5, 5, 5, 5, 5, 5, 5, 5, 5, 5, 5, 5, 5, 5, 5, 5, 5, 5, 5, 5, 5, 5, 5, 5, 5, 5]}"
7c6ab23d6fbf169fb173c6ba,N096,dad9c1331dbc9b401ff729dde21b4e477b7b749ffea3504dab5b38c2c5d8fb44,6a741a395db2348150108dd98618e2c8fba13a369a364cfd9d97ebffea4901fa,N96_INDUCED_TRANSITION_LADDER_V1,f2f991d74dfbb2edf7f4475dcb7d82989de00a71e44bb11d4a6fbb49442577b6,"[0, 1, 2, 3]",e6a3c5b7678a2e6761257ab6156de12e275c5ef60853165d1e7622bdfaa0592a,5e41d1760eb18bac845ae3d8eda407f1e653b37456b702db62734074278600df,expanded_portfolio,COOP14_MIG_BRANCH_GROUP,1d2a6f95014703ca171206e42701c52355b89dab08ba0a9b72b3d193a3b620d4,WARM_NEW_PLAN,FRESH_EXACT_SOLVE_WITH_INTERNAL_CHECKS_EXCLUDES_EXTERNAL_VERIFICATION,16,1024,4,16,21,203956800,2097152,d5207e6b84fbabee961e83f3860a3bacaca585acd736c092903cacdfff692450,NUMPY_BATCHED_INVERSE_NTT_INTEGER_CRT,1,COMPLETE,OBSERVED_PATTERN,128034992,"[64180, 64181, 64182, 64183, 64184, 64185, 64186, 64187, 64188, 64189, 64190, 64191, 64192, 64193]","[288, 304, 288, 288, 288, 288, 288, 288, 288, 304, 288, 304, 304, 288]",WARM_NEW_PLAN,True,1996392960,focused,0.00029839493799954653,0.5121627140324563,0.512626915,2.767333435,0.01000890787690878,0.02612333612309122,0.010749535053037107,3.374622203,0.0,d4e40dd285bf9e76ae6136d06213aaacc14c9084038fbbef2daabcbcdedcece5,"{""N"": 96, ""source_family"": ""N96_INDUCED_TRANSITION_LADDER_V1"", ""graph_hash"": ""6a741a395db2348150108dd98618e2c8fba13a369a364cfd9d97ebffea4901fa"", ""source_hash"": ""dad9c1331dbc9b401ff729dde21b4e477b7b749ffea3504dab5b38c2c5d8fb44"", ""edges"": 240, ""degree_min"": 5, ""degree_max"": 5, ""degree_mean"": 5, ""degree_std"": 0.0, ""components"": 1, ""component_sizes"": [96], ""max_component"": 96, ""local_assignments"": 79228162514264337593543950336, ""minfill_width"": 32, ""minfill_work"": 16698150047, ""minfill_order"": [15, 34, 50, 77, 82, 94, 3, 11, 20, 16, 24, 32, 63, 39, 44, 17, 18, 52, 27, 66, 78, 85, 88, 1, 4, 8, 33, 68, 48, 25, 69, 61, 19, 65, 22, 49, 56, 90, 38, 92, 73, 91, 55, 62, 7, 70, 64, 45, 29, 95, 26, 79, 57, 86, 5, 0, 2, 35, 71, 36, 47, 60, 93, 6, 9, 10, 12, 13, 14, 21, 23, 28, 30, 31, 37, 40, 41, 42, 43, 46, 51, 53, 54, 58, 59, 67, 72, 74, 75, 76, 80, 81, 83, 84, 87, 89], ""energy_bound"": 590, ""root_bound"": 1024, ""crt_primes"": 4, ""arithmetic_burden"": 68395622592512, ""coefficient_bound"": ""79228162514264337593543950336"", ""coupling_multiplicities"": {""3"": 47, ""-1"": 44, ""-2"": 41, ""2"": 33, ""1"": 45, ""-3"": 30}, ""symmetry"": ""not assumed"", ""degree_signature"": [5, 5, 5, 5, 5, 5, 5, 5, 5, 5, 5, 5, 5, 5, 5, 5, 5, 5, 5, 5, 5, 5, 5, 5, 5, 5, 5, 5, 5, 5, 5, 5, 5, 5, 5, 5, 5, 5, 5, 5, 5, 5, 5, 5, 5, 5, 5, 5, 5, 5, 5, 5, 5, 5, 5, 5, 5, 5, 5, 5, 5, 5, 5, 5, 5, 5, 5, 5, 5, 5, 5, 5, 5, 5, 5, 5, 5, 5, 5, 5, 5, 5, 5, 5, 5, 5, 5, 5, 5, 5, 5, 5, 5, 5, 5, 5]}"
7c6ab23d6fbf169fb173c6ba,N096,dad9c1331dbc9b401ff729dde21b4e477b7b749ffea3504dab5b38c2c5d8fb44,6a741a395db2348150108dd98618e2c8fba13a369a364cfd9d97ebffea4901fa,N96_INDUCED_TRANSITION_LADDER_V1,f2f991d74dfbb2edf7f4475dcb7d82989de00a71e44bb11d4a6fbb49442577b6,"[0, 1, 2, 3]",e6a3c5b7678a2e6761257ab6156de12e275c5ef60853165d1e7622bdfaa0592a,5e41d1760eb18bac845ae3d8eda407f1e653b37456b702db62734074278600df,expanded_portfolio,COOP14_MIG_BRANCH_GROUP,1d2a6f95014703ca171206e42701c52355b89dab08ba0a9b72b3d193a3b620d4,WARM_SAME_SOURCE,FRESH_EXACT_SOLVE_WITH_INTERNAL_CHECKS_EXCLUDES_EXTERNAL_VERIFICATION,16,1024,4,16,21,203956800,2097152,d5207e6b84fbabee961e83f3860a3bacaca585acd736c092903cacdfff692450,NUMPY_BATCHED_INVERSE_NTT_INTEGER_CRT,2,COMPLETE,OBSERVED_PATTERN,128034992,"[64180, 64181, 64182, 64183, 64184, 64185, 64186, 64187, 64188, 64189, 64190, 64191, 64192, 64193]","[288, 288, 288, 288, 288, 288, 288, 304, 288, 304, 288, 304, 304, 288]",WARM_SAME_SOURCE,True,1996392960,focused,0.00029839493799954653,0.5121627140324563,0.497326053,2.760281942,0.012606981908902526,0.038199037091097475,0.009585136082023382,3.361383974,0.0,d4e40dd285bf9e76ae6136d06213aaacc14c9084038fbbef2daabcbcdedcece5,"{""N"": 96, ""source_family"": ""N96_INDUCED_TRANSITION_LADDER_V1"", ""graph_hash"": ""6a741a395db2348150108dd98618e2c8fba13a369a364cfd9d97ebffea4901fa"", ""source_hash"": ""dad9c1331dbc9b401ff729dde21b4e477b7b749ffea3504dab5b38c2c5d8fb44"", ""edges"": 240, ""degree_min"": 5, ""degree_max"": 5, ""degree_mean"": 5, ""degree_std"": 0.0, ""components"": 1, ""component_sizes"": [96], ""max_component"": 96, ""local_assignments"": 79228162514264337593543950336, ""minfill_width"": 32, ""minfill_work"": 16698150047, ""minfill_order"": [15, 34, 50, 77, 82, 94, 3, 11, 20, 16, 24, 32, 63, 39, 44, 17, 18, 52, 27, 66, 78, 85, 88, 1, 4, 8, 33, 68, 48, 25, 69, 61, 19, 65, 22, 49, 56, 90, 38, 92, 73, 91, 55, 62, 7, 70, 64, 45, 29, 95, 26, 79, 57, 86, 5, 0, 2, 35, 71, 36, 47, 60, 93, 6, 9, 10, 12, 13, 14, 21, 23, 28, 30, 31, 37, 40, 41, 42, 43, 46, 51, 53, 54, 58, 59, 67, 72, 74, 75, 76, 80, 81, 83, 84, 87, 89], ""energy_bound"": 590, ""root_bound"": 1024, ""crt_primes"": 4, ""arithmetic_burden"": 68395622592512, ""coefficient_bound"": ""79228162514264337593543950336"", ""coupling_multiplicities"": {""3"": 47, ""-1"": 44, ""-2"": 41, ""2"": 33, ""1"": 45, ""-3"": 30}, ""symmetry"": ""not assumed"", ""degree_signature"": [5, 5, 5, 5, 5, 5, 5, 5, 5, 5, 5, 5, 5, 5, 5, 5, 5, 5, 5, 5, 5, 5, 5, 5, 5, 5, 5, 5, 5, 5, 5, 5, 5, 5, 5, 5, 5, 5, 5, 5, 5, 5, 5, 5, 5, 5, 5, 5, 5, 5, 5, 5, 5, 5, 5, 5, 5, 5, 5, 5, 5, 5, 5, 5, 5, 5, 5, 5, 5, 5, 5, 5, 5, 5, 5, 5, 5, 5, 5, 5, 5, 5, 5, 5, 5, 5, 5, 5, 5, 5, 5, 5, 5, 5, 5, 5]}"
7c6ab23d6fbf169fb173c6ba,N096,dad9c1331dbc9b401ff729dde21b4e477b7b749ffea3504dab5b38c2c5d8fb44,6a741a395db2348150108dd98618e2c8fba13a369a364cfd9d97ebffea4901fa,N96_INDUCED_TRANSITION_LADDER_V1,f2f991d74dfbb2edf7f4475dcb7d82989de00a71e44bb11d4a6fbb49442577b6,"[0, 1, 2, 3]",a865de1d7956b8d7ad9fab90e8e195a4a86a1366c3d9af1520240f38d60034c2,6d074097a49ac819b178b7c0553ed25318a259c69008c95429d170794f8759ee,fresh_min_fill,COOP14_MIG_BRANCH_GROUP,1d2a6f95014703ca171206e42701c52355b89dab08ba0a9b72b3d193a3b620d4,WARM_NEW_PLAN,FRESH_EXACT_SOLVE_WITH_INTERNAL_CHECKS_EXCLUDES_EXTERNAL_VERIFICATION,16,1024,4,32,22,641754752,4194304,d5207e6b84fbabee961e83f3860a3bacaca585acd736c092903cacdfff692450,NUMPY_BATCHED_INVERSE_NTT_INTEGER_CRT,2,COMPLETE,OBSERVED_PATTERN,235278256,"[64180, 64181, 64182, 64183, 64184, 64185, 64186, 64187, 64188, 64189, 64190, 64191, 64192, 64193]","[304, 288, 288, 288, 288, 288, 288, 304, 288, 288, 288, 304, 304, 288]",WARM_NEW_PLAN,True,2935354880,focused,0.00029839493799954653,0.5121627140324563,0.813214616,8.977406658,0.0051241659093648195,0.02250001309063518,0.008572845021262765,9.892354529,0.0,eb83de000a70771e682fc5fd3e83f8535eceaecd88d30617caf336b67b36695d,"{""N"": 96, ""source_family"": ""N96_INDUCED_TRANSITION_LADDER_V1"", ""graph_hash"": ""6a741a395db2348150108dd98618e2c8fba13a369a364cfd9d97ebffea4901fa"", ""source_hash"": ""dad9c1331dbc9b401ff729dde21b4e477b7b749ffea3504dab5b38c2c5d8fb44"", ""edges"": 240, ""degree_min"": 5, ""degree_max"": 5, ""degree_mean"": 5, ""degree_std"": 0.0, ""components"": 1, ""component_sizes"": [96], ""max_component"": 96, ""local_assignments"": 79228162514264337593543950336, ""minfill_width"": 32, ""minfill_work"": 16698150047, ""minfill_order"": [15, 34, 50, 77, 82, 94, 3, 11, 20, 16, 24, 32, 63, 39, 44, 17, 18, 52, 27, 66, 78, 85, 88, 1, 4, 8, 33, 68, 48, 25, 69, 61, 19, 65, 22, 49, 56, 90, 38, 92, 73, 91, 55, 62, 7, 70, 64, 45, 29, 95, 26, 79, 57, 86, 5, 0, 2, 35, 71, 36, 47, 60, 93, 6, 9, 10, 12, 13, 14, 21, 23, 28, 30, 31, 37, 40, 41, 42, 43, 46, 51, 53, 54, 58, 59, 67, 72, 74, 75, 76, 80, 81, 83, 84, 87, 89], ""energy_bound"": 590, ""root_bound"": 1024, ""crt_primes"": 4, ""arithmetic_burden"": 68395622592512, ""coefficient_bound"": ""79228162514264337593543950336"", ""coupling_multiplicities"": {""3"": 47, ""-1"": 44, ""-2"": 41, ""2"": 33, ""1"": 45, ""-3"": 30}, ""symmetry"": ""not assumed"", ""degree_signature"": [5, 5, 5, 5, 5, 5, 5, 5, 5, 5, 5, 5, 5, 5, 5, 5, 5, 5, 5, 5, 5, 5, 5, 5, 5, 5, 5, 5, 5, 5, 5, 5, 5, 5, 5, 5, 5, 5, 5, 5, 5, 5, 5, 5, 5, 5, 5, 5, 5, 5, 5, 5, 5, 5, 5, 5, 5, 5, 5, 5, 5, 5, 5, 5, 5, 5, 5, 5, 5, 5, 5, 5, 5, 5, 5, 5, 5, 5, 5, 5, 5, 5, 5, 5, 5, 5, 5, 5, 5, 5, 5, 5, 5, 5, 5, 5]}"
7c6ab23d6fbf169fb173c6ba,N096,dad9c1331dbc9b401ff729dde21b4e477b7b749ffea3504dab5b38c2c5d8fb44,6a741a395db2348150108dd98618e2c8fba13a369a364cfd9d97ebffea4901fa,N96_INDUCED_TRANSITION_LADDER_V1,f2f991d74dfbb2edf7f4475dcb7d82989de00a71e44bb11d4a6fbb49442577b6,"[0, 1, 2, 3]",a865de1d7956b8d7ad9fab90e8e195a4a86a1366c3d9af1520240f38d60034c2,6d074097a49ac819b178b7c0553ed25318a259c69008c95429d170794f8759ee,fresh_min_fill,COOP14_MIG_BRANCH_GROUP,1d2a6f95014703ca171206e42701c52355b89dab08ba0a9b72b3d193a3b620d4,WARM_SAME_SOURCE,FRESH_EXACT_SOLVE_WITH_INTERNAL_CHECKS_EXCLUDES_EXTERNAL_VERIFICATION,16,1024,4,32,22,641754752,4194304,d5207e6b84fbabee961e83f3860a3bacaca585acd736c092903cacdfff692450,NUMPY_BATCHED_INVERSE_NTT_INTEGER_CRT,3,COMPLETE,OBSERVED_PATTERN,235278256,"[64180, 64181, 64182, 64183, 64184, 64185, 64186, 64187, 64188, 64189, 64190, 64191, 64192, 64193]","[304, 288, 288, 288, 288, 288, 304, 304, 288, 288, 288, 288, 304, 288]",WARM_SAME_SOURCE,True,2935354880,focused,0.00029839493799954653,0.5121627140324563,0.832376598,8.977637403,0.008777430048212409,0.026903482951787593,0.00988594105001539,9.901914535,0.0,eb83de000a70771e682fc5fd3e83f8535eceaecd88d30617caf336b67b36695d,"{""N"": 96, ""source_family"": ""N96_INDUCED_TRANSITION_LADDER_V1"", ""graph_hash"": ""6a741a395db2348150108dd98618e2c8fba13a369a364cfd9d97ebffea4901fa"", ""source_hash"": ""dad9c1331dbc9b401ff729dde21b4e477b7b749ffea3504dab5b38c2c5d8fb44"", ""edges"": 240, ""degree_min"": 5, ""degree_max"": 5, ""degree_mean"": 5, ""degree_std"": 0.0, ""components"": 1, ""component_sizes"": [96], ""max_component"": 96, ""local_assignments"": 79228162514264337593543950336, ""minfill_width"": 32, ""minfill_work"": 16698150047, ""minfill_order"": [15, 34, 50, 77, 82, 94, 3, 11, 20, 16, 24, 32, 63, 39, 44, 17, 18, 52, 27, 66, 78, 85, 88, 1, 4, 8, 33, 68, 48, 25, 69, 61, 19, 65, 22, 49, 56, 90, 38, 92, 73, 91, 55, 62, 7, 70, 64, 45, 29, 95, 26, 79, 57, 86, 5, 0, 2, 35, 71, 36, 47, 60, 93, 6, 9, 10, 12, 13, 14, 21, 23, 28, 30, 31, 37, 40, 41, 42, 43, 46, 51, 53, 54, 58, 59, 67, 72, 74, 75, 76, 80, 81, 83, 84, 87, 89], ""energy_bound"": 590, ""root_bound"": 1024, ""crt_primes"": 4, ""arithmetic_burden"": 68395622592512, ""coefficient_bound"": ""79228162514264337593543950336"", ""coupling_multiplicities"": {""3"": 47, ""-1"": 44, ""-2"": 41, ""2"": 33, ""1"": 45, ""-3"": 30}, ""symmetry"": ""not assumed"", ""degree_signature"": [5, 5, 5, 5, 5, 5, 5, 5, 5, 5, 5, 5, 5, 5, 5, 5, 5, 5, 5, 5, 5, 5, 5, 5, 5, 5, 5, 5, 5, 5, 5, 5, 5, 5, 5, 5, 5, 5, 5, 5, 5, 5, 5, 5, 5, 5, 5, 5, 5, 5, 5, 5, 5, 5, 5, 5, 5, 5, 5, 5, 5, 5, 5, 5, 5, 5, 5, 5, 5, 5, 5, 5, 5, 5, 5, 5, 5, 5, 5, 5, 5, 5, 5, 5, 5, 5, 5, 5, 5, 5, 5, 5, 5, 5, 5, 5]}"
7c6ab23d6fbf169fb173c6ba,N096,dad9c1331dbc9b401ff729dde21b4e477b7b749ffea3504dab5b38c2c5d8fb44,6a741a395db2348150108dd98618e2c8fba13a369a364cfd9d97ebffea4901fa,N96_INDUCED_TRANSITION_LADDER_V1,f2f991d74dfbb2edf7f4475dcb7d82989de00a71e44bb11d4a6fbb49442577b6,"[0, 1, 2, 3]",e6a3c5b7678a2e6761257ab6156de12e275c5ef60853165d1e7622bdfaa0592a,5e41d1760eb18bac845ae3d8eda407f1e653b37456b702db62734074278600df,expanded_portfolio,COOP14_MIG_BRANCH_GROUP,1d2a6f95014703ca171206e42701c52355b89dab08ba0a9b72b3d193a3b620d4,WARM_NEW_PLAN,FRESH_EXACT_SOLVE_WITH_INTERNAL_CHECKS_EXCLUDES_EXTERNAL_VERIFICATION,16,1024,4,16,21,203956800,2097152,d5207e6b84fbabee961e83f3860a3bacaca585acd736c092903cacdfff692450,NUMPY_BATCHED_INVERSE_NTT_INTEGER_CRT,3,COMPLETE,OBSERVED_PATTERN,128034992,"[64180, 64181, 64182, 64183, 64184, 64185, 64186, 64187, 64188, 64189, 64190, 64191, 64192, 64193]","[288, 288, 288, 288, 288, 288, 288, 304, 288, 304, 288, 304, 304, 288]",WARM_NEW_PLAN,True,1996392960,focused,0.00029839493799954653,0.5121627140324563,0.509777167,2.757739138,0.013209110125899315,0.03440258687410069,0.008955968078225851,3.367308566,0.0,d4e40dd285bf9e76ae6136d06213aaacc14c9084038fbbef2daabcbcdedcece5,"{""N"": 96, ""source_family"": ""N96_INDUCED_TRANSITION_LADDER_V1"", ""graph_hash"": ""6a741a395db2348150108dd98618e2c8fba13a369a364cfd9d97ebffea4901fa"", ""source_hash"": ""dad9c1331dbc9b401ff729dde21b4e477b7b749ffea3504dab5b38c2c5d8fb44"", ""edges"": 240, ""degree_min"": 5, ""degree_max"": 5, ""degree_mean"": 5, ""degree_std"": 0.0, ""components"": 1, ""component_sizes"": [96], ""max_component"": 96, ""local_assignments"": 79228162514264337593543950336, ""minfill_width"": 32, ""minfill_work"": 16698150047, ""minfill_order"": [15, 34, 50, 77, 82, 94, 3, 11, 20, 16, 24, 32, 63, 39, 44, 17, 18, 52, 27, 66, 78, 85, 88, 1, 4, 8, 33, 68, 48, 25, 69, 61, 19, 65, 22, 49, 56, 90, 38, 92, 73, 91, 55, 62, 7, 70, 64, 45, 29, 95, 26, 79, 57, 86, 5, 0, 2, 35, 71, 36, 47, 60, 93, 6, 9, 10, 12, 13, 14, 21, 23, 28, 30, 31, 37, 40, 41, 42, 43, 46, 51, 53, 54, 58, 59, 67, 72, 74, 75, 76, 80, 81, 83, 84, 87, 89], ""energy_bound"": 590, ""root_bound"": 1024, ""crt_primes"": 4, ""arithmetic_burden"": 68395622592512, ""coefficient_bound"": ""79228162514264337593543950336"", ""coupling_multiplicities"": {""3"": 47, ""-1"": 44, ""-2"": 41, ""2"": 33, ""1"": 45, ""-3"": 30}, ""symmetry"": ""not assumed"", ""degree_signature"": [5, 5, 5, 5, 5, 5, 5, 5, 5, 5, 5, 5, 5, 5, 5, 5, 5, 5, 5, 5, 5, 5, 5, 5, 5, 5, 5, 5, 5, 5, 5, 5, 5, 5, 5, 5, 5, 5, 5, 5, 5, 5, 5, 5, 5, 5, 5, 5, 5, 5, 5, 5, 5, 5, 5, 5, 5, 5, 5, 5, 5, 5, 5, 5, 5, 5, 5, 5, 5, 5, 5, 5, 5, 5, 5, 5, 5, 5, 5, 5, 5, 5, 5, 5, 5, 5, 5, 5, 5, 5, 5, 5, 5, 5, 5, 5]}"
8b955982a31033ce00751df9,N072_gauge,60d50fbdcca8e9b4f6536718096598d710c7d2afe8409a2f3a3adb99728d80e0,df909ad55de0ea93aeee86f28455dca463c0b981f10cc01a47b350b33a5ebf4e,N96_INDUCED_TRANSITION_LADDER_V1 -> explicit gauge,f2f991d74dfbb2edf7f4475dcb7d82989de00a71e44bb11d4a6fbb49442577b6,"[0, 1, 2, 3]",10d2a0510567492ae14ebf5b14e7fd636f89eb6814900bce2e59875b918007ae,1db425f42afa81e43bb5b2dfd24632154c9c909c18064a4c7ef809795376d97b,tie_portfolio,COOP14_MIG_BRANCH_GROUP,1d2a6f95014703ca171206e42701c52355b89dab08ba0a9b72b3d193a3b620d4,COLD,FRESH_EXACT_SOLVE_WITH_INTERNAL_CHECKS_EXCLUDES_EXTERNAL_VERIFICATION,16,512,3,1,13,37446,8192,d5207e6b84fbabee961e83f3860a3bacaca585acd736c092903cacdfff692450,NUMPY_BATCHED_INVERSE_NTT_INTEGER_CRT,0,COMPLETE,OBSERVED_PATTERN,407280,"[65148, 65149, 65150, 65151, 65152, 65153, 65154, 65155, 65156, 65157, 65158, 65159, 65160, 65161]","[48, 128, 96, 144, 48, 176, 48, 128, 128, 144, 144, 96, 48, 160]",COLD_WORKER_INITIALIZATION,False,5459968,focused,1.1471626709681004,0.02096484007779509,9.657675184,0.028395115,0.004978509154170752,0.01947732784582925,0.0062240270199254155,9.710675073,0.0,62328104331845149935feabf51474eb0e917b28dd75992261ef0a9330450ecd,"{""N"": 72, ""source_family"": ""POD14_GAUGE_VARIANT"", ""graph_hash"": ""df909ad55de0ea93aeee86f28455dca463c0b981f10cc01a47b350b33a5ebf4e"", ""source_hash"": ""60d50fbdcca8e9b4f6536718096598d710c7d2afe8409a2f3a3adb99728d80e0"", ""edges"": 132, ""degree_min"": 1, ""degree_max"": 5, ""degree_mean"": 3.6666666666666665, ""degree_std"": 0.927960727138337, ""components"": 1, ""component_sizes"": [72], ""max_component"": 72, ""local_assignments"": 4722366482869645213696, ""minfill_width"": 13, ""minfill_work"": 43537, ""minfill_order"": [25, 1, 11, 62, 60, 15, 20, 29, 0, 3, 6, 23, 27, 31, 32, 34, 37, 39, 52, 41, 42, 43, 64, 48, 59, 68, 8, 50, 24, 17, 33, 38, 47, 66, 69, 7, 45, 63, 9, 70, 58, 18, 51, 61, 46, 16, 10, 2, 4, 5, 26, 12, 30, 65, 19, 14, 44, 54, 13, 21, 22, 28, 35, 36, 40, 49, 53, 55, 56, 57, 67, 71], ""energy_bound"": 349, ""root_bound"": 512, ""crt_primes"": 3, ""arithmetic_burden"": 66872832, ""coefficient_bound"": ""4722366482869645213696"", ""coupling_multiplicities"": {""3"": 23, ""1"": 25, ""2"": 23, ""-1"": 22, ""-3"": 22, ""-2"": 17}, ""symmetry"": ""not assumed"", ""degree_signature"": [1, 2, 2, 2, 2, 3, 3, 3, 3, 3, 3, 3, 3, 3, 3, 3, 3, 3, 3, 3, 3, 3, 3, 3, 3, 3, 3, 3, 3, 3, 3, 3, 3, 3, 4, 4, 4, 4, 4, 4, 4, 4, 4, 4, 4, 4, 4, 4, 4, 4, 4, 4, 4, 4, 4, 4, 5, 5, 5, 5, 5, 5, 5, 5, 5, 5, 5, 5, 5, 5, 5, 5]}"
8b955982a31033ce00751df9,N072_gauge,60d50fbdcca8e9b4f6536718096598d710c7d2afe8409a2f3a3adb99728d80e0,df909ad55de0ea93aeee86f28455dca463c0b981f10cc01a47b350b33a5ebf4e,N96_INDUCED_TRANSITION_LADDER_V1 -> explicit gauge,f2f991d74dfbb2edf7f4475dcb7d82989de00a71e44bb11d4a6fbb49442577b6,"[0, 1, 2, 3]",10d2a0510567492ae14ebf5b14e7fd636f89eb6814900bce2e59875b918007ae,1db425f42afa81e43bb5b2dfd24632154c9c909c18064a4c7ef809795376d97b,tie_portfolio,COOP14_MIG_BRANCH_GROUP,1d2a6f95014703ca171206e42701c52355b89dab08ba0a9b72b3d193a3b620d4,WARM_SAME_SOURCE,FRESH_EXACT_SOLVE_WITH_INTERNAL_CHECKS_EXCLUDES_EXTERNAL_VERIFICATION,16,512,3,1,13,37446,8192,d5207e6b84fbabee961e83f3860a3bacaca585acd736c092903cacdfff692450,NUMPY_BATCHED_INVERSE_NTT_INTEGER_CRT,1,COMPLETE,OBSERVED_PATTERN,407280,"[65148, 65149, 65150, 65151, 65152, 65153, 65154, 65155, 65156, 65157, 65158, 65159, 65160, 65161]","[176, 80, 112, 80, 80, 96, 176, 80, 80, 80, 112, 192, 112, 80]",WARM_SAME_SOURCE,True,5459968,focused,1.1471626709681004,0.02096484007779509,0.047081226,0.025956599,0.005385973025113344,0.014226321974886654,0.006404784042388201,0.092784747,0.0,62328104331845149935feabf51474eb0e917b28dd75992261ef0a9330450ecd,"{""N"": 72, ""source_family"": ""POD14_GAUGE_VARIANT"", ""graph_hash"": ""df909ad55de0ea93aeee86f28455dca463c0b981f10cc01a47b350b33a5ebf4e"", ""source_hash"": ""60d50fbdcca8e9b4f6536718096598d710c7d2afe8409a2f3a3adb99728d80e0"", ""edges"": 132, ""degree_min"": 1, ""degree_max"": 5, ""degree_mean"": 3.6666666666666665, ""degree_std"": 0.927960727138337, ""components"": 1, ""component_sizes"": [72], ""max_component"": 72, ""local_assignments"": 4722366482869645213696, ""minfill_width"": 13, ""minfill_work"": 43537, ""minfill_order"": [25, 1, 11, 62, 60, 15, 20, 29, 0, 3, 6, 23, 27, 31, 32, 34, 37, 39, 52, 41, 42, 43, 64, 48, 59, 68, 8, 50, 24, 17, 33, 38, 47, 66, 69, 7, 45, 63, 9, 70, 58, 18, 51, 61, 46, 16, 10, 2, 4, 5, 26, 12, 30, 65, 19, 14, 44, 54, 13, 21, 22, 28, 35, 36, 40, 49, 53, 55, 56, 57, 67, 71], ""energy_bound"": 349, ""root_bound"": 512, ""crt_primes"": 3, ""arithmetic_burden"": 66872832, ""coefficient_bound"": ""4722366482869645213696"", ""coupling_multiplicities"": {""3"": 23, ""1"": 25, ""2"": 23, ""-1"": 22, ""-3"": 22, ""-2"": 17}, ""symmetry"": ""not assumed"", ""degree_signature"": [1, 2, 2, 2, 2, 3, 3, 3, 3, 3, 3, 3, 3, 3, 3, 3, 3, 3, 3, 3, 3, 3, 3, 3, 3, 3, 3, 3, 3, 3, 3, 3, 3, 3, 4, 4, 4, 4, 4, 4, 4, 4, 4, 4, 4, 4, 4, 4, 4, 4, 4, 4, 4, 4, 4, 4, 5, 5, 5, 5, 5, 5, 5, 5, 5, 5, 5, 5, 5, 5, 5, 5]}"
8b955982a31033ce00751df9,N072_gauge,60d50fbdcca8e9b4f6536718096598d710c7d2afe8409a2f3a3adb99728d80e0,df909ad55de0ea93aeee86f28455dca463c0b981f10cc01a47b350b33a5ebf4e,N96_INDUCED_TRANSITION_LADDER_V1 -> explicit gauge,f2f991d74dfbb2edf7f4475dcb7d82989de00a71e44bb11d4a6fbb49442577b6,"[0, 1, 2, 3]",10d2a0510567492ae14ebf5b14e7fd636f89eb6814900bce2e59875b918007ae,1db425f42afa81e43bb5b2dfd24632154c9c909c18064a4c7ef809795376d97b,tie_portfolio,COOP14_MIG_BRANCH_GROUP,1d2a6f95014703ca171206e42701c52355b89dab08ba0a9b72b3d193a3b620d4,WARM_SAME_SOURCE,FRESH_EXACT_SOLVE_WITH_INTERNAL_CHECKS_EXCLUDES_EXTERNAL_VERIFICATION,16,512,3,1,13,37446,8192,d5207e6b84fbabee961e83f3860a3bacaca585acd736c092903cacdfff692450,NUMPY_BATCHED_INVERSE_NTT_INTEGER_CRT,2,COMPLETE,OBSERVED_PATTERN,407280,"[65148, 65149, 65150, 65151, 65152, 65153, 65154, 65155, 65156, 65157, 65158, 65159, 65160, 65161]","[176, 80, 96, 176, 80, 80, 160, 64, 112, 64, 80, 128, 80, 160]",WARM_SAME_SOURCE,True,5459968,focused,1.1471626709681004,0.02096484007779509,0.068455919,0.025102765,0.003772480762563646,0.028248409237436357,0.007336106966249645,0.125671641,0.0,62328104331845149935feabf51474eb0e917b28dd75992261ef0a9330450ecd,"{""N"": 72, ""source_family"": ""POD14_GAUGE_VARIANT"", ""graph_hash"": ""df909ad55de0ea93aeee86f28455dca463c0b981f10cc01a47b350b33a5ebf4e"", ""source_hash"": ""60d50fbdcca8e9b4f6536718096598d710c7d2afe8409a2f3a3adb99728d80e0"", ""edges"": 132, ""degree_min"": 1, ""degree_max"": 5, ""degree_mean"": 3.6666666666666665, ""degree_std"": 0.927960727138337, ""components"": 1, ""component_sizes"": [72], ""max_component"": 72, ""local_assignments"": 4722366482869645213696, ""minfill_width"": 13, ""minfill_work"": 43537, ""minfill_order"": [25, 1, 11, 62, 60, 15, 20, 29, 0, 3, 6, 23, 27, 31, 32, 34, 37, 39, 52, 41, 42, 43, 64, 48, 59, 68, 8, 50, 24, 17, 33, 38, 47, 66, 69, 7, 45, 63, 9, 70, 58, 18, 51, 61, 46, 16, 10, 2, 4, 5, 26, 12, 30, 65, 19, 14, 44, 54, 13, 21, 22, 28, 35, 36, 40, 49, 53, 55, 56, 57, 67, 71], ""energy_bound"": 349, ""root_bound"": 512, ""crt_primes"": 3, ""arithmetic_burden"": 66872832, ""coefficient_bound"": ""4722366482869645213696"", ""coupling_multiplicities"": {""3"": 23, ""1"": 25, ""2"": 23, ""-1"": 22, ""-3"": 22, ""-2"": 17}, ""symmetry"": ""not assumed"", ""degree_signature"": [1, 2, 2, 2, 2, 3, 3, 3, 3, 3, 3, 3, 3, 3, 3, 3, 3, 3, 3, 3, 3, 3, 3, 3, 3, 3, 3, 3, 3, 3, 3, 3, 3, 3, 4, 4, 4, 4, 4, 4, 4, 4, 4, 4, 4, 4, 4, 4, 4, 4, 4, 4, 4, 4, 4, 4, 5, 5, 5, 5, 5, 5, 5, 5, 5, 5, 5, 5, 5, 5, 5, 5]}"
8b955982a31033ce00751df9,N072_gauge,60d50fbdcca8e9b4f6536718096598d710c7d2afe8409a2f3a3adb99728d80e0,df909ad55de0ea93aeee86f28455dca463c0b981f10cc01a47b350b33a5ebf4e,N96_INDUCED_TRANSITION_LADDER_V1 -> explicit gauge,f2f991d74dfbb2edf7f4475dcb7d82989de00a71e44bb11d4a6fbb49442577b6,"[0, 1, 2, 3]",10d2a0510567492ae14ebf5b14e7fd636f89eb6814900bce2e59875b918007ae,1db425f42afa81e43bb5b2dfd24632154c9c909c18064a4c7ef809795376d97b,tie_portfolio,COOP14_MIG_BRANCH_GROUP,1d2a6f95014703ca171206e42701c52355b89dab08ba0a9b72b3d193a3b620d4,WARM_SAME_SOURCE,FRESH_EXACT_SOLVE_WITH_INTERNAL_CHECKS_EXCLUDES_EXTERNAL_VERIFICATION,16,512,3,1,13,37446,8192,d5207e6b84fbabee961e83f3860a3bacaca585acd736c092903cacdfff692450,NUMPY_BATCHED_INVERSE_NTT_INTEGER_CRT,3,COMPLETE,OBSERVED_PATTERN,407280,"[65148, 65149, 65150, 65151, 65152, 65153, 65154, 65155, 65156, 65157, 65158, 65159, 65160, 65161]","[192, 80, 80, 128, 80, 112, 112, 80, 80, 112, 64, 192, 96, 128]",WARM_SAME_SOURCE,True,5459968,focused,1.1471626709681004,0.02096484007779509,0.049775088,0.021101217,0.0033622700721025467,0.013366436927897452,0.005947742029093206,0.087749089,0.0,62328104331845149935feabf51474eb0e917b28dd75992261ef0a9330450ecd,"{""N"": 72, ""source_family"": ""POD14_GAUGE_VARIANT"", ""graph_hash"": ""df909ad55de0ea93aeee86f28455dca463c0b981f10cc01a47b350b33a5ebf4e"", ""source_hash"": ""60d50fbdcca8e9b4f6536718096598d710c7d2afe8409a2f3a3adb99728d80e0"", ""edges"": 132, ""degree_min"": 1, ""degree_max"": 5, ""degree_mean"": 3.6666666666666665, ""degree_std"": 0.927960727138337, ""components"": 1, ""component_sizes"": [72], ""max_component"": 72, ""local_assignments"": 4722366482869645213696, ""minfill_width"": 13, ""minfill_work"": 43537, ""minfill_order"": [25, 1, 11, 62, 60, 15, 20, 29, 0, 3, 6, 23, 27, 31, 32, 34, 37, 39, 52, 41, 42, 43, 64, 48, 59, 68, 8, 50, 24, 17, 33, 38, 47, 66, 69, 7, 45, 63, 9, 70, 58, 18, 51, 61, 46, 16, 10, 2, 4, 5, 26, 12, 30, 65, 19, 14, 44, 54, 13, 21, 22, 28, 35, 36, 40, 49, 53, 55, 56, 57, 67, 71], ""energy_bound"": 349, ""root_bound"": 512, ""crt_primes"": 3, ""arithmetic_burden"": 66872832, ""coefficient_bound"": ""4722366482869645213696"", ""coupling_multiplicities"": {""3"": 23, ""1"": 25, ""2"": 23, ""-1"": 22, ""-3"": 22, ""-2"": 17}, ""symmetry"": ""not assumed"", ""degree_signature"": [1, 2, 2, 2, 2, 3, 3, 3, 3, 3, 3, 3, 3, 3, 3, 3, 3, 3, 3, 3, 3, 3, 3, 3, 3, 3, 3, 3, 3, 3, 3, 3, 3, 3, 4, 4, 4, 4, 4, 4, 4, 4, 4, 4, 4, 4, 4, 4, 4, 4, 4, 4, 4, 4, 4, 4, 5, 5, 5, 5, 5, 5, 5, 5, 5, 5, 5, 5, 5, 5, 5, 5]}"
734f47f8c1584ff7eca7f9bf,N080,943df0e82445feae09928be7af24b337ee45bf1f96d77a5aa68eb7a83c4d9c6f,e0768c427800ea265d9d8aed1e401fe560866246a7d336bc556ada0bdb580e7c,N96_INDUCED_TRANSITION_LADDER_V1,f2f991d74dfbb2edf7f4475dcb7d82989de00a71e44bb11d4a6fbb49442577b6,"[0, 1, 2, 3]",4c10920a93396615ed7f669ae27bed2886da84729671d3f9d30f4c8a13a138da,0e0da7808bebe32b8231fd9b8ff72ecd09f4d325f0fb4f758704b5f72a11152f,transition_priority,COOP14_MIG_BRANCH_GROUP,1d2a6f95014703ca171206e42701c52355b89dab08ba0a9b72b3d193a3b620d4,WARM_NEW_SOURCE,FRESH_EXACT_SOLVE_WITH_INTERNAL_CHECKS_EXCLUDES_EXTERNAL_VERIFICATION,16,512,3,1,17,672760,131072,d5207e6b84fbabee961e83f3860a3bacaca585acd736c092903cacdfff692450,NUMPY_BATCHED_INVERSE_NTT_INTEGER_CRT,0,COMPLETE,OBSERVED_PATTERN,7071760,"[65148, 65149, 65150, 65151, 65152, 65153, 65154, 65155, 65156, 65157, 65158, 65159, 65160, 65161]","[112, 80, 112, 96, 112, 112, 112, 128, 96, 128, 96, 128, 96, 128]",WARM_NEW_SOURCE,False,93816320,focused,0.00018617697060108185,0.018303997931070626,0.114624292,0.031715635,0.005278353113681078,0.02170625688631892,0.006840595975518227,0.173560003,0.0,e228040c47bd52c935e6d48fdfc8f463089cf54fc89722cae0ca70a3ab360065,"{""N"": 80, ""source_family"": ""N96_INDUCED_TRANSITION_LADDER_V1"", ""graph_hash"": ""e0768c427800ea265d9d8aed1e401fe560866246a7d336bc556ada0bdb580e7c"", ""source_hash"": ""943df0e82445feae09928be7af24b337ee45bf1f96d77a5aa68eb7a83c4d9c6f"", ""edges"": 166, ""degree_min"": 2, ""degree_max"": 5, ""degree_mean"": 4.15, ""degree_std"": 0.8077747210701756, ""components"": 1, ""component_sizes"": [80], ""max_component"": 80, ""local_assignments"": 1208925819614629174706176, ""minfill_width"": 19, ""minfill_work"": 3325231, ""minfill_order"": [25, 60, 15, 20, 29, 0, 6, 24, 32, 37, 41, 51, 59, 64, 68, 8, 50, 33, 34, 42, 47, 62, 11, 66, 3, 38, 48, 63, 67, 39, 16, 69, 76, 56, 74, 23, 7, 9, 77, 61, 2, 17, 58, 46, 1, 73, 78, 12, 52, 27, 22, 19, 10, 43, 65, 30, 13, 40, 54, 75, 49, 4, 5, 14, 18, 21, 26, 28, 31, 35, 36, 44, 45, 53, 55, 57, 70, 71, 72, 79], ""energy_bound"": 418, ""root_bound"": 512, ""crt_primes"": 3, ""arithmetic_burden"": 5107554816, ""coefficient_bound"": ""1208925819614629174706176"", ""coupling_multiplicities"": {""3"": 32, ""-1"": 33, ""-2"": 27, ""1"": 33, ""-3"": 21, ""2"": 20}, ""symmetry"": ""not assumed"", ""degree_signature"": [2, 2, 3, 3, 3, 3, 3, 3, 3, 3, 3, 3, 3, 3, 3, 3, 3, 4, 4, 4, 4, 4, 4, 4, 4, 4, 4, 4, 4, 4, 4, 4, 4, 4, 4, 4, 4, 4, 4, 4, 4, 4, 4, 4, 4, 4, 4, 4, 4, 5, 5, 5, 5, 5, 5, 5, 5, 5, 5, 5, 5, 5, 5, 5, 5, 5, 5, 5, 5, 5, 5, 5, 5, 5, 5, 5, 5, 5, 5, 5]}"
734f47f8c1584ff7eca7f9bf,N080,943df0e82445feae09928be7af24b337ee45bf1f96d77a5aa68eb7a83c4d9c6f,e0768c427800ea265d9d8aed1e401fe560866246a7d336bc556ada0bdb580e7c,N96_INDUCED_TRANSITION_LADDER_V1,f2f991d74dfbb2edf7f4475dcb7d82989de00a71e44bb11d4a6fbb49442577b6,"[0, 1, 2, 3]",4c10920a93396615ed7f669ae27bed2886da84729671d3f9d30f4c8a13a138da,0e0da7808bebe32b8231fd9b8ff72ecd09f4d325f0fb4f758704b5f72a11152f,transition_priority,COOP14_MIG_BRANCH_GROUP,1d2a6f95014703ca171206e42701c52355b89dab08ba0a9b72b3d193a3b620d4,WARM_SAME_SOURCE,FRESH_EXACT_SOLVE_WITH_INTERNAL_CHECKS_EXCLUDES_EXTERNAL_VERIFICATION,16,512,3,1,17,672760,131072,d5207e6b84fbabee961e83f3860a3bacaca585acd736c092903cacdfff692450,NUMPY_BATCHED_INVERSE_NTT_INTEGER_CRT,1,COMPLETE,OBSERVED_PATTERN,7071760,"[65148, 65149, 65150, 65151, 65152, 65153, 65154, 65155, 65156, 65157, 65158, 65159, 65160, 65161]","[176, 80, 192, 96, 96, 80, 80, 96, 128, 112, 96, 80, 128, 96]",WARM_SAME_SOURCE,True,93816320,focused,0.00018617697060108185,0.018303997931070626,0.155076228,0.030924459,0.0031197729986160994,0.0140970350013839,0.006491753039881587,0.203361313,0.0,e228040c47bd52c935e6d48fdfc8f463089cf54fc89722cae0ca70a3ab360065,"{""N"": 80, ""source_family"": ""N96_INDUCED_TRANSITION_LADDER_V1"", ""graph_hash"": ""e0768c427800ea265d9d8aed1e401fe560866246a7d336bc556ada0bdb580e7c"", ""source_hash"": ""943df0e82445feae09928be7af24b337ee45bf1f96d77a5aa68eb7a83c4d9c6f"", ""edges"": 166, ""degree_min"": 2, ""degree_max"": 5, ""degree_mean"": 4.15, ""degree_std"": 0.8077747210701756, ""components"": 1, ""component_sizes"": [80], ""max_component"": 80, ""local_assignments"": 1208925819614629174706176, ""minfill_width"": 19, ""minfill_work"": 3325231, ""minfill_order"": [25, 60, 15, 20, 29, 0, 6, 24, 32, 37, 41, 51, 59, 64, 68, 8, 50, 33, 34, 42, 47, 62, 11, 66, 3, 38, 48, 63, 67, 39, 16, 69, 76, 56, 74, 23, 7, 9, 77, 61, 2, 17, 58, 46, 1, 73, 78, 12, 52, 27, 22, 19, 10, 43, 65, 30, 13, 40, 54, 75, 49, 4, 5, 14, 18, 21, 26, 28, 31, 35, 36, 44, 45, 53, 55, 57, 70, 71, 72, 79], ""energy_bound"": 418, ""root_bound"": 512, ""crt_primes"": 3, ""arithmetic_burden"": 5107554816, ""coefficient_bound"": ""1208925819614629174706176"", ""coupling_multiplicities"": {""3"": 32, ""-1"": 33, ""-2"": 27, ""1"": 33, ""-3"": 21, ""2"": 20}, ""symmetry"": ""not assumed"", ""degree_signature"": [2, 2, 3, 3, 3, 3, 3, 3, 3, 3, 3, 3, 3, 3, 3, 3, 3, 4, 4, 4, 4, 4, 4, 4, 4, 4, 4, 4, 4, 4, 4, 4, 4, 4, 4, 4, 4, 4, 4, 4, 4, 4, 4, 4, 4, 4, 4, 4, 4, 5, 5, 5, 5, 5, 5, 5, 5, 5, 5, 5, 5, 5, 5, 5, 5, 5, 5, 5, 5, 5, 5, 5, 5, 5, 5, 5, 5, 5, 5, 5]}"
734f47f8c1584ff7eca7f9bf,N080,943df0e82445feae09928be7af24b337ee45bf1f96d77a5aa68eb7a83c4d9c6f,e0768c427800ea265d9d8aed1e401fe560866246a7d336bc556ada0bdb580e7c,N96_INDUCED_TRANSITION_LADDER_V1,f2f991d74dfbb2edf7f4475dcb7d82989de00a71e44bb11d4a6fbb49442577b6,"[0, 1, 2, 3]",4c10920a93396615ed7f669ae27bed2886da84729671d3f9d30f4c8a13a138da,0e0da7808bebe32b8231fd9b8ff72ecd09f4d325f0fb4f758704b5f72a11152f,transition_priority,COOP14_MIG_BRANCH_GROUP,1d2a6f95014703ca171206e42701c52355b89dab08ba0a9b72b3d193a3b620d4,WARM_SAME_SOURCE,FRESH_EXACT_SOLVE_WITH_INTERNAL_CHECKS_EXCLUDES_EXTERNAL_VERIFICATION,16,512,3,1,17,672760,131072,d5207e6b84fbabee961e83f3860a3bacaca585acd736c092903cacdfff692450,NUMPY_BATCHED_INVERSE_NTT_INTEGER_CRT,2,COMPLETE,OBSERVED_PATTERN,7071760,"[65148, 65149, 65150, 65151, 65152, 65153, 65154, 65155, 65156, 65157, 65158, 65159, 65160, 65161]","[80, 176, 80, 96, 96, 160, 112, 80, 160, 96, 80, 160, 80, 80]",WARM_SAME_SOURCE,True,93816320,focused,0.00018617697060108185,0.018303997931070626,0.327775867,0.027269635,0.004724055179394782,0.02014132382060522,0.007123769959434867,0.380078839,0.0,e228040c47bd52c935e6d48fdfc8f463089cf54fc89722cae0ca70a3ab360065,"{""N"": 80, ""source_family"": ""N96_INDUCED_TRANSITION_LADDER_V1"", ""graph_hash"": ""e0768c427800ea265d9d8aed1e401fe560866246a7d336bc556ada0bdb580e7c"", ""source_hash"": ""943df0e82445feae09928be7af24b337ee45bf1f96d77a5aa68eb7a83c4d9c6f"", ""edges"": 166, ""degree_min"": 2, ""degree_max"": 5, ""degree_mean"": 4.15, ""degree_std"": 0.8077747210701756, ""components"": 1, ""component_sizes"": [80], ""max_component"": 80, ""local_assignments"": 1208925819614629174706176, ""minfill_width"": 19, ""minfill_work"": 3325231, ""minfill_order"": [25, 60, 15, 20, 29, 0, 6, 24, 32, 37, 41, 51, 59, 64, 68, 8, 50, 33, 34, 42, 47, 62, 11, 66, 3, 38, 48, 63, 67, 39, 16, 69, 76, 56, 74, 23, 7, 9, 77, 61, 2, 17, 58, 46, 1, 73, 78, 12, 52, 27, 22, 19, 10, 43, 65, 30, 13, 40, 54, 75, 49, 4, 5, 14, 18, 21, 26, 28, 31, 35, 36, 44, 45, 53, 55, 57, 70, 71, 72, 79], ""energy_bound"": 418, ""root_bound"": 512, ""crt_primes"": 3, ""arithmetic_burden"": 5107554816, ""coefficient_bound"": ""1208925819614629174706176"", ""coupling_multiplicities"": {""3"": 32, ""-1"": 33, ""-2"": 27, ""1"": 33, ""-3"": 21, ""2"": 20}, ""symmetry"": ""not assumed"", ""degree_signature"": [2, 2, 3, 3, 3, 3, 3, 3, 3, 3, 3, 3, 3, 3, 3, 3, 3, 4, 4, 4, 4, 4, 4, 4, 4, 4, 4, 4, 4, 4, 4, 4, 4, 4, 4, 4, 4, 4, 4, 4, 4, 4, 4, 4, 4, 4, 4, 4, 4, 5, 5, 5, 5, 5, 5, 5, 5, 5, 5, 5, 5, 5, 5, 5, 5, 5, 5, 5, 5, 5, 5, 5, 5, 5, 5, 5, 5, 5, 5, 5]}"
734f47f8c1584ff7eca7f9bf,N080,943df0e82445feae09928be7af24b337ee45bf1f96d77a5aa68eb7a83c4d9c6f,e0768c427800ea265d9d8aed1e401fe560866246a7d336bc556ada0bdb580e7c,N96_INDUCED_TRANSITION_LADDER_V1,f2f991d74dfbb2edf7f4475dcb7d82989de00a71e44bb11d4a6fbb49442577b6,"[0, 1, 2, 3]",4c10920a93396615ed7f669ae27bed2886da84729671d3f9d30f4c8a13a138da,0e0da7808bebe32b8231fd9b8ff72ecd09f4d325f0fb4f758704b5f72a11152f,transition_priority,COOP14_MIG_BRANCH_GROUP,1d2a6f95014703ca171206e42701c52355b89dab08ba0a9b72b3d193a3b620d4,WARM_SAME_SOURCE,FRESH_EXACT_SOLVE_WITH_INTERNAL_CHECKS_EXCLUDES_EXTERNAL_VERIFICATION,16,512,3,1,17,672760,131072,d5207e6b84fbabee961e83f3860a3bacaca585acd736c092903cacdfff692450,NUMPY_BATCHED_INVERSE_NTT_INTEGER_CRT,3,COMPLETE,OBSERVED_PATTERN,7071760,"[65148, 65149, 65150, 65151, 65152, 65153, 65154, 65155, 65156, 65157, 65158, 65159, 65160, 65161]","[160, 176, 96, 80, 96, 112, 112, 80, 160, 96, 80, 112, 80, 96]",WARM_SAME_SOURCE,True,93816320,focused,0.00018617697060108185,0.018303997931070626,0.131771791,0.020297312,0.003273530979640782,0.014464267020359217,0.006602501031011343,0.169960888,0.0,e228040c47bd52c935e6d48fdfc8f463089cf54fc89722cae0ca70a3ab360065,"{""N"": 80, ""source_family"": ""N96_INDUCED_TRANSITION_LADDER_V1"", ""graph_hash"": ""e0768c427800ea265d9d8aed1e401fe560866246a7d336bc556ada0bdb580e7c"", ""source_hash"": ""943df0e82445feae09928be7af24b337ee45bf1f96d77a5aa68eb7a83c4d9c6f"", ""edges"": 166, ""degree_min"": 2, ""degree_max"": 5, ""degree_mean"": 4.15, ""degree_std"": 0.8077747210701756, ""components"": 1, ""component_sizes"": [80], ""max_component"": 80, ""local_assignments"": 1208925819614629174706176, ""minfill_width"": 19, ""minfill_work"": 3325231, ""minfill_order"": [25, 60, 15, 20, 29, 0, 6, 24, 32, 37, 41, 51, 59, 64, 68, 8, 50, 33, 34, 42, 47, 62, 11, 66, 3, 38, 48, 63, 67, 39, 16, 69, 76, 56, 74, 23, 7, 9, 77, 61, 2, 17, 58, 46, 1, 73, 78, 12, 52, 27, 22, 19, 10, 43, 65, 30, 13, 40, 54, 75, 49, 4, 5, 14, 18, 21, 26, 28, 31, 35, 36, 44, 45, 53, 55, 57, 70, 71, 72, 79], ""energy_bound"": 418, ""root_bound"": 512, ""crt_primes"": 3, ""arithmetic_burden"": 5107554816, ""coefficient_bound"": ""1208925819614629174706176"", ""coupling_multiplicities"": {""3"": 32, ""-1"": 33, ""-2"": 27, ""1"": 33, ""-3"": 21, ""2"": 20}, ""symmetry"": ""not assumed"", ""degree_signature"": [2, 2, 3, 3, 3, 3, 3, 3, 3, 3, 3, 3, 3, 3, 3, 3, 3, 4, 4, 4, 4, 4, 4, 4, 4, 4, 4, 4, 4, 4, 4, 4, 4, 4, 4, 4, 4, 4, 4, 4, 4, 4, 4, 4, 4, 4, 4, 4, 4, 5, 5, 5, 5, 5, 5, 5, 5, 5, 5, 5, 5, 5, 5, 5, 5, 5, 5, 5, 5, 5, 5, 5, 5, 5, 5, 5, 5, 5, 5, 5]}"
3d4692910a8986b68dc6461c,N084_gauge,4cb858af7a74d3c3f100bb201c700b51a3abc8916bf98a22c131ca51f2277473,42279475962f41225095ee99c630cff549ca246365572526776db0b21323af95,N96_INDUCED_TRANSITION_LADDER_V1 -> explicit gauge,f2f991d74dfbb2edf7f4475dcb7d82989de00a71e44bb11d4a6fbb49442577b6,"[0, 1, 2, 3]",1d83afa57ec0af9746c3fb40d772ee82113cfedffd8865ad9d5b203bf59792e5,a3e82fb15fce8a5cedf9843c77dcef1b3e2b98574858411f075f2555acb00c67,expanded_portfolio,COOP14_MIG_BRANCH_GROUP,1d2a6f95014703ca171206e42701c52355b89dab08ba0a9b72b3d193a3b620d4,WARM_NEW_SOURCE,FRESH_EXACT_SOLVE_WITH_INTERNAL_CHECKS_EXCLUDES_EXTERNAL_VERIFICATION,16,512,3,8,16,4066208,65536,d5207e6b84fbabee961e83f3860a3bacaca585acd736c092903cacdfff692450,NUMPY_BATCHED_INVERSE_NTT_INTEGER_CRT,0,COMPLETE,OBSERVED_PATTERN,5424144,"[65148, 65149, 65150, 65151, 65152, 65153, 65154, 65155, 65156, 65157, 65158, 65159, 65160, 65161]","[96, 112, 112, 112, 112, 112, 112, 112, 112, 112, 112, 96, 112, 112]",WARM_NEW_SOURCE,False,78817792,focused,2.7817845219979063,0.019999257056042552,0.249108963,0.092272817,0.006512862164527178,0.05162728383547282,0.007577012991532683,0.399750362,0.0,e73d94555f7788e228cac6573da749ac8f2346d8d21933196837d2aee2ced2d0,"{""N"": 84, ""source_family"": ""POD14_GAUGE_VARIANT"", ""graph_hash"": ""42279475962f41225095ee99c630cff549ca246365572526776db0b21323af95"", ""source_hash"": ""4cb858af7a74d3c3f100bb201c700b51a3abc8916bf98a22c131ca51f2277473"", ""edges"": 183, ""degree_min"": 2, ""degree_max"": 5, ""degree_mean"": 4.357142857142857, ""degree_std"": 0.7342449497671083, ""components"": 1, ""component_sizes"": [84], ""max_component"": 84, ""local_assignments"": 19342813113834066795298816, ""minfill_width"": 22, ""minfill_work"": 15123219, ""minfill_order"": [60, 15, 20, 0, 6, 12, 32, 41, 51, 59, 64, 50, 34, 62, 11, 76, 82, 24, 3, 25, 33, 38, 48, 63, 67, 39, 8, 16, 47, 68, 19, 56, 37, 69, 55, 65, 7, 43, 2, 52, 40, 66, 17, 77, 22, 58, 72, 79, 42, 9, 61, 75, 10, 73, 78, 27, 74, 46, 57, 35, 36, 1, 4, 5, 13, 14, 18, 21, 23, 26, 28, 29, 30, 31, 44, 45, 49, 53, 54, 70, 71, 80, 81, 83], ""energy_bound"": 460, ""root_bound"": 512, ""crt_primes"": 3, ""arithmetic_burden"": 23229264384, ""coefficient_bound"": ""19342813113834066795298816"", ""coupling_multiplicities"": {""3"": 30, ""1"": 35, ""2"": 31, ""-1"": 34, ""-3"": 28, ""-2"": 25}, ""symmetry"": ""not assumed"", ""degree_signature"": [2, 3, 3, 3, 3, 3, 3, 3, 3, 3, 3, 4, 4, 4, 4, 4, 4, 4, 4, 4, 4, 4, 4, 4, 4, 4, 4, 4, 4, 4, 4, 4, 4, 4, 4, 4, 4, 4, 4, 4, 4, 4, 5, 5, 5, 5, 5, 5, 5, 5, 5, 5, 5, 5, 5, 5, 5, 5, 5, 5, 5, 5, 5, 5, 5, 5, 5, 5, 5, 5, 5, 5, 5, 5, 5, 5, 5, 5, 5, 5, 5, 5, 5, 5]}"
3d4692910a8986b68dc6461c,N084_gauge,4cb858af7a74d3c3f100bb201c700b51a3abc8916bf98a22c131ca51f2277473,42279475962f41225095ee99c630cff549ca246365572526776db0b21323af95,N96_INDUCED_TRANSITION_LADDER_V1 -> explicit gauge,f2f991d74dfbb2edf7f4475dcb7d82989de00a71e44bb11d4a6fbb49442577b6,"[0, 1, 2, 3]",1d83afa57ec0af9746c3fb40d772ee82113cfedffd8865ad9d5b203bf59792e5,a3e82fb15fce8a5cedf9843c77dcef1b3e2b98574858411f075f2555acb00c67,expanded_portfolio,COOP14_MIG_BRANCH_GROUP,1d2a6f95014703ca171206e42701c52355b89dab08ba0a9b72b3d193a3b620d4,WARM_SAME_SOURCE,FRESH_EXACT_SOLVE_WITH_INTERNAL_CHECKS_EXCLUDES_EXTERNAL_VERIFICATION,16,512,3,8,16,4066208,65536,d5207e6b84fbabee961e83f3860a3bacaca585acd736c092903cacdfff692450,NUMPY_BATCHED_INVERSE_NTT_INTEGER_CRT,1,COMPLETE,OBSERVED_PATTERN,5424144,"[65148, 65149, 65150, 65151, 65152, 65153, 65154, 65155, 65156, 65157, 65158, 65159, 65160, 65161]","[96, 112, 112, 112, 112, 112, 96, 112, 112, 112, 112, 112, 112, 112]",WARM_SAME_SOURCE,True,78817792,focused,2.7817845219979063,0.019999257056042552,0.248503465,0.088380287,0.0046973550925031304,0.02163713690749687,0.007550472975708544,0.363408561,0.0,e73d94555f7788e228cac6573da749ac8f2346d8d21933196837d2aee2ced2d0,"{""N"": 84, ""source_family"": ""POD14_GAUGE_VARIANT"", ""graph_hash"": ""42279475962f41225095ee99c630cff549ca246365572526776db0b21323af95"", ""source_hash"": ""4cb858af7a74d3c3f100bb201c700b51a3abc8916bf98a22c131ca51f2277473"", ""edges"": 183, ""degree_min"": 2, ""degree_max"": 5, ""degree_mean"": 4.357142857142857, ""degree_std"": 0.7342449497671083, ""components"": 1, ""component_sizes"": [84], ""max_component"": 84, ""local_assignments"": 19342813113834066795298816, ""minfill_width"": 22, ""minfill_work"": 15123219, ""minfill_order"": [60, 15, 20, 0, 6, 12, 32, 41, 51, 59, 64, 50, 34, 62, 11, 76, 82, 24, 3, 25, 33, 38, 48, 63, 67, 39, 8, 16, 47, 68, 19, 56, 37, 69, 55, 65, 7, 43, 2, 52, 40, 66, 17, 77, 22, 58, 72, 79, 42, 9, 61, 75, 10, 73, 78, 27, 74, 46, 57, 35, 36, 1, 4, 5, 13, 14, 18, 21, 23, 26, 28, 29, 30, 31, 44, 45, 49, 53, 54, 70, 71, 80, 81, 83], ""energy_bound"": 460, ""root_bound"": 512, ""crt_primes"": 3, ""arithmetic_burden"": 23229264384, ""coefficient_bound"": ""19342813113834066795298816"", ""coupling_multiplicities"": {""3"": 30, ""1"": 35, ""2"": 31, ""-1"": 34, ""-3"": 28, ""-2"": 25}, ""symmetry"": ""not assumed"", ""degree_signature"": [2, 3, 3, 3, 3, 3, 3, 3, 3, 3, 3, 4, 4, 4, 4, 4, 4, 4, 4, 4, 4, 4, 4, 4, 4, 4, 4, 4, 4, 4, 4, 4, 4, 4, 4, 4, 4, 4, 4, 4, 4, 4, 5, 5, 5, 5, 5, 5, 5, 5, 5, 5, 5, 5, 5, 5, 5, 5, 5, 5, 5, 5, 5, 5, 5, 5, 5, 5, 5, 5, 5, 5, 5, 5, 5, 5, 5, 5, 5, 5, 5, 5, 5, 5]}"
3d4692910a8986b68dc6461c,N084_gauge,4cb858af7a74d3c3f100bb201c700b51a3abc8916bf98a22c131ca51f2277473,42279475962f41225095ee99c630cff549ca246365572526776db0b21323af95,N96_INDUCED_TRANSITION_LADDER_V1 -> explicit gauge,f2f991d74dfbb2edf7f4475dcb7d82989de00a71e44bb11d4a6fbb49442577b6,"[0, 1, 2, 3]",1d83afa57ec0af9746c3fb40d772ee82113cfedffd8865ad9d5b203bf59792e5,a3e82fb15fce8a5cedf9843c77dcef1b3e2b98574858411f075f2555acb00c67,expanded_portfolio,COOP14_MIG_BRANCH_GROUP,1d2a6f95014703ca171206e42701c52355b89dab08ba0a9b72b3d193a3b620d4,WARM_SAME_SOURCE,FRESH_EXACT_SOLVE_WITH_INTERNAL_CHECKS_EXCLUDES_EXTERNAL_VERIFICATION,16,512,3,8,16,4066208,65536,d5207e6b84fbabee961e83f3860a3bacaca585acd736c092903cacdfff692450,NUMPY_BATCHED_INVERSE_NTT_INTEGER_CRT,2,COMPLETE,OBSERVED_PATTERN,5424144,"[65148, 65149, 65150, 65151, 65152, 65153, 65154, 65155, 65156, 65157, 65158, 65159, 65160, 65161]","[96, 112, 112, 112, 112, 112, 112, 112, 112, 96, 112, 112, 112, 112]",WARM_SAME_SOURCE,True,78817792,focused,2.7817845219979063,0.019999257056042552,0.241152628,0.091436322,0.0047063351375982165,0.020882770862401784,0.0076554910046979785,0.358352023,0.0,e73d94555f7788e228cac6573da749ac8f2346d8d21933196837d2aee2ced2d0,"{""N"": 84, ""source_family"": ""POD14_GAUGE_VARIANT"", ""graph_hash"": ""42279475962f41225095ee99c630cff549ca246365572526776db0b21323af95"", ""source_hash"": ""4cb858af7a74d3c3f100bb201c700b51a3abc8916bf98a22c131ca51f2277473"", ""edges"": 183, ""degree_min"": 2, ""degree_max"": 5, ""degree_mean"": 4.357142857142857, ""degree_std"": 0.7342449497671083, ""components"": 1, ""component_sizes"": [84], ""max_component"": 84, ""local_assignments"": 19342813113834066795298816, ""minfill_width"": 22, ""minfill_work"": 15123219, ""minfill_order"": [60, 15, 20, 0, 6, 12, 32, 41, 51, 59, 64, 50, 34, 62, 11, 76, 82, 24, 3, 25, 33, 38, 48, 63, 67, 39, 8, 16, 47, 68, 19, 56, 37, 69, 55, 65, 7, 43, 2, 52, 40, 66, 17, 77, 22, 58, 72, 79, 42, 9, 61, 75, 10, 73, 78, 27, 74, 46, 57, 35, 36, 1, 4, 5, 13, 14, 18, 21, 23, 26, 28, 29, 30, 31, 44, 45, 49, 53, 54, 70, 71, 80, 81, 83], ""energy_bound"": 460, ""root_bound"": 512, ""crt_primes"": 3, ""arithmetic_burden"": 23229264384, ""coefficient_bound"": ""19342813113834066795298816"", ""coupling_multiplicities"": {""3"": 30, ""1"": 35, ""2"": 31, ""-1"": 34, ""-3"": 28, ""-2"": 25}, ""symmetry"": ""not assumed"", ""degree_signature"": [2, 3, 3, 3, 3, 3, 3, 3, 3, 3, 3, 4, 4, 4, 4, 4, 4, 4, 4, 4, 4, 4, 4, 4, 4, 4, 4, 4, 4, 4, 4, 4, 4, 4, 4, 4, 4, 4, 4, 4, 4, 4, 5, 5, 5, 5, 5, 5, 5, 5, 5, 5, 5, 5, 5, 5, 5, 5, 5, 5, 5, 5, 5, 5, 5, 5, 5, 5, 5, 5, 5, 5, 5, 5, 5, 5, 5, 5, 5, 5, 5, 5, 5, 5]}"
3d4692910a8986b68dc6461c,N084_gauge,4cb858af7a74d3c3f100bb201c700b51a3abc8916bf98a22c131ca51f2277473,42279475962f41225095ee99c630cff549ca246365572526776db0b21323af95,N96_INDUCED_TRANSITION_LADDER_V1 -> explicit gauge,f2f991d74dfbb2edf7f4475dcb7d82989de00a71e44bb11d4a6fbb49442577b6,"[0, 1, 2, 3]",1d83afa57ec0af9746c3fb40d772ee82113cfedffd8865ad9d5b203bf59792e5,a3e82fb15fce8a5cedf9843c77dcef1b3e2b98574858411f075f2555acb00c67,expanded_portfolio,COOP14_MIG_BRANCH_GROUP,1d2a6f95014703ca171206e42701c52355b89dab08ba0a9b72b3d193a3b620d4,WARM_SAME_SOURCE,FRESH_EXACT_SOLVE_WITH_INTERNAL_CHECKS_EXCLUDES_EXTERNAL_VERIFICATION,16,512,3,8,16,4066208,65536,d5207e6b84fbabee961e83f3860a3bacaca585acd736c092903cacdfff692450,NUMPY_BATCHED_INVERSE_NTT_INTEGER_CRT,3,COMPLETE,OBSERVED_PATTERN,5424144,"[65148, 65149, 65150, 65151, 65152, 65153, 65154, 65155, 65156, 65157, 65158, 65159, 65160, 65161]","[112, 112, 112, 112, 112, 112, 96, 112, 112, 112, 96, 112, 112, 112]",WARM_SAME_SOURCE,True,78817792,focused,2.7817845219979063,0.019999257056042552,0.356175122,0.094424878,0.0033407399896532297,0.01588178201034677,0.00792987598106265,0.469986938,0.0,e73d94555f7788e228cac6573da749ac8f2346d8d21933196837d2aee2ced2d0,"{""N"": 84, ""source_family"": ""POD14_GAUGE_VARIANT"", ""graph_hash"": ""42279475962f41225095ee99c630cff549ca246365572526776db0b21323af95"", ""source_hash"": ""4cb858af7a74d3c3f100bb201c700b51a3abc8916bf98a22c131ca51f2277473"", ""edges"": 183, ""degree_min"": 2, ""degree_max"": 5, ""degree_mean"": 4.357142857142857, ""degree_std"": 0.7342449497671083, ""components"": 1, ""component_sizes"": [84], ""max_component"": 84, ""local_assignments"": 19342813113834066795298816, ""minfill_width"": 22, ""minfill_work"": 15123219, ""minfill_order"": [60, 15, 20, 0, 6, 12, 32, 41, 51, 59, 64, 50, 34, 62, 11, 76, 82, 24, 3, 25, 33, 38, 48, 63, 67, 39, 8, 16, 47, 68, 19, 56, 37, 69, 55, 65, 7, 43, 2, 52, 40, 66, 17, 77, 22, 58, 72, 79, 42, 9, 61, 75, 10, 73, 78, 27, 74, 46, 57, 35, 36, 1, 4, 5, 13, 14, 18, 21, 23, 26, 28, 29, 30, 31, 44, 45, 49, 53, 54, 70, 71, 80, 81, 83], ""energy_bound"": 460, ""root_bound"": 512, ""crt_primes"": 3, ""arithmetic_burden"": 23229264384, ""coefficient_bound"": ""19342813113834066795298816"", ""coupling_multiplicities"": {""3"": 30, ""1"": 35, ""2"": 31, ""-1"": 34, ""-3"": 28, ""-2"": 25}, ""symmetry"": ""not assumed"", ""degree_signature"": [2, 3, 3, 3, 3, 3, 3, 3, 3, 3, 3, 4, 4, 4, 4, 4, 4, 4, 4, 4, 4, 4, 4, 4, 4, 4, 4, 4, 4, 4, 4, 4, 4, 4, 4, 4, 4, 4, 4, 4, 4, 4, 5, 5, 5, 5, 5, 5, 5, 5, 5, 5, 5, 5, 5, 5, 5, 5, 5, 5, 5, 5, 5, 5, 5, 5, 5, 5, 5, 5, 5, 5, 5, 5, 5, 5, 5, 5, 5, 5, 5, 5, 5, 5]}"
a2217169c209ec2f4e8a5147,N079,52c770b6a8ed6f639d8ded5cf7726d339612662a322afafdd3bd79ab3b766ecd,8f842662e36b9b8a2364c5951d7fb9365d65b70a3c5ce128f50ba5cd472e9361,N96_INDUCED_TRANSITION_LADDER_V1,f2f991d74dfbb2edf7f4475dcb7d82989de00a71e44bb11d4a6fbb49442577b6,"[0, 1, 2, 3]",42c1f799bcc36b3c5bfd4bec1499b48c2460d21025c0e18c8403721820190fd6,0351ea0e98daca6d4a8426e3f64c2a64db05f0b095c30bdb3237c421cfcd3496,fresh_min_fill,COOP14_MIG_BRANCH_GROUP,1d2a6f95014703ca171206e42701c52355b89dab08ba0a9b72b3d193a3b620d4,WARM_NEW_SOURCE,FRESH_EXACT_SOLVE_WITH_INTERNAL_CHECKS_EXCLUDES_EXTERNAL_VERIFICATION,16,512,3,1,18,1177136,262144,d5207e6b84fbabee961e83f3860a3bacaca585acd736c092903cacdfff692450,NUMPY_BATCHED_INVERSE_NTT_INTEGER_CRT,0,COMPLETE,OBSERVED_PATTERN,13160432,"[65148, 65149, 65150, 65151, 65152, 65153, 65154, 65155, 65156, 65157, 65158, 65159, 65160, 65161]","[144, 176, 80, 80, 160, 176, 64, 112, 80, 144, 80, 80, 80, 80]",WARM_NEW_SOURCE,False,174962688,focused,0.0003630130086094141,0.05092322698328644,0.194491293,0.025637396,0.004622796783223748,0.02099305821677625,0.006459013093262911,0.245903391,0.0,c6eb10fd6e633d796ce3e9dfd111b8a078a8e170b2c8a88f9aac6c4d12e991f2,"{""N"": 79, ""source_family"": ""N96_INDUCED_TRANSITION_LADDER_V1"", ""graph_hash"": ""8f842662e36b9b8a2364c5951d7fb9365d65b70a3c5ce128f50ba5cd472e9361"", ""source_hash"": ""52c770b6a8ed6f639d8ded5cf7726d339612662a322afafdd3bd79ab3b766ecd"", ""edges"": 162, ""degree_min"": 2, ""degree_max"": 5, ""degree_mean"": 4.10126582278481, ""degree_std"": 0.8508363228762562, ""components"": 1, ""component_sizes"": [79], ""max_component"": 79, ""local_assignments"": 604462909807314587353088, ""minfill_width"": 20, ""minfill_work"": 2931343, ""minfill_order"": [25, 60, 15, 20, 29, 0, 3, 6, 24, 32, 34, 37, 41, 51, 59, 64, 68, 8, 50, 1, 33, 42, 47, 62, 11, 66, 69, 48, 63, 67, 39, 16, 76, 56, 74, 23, 2, 7, 9, 77, 61, 17, 38, 58, 46, 73, 78, 12, 52, 27, 22, 19, 40, 10, 43, 65, 75, 30, 13, 54, 49, 4, 5, 14, 18, 21, 26, 28, 31, 35, 36, 44, 45, 53, 55, 57, 70, 71, 72], ""energy_bound"": 410, ""root_bound"": 512, ""crt_primes"": 3, ""arithmetic_burden"": 4502542848, ""coefficient_bound"": ""604462909807314587353088"", ""coupling_multiplicities"": {""3"": 32, ""-1"": 32, ""-2"": 27, ""1"": 32, ""-3"": 20, ""2"": 19}, ""symmetry"": ""not assumed"", ""degree_signature"": [2, 2, 3, 3, 3, 3, 3, 3, 3, 3, 3, 3, 3, 3, 3, 3, 3, 3, 3, 3, 3, 4, 4, 4, 4, 4, 4, 4, 4, 4, 4, 4, 4, 4, 4, 4, 4, 4, 4, 4, 4, 4, 4, 4, 4, 4, 4, 4, 5, 5, 5, 5, 5, 5, 5, 5, 5, 5, 5, 5, 5, 5, 5, 5, 5, 5, 5, 5, 5, 5, 5, 5, 5, 5, 5, 5, 5, 5, 5]}"
a2217169c209ec2f4e8a5147,N079,52c770b6a8ed6f639d8ded5cf7726d339612662a322afafdd3bd79ab3b766ecd,8f842662e36b9b8a2364c5951d7fb9365d65b70a3c5ce128f50ba5cd472e9361,N96_INDUCED_TRANSITION_LADDER_V1,f2f991d74dfbb2edf7f4475dcb7d82989de00a71e44bb11d4a6fbb49442577b6,"[0, 1, 2, 3]",42c1f799bcc36b3c5bfd4bec1499b48c2460d21025c0e18c8403721820190fd6,0351ea0e98daca6d4a8426e3f64c2a64db05f0b095c30bdb3237c421cfcd3496,fresh_min_fill,COOP14_MIG_BRANCH_GROUP,1d2a6f95014703ca171206e42701c52355b89dab08ba0a9b72b3d193a3b620d4,WARM_SAME_SOURCE,FRESH_EXACT_SOLVE_WITH_INTERNAL_CHECKS_EXCLUDES_EXTERNAL_VERIFICATION,16,512,3,1,18,1177136,262144,d5207e6b84fbabee961e83f3860a3bacaca585acd736c092903cacdfff692450,NUMPY_BATCHED_INVERSE_NTT_INTEGER_CRT,1,COMPLETE,OBSERVED_PATTERN,13160432,"[65148, 65149, 65150, 65151, 65152, 65153, 65154, 65155, 65156, 65157, 65158, 65159, 65160, 65161]","[80, 96, 80, 80, 208, 80, 112, 80, 96, 208, 96, 80, 112, 128]",WARM_SAME_SOURCE,True,174962688,focused,0.0003630130086094141,0.05092322698328644,0.165776254,0.027255546,0.004612806951627135,0.018307507048372865,0.006945903995074332,0.216115381,0.0,c6eb10fd6e633d796ce3e9dfd111b8a078a8e170b2c8a88f9aac6c4d12e991f2,"{""N"": 79, ""source_family"": ""N96_INDUCED_TRANSITION_LADDER_V1"", ""graph_hash"": ""8f842662e36b9b8a2364c5951d7fb9365d65b70a3c5ce128f50ba5cd472e9361"", ""source_hash"": ""52c770b6a8ed6f639d8ded5cf7726d339612662a322afafdd3bd79ab3b766ecd"", ""edges"": 162, ""degree_min"": 2, ""degree_max"": 5, ""degree_mean"": 4.10126582278481, ""degree_std"": 0.8508363228762562, ""components"": 1, ""component_sizes"": [79], ""max_component"": 79, ""local_assignments"": 604462909807314587353088, ""minfill_width"": 20, ""minfill_work"": 2931343, ""minfill_order"": [25, 60, 15, 20, 29, 0, 3, 6, 24, 32, 34, 37, 41, 51, 59, 64, 68, 8, 50, 1, 33, 42, 47, 62, 11, 66, 69, 48, 63, 67, 39, 16, 76, 56, 74, 23, 2, 7, 9, 77, 61, 17, 38, 58, 46, 73, 78, 12, 52, 27, 22, 19, 40, 10, 43, 65, 75, 30, 13, 54, 49, 4, 5, 14, 18, 21, 26, 28, 31, 35, 36, 44, 45, 53, 55, 57, 70, 71, 72], ""energy_bound"": 410, ""root_bound"": 512, ""crt_primes"": 3, ""arithmetic_burden"": 4502542848, ""coefficient_bound"": ""604462909807314587353088"", ""coupling_multiplicities"": {""3"": 32, ""-1"": 32, ""-2"": 27, ""1"": 32, ""-3"": 20, ""2"": 19}, ""symmetry"": ""not assumed"", ""degree_signature"": [2, 2, 3, 3, 3, 3, 3, 3, 3, 3, 3, 3, 3, 3, 3, 3, 3, 3, 3, 3, 3, 4, 4, 4, 4, 4, 4, 4, 4, 4, 4, 4, 4, 4, 4, 4, 4, 4, 4, 4, 4, 4, 4, 4, 4, 4, 4, 4, 5, 5, 5, 5, 5, 5, 5, 5, 5, 5, 5, 5, 5, 5, 5, 5, 5, 5, 5, 5, 5, 5, 5, 5, 5, 5, 5, 5, 5, 5, 5]}"
a2217169c209ec2f4e8a5147,N079,52c770b6a8ed6f639d8ded5cf7726d339612662a322afafdd3bd79ab3b766ecd,8f842662e36b9b8a2364c5951d7fb9365d65b70a3c5ce128f50ba5cd472e9361,N96_INDUCED_TRANSITION_LADDER_V1,f2f991d74dfbb2edf7f4475dcb7d82989de00a71e44bb11d4a6fbb49442577b6,"[0, 1, 2, 3]",42c1f799bcc36b3c5bfd4bec1499b48c2460d21025c0e18c8403721820190fd6,0351ea0e98daca6d4a8426e3f64c2a64db05f0b095c30bdb3237c421cfcd3496,fresh_min_fill,COOP14_MIG_BRANCH_GROUP,1d2a6f95014703ca171206e42701c52355b89dab08ba0a9b72b3d193a3b620d4,WARM_SAME_SOURCE,FRESH_EXACT_SOLVE_WITH_INTERNAL_CHECKS_EXCLUDES_EXTERNAL_VERIFICATION,16,512,3,1,18,1177136,262144,d5207e6b84fbabee961e83f3860a3bacaca585acd736c092903cacdfff692450,NUMPY_BATCHED_INVERSE_NTT_INTEGER_CRT,2,COMPLETE,OBSERVED_PATTERN,13160432,"[65148, 65149, 65150, 65151, 65152, 65153, 65154, 65155, 65156, 65157, 65158, 65159, 65160, 65161]","[128, 112, 96, 112, 176, 96, 64, 96, 96, 112, 96, 96, 112, 144]",WARM_SAME_SOURCE,True,174962688,focused,0.0003630130086094141,0.05092322698328644,0.207244893,0.031917351,0.0032603699946776032,0.014401629005322398,0.006719248020090163,0.256980811,0.0,c6eb10fd6e633d796ce3e9dfd111b8a078a8e170b2c8a88f9aac6c4d12e991f2,"{""N"": 79, ""source_family"": ""N96_INDUCED_TRANSITION_LADDER_V1"", ""graph_hash"": ""8f842662e36b9b8a2364c5951d7fb9365d65b70a3c5ce128f50ba5cd472e9361"", ""source_hash"": ""52c770b6a8ed6f639d8ded5cf7726d339612662a322afafdd3bd79ab3b766ecd"", ""edges"": 162, ""degree_min"": 2, ""degree_max"": 5, ""degree_mean"": 4.10126582278481, ""degree_std"": 0.8508363228762562, ""components"": 1, ""component_sizes"": [79], ""max_component"": 79, ""local_assignments"": 604462909807314587353088, ""minfill_width"": 20, ""minfill_work"": 2931343, ""minfill_order"": [25, 60, 15, 20, 29, 0, 3, 6, 24, 32, 34, 37, 41, 51, 59, 64, 68, 8, 50, 1, 33, 42, 47, 62, 11, 66, 69, 48, 63, 67, 39, 16, 76, 56, 74, 23, 2, 7, 9, 77, 61, 17, 38, 58, 46, 73, 78, 12, 52, 27, 22, 19, 40, 10, 43, 65, 75, 30, 13, 54, 49, 4, 5, 14, 18, 21, 26, 28, 31, 35, 36, 44, 45, 53, 55, 57, 70, 71, 72], ""energy_bound"": 410, ""root_bound"": 512, ""crt_primes"": 3, ""arithmetic_burden"": 4502542848, ""coefficient_bound"": ""604462909807314587353088"", ""coupling_multiplicities"": {""3"": 32, ""-1"": 32, ""-2"": 27, ""1"": 32, ""-3"": 20, ""2"": 19}, ""symmetry"": ""not assumed"", ""degree_signature"": [2, 2, 3, 3, 3, 3, 3, 3, 3, 3, 3, 3, 3, 3, 3, 3, 3, 3, 3, 3, 3, 4, 4, 4, 4, 4, 4, 4, 4, 4, 4, 4, 4, 4, 4, 4, 4, 4, 4, 4, 4, 4, 4, 4, 4, 4, 4, 4, 5, 5, 5, 5, 5, 5, 5, 5, 5, 5, 5, 5, 5, 5, 5, 5, 5, 5, 5, 5, 5, 5, 5, 5, 5, 5, 5, 5, 5, 5, 5]}"
a2217169c209ec2f4e8a5147,N079,52c770b6a8ed6f639d8ded5cf7726d339612662a322afafdd3bd79ab3b766ecd,8f842662e36b9b8a2364c5951d7fb9365d65b70a3c5ce128f50ba5cd472e9361,N96_INDUCED_TRANSITION_LADDER_V1,f2f991d74dfbb2edf7f4475dcb7d82989de00a71e44bb11d4a6fbb49442577b6,"[0, 1, 2, 3]",42c1f799bcc36b3c5bfd4bec1499b48c2460d21025c0e18c8403721820190fd6,0351ea0e98daca6d4a8426e3f64c2a64db05f0b095c30bdb3237c421cfcd3496,fresh_min_fill,COOP14_MIG_BRANCH_GROUP,1d2a6f95014703ca171206e42701c52355b89dab08ba0a9b72b3d193a3b620d4,WARM_SAME_SOURCE,FRESH_EXACT_SOLVE_WITH_INTERNAL_CHECKS_EXCLUDES_EXTERNAL_VERIFICATION,16,512,3,1,18,1177136,262144,d5207e6b84fbabee961e83f3860a3bacaca585acd736c092903cacdfff692450,NUMPY_BATCHED_INVERSE_NTT_INTEGER_CRT,3,COMPLETE,OBSERVED_PATTERN,13160432,"[65148, 65149, 65150, 65151, 65152, 65153, 65154, 65155, 65156, 65157, 65158, 65159, 65160, 65161]","[80, 96, 80, 96, 192, 80, 192, 80, 192, 80, 96, 80, 80, 112]",WARM_SAME_SOURCE,True,174962688,focused,0.0003630130086094141,0.05092322698328644,0.18033364,0.026318013,0.002622722997330129,0.03114796500266987,0.007030052947811782,0.240576408,0.0,c6eb10fd6e633d796ce3e9dfd111b8a078a8e170b2c8a88f9aac6c4d12e991f2,"{""N"": 79, ""source_family"": ""N96_INDUCED_TRANSITION_LADDER_V1"", ""graph_hash"": ""8f842662e36b9b8a2364c5951d7fb9365d65b70a3c5ce128f50ba5cd472e9361"", ""source_hash"": ""52c770b6a8ed6f639d8ded5cf7726d339612662a322afafdd3bd79ab3b766ecd"", ""edges"": 162, ""degree_min"": 2, ""degree_max"": 5, ""degree_mean"": 4.10126582278481, ""degree_std"": 0.8508363228762562, ""components"": 1, ""component_sizes"": [79], ""max_component"": 79, ""local_assignments"": 604462909807314587353088, ""minfill_width"": 20, ""minfill_work"": 2931343, ""minfill_order"": [25, 60, 15, 20, 29, 0, 3, 6, 24, 32, 34, 37, 41, 51, 59, 64, 68, 8, 50, 1, 33, 42, 47, 62, 11, 66, 69, 48, 63, 67, 39, 16, 76, 56, 74, 23, 2, 7, 9, 77, 61, 17, 38, 58, 46, 73, 78, 12, 52, 27, 22, 19, 40, 10, 43, 65, 75, 30, 13, 54, 49, 4, 5, 14, 18, 21, 26, 28, 31, 35, 36, 44, 45, 53, 55, 57, 70, 71, 72], ""energy_bound"": 410, ""root_bound"": 512, ""crt_primes"": 3, ""arithmetic_burden"": 4502542848, ""coefficient_bound"": ""604462909807314587353088"", ""coupling_multiplicities"": {""3"": 32, ""-1"": 32, ""-2"": 27, ""1"": 32, ""-3"": 20, ""2"": 19}, ""symmetry"": ""not assumed"", ""degree_signature"": [2, 2, 3, 3, 3, 3, 3, 3, 3, 3, 3, 3, 3, 3, 3, 3, 3, 3, 3, 3, 3, 4, 4, 4, 4, 4, 4, 4, 4, 4, 4, 4, 4, 4, 4, 4, 4, 4, 4, 4, 4, 4, 4, 4, 4, 4, 4, 4, 5, 5, 5, 5, 5, 5, 5, 5, 5, 5, 5, 5, 5, 5, 5, 5, 5, 5, 5, 5, 5, 5, 5, 5, 5, 5, 5, 5, 5, 5, 5]}"
736d80936eadb892814046cd,N072,2c949e8f79d3db8e94006a1e043cf1865a85042263efe0e3794f0385ac4e8ff4,645ec4b5f11db7d843704080284a94872bc81e317cd1f3a9150949add7913874,N96_INDUCED_TRANSITION_LADDER_V1,f2f991d74dfbb2edf7f4475dcb7d82989de00a71e44bb11d4a6fbb49442577b6,"[0, 1, 2, 3]",0a97dafbbf7cec197eedf4a4e42a4a9c12016d00e6b90bbb1e3d91a527971fce,017641906e7f6fc870196e5ffd95c6cc58471502d4a162f385413926d500bcf0,tie_portfolio,COOP14_MIG_BRANCH_GROUP,1d2a6f95014703ca171206e42701c52355b89dab08ba0a9b72b3d193a3b620d4,COLD,FRESH_EXACT_SOLVE_WITH_INTERNAL_CHECKS_EXCLUDES_EXTERNAL_VERIFICATION,16,512,3,1,13,37446,8192,d5207e6b84fbabee961e83f3860a3bacaca585acd736c092903cacdfff692450,NUMPY_BATCHED_INVERSE_NTT_INTEGER_CRT,0,COMPLETE,OBSERVED_PATTERN,407280,"[67038, 67039, 67040, 67041, 67042, 67043, 67044, 67045, 67046, 67047, 67048, 67049, 67050, 67051]","[112, 112, 112, 112, 112, 112, 144, 112, 48, 112, 112, 112, 112, 112]",COLD_WORKER_INITIALIZATION,False,5459968,focused,1.2154007240897045,0.03728830604813993,10.947053542,0.033067513,0.005118316039443016,0.016709639960556983,0.007477834005840123,11.002108168,0.0,8b777c8d39398abd04cbe8f8f4708678831da85ebdd000cacf07d5dfe9606516,"{""N"": 72, ""source_family"": ""N96_INDUCED_TRANSITION_LADDER_V1"", ""graph_hash"": ""645ec4b5f11db7d843704080284a94872bc81e317cd1f3a9150949add7913874"", ""source_hash"": ""2c949e8f79d3db8e94006a1e043cf1865a85042263efe0e3794f0385ac4e8ff4"", ""edges"": 132, ""degree_min"": 1, ""degree_max"": 5, ""degree_mean"": 3.6666666666666665, ""degree_std"": 0.927960727138337, ""components"": 1, ""component_sizes"": [72], ""max_component"": 72, ""local_assignments"": 4722366482869645213696, ""minfill_width"": 13, ""minfill_work"": 43537, ""minfill_order"": [25, 1, 11, 62, 60, 15, 20, 29, 0, 3, 6, 23, 27, 31, 32, 34, 37, 39, 52, 41, 42, 43, 64, 48, 59, 68, 8, 50, 24, 17, 33, 38, 47, 66, 69, 7, 45, 63, 9, 70, 58, 18, 51, 61, 46, 16, 10, 2, 4, 5, 26, 12, 30, 65, 19, 14, 44, 54, 13, 21, 22, 28, 35, 36, 40, 49, 53, 55, 56, 57, 67, 71], ""energy_bound"": 349, ""root_bound"": 512, ""crt_primes"": 3, ""arithmetic_burden"": 66872832, ""coefficient_bound"": ""4722366482869645213696"", ""coupling_multiplicities"": {""3"": 30, ""-1"": 23, ""-2"": 23, ""1"": 24, ""-3"": 15, ""2"": 17}, ""symmetry"": ""not assumed"", ""degree_signature"": [1, 2, 2, 2, 2, 3, 3, 3, 3, 3, 3, 3, 3, 3, 3, 3, 3, 3, 3, 3, 3, 3, 3, 3, 3, 3, 3, 3, 3, 3, 3, 3, 3, 3, 4, 4, 4, 4, 4, 4, 4, 4, 4, 4, 4, 4, 4, 4, 4, 4, 4, 4, 4, 4, 4, 4, 5, 5, 5, 5, 5, 5, 5, 5, 5, 5, 5, 5, 5, 5, 5, 5]}"
736d80936eadb892814046cd,N072,2c949e8f79d3db8e94006a1e043cf1865a85042263efe0e3794f0385ac4e8ff4,645ec4b5f11db7d843704080284a94872bc81e317cd1f3a9150949add7913874,N96_INDUCED_TRANSITION_LADDER_V1,f2f991d74dfbb2edf7f4475dcb7d82989de00a71e44bb11d4a6fbb49442577b6,"[0, 1, 2, 3]",ca15183fe5eabb0db37077d72fae45c4b83d053fee5455030505268a5471c254,201a31d6dede642cf9bbd9f72a8a653fb2534f8923ec93e14d3aa20da407ea08,fresh_min_fill,COOP14_MIG_BRANCH_GROUP,1d2a6f95014703ca171206e42701c52355b89dab08ba0a9b72b3d193a3b620d4,WARM_NEW_PLAN,FRESH_EXACT_SOLVE_WITH_INTERNAL_CHECKS_EXCLUDES_EXTERNAL_VERIFICATION,16,512,3,1,13,63774,8192,d5207e6b84fbabee961e83f3860a3bacaca585acd736c092903cacdfff692450,NUMPY_BATCHED_INVERSE_NTT_INTEGER_CRT,0,COMPLETE,OBSERVED_PATTERN,704304,"[67038, 67039, 67040, 67041, 67042, 67043, 67044, 67045, 67046, 67047, 67048, 67049, 67050, 67051]","[144, 144, 96, 144, 96, 64, 96, 128, 128, 80, 80, 96, 144, 96]",WARM_NEW_PLAN,False,9397760,focused,1.2154007240897045,0.03728830604813993,0.049719871,0.018001895,0.002147510997019708,0.012950656002980291,0.006891465978696942,0.082951331,0.0,0e547af4be08831ea53231ef1943a9f93ff0bb3bd26d7b0fab407d1c4090bbda,"{""N"": 72, ""source_family"": ""N96_INDUCED_TRANSITION_LADDER_V1"", ""graph_hash"": ""645ec4b5f11db7d843704080284a94872bc81e317cd1f3a9150949add7913874"", ""source_hash"": ""2c949e8f79d3db8e94006a1e043cf1865a85042263efe0e3794f0385ac4e8ff4"", ""edges"": 132, ""degree_min"": 1, ""degree_max"": 5, ""degree_mean"": 3.6666666666666665, ""degree_std"": 0.927960727138337, ""components"": 1, ""component_sizes"": [72], ""max_component"": 72, ""local_assignments"": 4722366482869645213696, ""minfill_width"": 13, ""minfill_work"": 43537, ""minfill_order"": [25, 1, 11, 62, 60, 15, 20, 29, 0, 3, 6, 23, 27, 31, 32, 34, 37, 39, 52, 41, 42, 43, 64, 48, 59, 68, 8, 50, 24, 17, 33, 38, 47, 66, 69, 7, 45, 63, 9, 70, 58, 18, 51, 61, 46, 16, 10, 2, 4, 5, 26, 12, 30, 65, 19, 14, 44, 54, 13, 21, 22, 28, 35, 36, 40, 49, 53, 55, 56, 57, 67, 71], ""energy_bound"": 349, ""root_bound"": 512, ""crt_primes"": 3, ""arithmetic_burden"": 66872832, ""coefficient_bound"": ""4722366482869645213696"", ""coupling_multiplicities"": {""3"": 30, ""-1"": 23, ""-2"": 23, ""1"": 24, ""-3"": 15, ""2"": 17}, ""symmetry"": ""not assumed"", ""degree_signature"": [1, 2, 2, 2, 2, 3, 3, 3, 3, 3, 3, 3, 3, 3, 3, 3, 3, 3, 3, 3, 3, 3, 3, 3, 3, 3, 3, 3, 3, 3, 3, 3, 3, 3, 4, 4, 4, 4, 4, 4, 4, 4, 4, 4, 4, 4, 4, 4, 4, 4, 4, 4, 4, 4, 4, 4, 5, 5, 5, 5, 5, 5, 5, 5, 5, 5, 5, 5, 5, 5, 5, 5]}"
736d80936eadb892814046cd,N072,2c949e8f79d3db8e94006a1e043cf1865a85042263efe0e3794f0385ac4e8ff4,645ec4b5f11db7d843704080284a94872bc81e317cd1f3a9150949add7913874,N96_INDUCED_TRANSITION_LADDER_V1,f2f991d74dfbb2edf7f4475dcb7d82989de00a71e44bb11d4a6fbb49442577b6,"[0, 1, 2, 3]",ca15183fe5eabb0db37077d72fae45c4b83d053fee5455030505268a5471c254,201a31d6dede642cf9bbd9f72a8a653fb2534f8923ec93e14d3aa20da407ea08,fresh_min_fill,COOP14_MIG_BRANCH_GROUP,1d2a6f95014703ca171206e42701c52355b89dab08ba0a9b72b3d193a3b620d4,WARM_SAME_SOURCE,FRESH_EXACT_SOLVE_WITH_INTERNAL_CHECKS_EXCLUDES_EXTERNAL_VERIFICATION,16,512,3,1,13,63774,8192,d5207e6b84fbabee961e83f3860a3bacaca585acd736c092903cacdfff692450,NUMPY_BATCHED_INVERSE_NTT_INTEGER_CRT,1,COMPLETE,OBSERVED_PATTERN,704304,"[67038, 67039, 67040, 67041, 67042, 67043, 67044, 67045, 67046, 67047, 67048, 67049, 67050, 67051]","[80, 144, 144, 144, 64, 64, 144, 96, 112, 96, 128, 96, 128, 96]",WARM_SAME_SOURCE,True,9397760,focused,1.2154007240897045,0.03728830604813993,0.050734634,0.01824526,0.0033210398396477103,0.012998945160352288,0.03889359789900482,0.085402237,0.0,0e547af4be08831ea53231ef1943a9f93ff0bb3bd26d7b0fab407d1c4090bbda,"{""N"": 72, ""source_family"": ""N96_INDUCED_TRANSITION_LADDER_V1"", ""graph_hash"": ""645ec4b5f11db7d843704080284a94872bc81e317cd1f3a9150949add7913874"", ""source_hash"": ""2c949e8f79d3db8e94006a1e043cf1865a85042263efe0e3794f0385ac4e8ff4"", ""edges"": 132, ""degree_min"": 1, ""degree_max"": 5, ""degree_mean"": 3.6666666666666665, ""degree_std"": 0.927960727138337, ""components"": 1, ""component_sizes"": [72], ""max_component"": 72, ""local_assignments"": 4722366482869645213696, ""minfill_width"": 13, ""minfill_work"": 43537, ""minfill_order"": [25, 1, 11, 62, 60, 15, 20, 29, 0, 3, 6, 23, 27, 31, 32, 34, 37, 39, 52, 41, 42, 43, 64, 48, 59, 68, 8, 50, 24, 17, 33, 38, 47, 66, 69, 7, 45, 63, 9, 70, 58, 18, 51, 61, 46, 16, 10, 2, 4, 5, 26, 12, 30, 65, 19, 14, 44, 54, 13, 21, 22, 28, 35, 36, 40, 49, 53, 55, 56, 57, 67, 71], ""energy_bound"": 349, ""root_bound"": 512, ""crt_primes"": 3, ""arithmetic_burden"": 66872832, ""coefficient_bound"": ""4722366482869645213696"", ""coupling_multiplicities"": {""3"": 30, ""-1"": 23, ""-2"": 23, ""1"": 24, ""-3"": 15, ""2"": 17}, ""symmetry"": ""not assumed"", ""degree_signature"": [1, 2, 2, 2, 2, 3, 3, 3, 3, 3, 3, 3, 3, 3, 3, 3, 3, 3, 3, 3, 3, 3, 3, 3, 3, 3, 3, 3, 3, 3, 3, 3, 3, 3, 4, 4, 4, 4, 4, 4, 4, 4, 4, 4, 4, 4, 4, 4, 4, 4, 4, 4, 4, 4, 4, 4, 5, 5, 5, 5, 5, 5, 5, 5, 5, 5, 5, 5, 5, 5, 5, 5]}"
736d80936eadb892814046cd,N072,2c949e8f79d3db8e94006a1e043cf1865a85042263efe0e3794f0385ac4e8ff4,645ec4b5f11db7d843704080284a94872bc81e317cd1f3a9150949add7913874,N96_INDUCED_TRANSITION_LADDER_V1,f2f991d74dfbb2edf7f4475dcb7d82989de00a71e44bb11d4a6fbb49442577b6,"[0, 1, 2, 3]",0a97dafbbf7cec197eedf4a4e42a4a9c12016d00e6b90bbb1e3d91a527971fce,017641906e7f6fc870196e5ffd95c6cc58471502d4a162f385413926d500bcf0,tie_portfolio,COOP14_MIG_BRANCH_GROUP,1d2a6f95014703ca171206e42701c52355b89dab08ba0a9b72b3d193a3b620d4,WARM_NEW_PLAN,FRESH_EXACT_SOLVE_WITH_INTERNAL_CHECKS_EXCLUDES_EXTERNAL_VERIFICATION,16,512,3,1,13,37446,8192,d5207e6b84fbabee961e83f3860a3bacaca585acd736c092903cacdfff692450,NUMPY_BATCHED_INVERSE_NTT_INTEGER_CRT,1,COMPLETE,OBSERVED_PATTERN,407280,"[67038, 67039, 67040, 67041, 67042, 67043, 67044, 67045, 67046, 67047, 67048, 67049, 67050, 67051]","[112, 144, 112, 80, 80, 96, 80, 112, 160, 80, 160, 96, 112, 112]",WARM_NEW_PLAN,True,6027776,focused,1.2154007240897045,0.03728830604813993,0.069301398,0.023549514,0.0019543750677257776,0.008649133932274223,0.005665968055836856,0.103531199,0.0,8b777c8d39398abd04cbe8f8f4708678831da85ebdd000cacf07d5dfe9606516,"{""N"": 72, ""source_family"": ""N96_INDUCED_TRANSITION_LADDER_V1"", ""graph_hash"": ""645ec4b5f11db7d843704080284a94872bc81e317cd1f3a9150949add7913874"", ""source_hash"": ""2c949e8f79d3db8e94006a1e043cf1865a85042263efe0e3794f0385ac4e8ff4"", ""edges"": 132, ""degree_min"": 1, ""degree_max"": 5, ""degree_mean"": 3.6666666666666665, ""degree_std"": 0.927960727138337, ""components"": 1, ""component_sizes"": [72], ""max_component"": 72, ""local_assignments"": 4722366482869645213696, ""minfill_width"": 13, ""minfill_work"": 43537, ""minfill_order"": [25, 1, 11, 62, 60, 15, 20, 29, 0, 3, 6, 23, 27, 31, 32, 34, 37, 39, 52, 41, 42, 43, 64, 48, 59, 68, 8, 50, 24, 17, 33, 38, 47, 66, 69, 7, 45, 63, 9, 70, 58, 18, 51, 61, 46, 16, 10, 2, 4, 5, 26, 12, 30, 65, 19, 14, 44, 54, 13, 21, 22, 28, 35, 36, 40, 49, 53, 55, 56, 57, 67, 71], ""energy_bound"": 349, ""root_bound"": 512, ""crt_primes"": 3, ""arithmetic_burden"": 66872832, ""coefficient_bound"": ""4722366482869645213696"", ""coupling_multiplicities"": {""3"": 30, ""-1"": 23, ""-2"": 23, ""1"": 24, ""-3"": 15, ""2"": 17}, ""symmetry"": ""not assumed"", ""degree_signature"": [1, 2, 2, 2, 2, 3, 3, 3, 3, 3, 3, 3, 3, 3, 3, 3, 3, 3, 3, 3, 3, 3, 3, 3, 3, 3, 3, 3, 3, 3, 3, 3, 3, 3, 4, 4, 4, 4, 4, 4, 4, 4, 4, 4, 4, 4, 4, 4, 4, 4, 4, 4, 4, 4, 4, 4, 5, 5, 5, 5, 5, 5, 5, 5, 5, 5, 5, 5, 5, 5, 5, 5]}"
736d80936eadb892814046cd,N072,2c949e8f79d3db8e94006a1e043cf1865a85042263efe0e3794f0385ac4e8ff4,645ec4b5f11db7d843704080284a94872bc81e317cd1f3a9150949add7913874,N96_INDUCED_TRANSITION_LADDER_V1,f2f991d74dfbb2edf7f4475dcb7d82989de00a71e44bb11d4a6fbb49442577b6,"[0, 1, 2, 3]",0a97dafbbf7cec197eedf4a4e42a4a9c12016d00e6b90bbb1e3d91a527971fce,017641906e7f6fc870196e5ffd95c6cc58471502d4a162f385413926d500bcf0,tie_portfolio,COOP14_MIG_BRANCH_GROUP,1d2a6f95014703ca171206e42701c52355b89dab08ba0a9b72b3d193a3b620d4,WARM_SAME_SOURCE,FRESH_EXACT_SOLVE_WITH_INTERNAL_CHECKS_EXCLUDES_EXTERNAL_VERIFICATION,16,512,3,1,13,37446,8192,d5207e6b84fbabee961e83f3860a3bacaca585acd736c092903cacdfff692450,NUMPY_BATCHED_INVERSE_NTT_INTEGER_CRT,2,COMPLETE,OBSERVED_PATTERN,407280,"[67038, 67039, 67040, 67041, 67042, 67043, 67044, 67045, 67046, 67047, 67048, 67049, 67050, 67051]","[80, 96, 96, 64, 64, 80, 128, 160, 96, 144, 128, 96, 144, 160]",WARM_SAME_SOURCE,True,6027776,focused,1.2154007240897045,0.03728830604813993,0.062073779,0.020049838,0.0033003889257088304,0.01418953507429117,0.006709967972710729,0.099766108,0.0,8b777c8d39398abd04cbe8f8f4708678831da85ebdd000cacf07d5dfe9606516,"{""N"": 72, ""source_family"": ""N96_INDUCED_TRANSITION_LADDER_V1"", ""graph_hash"": ""645ec4b5f11db7d843704080284a94872bc81e317cd1f3a9150949add7913874"", ""source_hash"": ""2c949e8f79d3db8e94006a1e043cf1865a85042263efe0e3794f0385ac4e8ff4"", ""edges"": 132, ""degree_min"": 1, ""degree_max"": 5, ""degree_mean"": 3.6666666666666665, ""degree_std"": 0.927960727138337, ""components"": 1, ""component_sizes"": [72], ""max_component"": 72, ""local_assignments"": 4722366482869645213696, ""minfill_width"": 13, ""minfill_work"": 43537, ""minfill_order"": [25, 1, 11, 62, 60, 15, 20, 29, 0, 3, 6, 23, 27, 31, 32, 34, 37, 39, 52, 41, 42, 43, 64, 48, 59, 68, 8, 50, 24, 17, 33, 38, 47, 66, 69, 7, 45, 63, 9, 70, 58, 18, 51, 61, 46, 16, 10, 2, 4, 5, 26, 12, 30, 65, 19, 14, 44, 54, 13, 21, 22, 28, 35, 36, 40, 49, 53, 55, 56, 57, 67, 71], ""energy_bound"": 349, ""root_bound"": 512, ""crt_primes"": 3, ""arithmetic_burden"": 66872832, ""coefficient_bound"": ""4722366482869645213696"", ""coupling_multiplicities"": {""3"": 30, ""-1"": 23, ""-2"": 23, ""1"": 24, ""-3"": 15, ""2"": 17}, ""symmetry"": ""not assumed"", ""degree_signature"": [1, 2, 2, 2, 2, 3, 3, 3, 3, 3, 3, 3, 3, 3, 3, 3, 3, 3, 3, 3, 3, 3, 3, 3, 3, 3, 3, 3, 3, 3, 3, 3, 3, 3, 4, 4, 4, 4, 4, 4, 4, 4, 4, 4, 4, 4, 4, 4, 4, 4, 4, 4, 4, 4, 4, 4, 5, 5, 5, 5, 5, 5, 5, 5, 5, 5, 5, 5, 5, 5, 5, 5]}"
736d80936eadb892814046cd,N072,2c949e8f79d3db8e94006a1e043cf1865a85042263efe0e3794f0385ac4e8ff4,645ec4b5f11db7d843704080284a94872bc81e317cd1f3a9150949add7913874,N96_INDUCED_TRANSITION_LADDER_V1,f2f991d74dfbb2edf7f4475dcb7d82989de00a71e44bb11d4a6fbb49442577b6,"[0, 1, 2, 3]",ca15183fe5eabb0db37077d72fae45c4b83d053fee5455030505268a5471c254,201a31d6dede642cf9bbd9f72a8a653fb2534f8923ec93e14d3aa20da407ea08,fresh_min_fill,COOP14_MIG_BRANCH_GROUP,1d2a6f95014703ca171206e42701c52355b89dab08ba0a9b72b3d193a3b620d4,WARM_NEW_PLAN,FRESH_EXACT_SOLVE_WITH_INTERNAL_CHECKS_EXCLUDES_EXTERNAL_VERIFICATION,16,512,3,1,13,63774,8192,d5207e6b84fbabee961e83f3860a3bacaca585acd736c092903cacdfff692450,NUMPY_BATCHED_INVERSE_NTT_INTEGER_CRT,2,COMPLETE,OBSERVED_PATTERN,704304,"[67038, 67039, 67040, 67041, 67042, 67043, 67044, 67045, 67046, 67047, 67048, 67049, 67050, 67051]","[160, 160, 96, 80, 64, 80, 112, 112, 160, 128, 96, 96, 80, 112]",WARM_NEW_PLAN,True,9397760,focused,1.2154007240897045,0.03728830604813993,0.052105989,0.02268003,0.003346719895489514,0.014343241104510487,0.00672606797888875,0.092616777,0.0,0e547af4be08831ea53231ef1943a9f93ff0bb3bd26d7b0fab407d1c4090bbda,"{""N"": 72, ""source_family"": ""N96_INDUCED_TRANSITION_LADDER_V1"", ""graph_hash"": ""645ec4b5f11db7d843704080284a94872bc81e317cd1f3a9150949add7913874"", ""source_hash"": ""2c949e8f79d3db8e94006a1e043cf1865a85042263efe0e3794f0385ac4e8ff4"", ""edges"": 132, ""degree_min"": 1, ""degree_max"": 5, ""degree_mean"": 3.6666666666666665, ""degree_std"": 0.927960727138337, ""components"": 1, ""component_sizes"": [72], ""max_component"": 72, ""local_assignments"": 4722366482869645213696, ""minfill_width"": 13, ""minfill_work"": 43537, ""minfill_order"": [25, 1, 11, 62, 60, 15, 20, 29, 0, 3, 6, 23, 27, 31, 32, 34, 37, 39, 52, 41, 42, 43, 64, 48, 59, 68, 8, 50, 24, 17, 33, 38, 47, 66, 69, 7, 45, 63, 9, 70, 58, 18, 51, 61, 46, 16, 10, 2, 4, 5, 26, 12, 30, 65, 19, 14, 44, 54, 13, 21, 22, 28, 35, 36, 40, 49, 53, 55, 56, 57, 67, 71], ""energy_bound"": 349, ""root_bound"": 512, ""crt_primes"": 3, ""arithmetic_burden"": 66872832, ""coefficient_bound"": ""4722366482869645213696"", ""coupling_multiplicities"": {""3"": 30, ""-1"": 23, ""-2"": 23, ""1"": 24, ""-3"": 15, ""2"": 17}, ""symmetry"": ""not assumed"", ""degree_signature"": [1, 2, 2, 2, 2, 3, 3, 3, 3, 3, 3, 3, 3, 3, 3, 3, 3, 3, 3, 3, 3, 3, 3, 3, 3, 3, 3, 3, 3, 3, 3, 3, 3, 3, 4, 4, 4, 4, 4, 4, 4, 4, 4, 4, 4, 4, 4, 4, 4, 4, 4, 4, 4, 4, 4, 4, 5, 5, 5, 5, 5, 5, 5, 5, 5, 5, 5, 5, 5, 5, 5, 5]}"
736d80936eadb892814046cd,N072,2c949e8f79d3db8e94006a1e043cf1865a85042263efe0e3794f0385ac4e8ff4,645ec4b5f11db7d843704080284a94872bc81e317cd1f3a9150949add7913874,N96_INDUCED_TRANSITION_LADDER_V1,f2f991d74dfbb2edf7f4475dcb7d82989de00a71e44bb11d4a6fbb49442577b6,"[0, 1, 2, 3]",ca15183fe5eabb0db37077d72fae45c4b83d053fee5455030505268a5471c254,201a31d6dede642cf9bbd9f72a8a653fb2534f8923ec93e14d3aa20da407ea08,fresh_min_fill,COOP14_MIG_BRANCH_GROUP,1d2a6f95014703ca171206e42701c52355b89dab08ba0a9b72b3d193a3b620d4,WARM_SAME_SOURCE,FRESH_EXACT_SOLVE_WITH_INTERNAL_CHECKS_EXCLUDES_EXTERNAL_VERIFICATION,16,512,3,1,13,63774,8192,d5207e6b84fbabee961e83f3860a3bacaca585acd736c092903cacdfff692450,NUMPY_BATCHED_INVERSE_NTT_INTEGER_CRT,3,COMPLETE,OBSERVED_PATTERN,704304,"[67038, 67039, 67040, 67041, 67042, 67043, 67044, 67045, 67046, 67047, 67048, 67049, 67050, 67051]","[112, 160, 80, 96, 80, 112, 112, 112, 160, 112, 80, 96, 112, 112]",WARM_SAME_SOURCE,True,9397760,focused,1.2154007240897045,0.03728830604813993,0.057127158,0.024767653,0.004172104061581194,0.013829709938418807,0.005784656037576497,0.100035583,0.0,0e547af4be08831ea53231ef1943a9f93ff0bb3bd26d7b0fab407d1c4090bbda,"{""N"": 72, ""source_family"": ""N96_INDUCED_TRANSITION_LADDER_V1"", ""graph_hash"": ""645ec4b5f11db7d843704080284a94872bc81e317cd1f3a9150949add7913874"", ""source_hash"": ""2c949e8f79d3db8e94006a1e043cf1865a85042263efe0e3794f0385ac4e8ff4"", ""edges"": 132, ""degree_min"": 1, ""degree_max"": 5, ""degree_mean"": 3.6666666666666665, ""degree_std"": 0.927960727138337, ""components"": 1, ""component_sizes"": [72], ""max_component"": 72, ""local_assignments"": 4722366482869645213696, ""minfill_width"": 13, ""minfill_work"": 43537, ""minfill_order"": [25, 1, 11, 62, 60, 15, 20, 29, 0, 3, 6, 23, 27, 31, 32, 34, 37, 39, 52, 41, 42, 43, 64, 48, 59, 68, 8, 50, 24, 17, 33, 38, 47, 66, 69, 7, 45, 63, 9, 70, 58, 18, 51, 61, 46, 16, 10, 2, 4, 5, 26, 12, 30, 65, 19, 14, 44, 54, 13, 21, 22, 28, 35, 36, 40, 49, 53, 55, 56, 57, 67, 71], ""energy_bound"": 349, ""root_bound"": 512, ""crt_primes"": 3, ""arithmetic_burden"": 66872832, ""coefficient_bound"": ""4722366482869645213696"", ""coupling_multiplicities"": {""3"": 30, ""-1"": 23, ""-2"": 23, ""1"": 24, ""-3"": 15, ""2"": 17}, ""symmetry"": ""not assumed"", ""degree_signature"": [1, 2, 2, 2, 2, 3, 3, 3, 3, 3, 3, 3, 3, 3, 3, 3, 3, 3, 3, 3, 3, 3, 3, 3, 3, 3, 3, 3, 3, 3, 3, 3, 3, 3, 4, 4, 4, 4, 4, 4, 4, 4, 4, 4, 4, 4, 4, 4, 4, 4, 4, 4, 4, 4, 4, 4, 5, 5, 5, 5, 5, 5, 5, 5, 5, 5, 5, 5, 5, 5, 5, 5]}"
736d80936eadb892814046cd,N072,2c949e8f79d3db8e94006a1e043cf1865a85042263efe0e3794f0385ac4e8ff4,645ec4b5f11db7d843704080284a94872bc81e317cd1f3a9150949add7913874,N96_INDUCED_TRANSITION_LADDER_V1,f2f991d74dfbb2edf7f4475dcb7d82989de00a71e44bb11d4a6fbb49442577b6,"[0, 1, 2, 3]",0a97dafbbf7cec197eedf4a4e42a4a9c12016d00e6b90bbb1e3d91a527971fce,017641906e7f6fc870196e5ffd95c6cc58471502d4a162f385413926d500bcf0,tie_portfolio,COOP14_MIG_BRANCH_GROUP,1d2a6f95014703ca171206e42701c52355b89dab08ba0a9b72b3d193a3b620d4,WARM_NEW_PLAN,FRESH_EXACT_SOLVE_WITH_INTERNAL_CHECKS_EXCLUDES_EXTERNAL_VERIFICATION,16,512,3,1,13,37446,8192,d5207e6b84fbabee961e83f3860a3bacaca585acd736c092903cacdfff692450,NUMPY_BATCHED_INVERSE_NTT_INTEGER_CRT,3,COMPLETE,OBSERVED_PATTERN,407280,"[67038, 67039, 67040, 67041, 67042, 67043, 67044, 67045, 67046, 67047, 67048, 67049, 67050, 67051]","[96, 144, 96, 96, 96, 64, 96, 160, 144, 96, 96, 96, 96, 160]",WARM_NEW_PLAN,True,6027776,focused,1.2154007240897045,0.03728830604813993,0.052718328,0.015613308,0.0019326049368828535,0.008764781063117146,0.005754516925662756,0.079119421,0.0,8b777c8d39398abd04cbe8f8f4708678831da85ebdd000cacf07d5dfe9606516,"{""N"": 72, ""source_family"": ""N96_INDUCED_TRANSITION_LADDER_V1"", ""graph_hash"": ""645ec4b5f11db7d843704080284a94872bc81e317cd1f3a9150949add7913874"", ""source_hash"": ""2c949e8f79d3db8e94006a1e043cf1865a85042263efe0e3794f0385ac4e8ff4"", ""edges"": 132, ""degree_min"": 1, ""degree_max"": 5, ""degree_mean"": 3.6666666666666665, ""degree_std"": 0.927960727138337, ""components"": 1, ""component_sizes"": [72], ""max_component"": 72, ""local_assignments"": 4722366482869645213696, ""minfill_width"": 13, ""minfill_work"": 43537, ""minfill_order"": [25, 1, 11, 62, 60, 15, 20, 29, 0, 3, 6, 23, 27, 31, 32, 34, 37, 39, 52, 41, 42, 43, 64, 48, 59, 68, 8, 50, 24, 17, 33, 38, 47, 66, 69, 7, 45, 63, 9, 70, 58, 18, 51, 61, 46, 16, 10, 2, 4, 5, 26, 12, 30, 65, 19, 14, 44, 54, 13, 21, 22, 28, 35, 36, 40, 49, 53, 55, 56, 57, 67, 71], ""energy_bound"": 349, ""root_bound"": 512, ""crt_primes"": 3, ""arithmetic_burden"": 66872832, ""coefficient_bound"": ""4722366482869645213696"", ""coupling_multiplicities"": {""3"": 30, ""-1"": 23, ""-2"": 23, ""1"": 24, ""-3"": 15, ""2"": 17}, ""symmetry"": ""not assumed"", ""degree_signature"": [1, 2, 2, 2, 2, 3, 3, 3, 3, 3, 3, 3, 3, 3, 3, 3, 3, 3, 3, 3, 3, 3, 3, 3, 3, 3, 3, 3, 3, 3, 3, 3, 3, 3, 4, 4, 4, 4, 4, 4, 4, 4, 4, 4, 4, 4, 4, 4, 4, 4, 4, 4, 4, 4, 4, 4, 5, 5, 5, 5, 5, 5, 5, 5, 5, 5, 5, 5, 5, 5, 5, 5]}"
087bbe09f30c9beb59e890b6,N076,db2d54839968fc1ad2e4c6ec326f500fecae660096c6cf38996a5a0d691d79bb,a031b239aa72e1a784a0443d2dc69c17a0e958d2a31452ac7860dfab532e1c1d,N96_INDUCED_TRANSITION_LADDER_V1,f2f991d74dfbb2edf7f4475dcb7d82989de00a71e44bb11d4a6fbb49442577b6,"[0, 1, 2, 3]",4cc31e72f7986e518d00a4493a7bc91cb31fae79bb95bb5cbd0d73c3d9fd4924,e7d88893bbae05b9d1b2be2c9f067b0ae1870d2e49417ab0aa3f66dd8e918d16,fresh_min_fill,COOP14_MIG_BRANCH_GROUP,1d2a6f95014703ca171206e42701c52355b89dab08ba0a9b72b3d193a3b620d4,WARM_NEW_SOURCE,FRESH_EXACT_SOLVE_WITH_INTERNAL_CHECKS_EXCLUDES_EXTERNAL_VERIFICATION,16,512,3,1,15,178388,32768,d5207e6b84fbabee961e83f3860a3bacaca585acd736c092903cacdfff692450,NUMPY_BATCHED_INVERSE_NTT_INTEGER_CRT,0,COMPLETE,OBSERVED_PATTERN,2166064,"[67038, 67039, 67040, 67041, 67042, 67043, 67044, 67045, 67046, 67047, 67048, 67049, 67050, 67051]","[80, 144, 144, 64, 144, 64, 128, 96, 96, 144, 144, 144, 64, 80]",WARM_NEW_SOURCE,False,26147840,focused,0.00028100505005568266,0.011985393008217216,0.064550324,0.024278161,0.005333713139407337,0.015961651860592663,0.007292388007044792,0.110307377,0.0,5ec1fc23182a2f0ffc1c66d651bcc794b448fb808164798e64dfe3ddb42bde62,"{""N"": 76, ""source_family"": ""N96_INDUCED_TRANSITION_LADDER_V1"", ""graph_hash"": ""a031b239aa72e1a784a0443d2dc69c17a0e958d2a31452ac7860dfab532e1c1d"", ""source_hash"": ""db2d54839968fc1ad2e4c6ec326f500fecae660096c6cf38996a5a0d691d79bb"", ""edges"": 149, ""degree_min"": 2, ""degree_max"": 5, ""degree_mean"": 3.9210526315789473, ""degree_std"": 0.8850090379368546, ""components"": 1, ""component_sizes"": [76], ""max_component"": 76, ""local_assignments"": 75557863725914323419136, ""minfill_width"": 15, ""minfill_work"": 156843, ""minfill_order"": [25, 60, 62, 15, 20, 29, 0, 3, 6, 24, 31, 32, 34, 37, 41, 42, 51, 59, 64, 68, 75, 8, 50, 1, 28, 33, 43, 47, 66, 69, 45, 48, 67, 73, 54, 27, 19, 23, 58, 4, 46, 39, 52, 70, 12, 5, 11, 40, 9, 63, 2, 7, 10, 26, 61, 65, 16, 30, 44, 14, 13, 17, 18, 21, 22, 35, 36, 38, 49, 53, 55, 56, 57, 71, 72, 74], ""energy_bound"": 384, ""root_bound"": 512, ""crt_primes"": 3, ""arithmetic_burden"": 240910848, ""coefficient_bound"": ""75557863725914323419136"", ""coupling_multiplicities"": {""3"": 32, ""-1"": 27, ""-2"": 26, ""1"": 29, ""-3"": 18, ""2"": 17}, ""symmetry"": ""not assumed"", ""degree_signature"": [2, 2, 2, 3, 3, 3, 3, 3, 3, 3, 3, 3, 3, 3, 3, 3, 3, 3, 3, 3, 3, 3, 3, 3, 3, 3, 3, 4, 4, 4, 4, 4, 4, 4, 4, 4, 4, 4, 4, 4, 4, 4, 4, 4, 4, 4, 4, 4, 4, 4, 4, 4, 5, 5, 5, 5, 5, 5, 5, 5, 5, 5, 5, 5, 5, 5, 5, 5, 5, 5, 5, 5, 5, 5, 5, 5]}"
087bbe09f30c9beb59e890b6,N076,db2d54839968fc1ad2e4c6ec326f500fecae660096c6cf38996a5a0d691d79bb,a031b239aa72e1a784a0443d2dc69c17a0e958d2a31452ac7860dfab532e1c1d,N96_INDUCED_TRANSITION_LADDER_V1,f2f991d74dfbb2edf7f4475dcb7d82989de00a71e44bb11d4a6fbb49442577b6,"[0, 1, 2, 3]",4cc31e72f7986e518d00a4493a7bc91cb31fae79bb95bb5cbd0d73c3d9fd4924,e7d88893bbae05b9d1b2be2c9f067b0ae1870d2e49417ab0aa3f66dd8e918d16,fresh_min_fill,COOP14_MIG_BRANCH_GROUP,1d2a6f95014703ca171206e42701c52355b89dab08ba0a9b72b3d193a3b620d4,WARM_SAME_SOURCE,FRESH_EXACT_SOLVE_WITH_INTERNAL_CHECKS_EXCLUDES_EXTERNAL_VERIFICATION,16,512,3,1,15,178388,32768,d5207e6b84fbabee961e83f3860a3bacaca585acd736c092903cacdfff692450,NUMPY_BATCHED_INVERSE_NTT_INTEGER_CRT,1,COMPLETE,OBSERVED_PATTERN,2166064,"[67038, 67039, 67040, 67041, 67042, 67043, 67044, 67045, 67046, 67047, 67048, 67049, 67050, 67051]","[80, 112, 128, 64, 64, 112, 128, 128, 96, 128, 128, 128, 128, 112]",WARM_SAME_SOURCE,True,26147840,focused,0.00028100505005568266,0.011985393008217216,0.07143733,0.013796801,0.0019286050228402019,0.008606064977159798,0.006302395951934159,0.095850519,0.0,5ec1fc23182a2f0ffc1c66d651bcc794b448fb808164798e64dfe3ddb42bde62,"{""N"": 76, ""source_family"": ""N96_INDUCED_TRANSITION_LADDER_V1"", ""graph_hash"": ""a031b239aa72e1a784a0443d2dc69c17a0e958d2a31452ac7860dfab532e1c1d"", ""source_hash"": ""db2d54839968fc1ad2e4c6ec326f500fecae660096c6cf38996a5a0d691d79bb"", ""edges"": 149, ""degree_min"": 2, ""degree_max"": 5, ""degree_mean"": 3.9210526315789473, ""degree_std"": 0.8850090379368546, ""components"": 1, ""component_sizes"": [76], ""max_component"": 76, ""local_assignments"": 75557863725914323419136, ""minfill_width"": 15, ""minfill_work"": 156843, ""minfill_order"": [25, 60, 62, 15, 20, 29, 0, 3, 6, 24, 31, 32, 34, 37, 41, 42, 51, 59, 64, 68, 75, 8, 50, 1, 28, 33, 43, 47, 66, 69, 45, 48, 67, 73, 54, 27, 19, 23, 58, 4, 46, 39, 52, 70, 12, 5, 11, 40, 9, 63, 2, 7, 10, 26, 61, 65, 16, 30, 44, 14, 13, 17, 18, 21, 22, 35, 36, 38, 49, 53, 55, 56, 57, 71, 72, 74], ""energy_bound"": 384, ""root_bound"": 512, ""crt_primes"": 3, ""arithmetic_burden"": 240910848, ""coefficient_bound"": ""75557863725914323419136"", ""coupling_multiplicities"": {""3"": 32, ""-1"": 27, ""-2"": 26, ""1"": 29, ""-3"": 18, ""2"": 17}, ""symmetry"": ""not assumed"", ""degree_signature"": [2, 2, 2, 3, 3, 3, 3, 3, 3, 3, 3, 3, 3, 3, 3, 3, 3, 3, 3, 3, 3, 3, 3, 3, 3, 3, 3, 4, 4, 4, 4, 4, 4, 4, 4, 4, 4, 4, 4, 4, 4, 4, 4, 4, 4, 4, 4, 4, 4, 4, 4, 4, 5, 5, 5, 5, 5, 5, 5, 5, 5, 5, 5, 5, 5, 5, 5, 5, 5, 5, 5, 5, 5, 5, 5, 5]}"
087bbe09f30c9beb59e890b6,N076,db2d54839968fc1ad2e4c6ec326f500fecae660096c6cf38996a5a0d691d79bb,a031b239aa72e1a784a0443d2dc69c17a0e958d2a31452ac7860dfab532e1c1d,N96_INDUCED_TRANSITION_LADDER_V1,f2f991d74dfbb2edf7f4475dcb7d82989de00a71e44bb11d4a6fbb49442577b6,"[0, 1, 2, 3]",4cc31e72f7986e518d00a4493a7bc91cb31fae79bb95bb5cbd0d73c3d9fd4924,e7d88893bbae05b9d1b2be2c9f067b0ae1870d2e49417ab0aa3f66dd8e918d16,fresh_min_fill,COOP14_MIG_BRANCH_GROUP,1d2a6f95014703ca171206e42701c52355b89dab08ba0a9b72b3d193a3b620d4,WARM_SAME_SOURCE,FRESH_EXACT_SOLVE_WITH_INTERNAL_CHECKS_EXCLUDES_EXTERNAL_VERIFICATION,16,512,3,1,15,178388,32768,d5207e6b84fbabee961e83f3860a3bacaca585acd736c092903cacdfff692450,NUMPY_BATCHED_INVERSE_NTT_INTEGER_CRT,2,COMPLETE,OBSERVED_PATTERN,2166064,"[67038, 67039, 67040, 67041, 67042, 67043, 67044, 67045, 67046, 67047, 67048, 67049, 67050, 67051]","[112, 112, 112, 80, 80, 80, 128, 112, 112, 128, 128, 112, 112, 128]",WARM_SAME_SOURCE,True,26147840,focused,0.00028100505005568266,0.011985393008217216,0.067115158,0.013515986,0.0019646750297397375,0.008610833970260263,0.02732687594834715,0.091299061,0.0,5ec1fc23182a2f0ffc1c66d651bcc794b448fb808164798e64dfe3ddb42bde62,"{""N"": 76, ""source_family"": ""N96_INDUCED_TRANSITION_LADDER_V1"", ""graph_hash"": ""a031b239aa72e1a784a0443d2dc69c17a0e958d2a31452ac7860dfab532e1c1d"", ""source_hash"": ""db2d54839968fc1ad2e4c6ec326f500fecae660096c6cf38996a5a0d691d79bb"", ""edges"": 149, ""degree_min"": 2, ""degree_max"": 5, ""degree_mean"": 3.9210526315789473, ""degree_std"": 0.8850090379368546, ""components"": 1, ""component_sizes"": [76], ""max_component"": 76, ""local_assignments"": 75557863725914323419136, ""minfill_width"": 15, ""minfill_work"": 156843, ""minfill_order"": [25, 60, 62, 15, 20, 29, 0, 3, 6, 24, 31, 32, 34, 37, 41, 42, 51, 59, 64, 68, 75, 8, 50, 1, 28, 33, 43, 47, 66, 69, 45, 48, 67, 73, 54, 27, 19, 23, 58, 4, 46, 39, 52, 70, 12, 5, 11, 40, 9, 63, 2, 7, 10, 26, 61, 65, 16, 30, 44, 14, 13, 17, 18, 21, 22, 35, 36, 38, 49, 53, 55, 56, 57, 71, 72, 74], ""energy_bound"": 384, ""root_bound"": 512, ""crt_primes"": 3, ""arithmetic_burden"": 240910848, ""coefficient_bound"": ""75557863725914323419136"", ""coupling_multiplicities"": {""3"": 32, ""-1"": 27, ""-2"": 26, ""1"": 29, ""-3"": 18, ""2"": 17}, ""symmetry"": ""not assumed"", ""degree_signature"": [2, 2, 2, 3, 3, 3, 3, 3, 3, 3, 3, 3, 3, 3, 3, 3, 3, 3, 3, 3, 3, 3, 3, 3, 3, 3, 3, 4, 4, 4, 4, 4, 4, 4, 4, 4, 4, 4, 4, 4, 4, 4, 4, 4, 4, 4, 4, 4, 4, 4, 4, 4, 5, 5, 5, 5, 5, 5, 5, 5, 5, 5, 5, 5, 5, 5, 5, 5, 5, 5, 5, 5, 5, 5, 5, 5]}"
087bbe09f30c9beb59e890b6,N076,db2d54839968fc1ad2e4c6ec326f500fecae660096c6cf38996a5a0d691d79bb,a031b239aa72e1a784a0443d2dc69c17a0e958d2a31452ac7860dfab532e1c1d,N96_INDUCED_TRANSITION_LADDER_V1,f2f991d74dfbb2edf7f4475dcb7d82989de00a71e44bb11d4a6fbb49442577b6,"[0, 1, 2, 3]",4cc31e72f7986e518d00a4493a7bc91cb31fae79bb95bb5cbd0d73c3d9fd4924,e7d88893bbae05b9d1b2be2c9f067b0ae1870d2e49417ab0aa3f66dd8e918d16,fresh_min_fill,COOP14_MIG_BRANCH_GROUP,1d2a6f95014703ca171206e42701c52355b89dab08ba0a9b72b3d193a3b620d4,WARM_SAME_SOURCE,FRESH_EXACT_SOLVE_WITH_INTERNAL_CHECKS_EXCLUDES_EXTERNAL_VERIFICATION,16,512,3,1,15,178388,32768,d5207e6b84fbabee961e83f3860a3bacaca585acd736c092903cacdfff692450,NUMPY_BATCHED_INVERSE_NTT_INTEGER_CRT,3,COMPLETE,OBSERVED_PATTERN,2166064,"[67038, 67039, 67040, 67041, 67042, 67043, 67044, 67045, 67046, 67047, 67048, 67049, 67050, 67051]","[128, 80, 80, 96, 32, 80, 144, 96, 144, 144, 144, 144, 128, 96]",WARM_SAME_SOURCE,True,26147840,focused,0.00028100505005568266,0.011985393008217216,0.06145226,0.018579884,0.0019416860304772854,0.009515066969522715,0.00633202597964555,0.091591725,0.0,5ec1fc23182a2f0ffc1c66d651bcc794b448fb808164798e64dfe3ddb42bde62,"{""N"": 76, ""source_family"": ""N96_INDUCED_TRANSITION_LADDER_V1"", ""graph_hash"": ""a031b239aa72e1a784a0443d2dc69c17a0e958d2a31452ac7860dfab532e1c1d"", ""source_hash"": ""db2d54839968fc1ad2e4c6ec326f500fecae660096c6cf38996a5a0d691d79bb"", ""edges"": 149, ""degree_min"": 2, ""degree_max"": 5, ""degree_mean"": 3.9210526315789473, ""degree_std"": 0.8850090379368546, ""components"": 1, ""component_sizes"": [76], ""max_component"": 76, ""local_assignments"": 75557863725914323419136, ""minfill_width"": 15, ""minfill_work"": 156843, ""minfill_order"": [25, 60, 62, 15, 20, 29, 0, 3, 6, 24, 31, 32, 34, 37, 41, 42, 51, 59, 64, 68, 75, 8, 50, 1, 28, 33, 43, 47, 66, 69, 45, 48, 67, 73, 54, 27, 19, 23, 58, 4, 46, 39, 52, 70, 12, 5, 11, 40, 9, 63, 2, 7, 10, 26, 61, 65, 16, 30, 44, 14, 13, 17, 18, 21, 22, 35, 36, 38, 49, 53, 55, 56, 57, 71, 72, 74], ""energy_bound"": 384, ""root_bound"": 512, ""crt_primes"": 3, ""arithmetic_burden"": 240910848, ""coefficient_bound"": ""75557863725914323419136"", ""coupling_multiplicities"": {""3"": 32, ""-1"": 27, ""-2"": 26, ""1"": 29, ""-3"": 18, ""2"": 17}, ""symmetry"": ""not assumed"", ""degree_signature"": [2, 2, 2, 3, 3, 3, 3, 3, 3, 3, 3, 3, 3, 3, 3, 3, 3, 3, 3, 3, 3, 3, 3, 3, 3, 3, 3, 4, 4, 4, 4, 4, 4, 4, 4, 4, 4, 4, 4, 4, 4, 4, 4, 4, 4, 4, 4, 4, 4, 4, 4, 4, 5, 5, 5, 5, 5, 5, 5, 5, 5, 5, 5, 5, 5, 5, 5, 5, 5, 5, 5, 5, 5, 5, 5, 5]}"
b7e0ba182e5ef8b3436336c8,N088,114fb989d5ec62cbf483788d83475ecdfad12802e5c0e9011a983df59f20608a,68ace9b6f03948c280af81b1b51ebc72b52f4587c94460a70df5c3ae86632ea1,N96_INDUCED_TRANSITION_LADDER_V1,f2f991d74dfbb2edf7f4475dcb7d82989de00a71e44bb11d4a6fbb49442577b6,"[0, 1, 2, 3]",648a7c6a6bd865453725b0bd235738a6d2d593c600641557246f5cce01d14640,93ee43b3892160c0bbdcc147f547c8ab506d77bb5886a0fbab3bc36c166a0e78,tie_portfolio,COOP14_MIG_BRANCH_GROUP,1d2a6f95014703ca171206e42701c52355b89dab08ba0a9b72b3d193a3b620d4,COLD,FRESH_EXACT_SOLVE_WITH_INTERNAL_CHECKS_EXCLUDES_EXTERNAL_VERIFICATION,16,512,3,16,18,22404032,262144,d5207e6b84fbabee961e83f3860a3bacaca585acd736c092903cacdfff692450,NUMPY_BATCHED_INVERSE_NTT_INTEGER_CRT,0,COMPLETE,OBSERVED_PATTERN,16486032,"[67629, 67630, 67631, 67632, 67633, 67634, 67635, 67636, 67637, 67638, 67639, 67640, 67641, 67642]","[112, 112, 112, 112, 112, 112, 112, 112, 96, 112, 112, 96, 112, 112]",COLD_WORKER_INITIALIZATION,False,199063552,focused,0.0004448120016604662,0.06335609499365091,8.795249463,0.212636079,0.0038441310171037912,0.02373994098289621,0.009076636051759124,9.035827087,0.0,eca5fe647b57f1b916e6ea37238b0dd626b44e09fe4b446d19a80ad9b437b50c,"{""N"": 88, ""source_family"": ""N96_INDUCED_TRANSITION_LADDER_V1"", ""graph_hash"": ""68ace9b6f03948c280af81b1b51ebc72b52f4587c94460a70df5c3ae86632ea1"", ""source_hash"": ""114fb989d5ec62cbf483788d83475ecdfad12802e5c0e9011a983df59f20608a"", ""edges"": 200, ""degree_min"": 2, ""degree_max"": 5, ""degree_mean"": 4.545454545454546, ""degree_std"": 0.655554777357089, ""components"": 1, ""component_sizes"": [88], ""max_component"": 88, ""local_assignments"": 309485009821345068724781056, ""minfill_width"": 24, ""minfill_work"": 108552347, ""minfill_order"": [60, 0, 12, 20, 41, 51, 15, 50, 16, 34, 82, 24, 3, 6, 21, 25, 33, 39, 48, 59, 67, 8, 47, 68, 77, 11, 84, 64, 55, 56, 38, 78, 37, 69, 27, 61, 42, 7, 9, 63, 17, 2, 32, 66, 73, 52, 62, 1, 22, 81, 57, 49, 76, 74, 65, 10, 43, 19, 85, 30, 14, 46, 36, 4, 5, 13, 18, 23, 26, 28, 29, 31, 35, 40, 44, 45, 53, 54, 58, 70, 71, 72, 75, 79, 80, 83, 86, 87], ""energy_bound"": 499, ""root_bound"": 512, ""crt_primes"": 3, ""arithmetic_burden"": 166736404992, ""coefficient_bound"": ""309485009821345068724781056"", ""coupling_multiplicities"": {""3"": 39, ""-1"": 36, ""-2"": 35, ""1"": 39, ""-3"": 25, ""2"": 26}, ""symmetry"": ""not assumed"", ""degree_signature"": [2, 3, 3, 3, 3, 3, 4, 4, 4, 4, 4, 4, 4, 4, 4, 4, 4, 4, 4, 4, 4, 4, 4, 4, 4, 4, 4, 4, 4, 4, 4, 4, 4, 5, 5, 5, 5, 5, 5, 5, 5, 5, 5, 5, 5, 5, 5, 5, 5, 5, 5, 5, 5, 5, 5, 5, 5, 5, 5, 5, 5, 5, 5, 5, 5, 5, 5, 5, 5, 5, 5, 5, 5, 5, 5, 5, 5, 5, 5, 5, 5, 5, 5, 5, 5, 5, 5, 5]}"
b7e0ba182e5ef8b3436336c8,N088,114fb989d5ec62cbf483788d83475ecdfad12802e5c0e9011a983df59f20608a,68ace9b6f03948c280af81b1b51ebc72b52f4587c94460a70df5c3ae86632ea1,N96_INDUCED_TRANSITION_LADDER_V1,f2f991d74dfbb2edf7f4475dcb7d82989de00a71e44bb11d4a6fbb49442577b6,"[0, 1, 2, 3]",648a7c6a6bd865453725b0bd235738a6d2d593c600641557246f5cce01d14640,93ee43b3892160c0bbdcc147f547c8ab506d77bb5886a0fbab3bc36c166a0e78,tie_portfolio,COOP14_MIG_BRANCH_GROUP,1d2a6f95014703ca171206e42701c52355b89dab08ba0a9b72b3d193a3b620d4,WARM_SAME_SOURCE,FRESH_EXACT_SOLVE_WITH_INTERNAL_CHECKS_EXCLUDES_EXTERNAL_VERIFICATION,16,512,3,16,18,22404032,262144,d5207e6b84fbabee961e83f3860a3bacaca585acd736c092903cacdfff692450,NUMPY_BATCHED_INVERSE_NTT_INTEGER_CRT,1,COMPLETE,OBSERVED_PATTERN,16486032,"[67629, 67630, 67631, 67632, 67633, 67634, 67635, 67636, 67637, 67638, 67639, 67640, 67641, 67642]","[96, 112, 112, 112, 96, 112, 112, 112, 112, 112, 112, 112, 112, 112]",WARM_SAME_SOURCE,True,199063552,focused,0.0004448120016604662,0.06335609499365091,0.395844549,0.191938743,0.00575021596159786,0.05399282403840214,0.008195851929485798,0.647833867,0.0,eca5fe647b57f1b916e6ea37238b0dd626b44e09fe4b446d19a80ad9b437b50c,"{""N"": 88, ""source_family"": ""N96_INDUCED_TRANSITION_LADDER_V1"", ""graph_hash"": ""68ace9b6f03948c280af81b1b51ebc72b52f4587c94460a70df5c3ae86632ea1"", ""source_hash"": ""114fb989d5ec62cbf483788d83475ecdfad12802e5c0e9011a983df59f20608a"", ""edges"": 200, ""degree_min"": 2, ""degree_max"": 5, ""degree_mean"": 4.545454545454546, ""degree_std"": 0.655554777357089, ""components"": 1, ""component_sizes"": [88], ""max_component"": 88, ""local_assignments"": 309485009821345068724781056, ""minfill_width"": 24, ""minfill_work"": 108552347, ""minfill_order"": [60, 0, 12, 20, 41, 51, 15, 50, 16, 34, 82, 24, 3, 6, 21, 25, 33, 39, 48, 59, 67, 8, 47, 68, 77, 11, 84, 64, 55, 56, 38, 78, 37, 69, 27, 61, 42, 7, 9, 63, 17, 2, 32, 66, 73, 52, 62, 1, 22, 81, 57, 49, 76, 74, 65, 10, 43, 19, 85, 30, 14, 46, 36, 4, 5, 13, 18, 23, 26, 28, 29, 31, 35, 40, 44, 45, 53, 54, 58, 70, 71, 72, 75, 79, 80, 83, 86, 87], ""energy_bound"": 499, ""root_bound"": 512, ""crt_primes"": 3, ""arithmetic_burden"": 166736404992, ""coefficient_bound"": ""309485009821345068724781056"", ""coupling_multiplicities"": {""3"": 39, ""-1"": 36, ""-2"": 35, ""1"": 39, ""-3"": 25, ""2"": 26}, ""symmetry"": ""not assumed"", ""degree_signature"": [2, 3, 3, 3, 3, 3, 4, 4, 4, 4, 4, 4, 4, 4, 4, 4, 4, 4, 4, 4, 4, 4, 4, 4, 4, 4, 4, 4, 4, 4, 4, 4, 4, 5, 5, 5, 5, 5, 5, 5, 5, 5, 5, 5, 5, 5, 5, 5, 5, 5, 5, 5, 5, 5, 5, 5, 5, 5, 5, 5, 5, 5, 5, 5, 5, 5, 5, 5, 5, 5, 5, 5, 5, 5, 5, 5, 5, 5, 5, 5, 5, 5, 5, 5, 5, 5, 5, 5]}"
b7e0ba182e5ef8b3436336c8,N088,114fb989d5ec62cbf483788d83475ecdfad12802e5c0e9011a983df59f20608a,68ace9b6f03948c280af81b1b51ebc72b52f4587c94460a70df5c3ae86632ea1,N96_INDUCED_TRANSITION_LADDER_V1,f2f991d74dfbb2edf7f4475dcb7d82989de00a71e44bb11d4a6fbb49442577b6,"[0, 1, 2, 3]",648a7c6a6bd865453725b0bd235738a6d2d593c600641557246f5cce01d14640,93ee43b3892160c0bbdcc147f547c8ab506d77bb5886a0fbab3bc36c166a0e78,tie_portfolio,COOP14_MIG_BRANCH_GROUP,1d2a6f95014703ca171206e42701c52355b89dab08ba0a9b72b3d193a3b620d4,WARM_SAME_SOURCE,FRESH_EXACT_SOLVE_WITH_INTERNAL_CHECKS_EXCLUDES_EXTERNAL_VERIFICATION,16,512,3,16,18,22404032,262144,d5207e6b84fbabee961e83f3860a3bacaca585acd736c092903cacdfff692450,NUMPY_BATCHED_INVERSE_NTT_INTEGER_CRT,2,COMPLETE,OBSERVED_PATTERN,16486032,"[67629, 67630, 67631, 67632, 67633, 67634, 67635, 67636, 67637, 67638, 67639, 67640, 67641, 67642]","[112, 112, 112, 112, 112, 112, 112, 112, 96, 112, 112, 96, 112, 112]",WARM_SAME_SOURCE,True,199063552,focused,0.0004448120016604662,0.06335609499365091,0.466972074,0.208973945,0.0033228908432647586,0.015555088156735241,0.008026374969631433,0.695001884,0.0,eca5fe647b57f1b916e6ea37238b0dd626b44e09fe4b446d19a80ad9b437b50c,"{""N"": 88, ""source_family"": ""N96_INDUCED_TRANSITION_LADDER_V1"", ""graph_hash"": ""68ace9b6f03948c280af81b1b51ebc72b52f4587c94460a70df5c3ae86632ea1"", ""source_hash"": ""114fb989d5ec62cbf483788d83475ecdfad12802e5c0e9011a983df59f20608a"", ""edges"": 200, ""degree_min"": 2, ""degree_max"": 5, ""degree_mean"": 4.545454545454546, ""degree_std"": 0.655554777357089, ""components"": 1, ""component_sizes"": [88], ""max_component"": 88, ""local_assignments"": 309485009821345068724781056, ""minfill_width"": 24, ""minfill_work"": 108552347, ""minfill_order"": [60, 0, 12, 20, 41, 51, 15, 50, 16, 34, 82, 24, 3, 6, 21, 25, 33, 39, 48, 59, 67, 8, 47, 68, 77, 11, 84, 64, 55, 56, 38, 78, 37, 69, 27, 61, 42, 7, 9, 63, 17, 2, 32, 66, 73, 52, 62, 1, 22, 81, 57, 49, 76, 74, 65, 10, 43, 19, 85, 30, 14, 46, 36, 4, 5, 13, 18, 23, 26, 28, 29, 31, 35, 40, 44, 45, 53, 54, 58, 70, 71, 72, 75, 79, 80, 83, 86, 87], ""energy_bound"": 499, ""root_bound"": 512, ""crt_primes"": 3, ""arithmetic_burden"": 166736404992, ""coefficient_bound"": ""309485009821345068724781056"", ""coupling_multiplicities"": {""3"": 39, ""-1"": 36, ""-2"": 35, ""1"": 39, ""-3"": 25, ""2"": 26}, ""symmetry"": ""not assumed"", ""degree_signature"": [2, 3, 3, 3, 3, 3, 4, 4, 4, 4, 4, 4, 4, 4, 4, 4, 4, 4, 4, 4, 4, 4, 4, 4, 4, 4, 4, 4, 4, 4, 4, 4, 4, 5, 5, 5, 5, 5, 5, 5, 5, 5, 5, 5, 5, 5, 5, 5, 5, 5, 5, 5, 5, 5, 5, 5, 5, 5, 5, 5, 5, 5, 5, 5, 5, 5, 5, 5, 5, 5, 5, 5, 5, 5, 5, 5, 5, 5, 5, 5, 5, 5, 5, 5, 5, 5, 5, 5]}"
b7e0ba182e5ef8b3436336c8,N088,114fb989d5ec62cbf483788d83475ecdfad12802e5c0e9011a983df59f20608a,68ace9b6f03948c280af81b1b51ebc72b52f4587c94460a70df5c3ae86632ea1,N96_INDUCED_TRANSITION_LADDER_V1,f2f991d74dfbb2edf7f4475dcb7d82989de00a71e44bb11d4a6fbb49442577b6,"[0, 1, 2, 3]",648a7c6a6bd865453725b0bd235738a6d2d593c600641557246f5cce01d14640,93ee43b3892160c0bbdcc147f547c8ab506d77bb5886a0fbab3bc36c166a0e78,tie_portfolio,COOP14_MIG_BRANCH_GROUP,1d2a6f95014703ca171206e42701c52355b89dab08ba0a9b72b3d193a3b620d4,WARM_SAME_SOURCE,FRESH_EXACT_SOLVE_WITH_INTERNAL_CHECKS_EXCLUDES_EXTERNAL_VERIFICATION,16,512,3,16,18,22404032,262144,d5207e6b84fbabee961e83f3860a3bacaca585acd736c092903cacdfff692450,NUMPY_BATCHED_INVERSE_NTT_INTEGER_CRT,3,COMPLETE,OBSERVED_PATTERN,16486032,"[67629, 67630, 67631, 67632, 67633, 67634, 67635, 67636, 67637, 67638, 67639, 67640, 67641, 67642]","[96, 112, 112, 112, 112, 112, 112, 96, 112, 112, 112, 112, 112, 112]",WARM_SAME_SOURCE,True,199063552,focused,0.0004448120016604662,0.06335609499365091,0.395710211,0.189689204,0.004860612913034856,0.022370245086965144,0.008656894089654088,0.612917557,0.0,eca5fe647b57f1b916e6ea37238b0dd626b44e09fe4b446d19a80ad9b437b50c,"{""N"": 88, ""source_family"": ""N96_INDUCED_TRANSITION_LADDER_V1"", ""graph_hash"": ""68ace9b6f03948c280af81b1b51ebc72b52f4587c94460a70df5c3ae86632ea1"", ""source_hash"": ""114fb989d5ec62cbf483788d83475ecdfad12802e5c0e9011a983df59f20608a"", ""edges"": 200, ""degree_min"": 2, ""degree_max"": 5, ""degree_mean"": 4.545454545454546, ""degree_std"": 0.655554777357089, ""components"": 1, ""component_sizes"": [88], ""max_component"": 88, ""local_assignments"": 309485009821345068724781056, ""minfill_width"": 24, ""minfill_work"": 108552347, ""minfill_order"": [60, 0, 12, 20, 41, 51, 15, 50, 16, 34, 82, 24, 3, 6, 21, 25, 33, 39, 48, 59, 67, 8, 47, 68, 77, 11, 84, 64, 55, 56, 38, 78, 37, 69, 27, 61, 42, 7, 9, 63, 17, 2, 32, 66, 73, 52, 62, 1, 22, 81, 57, 49, 76, 74, 65, 10, 43, 19, 85, 30, 14, 46, 36, 4, 5, 13, 18, 23, 26, 28, 29, 31, 35, 40, 44, 45, 53, 54, 58, 70, 71, 72, 75, 79, 80, 83, 86, 87], ""energy_bound"": 499, ""root_bound"": 512, ""crt_primes"": 3, ""arithmetic_burden"": 166736404992, ""coefficient_bound"": ""309485009821345068724781056"", ""coupling_multiplicities"": {""3"": 39, ""-1"": 36, ""-2"": 35, ""1"": 39, ""-3"": 25, ""2"": 26}, ""symmetry"": ""not assumed"", ""degree_signature"": [2, 3, 3, 3, 3, 3, 4, 4, 4, 4, 4, 4, 4, 4, 4, 4, 4, 4, 4, 4, 4, 4, 4, 4, 4, 4, 4, 4, 4, 4, 4, 4, 4, 5, 5, 5, 5, 5, 5, 5, 5, 5, 5, 5, 5, 5, 5, 5, 5, 5, 5, 5, 5, 5, 5, 5, 5, 5, 5, 5, 5, 5, 5, 5, 5, 5, 5, 5, 5, 5, 5, 5, 5, 5, 5, 5, 5, 5, 5, 5, 5, 5, 5, 5, 5, 5, 5, 5]}"
82228d5d7d0d19fd908d79ef,N082,bd89fac87120d44109535955932bc46357101fa4cb3567c1850c4579f1c17de6,24c1a5ae9bb2ff0de52b3ec133ba564c3aed245446e284119ef9ea4e64d7163b,N96_INDUCED_TRANSITION_LADDER_V1,f2f991d74dfbb2edf7f4475dcb7d82989de00a71e44bb11d4a6fbb49442577b6,"[0, 1, 2, 3]",35e265bbb10b4a616a4bd6edd27b55d9b3577ebe3400cf854cfc0412c2913a98,41f2079edba50c10cb4498bc7d72e275d68106a4d10a29e87f8669e746ad6da1,transition_priority,COOP14_MIG_BRANCH_GROUP,1d2a6f95014703ca171206e42701c52355b89dab08ba0a9b72b3d193a3b620d4,WARM_NEW_SOURCE,FRESH_EXACT_SOLVE_WITH_INTERNAL_CHECKS_EXCLUDES_EXTERNAL_VERIFICATION,16,512,3,1,18,2158500,262144,d5207e6b84fbabee961e83f3860a3bacaca585acd736c092903cacdfff692450,NUMPY_BATCHED_INVERSE_NTT_INTEGER_CRT,0,COMPLETE,OBSERVED_PATTERN,21196688,"[67629, 67630, 67631, 67632, 67633, 67634, 67635, 67636, 67637, 67638, 67639, 67640, 67641, 67642]","[112, 96, 80, 128, 144, 112, 128, 128, 128, 96, 48, 80, 160, 96]",WARM_NEW_SOURCE,False,312128512,focused,0.0004292519297450781,0.06911233195569366,0.237971711,0.033127742,0.005031769163906574,0.018197820836093427,0.0072362900245934725,0.29449261,0.0,d35932793366356f20f5edfe46525a7dd30de6b98043c5e5f3ff57a7087100ae,"{""N"": 82, ""source_family"": ""N96_INDUCED_TRANSITION_LADDER_V1"", ""graph_hash"": ""24c1a5ae9bb2ff0de52b3ec133ba564c3aed245446e284119ef9ea4e64d7163b"", ""source_hash"": ""bd89fac87120d44109535955932bc46357101fa4cb3567c1850c4579f1c17de6"", ""edges"": 174, ""degree_min"": 2, ""degree_max"": 5, ""degree_mean"": 4.2439024390243905, ""degree_std"": 0.7418003085729536, ""components"": 1, ""component_sizes"": [82], ""max_component"": 82, ""local_assignments"": 4835703278458516698824704, ""minfill_width"": 21, ""minfill_work"": 6826107, ""minfill_order"": [60, 15, 20, 29, 0, 6, 25, 32, 41, 51, 59, 64, 50, 34, 42, 62, 11, 66, 3, 22, 81, 23, 33, 68, 38, 48, 63, 67, 39, 8, 16, 76, 14, 4, 37, 19, 74, 78, 61, 2, 58, 46, 47, 75, 17, 73, 12, 9, 24, 44, 72, 69, 57, 27, 35, 36, 79, 7, 10, 77, 1, 5, 13, 18, 21, 26, 28, 30, 31, 40, 43, 45, 49, 52, 53, 54, 55, 56, 65, 70, 71, 80], ""energy_bound"": 439, ""root_bound"": 512, ""crt_primes"": 3, ""arithmetic_burden"": 10484900352, ""coefficient_bound"": ""4835703278458516698824704"", ""coupling_multiplicities"": {""3"": 33, ""-1"": 33, ""-2"": 29, ""1"": 34, ""-3"": 23, ""2"": 22}, ""symmetry"": ""not assumed"", ""degree_signature"": [2, 3, 3, 3, 3, 3, 3, 3, 3, 3, 3, 3, 3, 4, 4, 4, 4, 4, 4, 4, 4, 4, 4, 4, 4, 4, 4, 4, 4, 4, 4, 4, 4, 4, 4, 4, 4, 4, 4, 4, 4, 4, 4, 4, 4, 4, 4, 4, 5, 5, 5, 5, 5, 5, 5, 5, 5, 5, 5, 5, 5, 5, 5, 5, 5, 5, 5, 5, 5, 5, 5, 5, 5, 5, 5, 5, 5, 5, 5, 5, 5, 5]}"
82228d5d7d0d19fd908d79ef,N082,bd89fac87120d44109535955932bc46357101fa4cb3567c1850c4579f1c17de6,24c1a5ae9bb2ff0de52b3ec133ba564c3aed245446e284119ef9ea4e64d7163b,N96_INDUCED_TRANSITION_LADDER_V1,f2f991d74dfbb2edf7f4475dcb7d82989de00a71e44bb11d4a6fbb49442577b6,"[0, 1, 2, 3]",35e265bbb10b4a616a4bd6edd27b55d9b3577ebe3400cf854cfc0412c2913a98,41f2079edba50c10cb4498bc7d72e275d68106a4d10a29e87f8669e746ad6da1,transition_priority,COOP14_MIG_BRANCH_GROUP,1d2a6f95014703ca171206e42701c52355b89dab08ba0a9b72b3d193a3b620d4,WARM_SAME_SOURCE,FRESH_EXACT_SOLVE_WITH_INTERNAL_CHECKS_EXCLUDES_EXTERNAL_VERIFICATION,16,512,3,1,18,2158500,262144,d5207e6b84fbabee961e83f3860a3bacaca585acd736c092903cacdfff692450,NUMPY_BATCHED_INVERSE_NTT_INTEGER_CRT,1,COMPLETE,OBSERVED_PATTERN,21196688,"[67629, 67630, 67631, 67632, 67633, 67634, 67635, 67636, 67637, 67638, 67639, 67640, 67641, 67642]","[96, 176, 96, 112, 80, 112, 80, 112, 112, 112, 112, 112, 128, 96]",WARM_SAME_SOURCE,True,312128512,focused,0.0004292519297450781,0.06911233195569366,0.182498113,0.028865619,0.0055263309041038156,0.021261905095896184,0.007806638954207301,0.238302665,0.0,d35932793366356f20f5edfe46525a7dd30de6b98043c5e5f3ff57a7087100ae,"{""N"": 82, ""source_family"": ""N96_INDUCED_TRANSITION_LADDER_V1"", ""graph_hash"": ""24c1a5ae9bb2ff0de52b3ec133ba564c3aed245446e284119ef9ea4e64d7163b"", ""source_hash"": ""bd89fac87120d44109535955932bc46357101fa4cb3567c1850c4579f1c17de6"", ""edges"": 174, ""degree_min"": 2, ""degree_max"": 5, ""degree_mean"": 4.2439024390243905, ""degree_std"": 0.7418003085729536, ""components"": 1, ""component_sizes"": [82], ""max_component"": 82, ""local_assignments"": 4835703278458516698824704, ""minfill_width"": 21, ""minfill_work"": 6826107, ""minfill_order"": [60, 15, 20, 29, 0, 6, 25, 32, 41, 51, 59, 64, 50, 34, 42, 62, 11, 66, 3, 22, 81, 23, 33, 68, 38, 48, 63, 67, 39, 8, 16, 76, 14, 4, 37, 19, 74, 78, 61, 2, 58, 46, 47, 75, 17, 73, 12, 9, 24, 44, 72, 69, 57, 27, 35, 36, 79, 7, 10, 77, 1, 5, 13, 18, 21, 26, 28, 30, 31, 40, 43, 45, 49, 52, 53, 54, 55, 56, 65, 70, 71, 80], ""energy_bound"": 439, ""root_bound"": 512, ""crt_primes"": 3, ""arithmetic_burden"": 10484900352, ""coefficient_bound"": ""4835703278458516698824704"", ""coupling_multiplicities"": {""3"": 33, ""-1"": 33, ""-2"": 29, ""1"": 34, ""-3"": 23, ""2"": 22}, ""symmetry"": ""not assumed"", ""degree_signature"": [2, 3, 3, 3, 3, 3, 3, 3, 3, 3, 3, 3, 3, 4, 4, 4, 4, 4, 4, 4, 4, 4, 4, 4, 4, 4, 4, 4, 4, 4, 4, 4, 4, 4, 4, 4, 4, 4, 4, 4, 4, 4, 4, 4, 4, 4, 4, 4, 5, 5, 5, 5, 5, 5, 5, 5, 5, 5, 5, 5, 5, 5, 5, 5, 5, 5, 5, 5, 5, 5, 5, 5, 5, 5, 5, 5, 5, 5, 5, 5, 5, 5]}"
82228d5d7d0d19fd908d79ef,N082,bd89fac87120d44109535955932bc46357101fa4cb3567c1850c4579f1c17de6,24c1a5ae9bb2ff0de52b3ec133ba564c3aed245446e284119ef9ea4e64d7163b,N96_INDUCED_TRANSITION_LADDER_V1,f2f991d74dfbb2edf7f4475dcb7d82989de00a71e44bb11d4a6fbb49442577b6,"[0, 1, 2, 3]",35e265bbb10b4a616a4bd6edd27b55d9b3577ebe3400cf854cfc0412c2913a98,41f2079edba50c10cb4498bc7d72e275d68106a4d10a29e87f8669e746ad6da1,transition_priority,COOP14_MIG_BRANCH_GROUP,1d2a6f95014703ca171206e42701c52355b89dab08ba0a9b72b3d193a3b620d4,WARM_SAME_SOURCE,FRESH_EXACT_SOLVE_WITH_INTERNAL_CHECKS_EXCLUDES_EXTERNAL_VERIFICATION,16,512,3,1,18,2158500,262144,d5207e6b84fbabee961e83f3860a3bacaca585acd736c092903cacdfff692450,NUMPY_BATCHED_INVERSE_NTT_INTEGER_CRT,2,COMPLETE,OBSERVED_PATTERN,21196688,"[67629, 67630, 67631, 67632, 67633, 67634, 67635, 67636, 67637, 67638, 67639, 67640, 67641, 67642]","[96, 176, 112, 80, 96, 96, 160, 112, 96, 96, 80, 112, 112, 112]",WARM_SAME_SOURCE,True,312128512,focused,0.0004292519297450781,0.06911233195569366,0.18215452,0.027781458,0.005522398976609111,0.02065384802339089,0.007453636033460498,0.236270912,0.0,d35932793366356f20f5edfe46525a7dd30de6b98043c5e5f3ff57a7087100ae,"{""N"": 82, ""source_family"": ""N96_INDUCED_TRANSITION_LADDER_V1"", ""graph_hash"": ""24c1a5ae9bb2ff0de52b3ec133ba564c3aed245446e284119ef9ea4e64d7163b"", ""source_hash"": ""bd89fac87120d44109535955932bc46357101fa4cb3567c1850c4579f1c17de6"", ""edges"": 174, ""degree_min"": 2, ""degree_max"": 5, ""degree_mean"": 4.2439024390243905, ""degree_std"": 0.7418003085729536, ""components"": 1, ""component_sizes"": [82], ""max_component"": 82, ""local_assignments"": 4835703278458516698824704, ""minfill_width"": 21, ""minfill_work"": 6826107, ""minfill_order"": [60, 15, 20, 29, 0, 6, 25, 32, 41, 51, 59, 64, 50, 34, 42, 62, 11, 66, 3, 22, 81, 23, 33, 68, 38, 48, 63, 67, 39, 8, 16, 76, 14, 4, 37, 19, 74, 78, 61, 2, 58, 46, 47, 75, 17, 73, 12, 9, 24, 44, 72, 69, 57, 27, 35, 36, 79, 7, 10, 77, 1, 5, 13, 18, 21, 26, 28, 30, 31, 40, 43, 45, 49, 52, 53, 54, 55, 56, 65, 70, 71, 80], ""energy_bound"": 439, ""root_bound"": 512, ""crt_primes"": 3, ""arithmetic_burden"": 10484900352, ""coefficient_bound"": ""4835703278458516698824704"", ""coupling_multiplicities"": {""3"": 33, ""-1"": 33, ""-2"": 29, ""1"": 34, ""-3"": 23, ""2"": 22}, ""symmetry"": ""not assumed"", ""degree_signature"": [2, 3, 3, 3, 3, 3, 3, 3, 3, 3, 3, 3, 3, 4, 4, 4, 4, 4, 4, 4, 4, 4, 4, 4, 4, 4, 4, 4, 4, 4, 4, 4, 4, 4, 4, 4, 4, 4, 4, 4, 4, 4, 4, 4, 4, 4, 4, 4, 5, 5, 5, 5, 5, 5, 5, 5, 5, 5, 5, 5, 5, 5, 5, 5, 5, 5, 5, 5, 5, 5, 5, 5, 5, 5, 5, 5, 5, 5, 5, 5, 5, 5]}"
82228d5d7d0d19fd908d79ef,N082,bd89fac87120d44109535955932bc46357101fa4cb3567c1850c4579f1c17de6,24c1a5ae9bb2ff0de52b3ec133ba564c3aed245446e284119ef9ea4e64d7163b,N96_INDUCED_TRANSITION_LADDER_V1,f2f991d74dfbb2edf7f4475dcb7d82989de00a71e44bb11d4a6fbb49442577b6,"[0, 1, 2, 3]",35e265bbb10b4a616a4bd6edd27b55d9b3577ebe3400cf854cfc0412c2913a98,41f2079edba50c10cb4498bc7d72e275d68106a4d10a29e87f8669e746ad6da1,transition_priority,COOP14_MIG_BRANCH_GROUP,1d2a6f95014703ca171206e42701c52355b89dab08ba0a9b72b3d193a3b620d4,WARM_SAME_SOURCE,FRESH_EXACT_SOLVE_WITH_INTERNAL_CHECKS_EXCLUDES_EXTERNAL_VERIFICATION,16,512,3,1,18,2158500,262144,d5207e6b84fbabee961e83f3860a3bacaca585acd736c092903cacdfff692450,NUMPY_BATCHED_INVERSE_NTT_INTEGER_CRT,3,COMPLETE,OBSERVED_PATTERN,21196688,"[67629, 67630, 67631, 67632, 67633, 67634, 67635, 67636, 67637, 67638, 67639, 67640, 67641, 67642]","[80, 176, 112, 112, 112, 96, 160, 80, 80, 80, 112, 112, 112, 112]",WARM_SAME_SOURCE,True,312128512,focused,0.0004292519297450781,0.06911233195569366,0.436770669,0.026374124,0.004847882897593081,0.01941593810240692,0.007428495911881328,0.487550982,0.0,d35932793366356f20f5edfe46525a7dd30de6b98043c5e5f3ff57a7087100ae,"{""N"": 82, ""source_family"": ""N96_INDUCED_TRANSITION_LADDER_V1"", ""graph_hash"": ""24c1a5ae9bb2ff0de52b3ec133ba564c3aed245446e284119ef9ea4e64d7163b"", ""source_hash"": ""bd89fac87120d44109535955932bc46357101fa4cb3567c1850c4579f1c17de6"", ""edges"": 174, ""degree_min"": 2, ""degree_max"": 5, ""degree_mean"": 4.2439024390243905, ""degree_std"": 0.7418003085729536, ""components"": 1, ""component_sizes"": [82], ""max_component"": 82, ""local_assignments"": 4835703278458516698824704, ""minfill_width"": 21, ""minfill_work"": 6826107, ""minfill_order"": [60, 15, 20, 29, 0, 6, 25, 32, 41, 51, 59, 64, 50, 34, 42, 62, 11, 66, 3, 22, 81, 23, 33, 68, 38, 48, 63, 67, 39, 8, 16, 76, 14, 4, 37, 19, 74, 78, 61, 2, 58, 46, 47, 75, 17, 73, 12, 9, 24, 44, 72, 69, 57, 27, 35, 36, 79, 7, 10, 77, 1, 5, 13, 18, 21, 26, 28, 30, 31, 40, 43, 45, 49, 52, 53, 54, 55, 56, 65, 70, 71, 80], ""energy_bound"": 439, ""root_bound"": 512, ""crt_primes"": 3, ""arithmetic_burden"": 10484900352, ""coefficient_bound"": ""4835703278458516698824704"", ""coupling_multiplicities"": {""3"": 33, ""-1"": 33, ""-2"": 29, ""1"": 34, ""-3"": 23, ""2"": 22}, ""symmetry"": ""not assumed"", ""degree_signature"": [2, 3, 3, 3, 3, 3, 3, 3, 3, 3, 3, 3, 3, 4, 4, 4, 4, 4, 4, 4, 4, 4, 4, 4, 4, 4, 4, 4, 4, 4, 4, 4, 4, 4, 4, 4, 4, 4, 4, 4, 4, 4, 4, 4, 4, 4, 4, 4, 5, 5, 5, 5, 5, 5, 5, 5, 5, 5, 5, 5, 5, 5, 5, 5, 5, 5, 5, 5, 5, 5, 5, 5, 5, 5, 5, 5, 5, 5, 5, 5, 5, 5]}"
c57b8d587aefcc9681bf74a7,N079,52c770b6a8ed6f639d8ded5cf7726d339612662a322afafdd3bd79ab3b766ecd,8f842662e36b9b8a2364c5951d7fb9365d65b70a3c5ce128f50ba5cd472e9361,N96_INDUCED_TRANSITION_LADDER_V1,f2f991d74dfbb2edf7f4475dcb7d82989de00a71e44bb11d4a6fbb49442577b6,"[0, 1, 2, 3]",42c1f799bcc36b3c5bfd4bec1499b48c2460d21025c0e18c8403721820190fd6,0351ea0e98daca6d4a8426e3f64c2a64db05f0b095c30bdb3237c421cfcd3496,fresh_min_fill,COOP14_MIG_BRANCH_GROUP,1d2a6f95014703ca171206e42701c52355b89dab08ba0a9b72b3d193a3b620d4,WARM_NEW_SOURCE,FRESH_EXACT_SOLVE_WITH_INTERNAL_CHECKS_EXCLUDES_EXTERNAL_VERIFICATION,16,512,3,1,18,1177136,262144,d5207e6b84fbabee961e83f3860a3bacaca585acd736c092903cacdfff692450,NUMPY_BATCHED_INVERSE_NTT_INTEGER_CRT,0,COMPLETE,OBSERVED_PATTERN,13160432,"[67629, 67630, 67631, 67632, 67633, 67634, 67635, 67636, 67637, 67638, 67639, 67640, 67641, 67642]","[96, 144, 128, 112, 112, 80, 112, 80, 96, 128, 80, 144, 128, 96]",WARM_NEW_SOURCE,False,196767232,focused,0.2225074110319838,0.044642532942816615,0.159712075,0.020005988,0.00334205012768507,0.03812914087231493,0.0066776800667867064,0.221302002,0.0,c6eb10fd6e633d796ce3e9dfd111b8a078a8e170b2c8a88f9aac6c4d12e991f2,"{""N"": 79, ""source_family"": ""N96_INDUCED_TRANSITION_LADDER_V1"", ""graph_hash"": ""8f842662e36b9b8a2364c5951d7fb9365d65b70a3c5ce128f50ba5cd472e9361"", ""source_hash"": ""52c770b6a8ed6f639d8ded5cf7726d339612662a322afafdd3bd79ab3b766ecd"", ""edges"": 162, ""degree_min"": 2, ""degree_max"": 5, ""degree_mean"": 4.10126582278481, ""degree_std"": 0.8508363228762562, ""components"": 1, ""component_sizes"": [79], ""max_component"": 79, ""local_assignments"": 604462909807314587353088, ""minfill_width"": 20, ""minfill_work"": 2931343, ""minfill_order"": [25, 60, 15, 20, 29, 0, 3, 6, 24, 32, 34, 37, 41, 51, 59, 64, 68, 8, 50, 1, 33, 42, 47, 62, 11, 66, 69, 48, 63, 67, 39, 16, 76, 56, 74, 23, 2, 7, 9, 77, 61, 17, 38, 58, 46, 73, 78, 12, 52, 27, 22, 19, 40, 10, 43, 65, 75, 30, 13, 54, 49, 4, 5, 14, 18, 21, 26, 28, 31, 35, 36, 44, 45, 53, 55, 57, 70, 71, 72], ""energy_bound"": 410, ""root_bound"": 512, ""crt_primes"": 3, ""arithmetic_burden"": 4502542848, ""coefficient_bound"": ""604462909807314587353088"", ""coupling_multiplicities"": {""3"": 32, ""-1"": 32, ""-2"": 27, ""1"": 32, ""-3"": 20, ""2"": 19}, ""symmetry"": ""not assumed"", ""degree_signature"": [2, 2, 3, 3, 3, 3, 3, 3, 3, 3, 3, 3, 3, 3, 3, 3, 3, 3, 3, 3, 3, 4, 4, 4, 4, 4, 4, 4, 4, 4, 4, 4, 4, 4, 4, 4, 4, 4, 4, 4, 4, 4, 4, 4, 4, 4, 4, 4, 5, 5, 5, 5, 5, 5, 5, 5, 5, 5, 5, 5, 5, 5, 5, 5, 5, 5, 5, 5, 5, 5, 5, 5, 5, 5, 5, 5, 5, 5, 5]}"
c57b8d587aefcc9681bf74a7,N079,52c770b6a8ed6f639d8ded5cf7726d339612662a322afafdd3bd79ab3b766ecd,8f842662e36b9b8a2364c5951d7fb9365d65b70a3c5ce128f50ba5cd472e9361,N96_INDUCED_TRANSITION_LADDER_V1,f2f991d74dfbb2edf7f4475dcb7d82989de00a71e44bb11d4a6fbb49442577b6,"[0, 1, 2, 3]",53cfc360cdc411d49ba30f3a917d01843a25de556862067011cc0fa7e0d77c5a,c8fcae1c6b91658520f9d224b07c8bb9b52d22363dc5805d84c0c9760fcf2fd0,repair_transfer,COOP14_MIG_BRANCH_GROUP,1d2a6f95014703ca171206e42701c52355b89dab08ba0a9b72b3d193a3b620d4,WARM_NEW_PLAN,FRESH_EXACT_SOLVE_WITH_INTERNAL_CHECKS_EXCLUDES_EXTERNAL_VERIFICATION,16,512,3,1,17,656544,131072,d5207e6b84fbabee961e83f3860a3bacaca585acd736c092903cacdfff692450,NUMPY_BATCHED_INVERSE_NTT_INTEGER_CRT,0,COMPLETE,OBSERVED_PATTERN,6689264,"[67629, 67630, 67631, 67632, 67633, 67634, 67635, 67636, 67637, 67638, 67639, 67640, 67641, 67642]","[96, 96, 96, 96, 160, 80, 144, 96, 96, 160, 80, 144, 96, 96]",WARM_NEW_PLAN,False,134539776,focused,0.2225074110319838,0.044642532942816615,0.137930968,0.019879791,0.003299900912679732,0.01466969408732027,0.00741408602334559,0.175935142,0.0,7ee53b93b76db1ee3c9edae921407c3b037d4aa5605d02e256303957a66aea97,"{""N"": 79, ""source_family"": ""N96_INDUCED_TRANSITION_LADDER_V1"", ""graph_hash"": ""8f842662e36b9b8a2364c5951d7fb9365d65b70a3c5ce128f50ba5cd472e9361"", ""source_hash"": ""52c770b6a8ed6f639d8ded5cf7726d339612662a322afafdd3bd79ab3b766ecd"", ""edges"": 162, ""degree_min"": 2, ""degree_max"": 5, ""degree_mean"": 4.10126582278481, ""degree_std"": 0.8508363228762562, ""components"": 1, ""component_sizes"": [79], ""max_component"": 79, ""local_assignments"": 604462909807314587353088, ""minfill_width"": 20, ""minfill_work"": 2931343, ""minfill_order"": [25, 60, 15, 20, 29, 0, 3, 6, 24, 32, 34, 37, 41, 51, 59, 64, 68, 8, 50, 1, 33, 42, 47, 62, 11, 66, 69, 48, 63, 67, 39, 16, 76, 56, 74, 23, 2, 7, 9, 77, 61, 17, 38, 58, 46, 73, 78, 12, 52, 27, 22, 19, 40, 10, 43, 65, 75, 30, 13, 54, 49, 4, 5, 14, 18, 21, 26, 28, 31, 35, 36, 44, 45, 53, 55, 57, 70, 71, 72], ""energy_bound"": 410, ""root_bound"": 512, ""crt_primes"": 3, ""arithmetic_burden"": 4502542848, ""coefficient_bound"": ""604462909807314587353088"", ""coupling_multiplicities"": {""3"": 32, ""-1"": 32, ""-2"": 27, ""1"": 32, ""-3"": 20, ""2"": 19}, ""symmetry"": ""not assumed"", ""degree_signature"": [2, 2, 3, 3, 3, 3, 3, 3, 3, 3, 3, 3, 3, 3, 3, 3, 3, 3, 3, 3, 3, 4, 4, 4, 4, 4, 4, 4, 4, 4, 4, 4, 4, 4, 4, 4, 4, 4, 4, 4, 4, 4, 4, 4, 4, 4, 4, 4, 5, 5, 5, 5, 5, 5, 5, 5, 5, 5, 5, 5, 5, 5, 5, 5, 5, 5, 5, 5, 5, 5, 5, 5, 5, 5, 5, 5, 5, 5, 5]}"
c57b8d587aefcc9681bf74a7,N079,52c770b6a8ed6f639d8ded5cf7726d339612662a322afafdd3bd79ab3b766ecd,8f842662e36b9b8a2364c5951d7fb9365d65b70a3c5ce128f50ba5cd472e9361,N96_INDUCED_TRANSITION_LADDER_V1,f2f991d74dfbb2edf7f4475dcb7d82989de00a71e44bb11d4a6fbb49442577b6,"[0, 1, 2, 3]",53cfc360cdc411d49ba30f3a917d01843a25de556862067011cc0fa7e0d77c5a,c8fcae1c6b91658520f9d224b07c8bb9b52d22363dc5805d84c0c9760fcf2fd0,repair_transfer,COOP14_MIG_BRANCH_GROUP,1d2a6f95014703ca171206e42701c52355b89dab08ba0a9b72b3d193a3b620d4,WARM_SAME_SOURCE,FRESH_EXACT_SOLVE_WITH_INTERNAL_CHECKS_EXCLUDES_EXTERNAL_VERIFICATION,16,512,3,1,17,656544,131072,d5207e6b84fbabee961e83f3860a3bacaca585acd736c092903cacdfff692450,NUMPY_BATCHED_INVERSE_NTT_INTEGER_CRT,1,COMPLETE,OBSERVED_PATTERN,6689264,"[67629, 67630, 67631, 67632, 67633, 67634, 67635, 67636, 67637, 67638, 67639, 67640, 67641, 67642]","[96, 160, 96, 96, 112, 96, 80, 64, 144, 144, 64, 144, 80, 160]",WARM_SAME_SOURCE,True,134539776,focused,0.2225074110319838,0.044642532942816615,0.132760442,0.019275402,0.0032729090889915824,0.015264425911008416,0.008812810992822051,0.170736856,0.0,7ee53b93b76db1ee3c9edae921407c3b037d4aa5605d02e256303957a66aea97,"{""N"": 79, ""source_family"": ""N96_INDUCED_TRANSITION_LADDER_V1"", ""graph_hash"": ""8f842662e36b9b8a2364c5951d7fb9365d65b70a3c5ce128f50ba5cd472e9361"", ""source_hash"": ""52c770b6a8ed6f639d8ded5cf7726d339612662a322afafdd3bd79ab3b766ecd"", ""edges"": 162, ""degree_min"": 2, ""degree_max"": 5, ""degree_mean"": 4.10126582278481, ""degree_std"": 0.8508363228762562, ""components"": 1, ""component_sizes"": [79], ""max_component"": 79, ""local_assignments"": 604462909807314587353088, ""minfill_width"": 20, ""minfill_work"": 2931343, ""minfill_order"": [25, 60, 15, 20, 29, 0, 3, 6, 24, 32, 34, 37, 41, 51, 59, 64, 68, 8, 50, 1, 33, 42, 47, 62, 11, 66, 69, 48, 63, 67, 39, 16, 76, 56, 74, 23, 2, 7, 9, 77, 61, 17, 38, 58, 46, 73, 78, 12, 52, 27, 22, 19, 40, 10, 43, 65, 75, 30, 13, 54, 49, 4, 5, 14, 18, 21, 26, 28, 31, 35, 36, 44, 45, 53, 55, 57, 70, 71, 72], ""energy_bound"": 410, ""root_bound"": 512, ""crt_primes"": 3, ""arithmetic_burden"": 4502542848, ""coefficient_bound"": ""604462909807314587353088"", ""coupling_multiplicities"": {""3"": 32, ""-1"": 32, ""-2"": 27, ""1"": 32, ""-3"": 20, ""2"": 19}, ""symmetry"": ""not assumed"", ""degree_signature"": [2, 2, 3, 3, 3, 3, 3, 3, 3, 3, 3, 3, 3, 3, 3, 3, 3, 3, 3, 3, 3, 4, 4, 4, 4, 4, 4, 4, 4, 4, 4, 4, 4, 4, 4, 4, 4, 4, 4, 4, 4, 4, 4, 4, 4, 4, 4, 4, 5, 5, 5, 5, 5, 5, 5, 5, 5, 5, 5, 5, 5, 5, 5, 5, 5, 5, 5, 5, 5, 5, 5, 5, 5, 5, 5, 5, 5, 5, 5]}"
c57b8d587aefcc9681bf74a7,N079,52c770b6a8ed6f639d8ded5cf7726d339612662a322afafdd3bd79ab3b766ecd,8f842662e36b9b8a2364c5951d7fb9365d65b70a3c5ce128f50ba5cd472e9361,N96_INDUCED_TRANSITION_LADDER_V1,f2f991d74dfbb2edf7f4475dcb7d82989de00a71e44bb11d4a6fbb49442577b6,"[0, 1, 2, 3]",42c1f799bcc36b3c5bfd4bec1499b48c2460d21025c0e18c8403721820190fd6,0351ea0e98daca6d4a8426e3f64c2a64db05f0b095c30bdb3237c421cfcd3496,fresh_min_fill,COOP14_MIG_BRANCH_GROUP,1d2a6f95014703ca171206e42701c52355b89dab08ba0a9b72b3d193a3b620d4,WARM_NEW_PLAN,FRESH_EXACT_SOLVE_WITH_INTERNAL_CHECKS_EXCLUDES_EXTERNAL_VERIFICATION,16,512,3,1,18,1177136,262144,d5207e6b84fbabee961e83f3860a3bacaca585acd736c092903cacdfff692450,NUMPY_BATCHED_INVERSE_NTT_INTEGER_CRT,1,COMPLETE,OBSERVED_PATTERN,13160432,"[67629, 67630, 67631, 67632, 67633, 67634, 67635, 67636, 67637, 67638, 67639, 67640, 67641, 67642]","[96, 80, 96, 112, 192, 96, 96, 80, 128, 112, 96, 96, 176, 80]",WARM_NEW_PLAN,True,201175552,focused,0.2225074110319838,0.044642532942816615,0.162342338,0.036692847,0.004785042954608798,0.015085468045391202,0.006564020994119346,0.219058013,0.0,c6eb10fd6e633d796ce3e9dfd111b8a078a8e170b2c8a88f9aac6c4d12e991f2,"{""N"": 79, ""source_family"": ""N96_INDUCED_TRANSITION_LADDER_V1"", ""graph_hash"": ""8f842662e36b9b8a2364c5951d7fb9365d65b70a3c5ce128f50ba5cd472e9361"", ""source_hash"": ""52c770b6a8ed6f639d8ded5cf7726d339612662a322afafdd3bd79ab3b766ecd"", ""edges"": 162, ""degree_min"": 2, ""degree_max"": 5, ""degree_mean"": 4.10126582278481, ""degree_std"": 0.8508363228762562, ""components"": 1, ""component_sizes"": [79], ""max_component"": 79, ""local_assignments"": 604462909807314587353088, ""minfill_width"": 20, ""minfill_work"": 2931343, ""minfill_order"": [25, 60, 15, 20, 29, 0, 3, 6, 24, 32, 34, 37, 41, 51, 59, 64, 68, 8, 50, 1, 33, 42, 47, 62, 11, 66, 69, 48, 63, 67, 39, 16, 76, 56, 74, 23, 2, 7, 9, 77, 61, 17, 38, 58, 46, 73, 78, 12, 52, 27, 22, 19, 40, 10, 43, 65, 75, 30, 13, 54, 49, 4, 5, 14, 18, 21, 26, 28, 31, 35, 36, 44, 45, 53, 55, 57, 70, 71, 72], ""energy_bound"": 410, ""root_bound"": 512, ""crt_primes"": 3, ""arithmetic_burden"": 4502542848, ""coefficient_bound"": ""604462909807314587353088"", ""coupling_multiplicities"": {""3"": 32, ""-1"": 32, ""-2"": 27, ""1"": 32, ""-3"": 20, ""2"": 19}, ""symmetry"": ""not assumed"", ""degree_signature"": [2, 2, 3, 3, 3, 3, 3, 3, 3, 3, 3, 3, 3, 3, 3, 3, 3, 3, 3, 3, 3, 4, 4, 4, 4, 4, 4, 4, 4, 4, 4, 4, 4, 4, 4, 4, 4, 4, 4, 4, 4, 4, 4, 4, 4, 4, 4, 4, 5, 5, 5, 5, 5, 5, 5, 5, 5, 5, 5, 5, 5, 5, 5, 5, 5, 5, 5, 5, 5, 5, 5, 5, 5, 5, 5, 5, 5, 5, 5]}"
c57b8d587aefcc9681bf74a7,N079,52c770b6a8ed6f639d8ded5cf7726d339612662a322afafdd3bd79ab3b766ecd,8f842662e36b9b8a2364c5951d7fb9365d65b70a3c5ce128f50ba5cd472e9361,N96_INDUCED_TRANSITION_LADDER_V1,f2f991d74dfbb2edf7f4475dcb7d82989de00a71e44bb11d4a6fbb49442577b6,"[0, 1, 2, 3]",42c1f799bcc36b3c5bfd4bec1499b48c2460d21025c0e18c8403721820190fd6,0351ea0e98daca6d4a8426e3f64c2a64db05f0b095c30bdb3237c421cfcd3496,fresh_min_fill,COOP14_MIG_BRANCH_GROUP,1d2a6f95014703ca171206e42701c52355b89dab08ba0a9b72b3d193a3b620d4,WARM_SAME_SOURCE,FRESH_EXACT_SOLVE_WITH_INTERNAL_CHECKS_EXCLUDES_EXTERNAL_VERIFICATION,16,512,3,1,18,1177136,262144,d5207e6b84fbabee961e83f3860a3bacaca585acd736c092903cacdfff692450,NUMPY_BATCHED_INVERSE_NTT_INTEGER_CRT,2,COMPLETE,OBSERVED_PATTERN,13160432,"[67629, 67630, 67631, 67632, 67633, 67634, 67635, 67636, 67637, 67638, 67639, 67640, 67641, 67642]","[96, 96, 112, 96, 96, 80, 112, 96, 128, 160, 128, 128, 96, 112]",WARM_SAME_SOURCE,True,201175552,focused,0.2225074110319838,0.044642532942816615,0.13730994,0.021254286,0.004560527857393026,0.015394351142606972,0.006848165998235345,0.178681043,0.0,c6eb10fd6e633d796ce3e9dfd111b8a078a8e170b2c8a88f9aac6c4d12e991f2,"{""N"": 79, ""source_family"": ""N96_INDUCED_TRANSITION_LADDER_V1"", ""graph_hash"": ""8f842662e36b9b8a2364c5951d7fb9365d65b70a3c5ce128f50ba5cd472e9361"", ""source_hash"": ""52c770b6a8ed6f639d8ded5cf7726d339612662a322afafdd3bd79ab3b766ecd"", ""edges"": 162, ""degree_min"": 2, ""degree_max"": 5, ""degree_mean"": 4.10126582278481, ""degree_std"": 0.8508363228762562, ""components"": 1, ""component_sizes"": [79], ""max_component"": 79, ""local_assignments"": 604462909807314587353088, ""minfill_width"": 20, ""minfill_work"": 2931343, ""minfill_order"": [25, 60, 15, 20, 29, 0, 3, 6, 24, 32, 34, 37, 41, 51, 59, 64, 68, 8, 50, 1, 33, 42, 47, 62, 11, 66, 69, 48, 63, 67, 39, 16, 76, 56, 74, 23, 2, 7, 9, 77, 61, 17, 38, 58, 46, 73, 78, 12, 52, 27, 22, 19, 40, 10, 43, 65, 75, 30, 13, 54, 49, 4, 5, 14, 18, 21, 26, 28, 31, 35, 36, 44, 45, 53, 55, 57, 70, 71, 72], ""energy_bound"": 410, ""root_bound"": 512, ""crt_primes"": 3, ""arithmetic_burden"": 4502542848, ""coefficient_bound"": ""604462909807314587353088"", ""coupling_multiplicities"": {""3"": 32, ""-1"": 32, ""-2"": 27, ""1"": 32, ""-3"": 20, ""2"": 19}, ""symmetry"": ""not assumed"", ""degree_signature"": [2, 2, 3, 3, 3, 3, 3, 3, 3, 3, 3, 3, 3, 3, 3, 3, 3, 3, 3, 3, 3, 4, 4, 4, 4, 4, 4, 4, 4, 4, 4, 4, 4, 4, 4, 4, 4, 4, 4, 4, 4, 4, 4, 4, 4, 4, 4, 4, 5, 5, 5, 5, 5, 5, 5, 5, 5, 5, 5, 5, 5, 5, 5, 5, 5, 5, 5, 5, 5, 5, 5, 5, 5, 5, 5, 5, 5, 5, 5]}"
c57b8d587aefcc9681bf74a7,N079,52c770b6a8ed6f639d8ded5cf7726d339612662a322afafdd3bd79ab3b766ecd,8f842662e36b9b8a2364c5951d7fb9365d65b70a3c5ce128f50ba5cd472e9361,N96_INDUCED_TRANSITION_LADDER_V1,f2f991d74dfbb2edf7f4475dcb7d82989de00a71e44bb11d4a6fbb49442577b6,"[0, 1, 2, 3]",53cfc360cdc411d49ba30f3a917d01843a25de556862067011cc0fa7e0d77c5a,c8fcae1c6b91658520f9d224b07c8bb9b52d22363dc5805d84c0c9760fcf2fd0,repair_transfer,COOP14_MIG_BRANCH_GROUP,1d2a6f95014703ca171206e42701c52355b89dab08ba0a9b72b3d193a3b620d4,WARM_NEW_PLAN,FRESH_EXACT_SOLVE_WITH_INTERNAL_CHECKS_EXCLUDES_EXTERNAL_VERIFICATION,16,512,3,1,17,656544,131072,d5207e6b84fbabee961e83f3860a3bacaca585acd736c092903cacdfff692450,NUMPY_BATCHED_INVERSE_NTT_INTEGER_CRT,2,COMPLETE,OBSERVED_PATTERN,6689264,"[67629, 67630, 67631, 67632, 67633, 67634, 67635, 67636, 67637, 67638, 67639, 67640, 67641, 67642]","[112, 112, 112, 112, 80, 112, 112, 96, 96, 176, 128, 96, 96, 96]",WARM_NEW_PLAN,True,134539776,focused,0.2225074110319838,0.044642532942816615,0.137079504,0.024530487,0.0046735749347135425,0.018971958065286457,0.0074593559838831425,0.185407661,0.0,7ee53b93b76db1ee3c9edae921407c3b037d4aa5605d02e256303957a66aea97,"{""N"": 79, ""source_family"": ""N96_INDUCED_TRANSITION_LADDER_V1"", ""graph_hash"": ""8f842662e36b9b8a2364c5951d7fb9365d65b70a3c5ce128f50ba5cd472e9361"", ""source_hash"": ""52c770b6a8ed6f639d8ded5cf7726d339612662a322afafdd3bd79ab3b766ecd"", ""edges"": 162, ""degree_min"": 2, ""degree_max"": 5, ""degree_mean"": 4.10126582278481, ""degree_std"": 0.8508363228762562, ""components"": 1, ""component_sizes"": [79], ""max_component"": 79, ""local_assignments"": 604462909807314587353088, ""minfill_width"": 20, ""minfill_work"": 2931343, ""minfill_order"": [25, 60, 15, 20, 29, 0, 3, 6, 24, 32, 34, 37, 41, 51, 59, 64, 68, 8, 50, 1, 33, 42, 47, 62, 11, 66, 69, 48, 63, 67, 39, 16, 76, 56, 74, 23, 2, 7, 9, 77, 61, 17, 38, 58, 46, 73, 78, 12, 52, 27, 22, 19, 40, 10, 43, 65, 75, 30, 13, 54, 49, 4, 5, 14, 18, 21, 26, 28, 31, 35, 36, 44, 45, 53, 55, 57, 70, 71, 72], ""energy_bound"": 410, ""root_bound"": 512, ""crt_primes"": 3, ""arithmetic_burden"": 4502542848, ""coefficient_bound"": ""604462909807314587353088"", ""coupling_multiplicities"": {""3"": 32, ""-1"": 32, ""-2"": 27, ""1"": 32, ""-3"": 20, ""2"": 19}, ""symmetry"": ""not assumed"", ""degree_signature"": [2, 2, 3, 3, 3, 3, 3, 3, 3, 3, 3, 3, 3, 3, 3, 3, 3, 3, 3, 3, 3, 4, 4, 4, 4, 4, 4, 4, 4, 4, 4, 4, 4, 4, 4, 4, 4, 4, 4, 4, 4, 4, 4, 4, 4, 4, 4, 4, 5, 5, 5, 5, 5, 5, 5, 5, 5, 5, 5, 5, 5, 5, 5, 5, 5, 5, 5, 5, 5, 5, 5, 5, 5, 5, 5, 5, 5, 5, 5]}"
c57b8d587aefcc9681bf74a7,N079,52c770b6a8ed6f639d8ded5cf7726d339612662a322afafdd3bd79ab3b766ecd,8f842662e36b9b8a2364c5951d7fb9365d65b70a3c5ce128f50ba5cd472e9361,N96_INDUCED_TRANSITION_LADDER_V1,f2f991d74dfbb2edf7f4475dcb7d82989de00a71e44bb11d4a6fbb49442577b6,"[0, 1, 2, 3]",53cfc360cdc411d49ba30f3a917d01843a25de556862067011cc0fa7e0d77c5a,c8fcae1c6b91658520f9d224b07c8bb9b52d22363dc5805d84c0c9760fcf2fd0,repair_transfer,COOP14_MIG_BRANCH_GROUP,1d2a6f95014703ca171206e42701c52355b89dab08ba0a9b72b3d193a3b620d4,WARM_SAME_SOURCE,FRESH_EXACT_SOLVE_WITH_INTERNAL_CHECKS_EXCLUDES_EXTERNAL_VERIFICATION,16,512,3,1,17,656544,131072,d5207e6b84fbabee961e83f3860a3bacaca585acd736c092903cacdfff692450,NUMPY_BATCHED_INVERSE_NTT_INTEGER_CRT,3,COMPLETE,OBSERVED_PATTERN,6689264,"[67629, 67630, 67631, 67632, 67633, 67634, 67635, 67636, 67637, 67638, 67639, 67640, 67641, 67642]","[176, 128, 160, 96, 96, 96, 160, 80, 96, 80, 64, 96, 64, 144]",WARM_SAME_SOURCE,True,134539776,focused,0.2225074110319838,0.044642532942816615,0.13614452,0.023904059,0.0033214110881090164,0.015329562911890984,0.009868000983260572,0.178876068,0.0,7ee53b93b76db1ee3c9edae921407c3b037d4aa5605d02e256303957a66aea97,"{""N"": 79, ""source_family"": ""N96_INDUCED_TRANSITION_LADDER_V1"", ""graph_hash"": ""8f842662e36b9b8a2364c5951d7fb9365d65b70a3c5ce128f50ba5cd472e9361"", ""source_hash"": ""52c770b6a8ed6f639d8ded5cf7726d339612662a322afafdd3bd79ab3b766ecd"", ""edges"": 162, ""degree_min"": 2, ""degree_max"": 5, ""degree_mean"": 4.10126582278481, ""degree_std"": 0.8508363228762562, ""components"": 1, ""component_sizes"": [79], ""max_component"": 79, ""local_assignments"": 604462909807314587353088, ""minfill_width"": 20, ""minfill_work"": 2931343, ""minfill_order"": [25, 60, 15, 20, 29, 0, 3, 6, 24, 32, 34, 37, 41, 51, 59, 64, 68, 8, 50, 1, 33, 42, 47, 62, 11, 66, 69, 48, 63, 67, 39, 16, 76, 56, 74, 23, 2, 7, 9, 77, 61, 17, 38, 58, 46, 73, 78, 12, 52, 27, 22, 19, 40, 10, 43, 65, 75, 30, 13, 54, 49, 4, 5, 14, 18, 21, 26, 28, 31, 35, 36, 44, 45, 53, 55, 57, 70, 71, 72], ""energy_bound"": 410, ""root_bound"": 512, ""crt_primes"": 3, ""arithmetic_burden"": 4502542848, ""coefficient_bound"": ""604462909807314587353088"", ""coupling_multiplicities"": {""3"": 32, ""-1"": 32, ""-2"": 27, ""1"": 32, ""-3"": 20, ""2"": 19}, ""symmetry"": ""not assumed"", ""degree_signature"": [2, 2, 3, 3, 3, 3, 3, 3, 3, 3, 3, 3, 3, 3, 3, 3, 3, 3, 3, 3, 3, 4, 4, 4, 4, 4, 4, 4, 4, 4, 4, 4, 4, 4, 4, 4, 4, 4, 4, 4, 4, 4, 4, 4, 4, 4, 4, 4, 5, 5, 5, 5, 5, 5, 5, 5, 5, 5, 5, 5, 5, 5, 5, 5, 5, 5, 5, 5, 5, 5, 5, 5, 5, 5, 5, 5, 5, 5, 5]}"
c57b8d587aefcc9681bf74a7,N079,52c770b6a8ed6f639d8ded5cf7726d339612662a322afafdd3bd79ab3b766ecd,8f842662e36b9b8a2364c5951d7fb9365d65b70a3c5ce128f50ba5cd472e9361,N96_INDUCED_TRANSITION_LADDER_V1,f2f991d74dfbb2edf7f4475dcb7d82989de00a71e44bb11d4a6fbb49442577b6,"[0, 1, 2, 3]",42c1f799bcc36b3c5bfd4bec1499b48c2460d21025c0e18c8403721820190fd6,0351ea0e98daca6d4a8426e3f64c2a64db05f0b095c30bdb3237c421cfcd3496,fresh_min_fill,COOP14_MIG_BRANCH_GROUP,1d2a6f95014703ca171206e42701c52355b89dab08ba0a9b72b3d193a3b620d4,WARM_NEW_PLAN,FRESH_EXACT_SOLVE_WITH_INTERNAL_CHECKS_EXCLUDES_EXTERNAL_VERIFICATION,16,512,3,1,18,1177136,262144,d5207e6b84fbabee961e83f3860a3bacaca585acd736c092903cacdfff692450,NUMPY_BATCHED_INVERSE_NTT_INTEGER_CRT,3,COMPLETE,OBSERVED_PATTERN,13160432,"[67629, 67630, 67631, 67632, 67633, 67634, 67635, 67636, 67637, 67638, 67639, 67640, 67641, 67642]","[96, 128, 96, 144, 96, 112, 112, 96, 128, 96, 96, 128, 96, 112]",WARM_NEW_PLAN,True,201175552,focused,0.2225074110319838,0.044642532942816615,0.145138138,0.026401113,0.0019399340962991118,0.026363743903700887,0.010514980065636337,0.199950088,0.0,c6eb10fd6e633d796ce3e9dfd111b8a078a8e170b2c8a88f9aac6c4d12e991f2,"{""N"": 79, ""source_family"": ""N96_INDUCED_TRANSITION_LADDER_V1"", ""graph_hash"": ""8f842662e36b9b8a2364c5951d7fb9365d65b70a3c5ce128f50ba5cd472e9361"", ""source_hash"": ""52c770b6a8ed6f639d8ded5cf7726d339612662a322afafdd3bd79ab3b766ecd"", ""edges"": 162, ""degree_min"": 2, ""degree_max"": 5, ""degree_mean"": 4.10126582278481, ""degree_std"": 0.8508363228762562, ""components"": 1, ""component_sizes"": [79], ""max_component"": 79, ""local_assignments"": 604462909807314587353088, ""minfill_width"": 20, ""minfill_work"": 2931343, ""minfill_order"": [25, 60, 15, 20, 29, 0, 3, 6, 24, 32, 34, 37, 41, 51, 59, 64, 68, 8, 50, 1, 33, 42, 47, 62, 11, 66, 69, 48, 63, 67, 39, 16, 76, 56, 74, 23, 2, 7, 9, 77, 61, 17, 38, 58, 46, 73, 78, 12, 52, 27, 22, 19, 40, 10, 43, 65, 75, 30, 13, 54, 49, 4, 5, 14, 18, 21, 26, 28, 31, 35, 36, 44, 45, 53, 55, 57, 70, 71, 72], ""energy_bound"": 410, ""root_bound"": 512, ""crt_primes"": 3, ""arithmetic_burden"": 4502542848, ""coefficient_bound"": ""604462909807314587353088"", ""coupling_multiplicities"": {""3"": 32, ""-1"": 32, ""-2"": 27, ""1"": 32, ""-3"": 20, ""2"": 19}, ""symmetry"": ""not assumed"", ""degree_signature"": [2, 2, 3, 3, 3, 3, 3, 3, 3, 3, 3, 3, 3, 3, 3, 3, 3, 3, 3, 3, 3, 4, 4, 4, 4, 4, 4, 4, 4, 4, 4, 4, 4, 4, 4, 4, 4, 4, 4, 4, 4, 4, 4, 4, 4, 4, 4, 4, 5, 5, 5, 5, 5, 5, 5, 5, 5, 5, 5, 5, 5, 5, 5, 5, 5, 5, 5, 5, 5, 5, 5, 5, 5, 5, 5, 5, 5, 5, 5]}"
05914b8c5a3e62a6e759f419,N096_gauge,338ff15f83755261f4490e225928ef304133431dfed00b73ae31b99eb5ef9239,deec604943b07b7f78f1402c406cad1aeb52ab69076fc32ebc27835c6d89ed1f,N96_INDUCED_TRANSITION_LADDER_V1 -> explicit gauge,f2f991d74dfbb2edf7f4475dcb7d82989de00a71e44bb11d4a6fbb49442577b6,"[0, 1, 2, 3]",b3eecf675ed6f71c8b22632107417a2ec4fdea8a21e11eb906d330f7d2d42679,6a460203d9ebcb8efc55055e8665a7f8c3917da0c528aab4e836fa2c9285be72,expanded_portfolio,COOP14_MIG_BRANCH_GROUP,1d2a6f95014703ca171206e42701c52355b89dab08ba0a9b72b3d193a3b620d4,WARM_NEW_SOURCE,FRESH_EXACT_SOLVE_WITH_INTERNAL_CHECKS_EXCLUDES_EXTERNAL_VERIFICATION,16,1024,4,16,21,203956800,2097152,d5207e6b84fbabee961e83f3860a3bacaca585acd736c092903cacdfff692450,NUMPY_BATCHED_INVERSE_NTT_INTEGER_CRT,0,COMPLETE,OBSERVED_PATTERN,128034992,"[67629, 67630, 67631, 67632, 67633, 67634, 67635, 67636, 67637, 67638, 67639, 67640, 67641, 67642]","[288, 288, 288, 304, 288, 288, 288, 304, 304, 304, 288, 288, 288, 288]",WARM_NEW_SOURCE,False,1810094080,focused,6.628998707048595,0.21080702194012702,0.735446604,2.788336459,0.013630954083055258,0.03718793791694474,0.01056042907293886,3.574920369,0.0,5155c0e0b4f1ccee60d539af977df1c7d5d4daec574726ebf7538e779305b78e,"{""N"": 96, ""source_family"": ""POD14_GAUGE_VARIANT"", ""graph_hash"": ""deec604943b07b7f78f1402c406cad1aeb52ab69076fc32ebc27835c6d89ed1f"", ""source_hash"": ""338ff15f83755261f4490e225928ef304133431dfed00b73ae31b99eb5ef9239"", ""edges"": 240, ""degree_min"": 5, ""degree_max"": 5, ""degree_mean"": 5, ""degree_std"": 0.0, ""components"": 1, ""component_sizes"": [96], ""max_component"": 96, ""local_assignments"": 79228162514264337593543950336, ""minfill_width"": 32, ""minfill_work"": 16698150047, ""minfill_order"": [15, 34, 50, 77, 82, 94, 3, 11, 20, 16, 24, 32, 63, 39, 44, 17, 18, 52, 27, 66, 78, 85, 88, 1, 4, 8, 33, 68, 48, 25, 69, 61, 19, 65, 22, 49, 56, 90, 38, 92, 73, 91, 55, 62, 7, 70, 64, 45, 29, 95, 26, 79, 57, 86, 5, 0, 2, 35, 71, 36, 47, 60, 93, 6, 9, 10, 12, 13, 14, 21, 23, 28, 30, 31, 37, 40, 41, 42, 43, 46, 51, 53, 54, 58, 59, 67, 72, 74, 75, 76, 80, 81, 83, 84, 87, 89], ""energy_bound"": 590, ""root_bound"": 1024, ""crt_primes"": 4, ""arithmetic_burden"": 68395622592512, ""coefficient_bound"": ""79228162514264337593543950336"", ""coupling_multiplicities"": {""3"": 38, ""1"": 46, ""2"": 37, ""-2"": 37, ""-3"": 39, ""-1"": 43}, ""symmetry"": ""not assumed"", ""degree_signature"": [5, 5, 5, 5, 5, 5, 5, 5, 5, 5, 5, 5, 5, 5, 5, 5, 5, 5, 5, 5, 5, 5, 5, 5, 5, 5, 5, 5, 5, 5, 5, 5, 5, 5, 5, 5, 5, 5, 5, 5, 5, 5, 5, 5, 5, 5, 5, 5, 5, 5, 5, 5, 5, 5, 5, 5, 5, 5, 5, 5, 5, 5, 5, 5, 5, 5, 5, 5, 5, 5, 5, 5, 5, 5, 5, 5, 5, 5, 5, 5, 5, 5, 5, 5, 5, 5, 5, 5, 5, 5, 5, 5, 5, 5, 5, 5]}"
05914b8c5a3e62a6e759f419,N096_gauge,338ff15f83755261f4490e225928ef304133431dfed00b73ae31b99eb5ef9239,deec604943b07b7f78f1402c406cad1aeb52ab69076fc32ebc27835c6d89ed1f,N96_INDUCED_TRANSITION_LADDER_V1 -> explicit gauge,f2f991d74dfbb2edf7f4475dcb7d82989de00a71e44bb11d4a6fbb49442577b6,"[0, 1, 2, 3]",b3eecf675ed6f71c8b22632107417a2ec4fdea8a21e11eb906d330f7d2d42679,6a460203d9ebcb8efc55055e8665a7f8c3917da0c528aab4e836fa2c9285be72,expanded_portfolio,COOP14_MIG_BRANCH_GROUP,1d2a6f95014703ca171206e42701c52355b89dab08ba0a9b72b3d193a3b620d4,WARM_SAME_SOURCE,FRESH_EXACT_SOLVE_WITH_INTERNAL_CHECKS_EXCLUDES_EXTERNAL_VERIFICATION,16,1024,4,16,21,203956800,2097152,d5207e6b84fbabee961e83f3860a3bacaca585acd736c092903cacdfff692450,NUMPY_BATCHED_INVERSE_NTT_INTEGER_CRT,1,COMPLETE,OBSERVED_PATTERN,128034992,"[67629, 67630, 67631, 67632, 67633, 67634, 67635, 67636, 67637, 67638, 67639, 67640, 67641, 67642]","[304, 288, 288, 304, 288, 288, 304, 304, 288, 288, 288, 288, 288, 288]",WARM_SAME_SOURCE,True,1810094080,focused,6.628998707048595,0.21080702194012702,0.995124633,2.772082152,0.014345531002618372,0.03177884599738163,0.009453359059989452,3.813689615,0.0,5155c0e0b4f1ccee60d539af977df1c7d5d4daec574726ebf7538e779305b78e,"{""N"": 96, ""source_family"": ""POD14_GAUGE_VARIANT"", ""graph_hash"": ""deec604943b07b7f78f1402c406cad1aeb52ab69076fc32ebc27835c6d89ed1f"", ""source_hash"": ""338ff15f83755261f4490e225928ef304133431dfed00b73ae31b99eb5ef9239"", ""edges"": 240, ""degree_min"": 5, ""degree_max"": 5, ""degree_mean"": 5, ""degree_std"": 0.0, ""components"": 1, ""component_sizes"": [96], ""max_component"": 96, ""local_assignments"": 79228162514264337593543950336, ""minfill_width"": 32, ""minfill_work"": 16698150047, ""minfill_order"": [15, 34, 50, 77, 82, 94, 3, 11, 20, 16, 24, 32, 63, 39, 44, 17, 18, 52, 27, 66, 78, 85, 88, 1, 4, 8, 33, 68, 48, 25, 69, 61, 19, 65, 22, 49, 56, 90, 38, 92, 73, 91, 55, 62, 7, 70, 64, 45, 29, 95, 26, 79, 57, 86, 5, 0, 2, 35, 71, 36, 47, 60, 93, 6, 9, 10, 12, 13, 14, 21, 23, 28, 30, 31, 37, 40, 41, 42, 43, 46, 51, 53, 54, 58, 59, 67, 72, 74, 75, 76, 80, 81, 83, 84, 87, 89], ""energy_bound"": 590, ""root_bound"": 1024, ""crt_primes"": 4, ""arithmetic_burden"": 68395622592512, ""coefficient_bound"": ""79228162514264337593543950336"", ""coupling_multiplicities"": {""3"": 38, ""1"": 46, ""2"": 37, ""-2"": 37, ""-3"": 39, ""-1"": 43}, ""symmetry"": ""not assumed"", ""degree_signature"": [5, 5, 5, 5, 5, 5, 5, 5, 5, 5, 5, 5, 5, 5, 5, 5, 5, 5, 5, 5, 5, 5, 5, 5, 5, 5, 5, 5, 5, 5, 5, 5, 5, 5, 5, 5, 5, 5, 5, 5, 5, 5, 5, 5, 5, 5, 5, 5, 5, 5, 5, 5, 5, 5, 5, 5, 5, 5, 5, 5, 5, 5, 5, 5, 5, 5, 5, 5, 5, 5, 5, 5, 5, 5, 5, 5, 5, 5, 5, 5, 5, 5, 5, 5, 5, 5, 5, 5, 5, 5, 5, 5, 5, 5, 5, 5]}"
05914b8c5a3e62a6e759f419,N096_gauge,338ff15f83755261f4490e225928ef304133431dfed00b73ae31b99eb5ef9239,deec604943b07b7f78f1402c406cad1aeb52ab69076fc32ebc27835c6d89ed1f,N96_INDUCED_TRANSITION_LADDER_V1 -> explicit gauge,f2f991d74dfbb2edf7f4475dcb7d82989de00a71e44bb11d4a6fbb49442577b6,"[0, 1, 2, 3]",b3eecf675ed6f71c8b22632107417a2ec4fdea8a21e11eb906d330f7d2d42679,6a460203d9ebcb8efc55055e8665a7f8c3917da0c528aab4e836fa2c9285be72,expanded_portfolio,COOP14_MIG_BRANCH_GROUP,1d2a6f95014703ca171206e42701c52355b89dab08ba0a9b72b3d193a3b620d4,WARM_SAME_SOURCE,FRESH_EXACT_SOLVE_WITH_INTERNAL_CHECKS_EXCLUDES_EXTERNAL_VERIFICATION,16,1024,4,16,21,203956800,2097152,d5207e6b84fbabee961e83f3860a3bacaca585acd736c092903cacdfff692450,NUMPY_BATCHED_INVERSE_NTT_INTEGER_CRT,2,COMPLETE,OBSERVED_PATTERN,128034992,"[67629, 67630, 67631, 67632, 67633, 67634, 67635, 67636, 67637, 67638, 67639, 67640, 67641, 67642]","[288, 304, 304, 304, 288, 288, 288, 304, 288, 288, 288, 288, 288, 288]",WARM_SAME_SOURCE,True,1810094080,focused,6.628998707048595,0.21080702194012702,0.611284647,2.7749535,0.012823249096982181,0.03495269790301782,0.015836954000405967,3.434322699,0.0,5155c0e0b4f1ccee60d539af977df1c7d5d4daec574726ebf7538e779305b78e,"{""N"": 96, ""source_family"": ""POD14_GAUGE_VARIANT"", ""graph_hash"": ""deec604943b07b7f78f1402c406cad1aeb52ab69076fc32ebc27835c6d89ed1f"", ""source_hash"": ""338ff15f83755261f4490e225928ef304133431dfed00b73ae31b99eb5ef9239"", ""edges"": 240, ""degree_min"": 5, ""degree_max"": 5, ""degree_mean"": 5, ""degree_std"": 0.0, ""components"": 1, ""component_sizes"": [96], ""max_component"": 96, ""local_assignments"": 79228162514264337593543950336, ""minfill_width"": 32, ""minfill_work"": 16698150047, ""minfill_order"": [15, 34, 50, 77, 82, 94, 3, 11, 20, 16, 24, 32, 63, 39, 44, 17, 18, 52, 27, 66, 78, 85, 88, 1, 4, 8, 33, 68, 48, 25, 69, 61, 19, 65, 22, 49, 56, 90, 38, 92, 73, 91, 55, 62, 7, 70, 64, 45, 29, 95, 26, 79, 57, 86, 5, 0, 2, 35, 71, 36, 47, 60, 93, 6, 9, 10, 12, 13, 14, 21, 23, 28, 30, 31, 37, 40, 41, 42, 43, 46, 51, 53, 54, 58, 59, 67, 72, 74, 75, 76, 80, 81, 83, 84, 87, 89], ""energy_bound"": 590, ""root_bound"": 1024, ""crt_primes"": 4, ""arithmetic_burden"": 68395622592512, ""coefficient_bound"": ""79228162514264337593543950336"", ""coupling_multiplicities"": {""3"": 38, ""1"": 46, ""2"": 37, ""-2"": 37, ""-3"": 39, ""-1"": 43}, ""symmetry"": ""not assumed"", ""degree_signature"": [5, 5, 5, 5, 5, 5, 5, 5, 5, 5, 5, 5, 5, 5, 5, 5, 5, 5, 5, 5, 5, 5, 5, 5, 5, 5, 5, 5, 5, 5, 5, 5, 5, 5, 5, 5, 5, 5, 5, 5, 5, 5, 5, 5, 5, 5, 5, 5, 5, 5, 5, 5, 5, 5, 5, 5, 5, 5, 5, 5, 5, 5, 5, 5, 5, 5, 5, 5, 5, 5, 5, 5, 5, 5, 5, 5, 5, 5, 5, 5, 5, 5, 5, 5, 5, 5, 5, 5, 5, 5, 5, 5, 5, 5, 5, 5]}"
05914b8c5a3e62a6e759f419,N096_gauge,338ff15f83755261f4490e225928ef304133431dfed00b73ae31b99eb5ef9239,deec604943b07b7f78f1402c406cad1aeb52ab69076fc32ebc27835c6d89ed1f,N96_INDUCED_TRANSITION_LADDER_V1 -> explicit gauge,f2f991d74dfbb2edf7f4475dcb7d82989de00a71e44bb11d4a6fbb49442577b6,"[0, 1, 2, 3]",b3eecf675ed6f71c8b22632107417a2ec4fdea8a21e11eb906d330f7d2d42679,6a460203d9ebcb8efc55055e8665a7f8c3917da0c528aab4e836fa2c9285be72,expanded_portfolio,COOP14_MIG_BRANCH_GROUP,1d2a6f95014703ca171206e42701c52355b89dab08ba0a9b72b3d193a3b620d4,WARM_SAME_SOURCE,FRESH_EXACT_SOLVE_WITH_INTERNAL_CHECKS_EXCLUDES_EXTERNAL_VERIFICATION,16,1024,4,16,21,203956800,2097152,d5207e6b84fbabee961e83f3860a3bacaca585acd736c092903cacdfff692450,NUMPY_BATCHED_INVERSE_NTT_INTEGER_CRT,3,COMPLETE,OBSERVED_PATTERN,128034992,"[67629, 67630, 67631, 67632, 67633, 67634, 67635, 67636, 67637, 67638, 67639, 67640, 67641, 67642]","[288, 304, 288, 304, 304, 288, 288, 304, 288, 288, 288, 288, 288, 288]",WARM_SAME_SOURCE,True,1810094080,focused,6.628998707048595,0.21080702194012702,0.590466843,2.78330259,0.012714551179669797,0.0347440208203302,0.009397979942150414,3.42151806,0.0,5155c0e0b4f1ccee60d539af977df1c7d5d4daec574726ebf7538e779305b78e,"{""N"": 96, ""source_family"": ""POD14_GAUGE_VARIANT"", ""graph_hash"": ""deec604943b07b7f78f1402c406cad1aeb52ab69076fc32ebc27835c6d89ed1f"", ""source_hash"": ""338ff15f83755261f4490e225928ef304133431dfed00b73ae31b99eb5ef9239"", ""edges"": 240, ""degree_min"": 5, ""degree_max"": 5, ""degree_mean"": 5, ""degree_std"": 0.0, ""components"": 1, ""component_sizes"": [96], ""max_component"": 96, ""local_assignments"": 79228162514264337593543950336, ""minfill_width"": 32, ""minfill_work"": 16698150047, ""minfill_order"": [15, 34, 50, 77, 82, 94, 3, 11, 20, 16, 24, 32, 63, 39, 44, 17, 18, 52, 27, 66, 78, 85, 88, 1, 4, 8, 33, 68, 48, 25, 69, 61, 19, 65, 22, 49, 56, 90, 38, 92, 73, 91, 55, 62, 7, 70, 64, 45, 29, 95, 26, 79, 57, 86, 5, 0, 2, 35, 71, 36, 47, 60, 93, 6, 9, 10, 12, 13, 14, 21, 23, 28, 30, 31, 37, 40, 41, 42, 43, 46, 51, 53, 54, 58, 59, 67, 72, 74, 75, 76, 80, 81, 83, 84, 87, 89], ""energy_bound"": 590, ""root_bound"": 1024, ""crt_primes"": 4, ""arithmetic_burden"": 68395622592512, ""coefficient_bound"": ""79228162514264337593543950336"", ""coupling_multiplicities"": {""3"": 38, ""1"": 46, ""2"": 37, ""-2"": 37, ""-3"": 39, ""-1"": 43}, ""symmetry"": ""not assumed"", ""degree_signature"": [5, 5, 5, 5, 5, 5, 5, 5, 5, 5, 5, 5, 5, 5, 5, 5, 5, 5, 5, 5, 5, 5, 5, 5, 5, 5, 5, 5, 5, 5, 5, 5, 5, 5, 5, 5, 5, 5, 5, 5, 5, 5, 5, 5, 5, 5, 5, 5, 5, 5, 5, 5, 5, 5, 5, 5, 5, 5, 5, 5, 5, 5, 5, 5, 5, 5, 5, 5, 5, 5, 5, 5, 5, 5, 5, 5, 5, 5, 5, 5, 5, 5, 5, 5, 5, 5, 5, 5, 5, 5, 5, 5, 5, 5, 5, 5]}"
8821bdf31236f75d70664164,N071,e895ceecc43687f44b35ba15cbd8d93fe40adaab3c4e2c54f3d1a9d421ebd652,a249cbc29e1a716dc8cb764cbb9efdd6f5cbb8170a7cc0e4bd71c59e1eaa9edd,N96_INDUCED_TRANSITION_LADDER_V1,f2f991d74dfbb2edf7f4475dcb7d82989de00a71e44bb11d4a6fbb49442577b6,"[0, 1, 2, 3]",f992da601067a95966a2c0862dad5f592fce0c5806067ab95a4448274fab801e,572404ac9e01473a171be38e8e221592cda2629c5719bd6600d73af4fc3e4504,tie_portfolio,COOP14_MIG_BRANCH_GROUP,1d2a6f95014703ca171206e42701c52355b89dab08ba0a9b72b3d193a3b620d4,WARM_NEW_SOURCE,FRESH_EXACT_SOLVE_WITH_INTERNAL_CHECKS_EXCLUDES_EXTERNAL_VERIFICATION,16,512,3,1,11,24782,2048,d5207e6b84fbabee961e83f3860a3bacaca585acd736c092903cacdfff692450,NUMPY_BATCHED_INVERSE_NTT_INTEGER_CRT,0,COMPLETE,OBSERVED_PATTERN,245536,"[67629, 67630, 67631, 67632, 67633, 67634, 67635, 67636, 67637, 67638, 67639, 67640, 67641, 67642]","[80, 128, 64, 80, 112, 112, 176, 160, 96, 160, 96, 64, 112, 96]",WARM_NEW_SOURCE,False,178223104,focused,0.0003514940617606044,0.024901871103793383,0.32827686,0.024438208,0.006861216970719397,0.018548714029280603,0.008052295073866844,0.378276457,0.0,a18298c2d68e6c862ead3b833534a8669f67618e68a3d219077c1682d2351ff0,"{""N"": 71, ""source_family"": ""N96_INDUCED_TRANSITION_LADDER_V1"", ""graph_hash"": ""a249cbc29e1a716dc8cb764cbb9efdd6f5cbb8170a7cc0e4bd71c59e1eaa9edd"", ""source_hash"": ""e895ceecc43687f44b35ba15cbd8d93fe40adaab3c4e2c54f3d1a9d421ebd652"", ""edges"": 128, ""degree_min"": 1, ""degree_max"": 5, ""degree_mean"": 3.6056338028169015, ""degree_std"": 0.9711162916021521, ""components"": 1, ""component_sizes"": [71], ""max_component"": 71, ""local_assignments"": 2361183241434822606848, ""minfill_width"": 13, ""minfill_work"": 35145, ""minfill_order"": [25, 1, 11, 62, 31, 48, 60, 15, 20, 29, 0, 3, 6, 22, 23, 27, 32, 34, 39, 52, 41, 42, 43, 64, 59, 63, 66, 68, 8, 50, 33, 37, 38, 69, 7, 17, 45, 9, 55, 58, 51, 61, 67, 70, 46, 65, 10, 5, 26, 19, 30, 4, 12, 56, 2, 16, 28, 13, 14, 18, 21, 24, 35, 36, 40, 44, 47, 49, 53, 54, 57], ""energy_bound"": 340, ""root_bound"": 512, ""crt_primes"": 3, ""arithmetic_burden"": 53982720, ""coefficient_bound"": ""2361183241434822606848"", ""coupling_multiplicities"": {""3"": 30, ""-1"": 22, ""-2"": 23, ""1"": 23, ""-3"": 14, ""2"": 16}, ""symmetry"": ""not assumed"", ""degree_signature"": [1, 2, 2, 2, 2, 2, 2, 3, 3, 3, 3, 3, 3, 3, 3, 3, 3, 3, 3, 3, 3, 3, 3, 3, 3, 3, 3, 3, 3, 3, 3, 3, 3, 3, 3, 3, 4, 4, 4, 4, 4, 4, 4, 4, 4, 4, 4, 4, 4, 4, 4, 4, 4, 4, 4, 5, 5, 5, 5, 5, 5, 5, 5, 5, 5, 5, 5, 5, 5, 5, 5]}"
8821bdf31236f75d70664164,N071,e895ceecc43687f44b35ba15cbd8d93fe40adaab3c4e2c54f3d1a9d421ebd652,a249cbc29e1a716dc8cb764cbb9efdd6f5cbb8170a7cc0e4bd71c59e1eaa9edd,N96_INDUCED_TRANSITION_LADDER_V1,f2f991d74dfbb2edf7f4475dcb7d82989de00a71e44bb11d4a6fbb49442577b6,"[0, 1, 2, 3]",f992da601067a95966a2c0862dad5f592fce0c5806067ab95a4448274fab801e,572404ac9e01473a171be38e8e221592cda2629c5719bd6600d73af4fc3e4504,tie_portfolio,COOP14_MIG_BRANCH_GROUP,1d2a6f95014703ca171206e42701c52355b89dab08ba0a9b72b3d193a3b620d4,WARM_SAME_SOURCE,FRESH_EXACT_SOLVE_WITH_INTERNAL_CHECKS_EXCLUDES_EXTERNAL_VERIFICATION,16,512,3,1,11,24782,2048,d5207e6b84fbabee961e83f3860a3bacaca585acd736c092903cacdfff692450,NUMPY_BATCHED_INVERSE_NTT_INTEGER_CRT,1,COMPLETE,OBSERVED_PATTERN,245536,"[67629, 67630, 67631, 67632, 67633, 67634, 67635, 67636, 67637, 67638, 67639, 67640, 67641, 67642]","[112, 112, 112, 96, 112, 96, 80, 144, 160, 64, 80, 80, 128, 160]",WARM_SAME_SOURCE,True,178223104,focused,0.0003514940617606044,0.024901871103793383,0.05699437,0.020702296,0.0032917598728090525,0.03102251012719095,0.005345933022908866,0.112095914,0.0,a18298c2d68e6c862ead3b833534a8669f67618e68a3d219077c1682d2351ff0,"{""N"": 71, ""source_family"": ""N96_INDUCED_TRANSITION_LADDER_V1"", ""graph_hash"": ""a249cbc29e1a716dc8cb764cbb9efdd6f5cbb8170a7cc0e4bd71c59e1eaa9edd"", ""source_hash"": ""e895ceecc43687f44b35ba15cbd8d93fe40adaab3c4e2c54f3d1a9d421ebd652"", ""edges"": 128, ""degree_min"": 1, ""degree_max"": 5, ""degree_mean"": 3.6056338028169015, ""degree_std"": 0.9711162916021521, ""components"": 1, ""component_sizes"": [71], ""max_component"": 71, ""local_assignments"": 2361183241434822606848, ""minfill_width"": 13, ""minfill_work"": 35145, ""minfill_order"": [25, 1, 11, 62, 31, 48, 60, 15, 20, 29, 0, 3, 6, 22, 23, 27, 32, 34, 39, 52, 41, 42, 43, 64, 59, 63, 66, 68, 8, 50, 33, 37, 38, 69, 7, 17, 45, 9, 55, 58, 51, 61, 67, 70, 46, 65, 10, 5, 26, 19, 30, 4, 12, 56, 2, 16, 28, 13, 14, 18, 21, 24, 35, 36, 40, 44, 47, 49, 53, 54, 57], ""energy_bound"": 340, ""root_bound"": 512, ""crt_primes"": 3, ""arithmetic_burden"": 53982720, ""coefficient_bound"": ""2361183241434822606848"", ""coupling_multiplicities"": {""3"": 30, ""-1"": 22, ""-2"": 23, ""1"": 23, ""-3"": 14, ""2"": 16}, ""symmetry"": ""not assumed"", ""degree_signature"": [1, 2, 2, 2, 2, 2, 2, 3, 3, 3, 3, 3, 3, 3, 3, 3, 3, 3, 3, 3, 3, 3, 3, 3, 3, 3, 3, 3, 3, 3, 3, 3, 3, 3, 3, 3, 4, 4, 4, 4, 4, 4, 4, 4, 4, 4, 4, 4, 4, 4, 4, 4, 4, 4, 4, 5, 5, 5, 5, 5, 5, 5, 5, 5, 5, 5, 5, 5, 5, 5, 5]}"
8821bdf31236f75d70664164,N071,e895ceecc43687f44b35ba15cbd8d93fe40adaab3c4e2c54f3d1a9d421ebd652,a249cbc29e1a716dc8cb764cbb9efdd6f5cbb8170a7cc0e4bd71c59e1eaa9edd,N96_INDUCED_TRANSITION_LADDER_V1,f2f991d74dfbb2edf7f4475dcb7d82989de00a71e44bb11d4a6fbb49442577b6,"[0, 1, 2, 3]",f992da601067a95966a2c0862dad5f592fce0c5806067ab95a4448274fab801e,572404ac9e01473a171be38e8e221592cda2629c5719bd6600d73af4fc3e4504,tie_portfolio,COOP14_MIG_BRANCH_GROUP,1d2a6f95014703ca171206e42701c52355b89dab08ba0a9b72b3d193a3b620d4,WARM_SAME_SOURCE,FRESH_EXACT_SOLVE_WITH_INTERNAL_CHECKS_EXCLUDES_EXTERNAL_VERIFICATION,16,512,3,1,11,24782,2048,d5207e6b84fbabee961e83f3860a3bacaca585acd736c092903cacdfff692450,NUMPY_BATCHED_INVERSE_NTT_INTEGER_CRT,2,COMPLETE,OBSERVED_PATTERN,245536,"[67629, 67630, 67631, 67632, 67633, 67634, 67635, 67636, 67637, 67638, 67639, 67640, 67641, 67642]","[96, 176, 96, 144, 80, 96, 96, 96, 112, 160, 96, 112, 112, 64]",WARM_SAME_SOURCE,True,178223104,focused,0.0003514940617606044,0.024901871103793383,0.047498102,0.019189523,0.003238791017793119,0.01348310698220688,0.005591828958131373,0.083510631,0.0,a18298c2d68e6c862ead3b833534a8669f67618e68a3d219077c1682d2351ff0,"{""N"": 71, ""source_family"": ""N96_INDUCED_TRANSITION_LADDER_V1"", ""graph_hash"": ""a249cbc29e1a716dc8cb764cbb9efdd6f5cbb8170a7cc0e4bd71c59e1eaa9edd"", ""source_hash"": ""e895ceecc43687f44b35ba15cbd8d93fe40adaab3c4e2c54f3d1a9d421ebd652"", ""edges"": 128, ""degree_min"": 1, ""degree_max"": 5, ""degree_mean"": 3.6056338028169015, ""degree_std"": 0.9711162916021521, ""components"": 1, ""component_sizes"": [71], ""max_component"": 71, ""local_assignments"": 2361183241434822606848, ""minfill_width"": 13, ""minfill_work"": 35145, ""minfill_order"": [25, 1, 11, 62, 31, 48, 60, 15, 20, 29, 0, 3, 6, 22, 23, 27, 32, 34, 39, 52, 41, 42, 43, 64, 59, 63, 66, 68, 8, 50, 33, 37, 38, 69, 7, 17, 45, 9, 55, 58, 51, 61, 67, 70, 46, 65, 10, 5, 26, 19, 30, 4, 12, 56, 2, 16, 28, 13, 14, 18, 21, 24, 35, 36, 40, 44, 47, 49, 53, 54, 57], ""energy_bound"": 340, ""root_bound"": 512, ""crt_primes"": 3, ""arithmetic_burden"": 53982720, ""coefficient_bound"": ""2361183241434822606848"", ""coupling_multiplicities"": {""3"": 30, ""-1"": 22, ""-2"": 23, ""1"": 23, ""-3"": 14, ""2"": 16}, ""symmetry"": ""not assumed"", ""degree_signature"": [1, 2, 2, 2, 2, 2, 2, 3, 3, 3, 3, 3, 3, 3, 3, 3, 3, 3, 3, 3, 3, 3, 3, 3, 3, 3, 3, 3, 3, 3, 3, 3, 3, 3, 3, 3, 4, 4, 4, 4, 4, 4, 4, 4, 4, 4, 4, 4, 4, 4, 4, 4, 4, 4, 4, 5, 5, 5, 5, 5, 5, 5, 5, 5, 5, 5, 5, 5, 5, 5, 5]}"
8821bdf31236f75d70664164,N071,e895ceecc43687f44b35ba15cbd8d93fe40adaab3c4e2c54f3d1a9d421ebd652,a249cbc29e1a716dc8cb764cbb9efdd6f5cbb8170a7cc0e4bd71c59e1eaa9edd,N96_INDUCED_TRANSITION_LADDER_V1,f2f991d74dfbb2edf7f4475dcb7d82989de00a71e44bb11d4a6fbb49442577b6,"[0, 1, 2, 3]",f992da601067a95966a2c0862dad5f592fce0c5806067ab95a4448274fab801e,572404ac9e01473a171be38e8e221592cda2629c5719bd6600d73af4fc3e4504,tie_portfolio,COOP14_MIG_BRANCH_GROUP,1d2a6f95014703ca171206e42701c52355b89dab08ba0a9b72b3d193a3b620d4,WARM_SAME_SOURCE,FRESH_EXACT_SOLVE_WITH_INTERNAL_CHECKS_EXCLUDES_EXTERNAL_VERIFICATION,16,512,3,1,11,24782,2048,d5207e6b84fbabee961e83f3860a3bacaca585acd736c092903cacdfff692450,NUMPY_BATCHED_INVERSE_NTT_INTEGER_CRT,3,COMPLETE,OBSERVED_PATTERN,245536,"[67629, 67630, 67631, 67632, 67633, 67634, 67635, 67636, 67637, 67638, 67639, 67640, 67641, 67642]","[80, 80, 112, 112, 96, 112, 112, 128, 160, 112, 112, 112, 96, 112]",WARM_SAME_SOURCE,True,178223104,focused,0.0003514940617606044,0.024901871103793383,0.141044502,0.026928073,0.004645377979613841,0.01884075802038616,0.00620818801689893,0.191625658,0.0,a18298c2d68e6c862ead3b833534a8669f67618e68a3d219077c1682d2351ff0,"{""N"": 71, ""source_family"": ""N96_INDUCED_TRANSITION_LADDER_V1"", ""graph_hash"": ""a249cbc29e1a716dc8cb764cbb9efdd6f5cbb8170a7cc0e4bd71c59e1eaa9edd"", ""source_hash"": ""e895ceecc43687f44b35ba15cbd8d93fe40adaab3c4e2c54f3d1a9d421ebd652"", ""edges"": 128, ""degree_min"": 1, ""degree_max"": 5, ""degree_mean"": 3.6056338028169015, ""degree_std"": 0.9711162916021521, ""components"": 1, ""component_sizes"": [71], ""max_component"": 71, ""local_assignments"": 2361183241434822606848, ""minfill_width"": 13, ""minfill_work"": 35145, ""minfill_order"": [25, 1, 11, 62, 31, 48, 60, 15, 20, 29, 0, 3, 6, 22, 23, 27, 32, 34, 39, 52, 41, 42, 43, 64, 59, 63, 66, 68, 8, 50, 33, 37, 38, 69, 7, 17, 45, 9, 55, 58, 51, 61, 67, 70, 46, 65, 10, 5, 26, 19, 30, 4, 12, 56, 2, 16, 28, 13, 14, 18, 21, 24, 35, 36, 40, 44, 47, 49, 53, 54, 57], ""energy_bound"": 340, ""root_bound"": 512, ""crt_primes"": 3, ""arithmetic_burden"": 53982720, ""coefficient_bound"": ""2361183241434822606848"", ""coupling_multiplicities"": {""3"": 30, ""-1"": 22, ""-2"": 23, ""1"": 23, ""-3"": 14, ""2"": 16}, ""symmetry"": ""not assumed"", ""degree_signature"": [1, 2, 2, 2, 2, 2, 2, 3, 3, 3, 3, 3, 3, 3, 3, 3, 3, 3, 3, 3, 3, 3, 3, 3, 3, 3, 3, 3, 3, 3, 3, 3, 3, 3, 3, 3, 4, 4, 4, 4, 4, 4, 4, 4, 4, 4, 4, 4, 4, 4, 4, 4, 4, 4, 4, 5, 5, 5, 5, 5, 5, 5, 5, 5, 5, 5, 5, 5, 5, 5, 5]}"
87b920825fc05e4780c4f4d9,N091,6b32983f6672646de1094be660ee991c3c806425cdfd395dc6af584d4fb1660c,8f7b2c6838b37185033f9102570def60b6dc107acc71d069de2f14535fcbcf81,N96_INDUCED_TRANSITION_LADDER_V1,f2f991d74dfbb2edf7f4475dcb7d82989de00a71e44bb11d4a6fbb49442577b6,"[0, 1, 2, 3]",11179490700b0e038f04838f1c072e7c6afc38580e5a2b2fe64ef9fffca9521a,dfc8f83d71e119eeaa02197bd25316180d81a8cc8678367ef62f14bbe94a4468,transition_priority,COOP14_MIG_BRANCH_GROUP,1d2a6f95014703ca171206e42701c52355b89dab08ba0a9b72b3d193a3b620d4,WARM_NEW_SOURCE,FRESH_EXACT_SOLVE_WITH_INTERNAL_CHECKS_EXCLUDES_EXTERNAL_VERIFICATION,16,1024,4,32,18,63801600,262144,d5207e6b84fbabee961e83f3860a3bacaca585acd736c092903cacdfff692450,NUMPY_BATCHED_INVERSE_NTT_INTEGER_CRT,0,COMPLETE,OBSERVED_PATTERN,21432880,"[67629, 67630, 67631, 67632, 67633, 67634, 67635, 67636, 67637, 67638, 67639, 67640, 67641, 67642]","[304, 288, 304, 288, 304, 304, 288, 288, 288, 288, 288, 288, 288, 288]",WARM_NEW_SOURCE,False,446879232,focused,0.00015545799396932125,0.03894265601411462,0.732384449,1.085101148,0.014045426971279085,0.034248091028720916,0.009587786975316703,1.866137518,0.0,b2e1cea9a7259e5a63b778daffb64cea7d784f47f70c1a52658b80c8bf4e0993,"{""N"": 91, ""source_family"": ""N96_INDUCED_TRANSITION_LADDER_V1"", ""graph_hash"": ""8f7b2c6838b37185033f9102570def60b6dc107acc71d069de2f14535fcbcf81"", ""source_hash"": ""6b32983f6672646de1094be660ee991c3c806425cdfd395dc6af584d4fb1660c"", ""edges"": 215, ""degree_min"": 2, ""degree_max"": 5, ""degree_mean"": 4.725274725274725, ""degree_std"": 0.5754297785312548, ""components"": 1, ""component_sizes"": [91], ""max_component"": 91, ""local_assignments"": 2475880078570760549798248448, ""minfill_width"": 27, ""minfill_work"": 672986075, ""minfill_order"": [60, 0, 20, 41, 16, 79, 12, 22, 25, 33, 48, 51, 59, 67, 81, 15, 50, 68, 77, 11, 14, 23, 28, 39, 13, 76, 6, 8, 21, 31, 38, 34, 2, 62, 70, 84, 4, 61, 52, 18, 47, 73, 90, 29, 63, 64, 9, 7, 24, 44, 83, 35, 27, 54, 82, 5, 26, 66, 32, 10, 43, 65, 86, 46, 58, 1, 3, 17, 19, 30, 36, 37, 40, 42, 45, 49, 53, 55, 56, 57, 69, 71, 72, 74, 75, 78, 80, 85, 87, 88, 89], ""energy_bound"": 537, ""root_bound"": 1024, ""crt_primes"": 4, ""arithmetic_burden"": 2756550963200, ""coefficient_bound"": ""2475880078570760549798248448"", ""coupling_multiplicities"": {""3"": 43, ""-1"": 40, ""-2"": 38, ""1"": 39, ""-3"": 28, ""2"": 27}, ""symmetry"": ""not assumed"", ""degree_signature"": [2, 3, 3, 3, 4, 4, 4, 4, 4, 4, 4, 4, 4, 4, 4, 4, 4, 4, 4, 4, 5, 5, 5, 5, 5, 5, 5, 5, 5, 5, 5, 5, 5, 5, 5, 5, 5, 5, 5, 5, 5, 5, 5, 5, 5, 5, 5, 5, 5, 5, 5, 5, 5, 5, 5, 5, 5, 5, 5, 5, 5, 5, 5, 5, 5, 5, 5, 5, 5, 5, 5, 5, 5, 5, 5, 5, 5, 5, 5, 5, 5, 5, 5, 5, 5, 5, 5, 5, 5, 5, 5]}"
87b920825fc05e4780c4f4d9,N091,6b32983f6672646de1094be660ee991c3c806425cdfd395dc6af584d4fb1660c,8f7b2c6838b37185033f9102570def60b6dc107acc71d069de2f14535fcbcf81,N96_INDUCED_TRANSITION_LADDER_V1,f2f991d74dfbb2edf7f4475dcb7d82989de00a71e44bb11d4a6fbb49442577b6,"[0, 1, 2, 3]",11179490700b0e038f04838f1c072e7c6afc38580e5a2b2fe64ef9fffca9521a,dfc8f83d71e119eeaa02197bd25316180d81a8cc8678367ef62f14bbe94a4468,transition_priority,COOP14_MIG_BRANCH_GROUP,1d2a6f95014703ca171206e42701c52355b89dab08ba0a9b72b3d193a3b620d4,WARM_SAME_SOURCE,FRESH_EXACT_SOLVE_WITH_INTERNAL_CHECKS_EXCLUDES_EXTERNAL_VERIFICATION,16,1024,4,32,18,63801600,262144,d5207e6b84fbabee961e83f3860a3bacaca585acd736c092903cacdfff692450,NUMPY_BATCHED_INVERSE_NTT_INTEGER_CRT,1,COMPLETE,OBSERVED_PATTERN,21432880,"[67629, 67630, 67631, 67632, 67633, 67634, 67635, 67636, 67637, 67638, 67639, 67640, 67641, 67642]","[288, 288, 288, 304, 304, 288, 288, 304, 288, 288, 304, 288, 288, 288]",WARM_SAME_SOURCE,True,446879232,focused,0.00015545799396932125,0.03894265601411462,0.720540254,1.074728065,0.012850787956267595,0.035162674043732405,0.010969751980155706,1.843545137,0.0,b2e1cea9a7259e5a63b778daffb64cea7d784f47f70c1a52658b80c8bf4e0993,"{""N"": 91, ""source_family"": ""N96_INDUCED_TRANSITION_LADDER_V1"", ""graph_hash"": ""8f7b2c6838b37185033f9102570def60b6dc107acc71d069de2f14535fcbcf81"", ""source_hash"": ""6b32983f6672646de1094be660ee991c3c806425cdfd395dc6af584d4fb1660c"", ""edges"": 215, ""degree_min"": 2, ""degree_max"": 5, ""degree_mean"": 4.725274725274725, ""degree_std"": 0.5754297785312548, ""components"": 1, ""component_sizes"": [91], ""max_component"": 91, ""local_assignments"": 2475880078570760549798248448, ""minfill_width"": 27, ""minfill_work"": 672986075, ""minfill_order"": [60, 0, 20, 41, 16, 79, 12, 22, 25, 33, 48, 51, 59, 67, 81, 15, 50, 68, 77, 11, 14, 23, 28, 39, 13, 76, 6, 8, 21, 31, 38, 34, 2, 62, 70, 84, 4, 61, 52, 18, 47, 73, 90, 29, 63, 64, 9, 7, 24, 44, 83, 35, 27, 54, 82, 5, 26, 66, 32, 10, 43, 65, 86, 46, 58, 1, 3, 17, 19, 30, 36, 37, 40, 42, 45, 49, 53, 55, 56, 57, 69, 71, 72, 74, 75, 78, 80, 85, 87, 88, 89], ""energy_bound"": 537, ""root_bound"": 1024, ""crt_primes"": 4, ""arithmetic_burden"": 2756550963200, ""coefficient_bound"": ""2475880078570760549798248448"", ""coupling_multiplicities"": {""3"": 43, ""-1"": 40, ""-2"": 38, ""1"": 39, ""-3"": 28, ""2"": 27}, ""symmetry"": ""not assumed"", ""degree_signature"": [2, 3, 3, 3, 4, 4, 4, 4, 4, 4, 4, 4, 4, 4, 4, 4, 4, 4, 4, 4, 5, 5, 5, 5, 5, 5, 5, 5, 5, 5, 5, 5, 5, 5, 5, 5, 5, 5, 5, 5, 5, 5, 5, 5, 5, 5, 5, 5, 5, 5, 5, 5, 5, 5, 5, 5, 5, 5, 5, 5, 5, 5, 5, 5, 5, 5, 5, 5, 5, 5, 5, 5, 5, 5, 5, 5, 5, 5, 5, 5, 5, 5, 5, 5, 5, 5, 5, 5, 5, 5, 5]}"
87b920825fc05e4780c4f4d9,N091,6b32983f6672646de1094be660ee991c3c806425cdfd395dc6af584d4fb1660c,8f7b2c6838b37185033f9102570def60b6dc107acc71d069de2f14535fcbcf81,N96_INDUCED_TRANSITION_LADDER_V1,f2f991d74dfbb2edf7f4475dcb7d82989de00a71e44bb11d4a6fbb49442577b6,"[0, 1, 2, 3]",11179490700b0e038f04838f1c072e7c6afc38580e5a2b2fe64ef9fffca9521a,dfc8f83d71e119eeaa02197bd25316180d81a8cc8678367ef62f14bbe94a4468,transition_priority,COOP14_MIG_BRANCH_GROUP,1d2a6f95014703ca171206e42701c52355b89dab08ba0a9b72b3d193a3b620d4,WARM_SAME_SOURCE,FRESH_EXACT_SOLVE_WITH_INTERNAL_CHECKS_EXCLUDES_EXTERNAL_VERIFICATION,16,1024,4,32,18,63801600,262144,d5207e6b84fbabee961e83f3860a3bacaca585acd736c092903cacdfff692450,NUMPY_BATCHED_INVERSE_NTT_INTEGER_CRT,2,COMPLETE,OBSERVED_PATTERN,21432880,"[67629, 67630, 67631, 67632, 67633, 67634, 67635, 67636, 67637, 67638, 67639, 67640, 67641, 67642]","[304, 288, 288, 288, 304, 288, 288, 304, 288, 288, 304, 288, 288, 288]",WARM_SAME_SOURCE,True,446879232,focused,0.00015545799396932125,0.03894265601411462,0.738136025,1.073979109,0.01290657592471689,0.03293786607528311,0.008371808915399015,1.85823151,0.0,b2e1cea9a7259e5a63b778daffb64cea7d784f47f70c1a52658b80c8bf4e0993,"{""N"": 91, ""source_family"": ""N96_INDUCED_TRANSITION_LADDER_V1"", ""graph_hash"": ""8f7b2c6838b37185033f9102570def60b6dc107acc71d069de2f14535fcbcf81"", ""source_hash"": ""6b32983f6672646de1094be660ee991c3c806425cdfd395dc6af584d4fb1660c"", ""edges"": 215, ""degree_min"": 2, ""degree_max"": 5, ""degree_mean"": 4.725274725274725, ""degree_std"": 0.5754297785312548, ""components"": 1, ""component_sizes"": [91], ""max_component"": 91, ""local_assignments"": 2475880078570760549798248448, ""minfill_width"": 27, ""minfill_work"": 672986075, ""minfill_order"": [60, 0, 20, 41, 16, 79, 12, 22, 25, 33, 48, 51, 59, 67, 81, 15, 50, 68, 77, 11, 14, 23, 28, 39, 13, 76, 6, 8, 21, 31, 38, 34, 2, 62, 70, 84, 4, 61, 52, 18, 47, 73, 90, 29, 63, 64, 9, 7, 24, 44, 83, 35, 27, 54, 82, 5, 26, 66, 32, 10, 43, 65, 86, 46, 58, 1, 3, 17, 19, 30, 36, 37, 40, 42, 45, 49, 53, 55, 56, 57, 69, 71, 72, 74, 75, 78, 80, 85, 87, 88, 89], ""energy_bound"": 537, ""root_bound"": 1024, ""crt_primes"": 4, ""arithmetic_burden"": 2756550963200, ""coefficient_bound"": ""2475880078570760549798248448"", ""coupling_multiplicities"": {""3"": 43, ""-1"": 40, ""-2"": 38, ""1"": 39, ""-3"": 28, ""2"": 27}, ""symmetry"": ""not assumed"", ""degree_signature"": [2, 3, 3, 3, 4, 4, 4, 4, 4, 4, 4, 4, 4, 4, 4, 4, 4, 4, 4, 4, 5, 5, 5, 5, 5, 5, 5, 5, 5, 5, 5, 5, 5, 5, 5, 5, 5, 5, 5, 5, 5, 5, 5, 5, 5, 5, 5, 5, 5, 5, 5, 5, 5, 5, 5, 5, 5, 5, 5, 5, 5, 5, 5, 5, 5, 5, 5, 5, 5, 5, 5, 5, 5, 5, 5, 5, 5, 5, 5, 5, 5, 5, 5, 5, 5, 5, 5, 5, 5, 5, 5]}"
87b920825fc05e4780c4f4d9,N091,6b32983f6672646de1094be660ee991c3c806425cdfd395dc6af584d4fb1660c,8f7b2c6838b37185033f9102570def60b6dc107acc71d069de2f14535fcbcf81,N96_INDUCED_TRANSITION_LADDER_V1,f2f991d74dfbb2edf7f4475dcb7d82989de00a71e44bb11d4a6fbb49442577b6,"[0, 1, 2, 3]",11179490700b0e038f04838f1c072e7c6afc38580e5a2b2fe64ef9fffca9521a,dfc8f83d71e119eeaa02197bd25316180d81a8cc8678367ef62f14bbe94a4468,transition_priority,COOP14_MIG_BRANCH_GROUP,1d2a6f95014703ca171206e42701c52355b89dab08ba0a9b72b3d193a3b620d4,WARM_SAME_SOURCE,FRESH_EXACT_SOLVE_WITH_INTERNAL_CHECKS_EXCLUDES_EXTERNAL_VERIFICATION,16,1024,4,32,18,63801600,262144,d5207e6b84fbabee961e83f3860a3bacaca585acd736c092903cacdfff692450,NUMPY_BATCHED_INVERSE_NTT_INTEGER_CRT,3,COMPLETE,OBSERVED_PATTERN,21432880,"[67629, 67630, 67631, 67632, 67633, 67634, 67635, 67636, 67637, 67638, 67639, 67640, 67641, 67642]","[304, 288, 304, 288, 304, 288, 288, 288, 304, 288, 288, 288, 288, 288]",WARM_SAME_SOURCE,True,446879232,focused,0.00015545799396932125,0.03894265601411462,0.716052725,1.07112077,0.0052257360657677054,0.017952065934232295,0.02449369803071022,1.810527673,0.0,b2e1cea9a7259e5a63b778daffb64cea7d784f47f70c1a52658b80c8bf4e0993,"{""N"": 91, ""source_family"": ""N96_INDUCED_TRANSITION_LADDER_V1"", ""graph_hash"": ""8f7b2c6838b37185033f9102570def60b6dc107acc71d069de2f14535fcbcf81"", ""source_hash"": ""6b32983f6672646de1094be660ee991c3c806425cdfd395dc6af584d4fb1660c"", ""edges"": 215, ""degree_min"": 2, ""degree_max"": 5, ""degree_mean"": 4.725274725274725, ""degree_std"": 0.5754297785312548, ""components"": 1, ""component_sizes"": [91], ""max_component"": 91, ""local_assignments"": 2475880078570760549798248448, ""minfill_width"": 27, ""minfill_work"": 672986075, ""minfill_order"": [60, 0, 20, 41, 16, 79, 12, 22, 25, 33, 48, 51, 59, 67, 81, 15, 50, 68, 77, 11, 14, 23, 28, 39, 13, 76, 6, 8, 21, 31, 38, 34, 2, 62, 70, 84, 4, 61, 52, 18, 47, 73, 90, 29, 63, 64, 9, 7, 24, 44, 83, 35, 27, 54, 82, 5, 26, 66, 32, 10, 43, 65, 86, 46, 58, 1, 3, 17, 19, 30, 36, 37, 40, 42, 45, 49, 53, 55, 56, 57, 69, 71, 72, 74, 75, 78, 80, 85, 87, 88, 89], ""energy_bound"": 537, ""root_bound"": 1024, ""crt_primes"": 4, ""arithmetic_burden"": 2756550963200, ""coefficient_bound"": ""2475880078570760549798248448"", ""coupling_multiplicities"": {""3"": 43, ""-1"": 40, ""-2"": 38, ""1"": 39, ""-3"": 28, ""2"": 27}, ""symmetry"": ""not assumed"", ""degree_signature"": [2, 3, 3, 3, 4, 4, 4, 4, 4, 4, 4, 4, 4, 4, 4, 4, 4, 4, 4, 4, 5, 5, 5, 5, 5, 5, 5, 5, 5, 5, 5, 5, 5, 5, 5, 5, 5, 5, 5, 5, 5, 5, 5, 5, 5, 5, 5, 5, 5, 5, 5, 5, 5, 5, 5, 5, 5, 5, 5, 5, 5, 5, 5, 5, 5, 5, 5, 5, 5, 5, 5, 5, 5, 5, 5, 5, 5, 5, 5, 5, 5, 5, 5, 5, 5, 5, 5, 5, 5, 5, 5]}"
491fda4a8d7e0749ba4452c8,N073,02922ed789f3cf7343cc634dd12ca12989dc36bffae5cc0fd62d872fae23be5a,aed7d0658e1b802fab81f273c2767e0da29b8a233368b3a3aa399d6f364db3aa,N96_INDUCED_TRANSITION_LADDER_V1,f2f991d74dfbb2edf7f4475dcb7d82989de00a71e44bb11d4a6fbb49442577b6,"[0, 1, 2, 3]",7bc045af1830d83ccd63e2a95e6f7cea6b9bf86eec82977b41a9272f459a59db,a6281945e8be8be8720bd9ef749fbe210846ea020ae2c22e3ef14cfb8c59cfbb,tie_portfolio,COOP14_MIG_BRANCH_GROUP,1d2a6f95014703ca171206e42701c52355b89dab08ba0a9b72b3d193a3b620d4,WARM_NEW_SOURCE,FRESH_EXACT_SOLVE_WITH_INTERNAL_CHECKS_EXCLUDES_EXTERNAL_VERIFICATION,16,512,3,1,13,58454,8192,d5207e6b84fbabee961e83f3860a3bacaca585acd736c092903cacdfff692450,NUMPY_BATCHED_INVERSE_NTT_INTEGER_CRT,0,COMPLETE,OBSERVED_PATTERN,685168,"[67629, 67630, 67631, 67632, 67633, 67634, 67635, 67636, 67637, 67638, 67639, 67640, 67641, 67642]","[128, 128, 80, 128, 96, 80, 144, 96, 96, 112, 112, 80, 128, 128]",WARM_NEW_SOURCE,False,193079296,focused,0.0001383370254188776,0.007704240968450904,0.13621845,0.023456386,0.005316364113241434,0.018065852886758566,0.006192388944327831,0.183210361,0.0,ecf235ee257d026c647e4353a75eba367d0dab58ce80088896b08a6e59da881e,"{""N"": 73, ""source_family"": ""N96_INDUCED_TRANSITION_LADDER_V1"", ""graph_hash"": ""aed7d0658e1b802fab81f273c2767e0da29b8a233368b3a3aa399d6f364db3aa"", ""source_hash"": ""02922ed789f3cf7343cc634dd12ca12989dc36bffae5cc0fd62d872fae23be5a"", ""edges"": 137, ""degree_min"": 1, ""degree_max"": 5, ""degree_mean"": 3.7534246575342465, ""degree_std"": 0.9331170611466522, ""components"": 1, ""component_sizes"": [73], ""max_component"": 73, ""local_assignments"": 9444732965739290427392, ""minfill_width"": 14, ""minfill_work"": 71541, ""minfill_order"": [25, 11, 62, 60, 15, 20, 29, 0, 3, 6, 24, 27, 31, 32, 34, 37, 38, 39, 52, 41, 42, 43, 64, 55, 59, 68, 8, 50, 28, 33, 47, 69, 7, 45, 48, 67, 12, 19, 70, 1, 51, 58, 61, 4, 46, 23, 63, 16, 65, 9, 10, 5, 26, 2, 14, 30, 54, 44, 13, 17, 18, 21, 22, 35, 36, 40, 49, 53, 56, 57, 66, 71, 72], ""energy_bound"": 358, ""root_bound"": 512, ""crt_primes"": 3, ""arithmetic_burden"": 109886976, ""coefficient_bound"": ""9444732965739290427392"", ""coupling_multiplicities"": {""3"": 30, ""-1"": 25, ""-2"": 23, ""1"": 26, ""-3"": 16, ""2"": 17}, ""symmetry"": ""not assumed"", ""degree_signature"": [1, 2, 2, 2, 3, 3, 3, 3, 3, 3, 3, 3, 3, 3, 3, 3, 3, 3, 3, 3, 3, 3, 3, 3, 3, 3, 3, 3, 3, 3, 3, 3, 4, 4, 4, 4, 4, 4, 4, 4, 4, 4, 4, 4, 4, 4, 4, 4, 4, 4, 4, 4, 4, 4, 5, 5, 5, 5, 5, 5, 5, 5, 5, 5, 5, 5, 5, 5, 5, 5, 5, 5, 5]}"
491fda4a8d7e0749ba4452c8,N073,02922ed789f3cf7343cc634dd12ca12989dc36bffae5cc0fd62d872fae23be5a,aed7d0658e1b802fab81f273c2767e0da29b8a233368b3a3aa399d6f364db3aa,N96_INDUCED_TRANSITION_LADDER_V1,f2f991d74dfbb2edf7f4475dcb7d82989de00a71e44bb11d4a6fbb49442577b6,"[0, 1, 2, 3]",7bc045af1830d83ccd63e2a95e6f7cea6b9bf86eec82977b41a9272f459a59db,a6281945e8be8be8720bd9ef749fbe210846ea020ae2c22e3ef14cfb8c59cfbb,tie_portfolio,COOP14_MIG_BRANCH_GROUP,1d2a6f95014703ca171206e42701c52355b89dab08ba0a9b72b3d193a3b620d4,WARM_SAME_SOURCE,FRESH_EXACT_SOLVE_WITH_INTERNAL_CHECKS_EXCLUDES_EXTERNAL_VERIFICATION,16,512,3,1,13,58454,8192,d5207e6b84fbabee961e83f3860a3bacaca585acd736c092903cacdfff692450,NUMPY_BATCHED_INVERSE_NTT_INTEGER_CRT,1,COMPLETE,OBSERVED_PATTERN,685168,"[67629, 67630, 67631, 67632, 67633, 67634, 67635, 67636, 67637, 67638, 67639, 67640, 67641, 67642]","[112, 80, 80, 80, 144, 112, 112, 128, 144, 112, 128, 112, 96, 96]",WARM_SAME_SOURCE,True,193079296,focused,0.0001383370254188776,0.007704240968450904,0.058212589,0.023885118,0.0047332351095974445,0.013848658890402557,0.0058830640045925975,0.100814109,0.0,ecf235ee257d026c647e4353a75eba367d0dab58ce80088896b08a6e59da881e,"{""N"": 73, ""source_family"": ""N96_INDUCED_TRANSITION_LADDER_V1"", ""graph_hash"": ""aed7d0658e1b802fab81f273c2767e0da29b8a233368b3a3aa399d6f364db3aa"", ""source_hash"": ""02922ed789f3cf7343cc634dd12ca12989dc36bffae5cc0fd62d872fae23be5a"", ""edges"": 137, ""degree_min"": 1, ""degree_max"": 5, ""degree_mean"": 3.7534246575342465, ""degree_std"": 0.9331170611466522, ""components"": 1, ""component_sizes"": [73], ""max_component"": 73, ""local_assignments"": 9444732965739290427392, ""minfill_width"": 14, ""minfill_work"": 71541, ""minfill_order"": [25, 11, 62, 60, 15, 20, 29, 0, 3, 6, 24, 27, 31, 32, 34, 37, 38, 39, 52, 41, 42, 43, 64, 55, 59, 68, 8, 50, 28, 33, 47, 69, 7, 45, 48, 67, 12, 19, 70, 1, 51, 58, 61, 4, 46, 23, 63, 16, 65, 9, 10, 5, 26, 2, 14, 30, 54, 44, 13, 17, 18, 21, 22, 35, 36, 40, 49, 53, 56, 57, 66, 71, 72], ""energy_bound"": 358, ""root_bound"": 512, ""crt_primes"": 3, ""arithmetic_burden"": 109886976, ""coefficient_bound"": ""9444732965739290427392"", ""coupling_multiplicities"": {""3"": 30, ""-1"": 25, ""-2"": 23, ""1"": 26, ""-3"": 16, ""2"": 17}, ""symmetry"": ""not assumed"", ""degree_signature"": [1, 2, 2, 2, 3, 3, 3, 3, 3, 3, 3, 3, 3, 3, 3, 3, 3, 3, 3, 3, 3, 3, 3, 3, 3, 3, 3, 3, 3, 3, 3, 3, 4, 4, 4, 4, 4, 4, 4, 4, 4, 4, 4, 4, 4, 4, 4, 4, 4, 4, 4, 4, 4, 4, 5, 5, 5, 5, 5, 5, 5, 5, 5, 5, 5, 5, 5, 5, 5, 5, 5, 5, 5]}"
491fda4a8d7e0749ba4452c8,N073,02922ed789f3cf7343cc634dd12ca12989dc36bffae5cc0fd62d872fae23be5a,aed7d0658e1b802fab81f273c2767e0da29b8a233368b3a3aa399d6f364db3aa,N96_INDUCED_TRANSITION_LADDER_V1,f2f991d74dfbb2edf7f4475dcb7d82989de00a71e44bb11d4a6fbb49442577b6,"[0, 1, 2, 3]",7bc045af1830d83ccd63e2a95e6f7cea6b9bf86eec82977b41a9272f459a59db,a6281945e8be8be8720bd9ef749fbe210846ea020ae2c22e3ef14cfb8c59cfbb,tie_portfolio,COOP14_MIG_BRANCH_GROUP,1d2a6f95014703ca171206e42701c52355b89dab08ba0a9b72b3d193a3b620d4,WARM_SAME_SOURCE,FRESH_EXACT_SOLVE_WITH_INTERNAL_CHECKS_EXCLUDES_EXTERNAL_VERIFICATION,16,512,3,1,13,58454,8192,d5207e6b84fbabee961e83f3860a3bacaca585acd736c092903cacdfff692450,NUMPY_BATCHED_INVERSE_NTT_INTEGER_CRT,2,COMPLETE,OBSERVED_PATTERN,685168,"[67629, 67630, 67631, 67632, 67633, 67634, 67635, 67636, 67637, 67638, 67639, 67640, 67641, 67642]","[64, 96, 80, 144, 96, 160, 112, 96, 160, 80, 64, 144, 80, 160]",WARM_SAME_SOURCE,True,193079296,focused,0.0001383370254188776,0.007704240968450904,0.05039358,0.01991471,0.0032544510904699564,0.013971647909530045,0.005934013053774834,0.087674447,0.0,ecf235ee257d026c647e4353a75eba367d0dab58ce80088896b08a6e59da881e,"{""N"": 73, ""source_family"": ""N96_INDUCED_TRANSITION_LADDER_V1"", ""graph_hash"": ""aed7d0658e1b802fab81f273c2767e0da29b8a233368b3a3aa399d6f364db3aa"", ""source_hash"": ""02922ed789f3cf7343cc634dd12ca12989dc36bffae5cc0fd62d872fae23be5a"", ""edges"": 137, ""degree_min"": 1, ""degree_max"": 5, ""degree_mean"": 3.7534246575342465, ""degree_std"": 0.9331170611466522, ""components"": 1, ""component_sizes"": [73], ""max_component"": 73, ""local_assignments"": 9444732965739290427392, ""minfill_width"": 14, ""minfill_work"": 71541, ""minfill_order"": [25, 11, 62, 60, 15, 20, 29, 0, 3, 6, 24, 27, 31, 32, 34, 37, 38, 39, 52, 41, 42, 43, 64, 55, 59, 68, 8, 50, 28, 33, 47, 69, 7, 45, 48, 67, 12, 19, 70, 1, 51, 58, 61, 4, 46, 23, 63, 16, 65, 9, 10, 5, 26, 2, 14, 30, 54, 44, 13, 17, 18, 21, 22, 35, 36, 40, 49, 53, 56, 57, 66, 71, 72], ""energy_bound"": 358, ""root_bound"": 512, ""crt_primes"": 3, ""arithmetic_burden"": 109886976, ""coefficient_bound"": ""9444732965739290427392"", ""coupling_multiplicities"": {""3"": 30, ""-1"": 25, ""-2"": 23, ""1"": 26, ""-3"": 16, ""2"": 17}, ""symmetry"": ""not assumed"", ""degree_signature"": [1, 2, 2, 2, 3, 3, 3, 3, 3, 3, 3, 3, 3, 3, 3, 3, 3, 3, 3, 3, 3, 3, 3, 3, 3, 3, 3, 3, 3, 3, 3, 3, 4, 4, 4, 4, 4, 4, 4, 4, 4, 4, 4, 4, 4, 4, 4, 4, 4, 4, 4, 4, 4, 4, 5, 5, 5, 5, 5, 5, 5, 5, 5, 5, 5, 5, 5, 5, 5, 5, 5, 5, 5]}"
491fda4a8d7e0749ba4452c8,N073,02922ed789f3cf7343cc634dd12ca12989dc36bffae5cc0fd62d872fae23be5a,aed7d0658e1b802fab81f273c2767e0da29b8a233368b3a3aa399d6f364db3aa,N96_INDUCED_TRANSITION_LADDER_V1,f2f991d74dfbb2edf7f4475dcb7d82989de00a71e44bb11d4a6fbb49442577b6,"[0, 1, 2, 3]",7bc045af1830d83ccd63e2a95e6f7cea6b9bf86eec82977b41a9272f459a59db,a6281945e8be8be8720bd9ef749fbe210846ea020ae2c22e3ef14cfb8c59cfbb,tie_portfolio,COOP14_MIG_BRANCH_GROUP,1d2a6f95014703ca171206e42701c52355b89dab08ba0a9b72b3d193a3b620d4,WARM_SAME_SOURCE,FRESH_EXACT_SOLVE_WITH_INTERNAL_CHECKS_EXCLUDES_EXTERNAL_VERIFICATION,16,512,3,1,13,58454,8192,d5207e6b84fbabee961e83f3860a3bacaca585acd736c092903cacdfff692450,NUMPY_BATCHED_INVERSE_NTT_INTEGER_CRT,3,COMPLETE,OBSERVED_PATTERN,685168,"[67629, 67630, 67631, 67632, 67633, 67634, 67635, 67636, 67637, 67638, 67639, 67640, 67641, 67642]","[128, 96, 80, 160, 160, 64, 144, 112, 96, 96, 160, 96, 48, 96]",WARM_SAME_SOURCE,True,193079296,focused,0.0001383370254188776,0.007704240968450904,0.051051658,0.020724355,0.0032576420344412327,0.013760860965558768,0.006193768000230193,0.088937263,0.0,ecf235ee257d026c647e4353a75eba367d0dab58ce80088896b08a6e59da881e,"{""N"": 73, ""source_family"": ""N96_INDUCED_TRANSITION_LADDER_V1"", ""graph_hash"": ""aed7d0658e1b802fab81f273c2767e0da29b8a233368b3a3aa399d6f364db3aa"", ""source_hash"": ""02922ed789f3cf7343cc634dd12ca12989dc36bffae5cc0fd62d872fae23be5a"", ""edges"": 137, ""degree_min"": 1, ""degree_max"": 5, ""degree_mean"": 3.7534246575342465, ""degree_std"": 0.9331170611466522, ""components"": 1, ""component_sizes"": [73], ""max_component"": 73, ""local_assignments"": 9444732965739290427392, ""minfill_width"": 14, ""minfill_work"": 71541, ""minfill_order"": [25, 11, 62, 60, 15, 20, 29, 0, 3, 6, 24, 27, 31, 32, 34, 37, 38, 39, 52, 41, 42, 43, 64, 55, 59, 68, 8, 50, 28, 33, 47, 69, 7, 45, 48, 67, 12, 19, 70, 1, 51, 58, 61, 4, 46, 23, 63, 16, 65, 9, 10, 5, 26, 2, 14, 30, 54, 44, 13, 17, 18, 21, 22, 35, 36, 40, 49, 53, 56, 57, 66, 71, 72], ""energy_bound"": 358, ""root_bound"": 512, ""crt_primes"": 3, ""arithmetic_burden"": 109886976, ""coefficient_bound"": ""9444732965739290427392"", ""coupling_multiplicities"": {""3"": 30, ""-1"": 25, ""-2"": 23, ""1"": 26, ""-3"": 16, ""2"": 17}, ""symmetry"": ""not assumed"", ""degree_signature"": [1, 2, 2, 2, 3, 3, 3, 3, 3, 3, 3, 3, 3, 3, 3, 3, 3, 3, 3, 3, 3, 3, 3, 3, 3, 3, 3, 3, 3, 3, 3, 3, 4, 4, 4, 4, 4, 4, 4, 4, 4, 4, 4, 4, 4, 4, 4, 4, 4, 4, 4, 4, 4, 4, 5, 5, 5, 5, 5, 5, 5, 5, 5, 5, 5, 5, 5, 5, 5, 5, 5, 5, 5]}"
6f129e6efeb0ba92c50ade5f,N077,de68ad4bc82d000fe09af84424190d2972bf6b42629317e3f77ce7b886743060,445fffaedf9dc3a6d78bbf3c09f36b01289531b9aa4709090ff762f38ec55ce2,N96_INDUCED_TRANSITION_LADDER_V1,f2f991d74dfbb2edf7f4475dcb7d82989de00a71e44bb11d4a6fbb49442577b6,"[0, 1, 2, 3]",4f6a24796e62e9b90516347a8028cd7e710e908fe81c1681f375d73f6b7b2f70,cf76a0d74bdbfd959315711cfef517ff049167a72381107227a834b3187d4411,fresh_min_fill,COOP14_MIG_BRANCH_GROUP,1d2a6f95014703ca171206e42701c52355b89dab08ba0a9b72b3d193a3b620d4,COLD,FRESH_EXACT_SOLVE_WITH_INTERNAL_CHECKS_EXCLUDES_EXTERNAL_VERIFICATION,16,512,3,1,17,610692,131072,d5207e6b84fbabee961e83f3860a3bacaca585acd736c092903cacdfff692450,NUMPY_BATCHED_INVERSE_NTT_INTEGER_CRT,0,COMPLETE,OBSERVED_PATTERN,7316976,"[72362, 72363, 72364, 72365, 72366, 72367, 72368, 72369, 72370, 72371, 72372, 72373, 72374, 72375]","[144, 160, 96, 144, 80, 64, 112, 96, 80, 96, 96, 80, 144, 144]",COLD_WORKER_INITIALIZATION,False,85767168,focused,0.0003926130011677742,0.07454435096587986,8.948671087,0.029252442,0.005002780817449093,0.01963636318255091,0.006784289958886802,9.00272264,0.0,7827a5219b77509d3880a046c0e804805204e190ce9b0d8f3769e0593ccce7ab,"{""N"": 77, ""source_family"": ""N96_INDUCED_TRANSITION_LADDER_V1"", ""graph_hash"": ""445fffaedf9dc3a6d78bbf3c09f36b01289531b9aa4709090ff762f38ec55ce2"", ""source_hash"": ""de68ad4bc82d000fe09af84424190d2972bf6b42629317e3f77ce7b886743060"", ""edges"": 153, ""degree_min"": 2, ""degree_max"": 5, ""degree_mean"": 3.9740259740259742, ""degree_std"": 0.8969504753159484, ""components"": 1, ""component_sizes"": [77], ""max_component"": 77, ""local_assignments"": 151115727451828646838272, ""minfill_width"": 15, ""minfill_work"": 192891, ""minfill_order"": [25, 60, 62, 15, 20, 29, 0, 3, 6, 24, 31, 32, 34, 37, 41, 42, 51, 59, 64, 68, 75, 8, 50, 1, 28, 33, 43, 47, 69, 76, 48, 67, 73, 12, 19, 54, 74, 23, 4, 58, 46, 16, 39, 11, 10, 65, 2, 63, 40, 44, 61, 7, 9, 5, 26, 14, 57, 17, 36, 35, 72, 45, 13, 18, 21, 22, 27, 30, 38, 49, 52, 53, 55, 56, 66, 70, 71], ""energy_bound"": 391, ""root_bound"": 512, ""crt_primes"": 3, ""arithmetic_burden"": 296280576, ""coefficient_bound"": ""151115727451828646838272"", ""coupling_multiplicities"": {""3"": 32, ""-1"": 29, ""-2"": 26, ""1"": 30, ""-3"": 18, ""2"": 18}, ""symmetry"": ""not assumed"", ""degree_signature"": [2, 2, 2, 3, 3, 3, 3, 3, 3, 3, 3, 3, 3, 3, 3, 3, 3, 3, 3, 3, 3, 3, 3, 3, 3, 3, 4, 4, 4, 4, 4, 4, 4, 4, 4, 4, 4, 4, 4, 4, 4, 4, 4, 4, 4, 4, 4, 4, 4, 4, 5, 5, 5, 5, 5, 5, 5, 5, 5, 5, 5, 5, 5, 5, 5, 5, 5, 5, 5, 5, 5, 5, 5, 5, 5, 5, 5]}"
6f129e6efeb0ba92c50ade5f,N077,de68ad4bc82d000fe09af84424190d2972bf6b42629317e3f77ce7b886743060,445fffaedf9dc3a6d78bbf3c09f36b01289531b9aa4709090ff762f38ec55ce2,N96_INDUCED_TRANSITION_LADDER_V1,f2f991d74dfbb2edf7f4475dcb7d82989de00a71e44bb11d4a6fbb49442577b6,"[0, 1, 2, 3]",4f6a24796e62e9b90516347a8028cd7e710e908fe81c1681f375d73f6b7b2f70,cf76a0d74bdbfd959315711cfef517ff049167a72381107227a834b3187d4411,fresh_min_fill,COOP14_MIG_BRANCH_GROUP,1d2a6f95014703ca171206e42701c52355b89dab08ba0a9b72b3d193a3b620d4,WARM_SAME_SOURCE,FRESH_EXACT_SOLVE_WITH_INTERNAL_CHECKS_EXCLUDES_EXTERNAL_VERIFICATION,16,512,3,1,17,610692,131072,d5207e6b84fbabee961e83f3860a3bacaca585acd736c092903cacdfff692450,NUMPY_BATCHED_INVERSE_NTT_INTEGER_CRT,1,COMPLETE,OBSERVED_PATTERN,7316976,"[72362, 72363, 72364, 72365, 72366, 72367, 72368, 72369, 72370, 72371, 72372, 72373, 72374, 72375]","[128, 128, 80, 112, 128, 80, 80, 128, 112, 128, 64, 128, 112, 128]",WARM_SAME_SOURCE,True,85767168,focused,0.0003926130011677742,0.07454435096587986,0.115998627,0.018230267,0.003281191922724247,0.014518703077275753,0.006940027000382543,0.152176327,0.0,7827a5219b77509d3880a046c0e804805204e190ce9b0d8f3769e0593ccce7ab,"{""N"": 77, ""source_family"": ""N96_INDUCED_TRANSITION_LADDER_V1"", ""graph_hash"": ""445fffaedf9dc3a6d78bbf3c09f36b01289531b9aa4709090ff762f38ec55ce2"", ""source_hash"": ""de68ad4bc82d000fe09af84424190d2972bf6b42629317e3f77ce7b886743060"", ""edges"": 153, ""degree_min"": 2, ""degree_max"": 5, ""degree_mean"": 3.9740259740259742, ""degree_std"": 0.8969504753159484, ""components"": 1, ""component_sizes"": [77], ""max_component"": 77, ""local_assignments"": 151115727451828646838272, ""minfill_width"": 15, ""minfill_work"": 192891, ""minfill_order"": [25, 60, 62, 15, 20, 29, 0, 3, 6, 24, 31, 32, 34, 37, 41, 42, 51, 59, 64, 68, 75, 8, 50, 1, 28, 33, 43, 47, 69, 76, 48, 67, 73, 12, 19, 54, 74, 23, 4, 58, 46, 16, 39, 11, 10, 65, 2, 63, 40, 44, 61, 7, 9, 5, 26, 14, 57, 17, 36, 35, 72, 45, 13, 18, 21, 22, 27, 30, 38, 49, 52, 53, 55, 56, 66, 70, 71], ""energy_bound"": 391, ""root_bound"": 512, ""crt_primes"": 3, ""arithmetic_burden"": 296280576, ""coefficient_bound"": ""151115727451828646838272"", ""coupling_multiplicities"": {""3"": 32, ""-1"": 29, ""-2"": 26, ""1"": 30, ""-3"": 18, ""2"": 18}, ""symmetry"": ""not assumed"", ""degree_signature"": [2, 2, 2, 3, 3, 3, 3, 3, 3, 3, 3, 3, 3, 3, 3, 3, 3, 3, 3, 3, 3, 3, 3, 3, 3, 3, 4, 4, 4, 4, 4, 4, 4, 4, 4, 4, 4, 4, 4, 4, 4, 4, 4, 4, 4, 4, 4, 4, 4, 4, 5, 5, 5, 5, 5, 5, 5, 5, 5, 5, 5, 5, 5, 5, 5, 5, 5, 5, 5, 5, 5, 5, 5, 5, 5, 5, 5]}"
6f129e6efeb0ba92c50ade5f,N077,de68ad4bc82d000fe09af84424190d2972bf6b42629317e3f77ce7b886743060,445fffaedf9dc3a6d78bbf3c09f36b01289531b9aa4709090ff762f38ec55ce2,N96_INDUCED_TRANSITION_LADDER_V1,f2f991d74dfbb2edf7f4475dcb7d82989de00a71e44bb11d4a6fbb49442577b6,"[0, 1, 2, 3]",4f6a24796e62e9b90516347a8028cd7e710e908fe81c1681f375d73f6b7b2f70,cf76a0d74bdbfd959315711cfef517ff049167a72381107227a834b3187d4411,fresh_min_fill,COOP14_MIG_BRANCH_GROUP,1d2a6f95014703ca171206e42701c52355b89dab08ba0a9b72b3d193a3b620d4,WARM_SAME_SOURCE,FRESH_EXACT_SOLVE_WITH_INTERNAL_CHECKS_EXCLUDES_EXTERNAL_VERIFICATION,16,512,3,1,17,610692,131072,d5207e6b84fbabee961e83f3860a3bacaca585acd736c092903cacdfff692450,NUMPY_BATCHED_INVERSE_NTT_INTEGER_CRT,2,COMPLETE,OBSERVED_PATTERN,7316976,"[72362, 72363, 72364, 72365, 72366, 72367, 72368, 72369, 72370, 72371, 72372, 72373, 72374, 72375]","[96, 96, 80, 112, 112, 128, 80, 160, 112, 112, 144, 112, 80, 112]",WARM_SAME_SOURCE,True,85767168,focused,0.0003926130011677742,0.07454435096587986,0.124735832,0.025101016,0.004909542971290648,0.014222338028709352,0.006544923991896212,0.169109307,0.0,7827a5219b77509d3880a046c0e804805204e190ce9b0d8f3769e0593ccce7ab,"{""N"": 77, ""source_family"": ""N96_INDUCED_TRANSITION_LADDER_V1"", ""graph_hash"": ""445fffaedf9dc3a6d78bbf3c09f36b01289531b9aa4709090ff762f38ec55ce2"", ""source_hash"": ""de68ad4bc82d000fe09af84424190d2972bf6b42629317e3f77ce7b886743060"", ""edges"": 153, ""degree_min"": 2, ""degree_max"": 5, ""degree_mean"": 3.9740259740259742, ""degree_std"": 0.8969504753159484, ""components"": 1, ""component_sizes"": [77], ""max_component"": 77, ""local_assignments"": 151115727451828646838272, ""minfill_width"": 15, ""minfill_work"": 192891, ""minfill_order"": [25, 60, 62, 15, 20, 29, 0, 3, 6, 24, 31, 32, 34, 37, 41, 42, 51, 59, 64, 68, 75, 8, 50, 1, 28, 33, 43, 47, 69, 76, 48, 67, 73, 12, 19, 54, 74, 23, 4, 58, 46, 16, 39, 11, 10, 65, 2, 63, 40, 44, 61, 7, 9, 5, 26, 14, 57, 17, 36, 35, 72, 45, 13, 18, 21, 22, 27, 30, 38, 49, 52, 53, 55, 56, 66, 70, 71], ""energy_bound"": 391, ""root_bound"": 512, ""crt_primes"": 3, ""arithmetic_burden"": 296280576, ""coefficient_bound"": ""151115727451828646838272"", ""coupling_multiplicities"": {""3"": 32, ""-1"": 29, ""-2"": 26, ""1"": 30, ""-3"": 18, ""2"": 18}, ""symmetry"": ""not assumed"", ""degree_signature"": [2, 2, 2, 3, 3, 3, 3, 3, 3, 3, 3, 3, 3, 3, 3, 3, 3, 3, 3, 3, 3, 3, 3, 3, 3, 3, 4, 4, 4, 4, 4, 4, 4, 4, 4, 4, 4, 4, 4, 4, 4, 4, 4, 4, 4, 4, 4, 4, 4, 4, 5, 5, 5, 5, 5, 5, 5, 5, 5, 5, 5, 5, 5, 5, 5, 5, 5, 5, 5, 5, 5, 5, 5, 5, 5, 5, 5]}"
6f129e6efeb0ba92c50ade5f,N077,de68ad4bc82d000fe09af84424190d2972bf6b42629317e3f77ce7b886743060,445fffaedf9dc3a6d78bbf3c09f36b01289531b9aa4709090ff762f38ec55ce2,N96_INDUCED_TRANSITION_LADDER_V1,f2f991d74dfbb2edf7f4475dcb7d82989de00a71e44bb11d4a6fbb49442577b6,"[0, 1, 2, 3]",4f6a24796e62e9b90516347a8028cd7e710e908fe81c1681f375d73f6b7b2f70,cf76a0d74bdbfd959315711cfef517ff049167a72381107227a834b3187d4411,fresh_min_fill,COOP14_MIG_BRANCH_GROUP,1d2a6f95014703ca171206e42701c52355b89dab08ba0a9b72b3d193a3b620d4,WARM_SAME_SOURCE,FRESH_EXACT_SOLVE_WITH_INTERNAL_CHECKS_EXCLUDES_EXTERNAL_VERIFICATION,16,512,3,1,17,610692,131072,d5207e6b84fbabee961e83f3860a3bacaca585acd736c092903cacdfff692450,NUMPY_BATCHED_INVERSE_NTT_INTEGER_CRT,3,COMPLETE,OBSERVED_PATTERN,7316976,"[72362, 72363, 72364, 72365, 72366, 72367, 72368, 72369, 72370, 72371, 72372, 72373, 72374, 72375]","[112, 112, 112, 112, 112, 96, 96, 128, 64, 208, 96, 64, 112, 112]",WARM_SAME_SOURCE,True,85767168,focused,0.0003926130011677742,0.07454435096587986,0.15194971,0.030994932,0.00537686503957957,0.01860570996042043,0.0066902319667860866,0.207077605,0.0,7827a5219b77509d3880a046c0e804805204e190ce9b0d8f3769e0593ccce7ab,"{""N"": 77, ""source_family"": ""N96_INDUCED_TRANSITION_LADDER_V1"", ""graph_hash"": ""445fffaedf9dc3a6d78bbf3c09f36b01289531b9aa4709090ff762f38ec55ce2"", ""source_hash"": ""de68ad4bc82d000fe09af84424190d2972bf6b42629317e3f77ce7b886743060"", ""edges"": 153, ""degree_min"": 2, ""degree_max"": 5, ""degree_mean"": 3.9740259740259742, ""degree_std"": 0.8969504753159484, ""components"": 1, ""component_sizes"": [77], ""max_component"": 77, ""local_assignments"": 151115727451828646838272, ""minfill_width"": 15, ""minfill_work"": 192891, ""minfill_order"": [25, 60, 62, 15, 20, 29, 0, 3, 6, 24, 31, 32, 34, 37, 41, 42, 51, 59, 64, 68, 75, 8, 50, 1, 28, 33, 43, 47, 69, 76, 48, 67, 73, 12, 19, 54, 74, 23, 4, 58, 46, 16, 39, 11, 10, 65, 2, 63, 40, 44, 61, 7, 9, 5, 26, 14, 57, 17, 36, 35, 72, 45, 13, 18, 21, 22, 27, 30, 38, 49, 52, 53, 55, 56, 66, 70, 71], ""energy_bound"": 391, ""root_bound"": 512, ""crt_primes"": 3, ""arithmetic_burden"": 296280576, ""coefficient_bound"": ""151115727451828646838272"", ""coupling_multiplicities"": {""3"": 32, ""-1"": 29, ""-2"": 26, ""1"": 30, ""-3"": 18, ""2"": 18}, ""symmetry"": ""not assumed"", ""degree_signature"": [2, 2, 2, 3, 3, 3, 3, 3, 3, 3, 3, 3, 3, 3, 3, 3, 3, 3, 3, 3, 3, 3, 3, 3, 3, 3, 4, 4, 4, 4, 4, 4, 4, 4, 4, 4, 4, 4, 4, 4, 4, 4, 4, 4, 4, 4, 4, 4, 4, 4, 5, 5, 5, 5, 5, 5, 5, 5, 5, 5, 5, 5, 5, 5, 5, 5, 5, 5, 5, 5, 5, 5, 5, 5, 5, 5, 5]}"
5c2f11067d82e4df68ad5ce2,N083,ec96ba0ad20ce7b3738431e1ba2cc0043af2ce4aef4cf727ab479cd6cdba949d,8bc5fa38060f57ee62ea77c27480f0cd609722fb189fe4d912537e971c0bae89,N96_INDUCED_TRANSITION_LADDER_V1,f2f991d74dfbb2edf7f4475dcb7d82989de00a71e44bb11d4a6fbb49442577b6,"[0, 1, 2, 3]",ccd307e62dc81688d303e9745816e5caa66aebf6794b51bda70a966907d2b2de,33b812f9af5cc8314f243e25945728578480f3f9ce388f7af4605385508d62ec,tie_portfolio,COOP14_MIG_BRANCH_GROUP,1d2a6f95014703ca171206e42701c52355b89dab08ba0a9b72b3d193a3b620d4,COLD,FRESH_EXACT_SOLVE_WITH_INTERNAL_CHECKS_EXCLUDES_EXTERNAL_VERIFICATION,16,512,3,1,19,3179716,524288,d5207e6b84fbabee961e83f3860a3bacaca585acd736c092903cacdfff692450,NUMPY_BATCHED_INVERSE_NTT_INTEGER_CRT,0,COMPLETE,OBSERVED_PATTERN,37251984,"[73579, 73580, 73581, 73582, 73583, 73584, 73585, 73586, 73587, 73588, 73589, 73590, 73591, 73592]","[144, 128, 32, 80, 128, 80, 144, 80, 128, 128, 112, 112, 112, 128]",COLD_WORKER_INITIALIZATION,False,444561408,focused,0.00040040304884314537,0.09181731392163783,9.757611848,0.03223468,0.005112629965879023,0.024761681034120978,0.008732016081921756,9.820143561,0.0,74783c7d275e3db213978aa44c102ce557c702d6c791d4ad7d7cae34d1fcc593,"{""N"": 83, ""source_family"": ""N96_INDUCED_TRANSITION_LADDER_V1"", ""graph_hash"": ""8bc5fa38060f57ee62ea77c27480f0cd609722fb189fe4d912537e971c0bae89"", ""source_hash"": ""ec96ba0ad20ce7b3738431e1ba2cc0043af2ce4aef4cf727ab479cd6cdba949d"", ""edges"": 178, ""degree_min"": 2, ""degree_max"": 5, ""degree_mean"": 4.289156626506024, ""degree_std"": 0.7368137277793086, ""components"": 1, ""component_sizes"": [83], ""max_component"": 83, ""local_assignments"": 9671406556917033397649408, ""minfill_width"": 21, ""minfill_work"": 9958635, ""minfill_order"": [60, 15, 20, 0, 6, 12, 25, 32, 41, 51, 59, 64, 50, 34, 42, 62, 11, 76, 82, 24, 3, 33, 68, 38, 48, 63, 67, 39, 8, 16, 47, 56, 37, 69, 19, 55, 78, 61, 7, 2, 52, 66, 73, 1, 17, 58, 77, 71, 9, 65, 10, 43, 46, 27, 70, 49, 13, 30, 40, 75, 14, 57, 4, 5, 18, 21, 22, 23, 26, 28, 29, 31, 35, 36, 44, 45, 53, 54, 72, 74, 79, 80, 81], ""energy_bound"": 448, ""root_bound"": 512, ""crt_primes"": 3, ""arithmetic_burden"": 15296463360, ""coefficient_bound"": ""9671406556917033397649408"", ""coupling_multiplicities"": {""3"": 33, ""-1"": 34, ""-2"": 30, ""1"": 34, ""-3"": 24, ""2"": 23}, ""symmetry"": ""not assumed"", ""degree_signature"": [2, 3, 3, 3, 3, 3, 3, 3, 3, 3, 3, 3, 4, 4, 4, 4, 4, 4, 4, 4, 4, 4, 4, 4, 4, 4, 4, 4, 4, 4, 4, 4, 4, 4, 4, 4, 4, 4, 4, 4, 4, 4, 4, 4, 4, 4, 5, 5, 5, 5, 5, 5, 5, 5, 5, 5, 5, 5, 5, 5, 5, 5, 5, 5, 5, 5, 5, 5, 5, 5, 5, 5, 5, 5, 5, 5, 5, 5, 5, 5, 5, 5, 5]}"
5c2f11067d82e4df68ad5ce2,N083,ec96ba0ad20ce7b3738431e1ba2cc0043af2ce4aef4cf727ab479cd6cdba949d,8bc5fa38060f57ee62ea77c27480f0cd609722fb189fe4d912537e971c0bae89,N96_INDUCED_TRANSITION_LADDER_V1,f2f991d74dfbb2edf7f4475dcb7d82989de00a71e44bb11d4a6fbb49442577b6,"[0, 1, 2, 3]",ccd307e62dc81688d303e9745816e5caa66aebf6794b51bda70a966907d2b2de,33b812f9af5cc8314f243e25945728578480f3f9ce388f7af4605385508d62ec,tie_portfolio,COOP14_MIG_BRANCH_GROUP,1d2a6f95014703ca171206e42701c52355b89dab08ba0a9b72b3d193a3b620d4,WARM_SAME_SOURCE,FRESH_EXACT_SOLVE_WITH_INTERNAL_CHECKS_EXCLUDES_EXTERNAL_VERIFICATION,16,512,3,1,19,3179716,524288,d5207e6b84fbabee961e83f3860a3bacaca585acd736c092903cacdfff692450,NUMPY_BATCHED_INVERSE_NTT_INTEGER_CRT,1,COMPLETE,OBSERVED_PATTERN,37251984,"[73579, 73580, 73581, 73582, 73583, 73584, 73585, 73586, 73587, 73588, 73589, 73590, 73591, 73592]","[128, 96, 96, 112, 96, 128, 128, 96, 128, 128, 80, 96, 112, 112]",WARM_SAME_SOURCE,True,444561408,focused,0.00040040304884314537,0.09181731392163783,0.190108865,0.028408428,0.0032984019489958882,0.014948885051004113,0.007035556016489863,0.236936467,0.0,74783c7d275e3db213978aa44c102ce557c702d6c791d4ad7d7cae34d1fcc593,"{""N"": 83, ""source_family"": ""N96_INDUCED_TRANSITION_LADDER_V1"", ""graph_hash"": ""8bc5fa38060f57ee62ea77c27480f0cd609722fb189fe4d912537e971c0bae89"", ""source_hash"": ""ec96ba0ad20ce7b3738431e1ba2cc0043af2ce4aef4cf727ab479cd6cdba949d"", ""edges"": 178, ""degree_min"": 2, ""degree_max"": 5, ""degree_mean"": 4.289156626506024, ""degree_std"": 0.7368137277793086, ""components"": 1, ""component_sizes"": [83], ""max_component"": 83, ""local_assignments"": 9671406556917033397649408, ""minfill_width"": 21, ""minfill_work"": 9958635, ""minfill_order"": [60, 15, 20, 0, 6, 12, 25, 32, 41, 51, 59, 64, 50, 34, 42, 62, 11, 76, 82, 24, 3, 33, 68, 38, 48, 63, 67, 39, 8, 16, 47, 56, 37, 69, 19, 55, 78, 61, 7, 2, 52, 66, 73, 1, 17, 58, 77, 71, 9, 65, 10, 43, 46, 27, 70, 49, 13, 30, 40, 75, 14, 57, 4, 5, 18, 21, 22, 23, 26, 28, 29, 31, 35, 36, 44, 45, 53, 54, 72, 74, 79, 80, 81], ""energy_bound"": 448, ""root_bound"": 512, ""crt_primes"": 3, ""arithmetic_burden"": 15296463360, ""coefficient_bound"": ""9671406556917033397649408"", ""coupling_multiplicities"": {""3"": 33, ""-1"": 34, ""-2"": 30, ""1"": 34, ""-3"": 24, ""2"": 23}, ""symmetry"": ""not assumed"", ""degree_signature"": [2, 3, 3, 3, 3, 3, 3, 3, 3, 3, 3, 3, 4, 4, 4, 4, 4, 4, 4, 4, 4, 4, 4, 4, 4, 4, 4, 4, 4, 4, 4, 4, 4, 4, 4, 4, 4, 4, 4, 4, 4, 4, 4, 4, 4, 4, 5, 5, 5, 5, 5, 5, 5, 5, 5, 5, 5, 5, 5, 5, 5, 5, 5, 5, 5, 5, 5, 5, 5, 5, 5, 5, 5, 5, 5, 5, 5, 5, 5, 5, 5, 5, 5]}"
5c2f11067d82e4df68ad5ce2,N083,ec96ba0ad20ce7b3738431e1ba2cc0043af2ce4aef4cf727ab479cd6cdba949d,8bc5fa38060f57ee62ea77c27480f0cd609722fb189fe4d912537e971c0bae89,N96_INDUCED_TRANSITION_LADDER_V1,f2f991d74dfbb2edf7f4475dcb7d82989de00a71e44bb11d4a6fbb49442577b6,"[0, 1, 2, 3]",ccd307e62dc81688d303e9745816e5caa66aebf6794b51bda70a966907d2b2de,33b812f9af5cc8314f243e25945728578480f3f9ce388f7af4605385508d62ec,tie_portfolio,COOP14_MIG_BRANCH_GROUP,1d2a6f95014703ca171206e42701c52355b89dab08ba0a9b72b3d193a3b620d4,WARM_SAME_SOURCE,FRESH_EXACT_SOLVE_WITH_INTERNAL_CHECKS_EXCLUDES_EXTERNAL_VERIFICATION,16,512,3,1,19,3179716,524288,d5207e6b84fbabee961e83f3860a3bacaca585acd736c092903cacdfff692450,NUMPY_BATCHED_INVERSE_NTT_INTEGER_CRT,2,COMPLETE,OBSERVED_PATTERN,37251984,"[73579, 73580, 73581, 73582, 73583, 73584, 73585, 73586, 73587, 73588, 73589, 73590, 73591, 73592]","[128, 96, 112, 96, 128, 96, 144, 96, 128, 80, 128, 96, 128, 80]",WARM_SAME_SOURCE,True,444561408,focused,0.00040040304884314537,0.09181731392163783,0.181512597,0.029031976,0.004703155951574445,0.019743671048425556,0.007396558998152614,0.235163407,0.0,74783c7d275e3db213978aa44c102ce557c702d6c791d4ad7d7cae34d1fcc593,"{""N"": 83, ""source_family"": ""N96_INDUCED_TRANSITION_LADDER_V1"", ""graph_hash"": ""8bc5fa38060f57ee62ea77c27480f0cd609722fb189fe4d912537e971c0bae89"", ""source_hash"": ""ec96ba0ad20ce7b3738431e1ba2cc0043af2ce4aef4cf727ab479cd6cdba949d"", ""edges"": 178, ""degree_min"": 2, ""degree_max"": 5, ""degree_mean"": 4.289156626506024, ""degree_std"": 0.7368137277793086, ""components"": 1, ""component_sizes"": [83], ""max_component"": 83, ""local_assignments"": 9671406556917033397649408, ""minfill_width"": 21, ""minfill_work"": 9958635, ""minfill_order"": [60, 15, 20, 0, 6, 12, 25, 32, 41, 51, 59, 64, 50, 34, 42, 62, 11, 76, 82, 24, 3, 33, 68, 38, 48, 63, 67, 39, 8, 16, 47, 56, 37, 69, 19, 55, 78, 61, 7, 2, 52, 66, 73, 1, 17, 58, 77, 71, 9, 65, 10, 43, 46, 27, 70, 49, 13, 30, 40, 75, 14, 57, 4, 5, 18, 21, 22, 23, 26, 28, 29, 31, 35, 36, 44, 45, 53, 54, 72, 74, 79, 80, 81], ""energy_bound"": 448, ""root_bound"": 512, ""crt_primes"": 3, ""arithmetic_burden"": 15296463360, ""coefficient_bound"": ""9671406556917033397649408"", ""coupling_multiplicities"": {""3"": 33, ""-1"": 34, ""-2"": 30, ""1"": 34, ""-3"": 24, ""2"": 23}, ""symmetry"": ""not assumed"", ""degree_signature"": [2, 3, 3, 3, 3, 3, 3, 3, 3, 3, 3, 3, 4, 4, 4, 4, 4, 4, 4, 4, 4, 4, 4, 4, 4, 4, 4, 4, 4, 4, 4, 4, 4, 4, 4, 4, 4, 4, 4, 4, 4, 4, 4, 4, 4, 4, 5, 5, 5, 5, 5, 5, 5, 5, 5, 5, 5, 5, 5, 5, 5, 5, 5, 5, 5, 5, 5, 5, 5, 5, 5, 5, 5, 5, 5, 5, 5, 5, 5, 5, 5, 5, 5]}"
5c2f11067d82e4df68ad5ce2,N083,ec96ba0ad20ce7b3738431e1ba2cc0043af2ce4aef4cf727ab479cd6cdba949d,8bc5fa38060f57ee62ea77c27480f0cd609722fb189fe4d912537e971c0bae89,N96_INDUCED_TRANSITION_LADDER_V1,f2f991d74dfbb2edf7f4475dcb7d82989de00a71e44bb11d4a6fbb49442577b6,"[0, 1, 2, 3]",ccd307e62dc81688d303e9745816e5caa66aebf6794b51bda70a966907d2b2de,33b812f9af5cc8314f243e25945728578480f3f9ce388f7af4605385508d62ec,tie_portfolio,COOP14_MIG_BRANCH_GROUP,1d2a6f95014703ca171206e42701c52355b89dab08ba0a9b72b3d193a3b620d4,WARM_SAME_SOURCE,FRESH_EXACT_SOLVE_WITH_INTERNAL_CHECKS_EXCLUDES_EXTERNAL_VERIFICATION,16,512,3,1,19,3179716,524288,d5207e6b84fbabee961e83f3860a3bacaca585acd736c092903cacdfff692450,NUMPY_BATCHED_INVERSE_NTT_INTEGER_CRT,3,COMPLETE,OBSERVED_PATTERN,37251984,"[73579, 73580, 73581, 73582, 73583, 73584, 73585, 73586, 73587, 73588, 73589, 73590, 73591, 73592]","[96, 96, 144, 128, 96, 80, 128, 128, 96, 112, 128, 80, 128, 96]",WARM_SAME_SOURCE,True,444561408,focused,0.00040040304884314537,0.09181731392163783,0.218545202,0.033578525,0.005392833147197962,0.02193187285280204,0.007062674965709448,0.279610181,0.0,74783c7d275e3db213978aa44c102ce557c702d6c791d4ad7d7cae34d1fcc593,"{""N"": 83, ""source_family"": ""N96_INDUCED_TRANSITION_LADDER_V1"", ""graph_hash"": ""8bc5fa38060f57ee62ea77c27480f0cd609722fb189fe4d912537e971c0bae89"", ""source_hash"": ""ec96ba0ad20ce7b3738431e1ba2cc0043af2ce4aef4cf727ab479cd6cdba949d"", ""edges"": 178, ""degree_min"": 2, ""degree_max"": 5, ""degree_mean"": 4.289156626506024, ""degree_std"": 0.7368137277793086, ""components"": 1, ""component_sizes"": [83], ""max_component"": 83, ""local_assignments"": 9671406556917033397649408, ""minfill_width"": 21, ""minfill_work"": 9958635, ""minfill_order"": [60, 15, 20, 0, 6, 12, 25, 32, 41, 51, 59, 64, 50, 34, 42, 62, 11, 76, 82, 24, 3, 33, 68, 38, 48, 63, 67, 39, 8, 16, 47, 56, 37, 69, 19, 55, 78, 61, 7, 2, 52, 66, 73, 1, 17, 58, 77, 71, 9, 65, 10, 43, 46, 27, 70, 49, 13, 30, 40, 75, 14, 57, 4, 5, 18, 21, 22, 23, 26, 28, 29, 31, 35, 36, 44, 45, 53, 54, 72, 74, 79, 80, 81], ""energy_bound"": 448, ""root_bound"": 512, ""crt_primes"": 3, ""arithmetic_burden"": 15296463360, ""coefficient_bound"": ""9671406556917033397649408"", ""coupling_multiplicities"": {""3"": 33, ""-1"": 34, ""-2"": 30, ""1"": 34, ""-3"": 24, ""2"": 23}, ""symmetry"": ""not assumed"", ""degree_signature"": [2, 3, 3, 3, 3, 3, 3, 3, 3, 3, 3, 3, 4, 4, 4, 4, 4, 4, 4, 4, 4, 4, 4, 4, 4, 4, 4, 4, 4, 4, 4, 4, 4, 4, 4, 4, 4, 4, 4, 4, 4, 4, 4, 4, 4, 4, 5, 5, 5, 5, 5, 5, 5, 5, 5, 5, 5, 5, 5, 5, 5, 5, 5, 5, 5, 5, 5, 5, 5, 5, 5, 5, 5, 5, 5, 5, 5, 5, 5, 5, 5, 5, 5]}"
