question_id,source_key,source_hash,graph_hash,source_lineage,ordered_ports_hash,ordered_ports,plan_hash,retained_plan_hash,method,backend_id,worker_topology_id,cache_state,timing_scope,root_batch,root_count,CRT_prime_count,branch_count,retained_width,weighted_entries,estimated_factor_peak_entries,runtime_package_hash,readout_backend,repeat,cost_context,status,warm_training_eligible,measured_work,cache_hits,cache_misses,timing_note,cpu_plan_kind,measured_memory_bytes,structural_planning_seconds,source_preparation_seconds,worker_preparation_seconds,modular_gpu_seconds,readout_seconds,crt_reconstruction_seconds,verification_seconds,end_to_end_solve_seconds,cpu_exact_seconds,process_startup_seconds,verification_hash,PRE_features
77a5604aad90c69d1eb0d3cc,N100,f4f512facb6a5b46acbf03543c91d6653cb961b30ea9f2a1c1af33255bb1aa0b,28e9e44506fd4dcd854bc2d2f36c432fa3694abe93af29e88f5beca98f42dfa0,N100_P2_PACKET_PLUS_DEPTH_V1,46f1f2fd7b1710ed745060e45f24f9db60f681e8010208e52e657f6e531da178,"[0, 1, 60, 61]",437347a4da455a5628500fe0cfe500a53a99be3e584c02eab7a4cafc95567497,,components,LOCAL_FLINT_CPU,LOCAL_SINGLE_COORDINATOR_FLINT_CPU,WARM_NEW_SOURCE,FRESH_EXACT_SOLVE_WITH_INTERNAL_CHECKS_EXCLUDES_EXTERNAL_VERIFICATION,0,0,0,1,14,165920,16384,d5207e6b84fbabee961e83f3860a3bacaca585acd736c092903cacdfff692450,FLINT_EXACT_POLYNOMIAL,0,COMPLETE,OBSERVED_PATTERN,True,166048,0,0,CPU exact route includes its native polynomial readout/count checks; independently timed external verification excluded; no subprocess startup,deterministic retained-port-aware elimination or explicit component enumeration,,0.00861549295950681,0.0,0.0,0.0,,0.0,0.002021063002757728,0.22740638896357268,0.22740638896357268,0.0,582a9c5ed1bfdf8f8d7dd1545a19c4ac6b30db574e46c3054621b9c78ef36e06,"{""N"": 100, ""source_family"": ""N100_P2_PACKET_PLUS_DEPTH_V1"", ""graph_hash"": ""28e9e44506fd4dcd854bc2d2f36c432fa3694abe93af29e88f5beca98f42dfa0"", ""source_hash"": ""f4f512facb6a5b46acbf03543c91d6653cb961b30ea9f2a1c1af33255bb1aa0b"", ""edges"": 260, ""degree_min"": 4, ""degree_max"": 6, ""degree_mean"": 5.2, ""degree_std"": 0.5099019513592785, ""components"": 8, ""component_sizes"": [5, 10, 10, 15, 15, 15, 15, 15], ""max_component"": 15, ""local_assignments"": 165920, ""minfill_width"": 5, ""minfill_work"": 2168, ""minfill_order"": [39, 40, 41, 86, 87, 0, 1, 2, 60, 61, 3, 4, 5, 62, 63, 6, 7, 8, 64, 65, 9, 10, 11, 66, 67, 12, 13, 14, 68, 69, 15, 16, 17, 70, 36, 37, 38, 71, 84, 85, 18, 19, 20, 72, 42, 43, 44, 73, 88, 89, 21, 22, 23, 74, 45, 46, 47, 75, 90, 91, 24, 25, 26, 76, 48, 49, 50, 77, 92, 93, 27, 28, 29, 78, 51, 52, 53, 79, 94, 95, 30, 31, 32, 80, 54, 55, 56, 81, 96, 97, 33, 34, 35, 82, 57, 58, 59, 83, 98, 99], ""energy_bound"": 260, ""root_bound"": 512, ""crt_primes"": 4, ""arithmetic_burden"": 4440064, ""coefficient_bound"": ""1267650600228229401496703205376"", ""coupling_multiplicities"": {""1"": 260}, ""symmetry"": ""not assumed"", ""degree_signature"": [4, 4, 4, 4, 4, 5, 5, 5, 5, 5, 5, 5, 5, 5, 5, 5, 5, 5, 5, 5, 5, 5, 5, 5, 5, 5, 5, 5, 5, 5, 5, 5, 5, 5, 5, 5, 5, 5, 5, 5, 5, 5, 5, 5, 5, 5, 5, 5, 5, 5, 5, 5, 5, 5, 5, 5, 5, 5, 5, 5, 5, 5, 5, 5, 5, 5, 5, 5, 5, 5, 5, 5, 5, 5, 5, 6, 6, 6, 6, 6, 6, 6, 6, 6, 6, 6, 6, 6, 6, 6, 6, 6, 6, 6, 6, 6, 6, 6, 6, 6]}"
77a5604aad90c69d1eb0d3cc,N100,f4f512facb6a5b46acbf03543c91d6653cb961b30ea9f2a1c1af33255bb1aa0b,28e9e44506fd4dcd854bc2d2f36c432fa3694abe93af29e88f5beca98f42dfa0,N100_P2_PACKET_PLUS_DEPTH_V1,46f1f2fd7b1710ed745060e45f24f9db60f681e8010208e52e657f6e531da178,"[0, 1, 60, 61]",da0c3ebe1a22b3ad2df71939cd5815aa6e1c35f645c366a9a0155ea98b1508b3,,variable_elimination,LOCAL_FLINT_CPU,LOCAL_SINGLE_COORDINATOR_FLINT_CPU,WARM_NEW_SOURCE,FRESH_EXACT_SOLVE_WITH_INTERNAL_CHECKS_EXCLUDES_EXTERNAL_VERIFICATION,0,0,0,1,5,2153,32,d5207e6b84fbabee961e83f3860a3bacaca585acd736c092903cacdfff692450,FLINT_EXACT_POLYNOMIAL,0,COMPLETE,OBSERVED_PATTERN,True,26658,0,0,CPU exact route includes its native polynomial readout/count checks; independently timed external verification excluded; no subprocess startup,deterministic retained-port-aware elimination or explicit component enumeration,,0.00861549295950681,0.0,0.0,0.0,,0.0,0.001973634003661573,0.024545022984966636,0.024545022984966636,0.0,582a9c5ed1bfdf8f8d7dd1545a19c4ac6b30db574e46c3054621b9c78ef36e06,"{""N"": 100, ""source_family"": ""N100_P2_PACKET_PLUS_DEPTH_V1"", ""graph_hash"": ""28e9e44506fd4dcd854bc2d2f36c432fa3694abe93af29e88f5beca98f42dfa0"", ""source_hash"": ""f4f512facb6a5b46acbf03543c91d6653cb961b30ea9f2a1c1af33255bb1aa0b"", ""edges"": 260, ""degree_min"": 4, ""degree_max"": 6, ""degree_mean"": 5.2, ""degree_std"": 0.5099019513592785, ""components"": 8, ""component_sizes"": [5, 10, 10, 15, 15, 15, 15, 15], ""max_component"": 15, ""local_assignments"": 165920, ""minfill_width"": 5, ""minfill_work"": 2168, ""minfill_order"": [39, 40, 41, 86, 87, 0, 1, 2, 60, 61, 3, 4, 5, 62, 63, 6, 7, 8, 64, 65, 9, 10, 11, 66, 67, 12, 13, 14, 68, 69, 15, 16, 17, 70, 36, 37, 38, 71, 84, 85, 18, 19, 20, 72, 42, 43, 44, 73, 88, 89, 21, 22, 23, 74, 45, 46, 47, 75, 90, 91, 24, 25, 26, 76, 48, 49, 50, 77, 92, 93, 27, 28, 29, 78, 51, 52, 53, 79, 94, 95, 30, 31, 32, 80, 54, 55, 56, 81, 96, 97, 33, 34, 35, 82, 57, 58, 59, 83, 98, 99], ""energy_bound"": 260, ""root_bound"": 512, ""crt_primes"": 4, ""arithmetic_burden"": 4440064, ""coefficient_bound"": ""1267650600228229401496703205376"", ""coupling_multiplicities"": {""1"": 260}, ""symmetry"": ""not assumed"", ""degree_signature"": [4, 4, 4, 4, 4, 5, 5, 5, 5, 5, 5, 5, 5, 5, 5, 5, 5, 5, 5, 5, 5, 5, 5, 5, 5, 5, 5, 5, 5, 5, 5, 5, 5, 5, 5, 5, 5, 5, 5, 5, 5, 5, 5, 5, 5, 5, 5, 5, 5, 5, 5, 5, 5, 5, 5, 5, 5, 5, 5, 5, 5, 5, 5, 5, 5, 5, 5, 5, 5, 5, 5, 5, 5, 5, 5, 6, 6, 6, 6, 6, 6, 6, 6, 6, 6, 6, 6, 6, 6, 6, 6, 6, 6, 6, 6, 6, 6, 6, 6, 6]}"
77a5604aad90c69d1eb0d3cc,N100,f4f512facb6a5b46acbf03543c91d6653cb961b30ea9f2a1c1af33255bb1aa0b,28e9e44506fd4dcd854bc2d2f36c432fa3694abe93af29e88f5beca98f42dfa0,N100_P2_PACKET_PLUS_DEPTH_V1,46f1f2fd7b1710ed745060e45f24f9db60f681e8010208e52e657f6e531da178,"[0, 1, 60, 61]",c779d4577c5256e4ed7e38b4f432a87223e28e88a2ddb7bb5af2611517e26176,,memo_components,LOCAL_FLINT_CPU,LOCAL_SINGLE_COORDINATOR_FLINT_CPU,WARM_NEW_SOURCE,FRESH_EXACT_SOLVE_WITH_INTERNAL_CHECKS_EXCLUDES_EXTERNAL_VERIFICATION,0,0,0,1,14,165920,16384,d5207e6b84fbabee961e83f3860a3bacaca585acd736c092903cacdfff692450,FLINT_EXACT_POLYNOMIAL,0,COMPLETE,OBSERVED_PATTERN,True,66611,4,4,CPU exact route includes its native polynomial readout/count checks; independently timed external verification excluded; no subprocess startup,deterministic retained-port-aware elimination or explicit component enumeration,,0.00861549295950681,0.0,0.0,0.0,,0.0,0.0020632429514080286,0.10403230600059032,0.10403230600059032,0.0,582a9c5ed1bfdf8f8d7dd1545a19c4ac6b30db574e46c3054621b9c78ef36e06,"{""N"": 100, ""source_family"": ""N100_P2_PACKET_PLUS_DEPTH_V1"", ""graph_hash"": ""28e9e44506fd4dcd854bc2d2f36c432fa3694abe93af29e88f5beca98f42dfa0"", ""source_hash"": ""f4f512facb6a5b46acbf03543c91d6653cb961b30ea9f2a1c1af33255bb1aa0b"", ""edges"": 260, ""degree_min"": 4, ""degree_max"": 6, ""degree_mean"": 5.2, ""degree_std"": 0.5099019513592785, ""components"": 8, ""component_sizes"": [5, 10, 10, 15, 15, 15, 15, 15], ""max_component"": 15, ""local_assignments"": 165920, ""minfill_width"": 5, ""minfill_work"": 2168, ""minfill_order"": [39, 40, 41, 86, 87, 0, 1, 2, 60, 61, 3, 4, 5, 62, 63, 6, 7, 8, 64, 65, 9, 10, 11, 66, 67, 12, 13, 14, 68, 69, 15, 16, 17, 70, 36, 37, 38, 71, 84, 85, 18, 19, 20, 72, 42, 43, 44, 73, 88, 89, 21, 22, 23, 74, 45, 46, 47, 75, 90, 91, 24, 25, 26, 76, 48, 49, 50, 77, 92, 93, 27, 28, 29, 78, 51, 52, 53, 79, 94, 95, 30, 31, 32, 80, 54, 55, 56, 81, 96, 97, 33, 34, 35, 82, 57, 58, 59, 83, 98, 99], ""energy_bound"": 260, ""root_bound"": 512, ""crt_primes"": 4, ""arithmetic_burden"": 4440064, ""coefficient_bound"": ""1267650600228229401496703205376"", ""coupling_multiplicities"": {""1"": 260}, ""symmetry"": ""not assumed"", ""degree_signature"": [4, 4, 4, 4, 4, 5, 5, 5, 5, 5, 5, 5, 5, 5, 5, 5, 5, 5, 5, 5, 5, 5, 5, 5, 5, 5, 5, 5, 5, 5, 5, 5, 5, 5, 5, 5, 5, 5, 5, 5, 5, 5, 5, 5, 5, 5, 5, 5, 5, 5, 5, 5, 5, 5, 5, 5, 5, 5, 5, 5, 5, 5, 5, 5, 5, 5, 5, 5, 5, 5, 5, 5, 5, 5, 5, 6, 6, 6, 6, 6, 6, 6, 6, 6, 6, 6, 6, 6, 6, 6, 6, 6, 6, 6, 6, 6, 6, 6, 6, 6]}"
77a5604aad90c69d1eb0d3cc,N100,f4f512facb6a5b46acbf03543c91d6653cb961b30ea9f2a1c1af33255bb1aa0b,28e9e44506fd4dcd854bc2d2f36c432fa3694abe93af29e88f5beca98f42dfa0,N100_P2_PACKET_PLUS_DEPTH_V1,46f1f2fd7b1710ed745060e45f24f9db60f681e8010208e52e657f6e531da178,"[0, 1, 60, 61]",a6ac15413a3704a551d9e56c682c6201a61d1ab4b927a9c5fb182fc84b45df57,,warm_components,LOCAL_FLINT_CPU,LOCAL_SINGLE_COORDINATOR_FLINT_CPU,WARM_NEW_SOURCE,FRESH_EXACT_SOLVE_WITH_INTERNAL_CHECKS_EXCLUDES_EXTERNAL_VERIFICATION,0,0,0,1,14,165920,16384,d5207e6b84fbabee961e83f3860a3bacaca585acd736c092903cacdfff692450,FLINT_EXACT_POLYNOMIAL,0,COMPLETE,OBSERVED_PATTERN,True,66611,4,4,CPU exact route includes its native polynomial readout/count checks; independently timed external verification excluded; no subprocess startup,deterministic retained-port-aware elimination or explicit component enumeration,,0.00861549295950681,0.0,0.0,0.0,,0.0,0.001989152980968356,0.1129202441079542,0.1129202441079542,0.0,582a9c5ed1bfdf8f8d7dd1545a19c4ac6b30db574e46c3054621b9c78ef36e06,"{""N"": 100, ""source_family"": ""N100_P2_PACKET_PLUS_DEPTH_V1"", ""graph_hash"": ""28e9e44506fd4dcd854bc2d2f36c432fa3694abe93af29e88f5beca98f42dfa0"", ""source_hash"": ""f4f512facb6a5b46acbf03543c91d6653cb961b30ea9f2a1c1af33255bb1aa0b"", ""edges"": 260, ""degree_min"": 4, ""degree_max"": 6, ""degree_mean"": 5.2, ""degree_std"": 0.5099019513592785, ""components"": 8, ""component_sizes"": [5, 10, 10, 15, 15, 15, 15, 15], ""max_component"": 15, ""local_assignments"": 165920, ""minfill_width"": 5, ""minfill_work"": 2168, ""minfill_order"": [39, 40, 41, 86, 87, 0, 1, 2, 60, 61, 3, 4, 5, 62, 63, 6, 7, 8, 64, 65, 9, 10, 11, 66, 67, 12, 13, 14, 68, 69, 15, 16, 17, 70, 36, 37, 38, 71, 84, 85, 18, 19, 20, 72, 42, 43, 44, 73, 88, 89, 21, 22, 23, 74, 45, 46, 47, 75, 90, 91, 24, 25, 26, 76, 48, 49, 50, 77, 92, 93, 27, 28, 29, 78, 51, 52, 53, 79, 94, 95, 30, 31, 32, 80, 54, 55, 56, 81, 96, 97, 33, 34, 35, 82, 57, 58, 59, 83, 98, 99], ""energy_bound"": 260, ""root_bound"": 512, ""crt_primes"": 4, ""arithmetic_burden"": 4440064, ""coefficient_bound"": ""1267650600228229401496703205376"", ""coupling_multiplicities"": {""1"": 260}, ""symmetry"": ""not assumed"", ""degree_signature"": [4, 4, 4, 4, 4, 5, 5, 5, 5, 5, 5, 5, 5, 5, 5, 5, 5, 5, 5, 5, 5, 5, 5, 5, 5, 5, 5, 5, 5, 5, 5, 5, 5, 5, 5, 5, 5, 5, 5, 5, 5, 5, 5, 5, 5, 5, 5, 5, 5, 5, 5, 5, 5, 5, 5, 5, 5, 5, 5, 5, 5, 5, 5, 5, 5, 5, 5, 5, 5, 5, 5, 5, 5, 5, 5, 6, 6, 6, 6, 6, 6, 6, 6, 6, 6, 6, 6, 6, 6, 6, 6, 6, 6, 6, 6, 6, 6, 6, 6, 6]}"
77a5604aad90c69d1eb0d3cc,N100,f4f512facb6a5b46acbf03543c91d6653cb961b30ea9f2a1c1af33255bb1aa0b,28e9e44506fd4dcd854bc2d2f36c432fa3694abe93af29e88f5beca98f42dfa0,N100_P2_PACKET_PLUS_DEPTH_V1,46f1f2fd7b1710ed745060e45f24f9db60f681e8010208e52e657f6e531da178,"[0, 1, 60, 61]",a6ac15413a3704a551d9e56c682c6201a61d1ab4b927a9c5fb182fc84b45df57,,warm_components,LOCAL_FLINT_CPU,LOCAL_SINGLE_COORDINATOR_FLINT_CPU,CACHE_REUSE,FRESH_EXACT_SOLVE_WITH_INTERNAL_CHECKS_EXCLUDES_EXTERNAL_VERIFICATION,0,0,0,1,14,165920,16384,d5207e6b84fbabee961e83f3860a3bacaca585acd736c092903cacdfff692450,FLINT_EXACT_POLYNOMIAL,1,COMPLETE,OBSERVED_PATTERN,True,0,8,0,CPU exact route includes its native polynomial readout/count checks; independently timed external verification excluded; no subprocess startup,deterministic retained-port-aware elimination or explicit component enumeration,,0.00861549295950681,0.0,0.0,0.0,,0.0,0.00199209398124367,0.013023882987909019,0.013023882987909019,0.0,582a9c5ed1bfdf8f8d7dd1545a19c4ac6b30db574e46c3054621b9c78ef36e06,"{""N"": 100, ""source_family"": ""N100_P2_PACKET_PLUS_DEPTH_V1"", ""graph_hash"": ""28e9e44506fd4dcd854bc2d2f36c432fa3694abe93af29e88f5beca98f42dfa0"", ""source_hash"": ""f4f512facb6a5b46acbf03543c91d6653cb961b30ea9f2a1c1af33255bb1aa0b"", ""edges"": 260, ""degree_min"": 4, ""degree_max"": 6, ""degree_mean"": 5.2, ""degree_std"": 0.5099019513592785, ""components"": 8, ""component_sizes"": [5, 10, 10, 15, 15, 15, 15, 15], ""max_component"": 15, ""local_assignments"": 165920, ""minfill_width"": 5, ""minfill_work"": 2168, ""minfill_order"": [39, 40, 41, 86, 87, 0, 1, 2, 60, 61, 3, 4, 5, 62, 63, 6, 7, 8, 64, 65, 9, 10, 11, 66, 67, 12, 13, 14, 68, 69, 15, 16, 17, 70, 36, 37, 38, 71, 84, 85, 18, 19, 20, 72, 42, 43, 44, 73, 88, 89, 21, 22, 23, 74, 45, 46, 47, 75, 90, 91, 24, 25, 26, 76, 48, 49, 50, 77, 92, 93, 27, 28, 29, 78, 51, 52, 53, 79, 94, 95, 30, 31, 32, 80, 54, 55, 56, 81, 96, 97, 33, 34, 35, 82, 57, 58, 59, 83, 98, 99], ""energy_bound"": 260, ""root_bound"": 512, ""crt_primes"": 4, ""arithmetic_burden"": 4440064, ""coefficient_bound"": ""1267650600228229401496703205376"", ""coupling_multiplicities"": {""1"": 260}, ""symmetry"": ""not assumed"", ""degree_signature"": [4, 4, 4, 4, 4, 5, 5, 5, 5, 5, 5, 5, 5, 5, 5, 5, 5, 5, 5, 5, 5, 5, 5, 5, 5, 5, 5, 5, 5, 5, 5, 5, 5, 5, 5, 5, 5, 5, 5, 5, 5, 5, 5, 5, 5, 5, 5, 5, 5, 5, 5, 5, 5, 5, 5, 5, 5, 5, 5, 5, 5, 5, 5, 5, 5, 5, 5, 5, 5, 5, 5, 5, 5, 5, 5, 6, 6, 6, 6, 6, 6, 6, 6, 6, 6, 6, 6, 6, 6, 6, 6, 6, 6, 6, 6, 6, 6, 6, 6, 6]}"
77a5604aad90c69d1eb0d3cc,N100,f4f512facb6a5b46acbf03543c91d6653cb961b30ea9f2a1c1af33255bb1aa0b,28e9e44506fd4dcd854bc2d2f36c432fa3694abe93af29e88f5beca98f42dfa0,N100_P2_PACKET_PLUS_DEPTH_V1,46f1f2fd7b1710ed745060e45f24f9db60f681e8010208e52e657f6e531da178,"[0, 1, 60, 61]",c779d4577c5256e4ed7e38b4f432a87223e28e88a2ddb7bb5af2611517e26176,,memo_components,LOCAL_FLINT_CPU,LOCAL_SINGLE_COORDINATOR_FLINT_CPU,WARM_SAME_SOURCE,FRESH_EXACT_SOLVE_WITH_INTERNAL_CHECKS_EXCLUDES_EXTERNAL_VERIFICATION,0,0,0,1,14,165920,16384,d5207e6b84fbabee961e83f3860a3bacaca585acd736c092903cacdfff692450,FLINT_EXACT_POLYNOMIAL,1,COMPLETE,OBSERVED_PATTERN,True,66611,4,4,CPU exact route includes its native polynomial readout/count checks; independently timed external verification excluded; no subprocess startup,deterministic retained-port-aware elimination or explicit component enumeration,,0.00861549295950681,0.0,0.0,0.0,,0.0,0.002068022033199668,0.10357969405595213,0.10357969405595213,0.0,582a9c5ed1bfdf8f8d7dd1545a19c4ac6b30db574e46c3054621b9c78ef36e06,"{""N"": 100, ""source_family"": ""N100_P2_PACKET_PLUS_DEPTH_V1"", ""graph_hash"": ""28e9e44506fd4dcd854bc2d2f36c432fa3694abe93af29e88f5beca98f42dfa0"", ""source_hash"": ""f4f512facb6a5b46acbf03543c91d6653cb961b30ea9f2a1c1af33255bb1aa0b"", ""edges"": 260, ""degree_min"": 4, ""degree_max"": 6, ""degree_mean"": 5.2, ""degree_std"": 0.5099019513592785, ""components"": 8, ""component_sizes"": [5, 10, 10, 15, 15, 15, 15, 15], ""max_component"": 15, ""local_assignments"": 165920, ""minfill_width"": 5, ""minfill_work"": 2168, ""minfill_order"": [39, 40, 41, 86, 87, 0, 1, 2, 60, 61, 3, 4, 5, 62, 63, 6, 7, 8, 64, 65, 9, 10, 11, 66, 67, 12, 13, 14, 68, 69, 15, 16, 17, 70, 36, 37, 38, 71, 84, 85, 18, 19, 20, 72, 42, 43, 44, 73, 88, 89, 21, 22, 23, 74, 45, 46, 47, 75, 90, 91, 24, 25, 26, 76, 48, 49, 50, 77, 92, 93, 27, 28, 29, 78, 51, 52, 53, 79, 94, 95, 30, 31, 32, 80, 54, 55, 56, 81, 96, 97, 33, 34, 35, 82, 57, 58, 59, 83, 98, 99], ""energy_bound"": 260, ""root_bound"": 512, ""crt_primes"": 4, ""arithmetic_burden"": 4440064, ""coefficient_bound"": ""1267650600228229401496703205376"", ""coupling_multiplicities"": {""1"": 260}, ""symmetry"": ""not assumed"", ""degree_signature"": [4, 4, 4, 4, 4, 5, 5, 5, 5, 5, 5, 5, 5, 5, 5, 5, 5, 5, 5, 5, 5, 5, 5, 5, 5, 5, 5, 5, 5, 5, 5, 5, 5, 5, 5, 5, 5, 5, 5, 5, 5, 5, 5, 5, 5, 5, 5, 5, 5, 5, 5, 5, 5, 5, 5, 5, 5, 5, 5, 5, 5, 5, 5, 5, 5, 5, 5, 5, 5, 5, 5, 5, 5, 5, 5, 6, 6, 6, 6, 6, 6, 6, 6, 6, 6, 6, 6, 6, 6, 6, 6, 6, 6, 6, 6, 6, 6, 6, 6, 6]}"
77a5604aad90c69d1eb0d3cc,N100,f4f512facb6a5b46acbf03543c91d6653cb961b30ea9f2a1c1af33255bb1aa0b,28e9e44506fd4dcd854bc2d2f36c432fa3694abe93af29e88f5beca98f42dfa0,N100_P2_PACKET_PLUS_DEPTH_V1,46f1f2fd7b1710ed745060e45f24f9db60f681e8010208e52e657f6e531da178,"[0, 1, 60, 61]",da0c3ebe1a22b3ad2df71939cd5815aa6e1c35f645c366a9a0155ea98b1508b3,,variable_elimination,LOCAL_FLINT_CPU,LOCAL_SINGLE_COORDINATOR_FLINT_CPU,WARM_SAME_SOURCE,FRESH_EXACT_SOLVE_WITH_INTERNAL_CHECKS_EXCLUDES_EXTERNAL_VERIFICATION,0,0,0,1,5,2153,32,d5207e6b84fbabee961e83f3860a3bacaca585acd736c092903cacdfff692450,FLINT_EXACT_POLYNOMIAL,1,COMPLETE,OBSERVED_PATTERN,True,26658,0,0,CPU exact route includes its native polynomial readout/count checks; independently timed external verification excluded; no subprocess startup,deterministic retained-port-aware elimination or explicit component enumeration,,0.00861549295950681,0.0,0.0,0.0,,0.0,0.002537564025260508,0.022735985927283764,0.022735985927283764,0.0,582a9c5ed1bfdf8f8d7dd1545a19c4ac6b30db574e46c3054621b9c78ef36e06,"{""N"": 100, ""source_family"": ""N100_P2_PACKET_PLUS_DEPTH_V1"", ""graph_hash"": ""28e9e44506fd4dcd854bc2d2f36c432fa3694abe93af29e88f5beca98f42dfa0"", ""source_hash"": ""f4f512facb6a5b46acbf03543c91d6653cb961b30ea9f2a1c1af33255bb1aa0b"", ""edges"": 260, ""degree_min"": 4, ""degree_max"": 6, ""degree_mean"": 5.2, ""degree_std"": 0.5099019513592785, ""components"": 8, ""component_sizes"": [5, 10, 10, 15, 15, 15, 15, 15], ""max_component"": 15, ""local_assignments"": 165920, ""minfill_width"": 5, ""minfill_work"": 2168, ""minfill_order"": [39, 40, 41, 86, 87, 0, 1, 2, 60, 61, 3, 4, 5, 62, 63, 6, 7, 8, 64, 65, 9, 10, 11, 66, 67, 12, 13, 14, 68, 69, 15, 16, 17, 70, 36, 37, 38, 71, 84, 85, 18, 19, 20, 72, 42, 43, 44, 73, 88, 89, 21, 22, 23, 74, 45, 46, 47, 75, 90, 91, 24, 25, 26, 76, 48, 49, 50, 77, 92, 93, 27, 28, 29, 78, 51, 52, 53, 79, 94, 95, 30, 31, 32, 80, 54, 55, 56, 81, 96, 97, 33, 34, 35, 82, 57, 58, 59, 83, 98, 99], ""energy_bound"": 260, ""root_bound"": 512, ""crt_primes"": 4, ""arithmetic_burden"": 4440064, ""coefficient_bound"": ""1267650600228229401496703205376"", ""coupling_multiplicities"": {""1"": 260}, ""symmetry"": ""not assumed"", ""degree_signature"": [4, 4, 4, 4, 4, 5, 5, 5, 5, 5, 5, 5, 5, 5, 5, 5, 5, 5, 5, 5, 5, 5, 5, 5, 5, 5, 5, 5, 5, 5, 5, 5, 5, 5, 5, 5, 5, 5, 5, 5, 5, 5, 5, 5, 5, 5, 5, 5, 5, 5, 5, 5, 5, 5, 5, 5, 5, 5, 5, 5, 5, 5, 5, 5, 5, 5, 5, 5, 5, 5, 5, 5, 5, 5, 5, 6, 6, 6, 6, 6, 6, 6, 6, 6, 6, 6, 6, 6, 6, 6, 6, 6, 6, 6, 6, 6, 6, 6, 6, 6]}"
77a5604aad90c69d1eb0d3cc,N100,f4f512facb6a5b46acbf03543c91d6653cb961b30ea9f2a1c1af33255bb1aa0b,28e9e44506fd4dcd854bc2d2f36c432fa3694abe93af29e88f5beca98f42dfa0,N100_P2_PACKET_PLUS_DEPTH_V1,46f1f2fd7b1710ed745060e45f24f9db60f681e8010208e52e657f6e531da178,"[0, 1, 60, 61]",437347a4da455a5628500fe0cfe500a53a99be3e584c02eab7a4cafc95567497,,components,LOCAL_FLINT_CPU,LOCAL_SINGLE_COORDINATOR_FLINT_CPU,WARM_SAME_SOURCE,FRESH_EXACT_SOLVE_WITH_INTERNAL_CHECKS_EXCLUDES_EXTERNAL_VERIFICATION,0,0,0,1,14,165920,16384,d5207e6b84fbabee961e83f3860a3bacaca585acd736c092903cacdfff692450,FLINT_EXACT_POLYNOMIAL,1,COMPLETE,OBSERVED_PATTERN,True,166048,0,0,CPU exact route includes its native polynomial readout/count checks; independently timed external verification excluded; no subprocess startup,deterministic retained-port-aware elimination or explicit component enumeration,,0.00861549295950681,0.0,0.0,0.0,,0.0,0.0021494809770956635,0.22580389806535095,0.22580389806535095,0.0,582a9c5ed1bfdf8f8d7dd1545a19c4ac6b30db574e46c3054621b9c78ef36e06,"{""N"": 100, ""source_family"": ""N100_P2_PACKET_PLUS_DEPTH_V1"", ""graph_hash"": ""28e9e44506fd4dcd854bc2d2f36c432fa3694abe93af29e88f5beca98f42dfa0"", ""source_hash"": ""f4f512facb6a5b46acbf03543c91d6653cb961b30ea9f2a1c1af33255bb1aa0b"", ""edges"": 260, ""degree_min"": 4, ""degree_max"": 6, ""degree_mean"": 5.2, ""degree_std"": 0.5099019513592785, ""components"": 8, ""component_sizes"": [5, 10, 10, 15, 15, 15, 15, 15], ""max_component"": 15, ""local_assignments"": 165920, ""minfill_width"": 5, ""minfill_work"": 2168, ""minfill_order"": [39, 40, 41, 86, 87, 0, 1, 2, 60, 61, 3, 4, 5, 62, 63, 6, 7, 8, 64, 65, 9, 10, 11, 66, 67, 12, 13, 14, 68, 69, 15, 16, 17, 70, 36, 37, 38, 71, 84, 85, 18, 19, 20, 72, 42, 43, 44, 73, 88, 89, 21, 22, 23, 74, 45, 46, 47, 75, 90, 91, 24, 25, 26, 76, 48, 49, 50, 77, 92, 93, 27, 28, 29, 78, 51, 52, 53, 79, 94, 95, 30, 31, 32, 80, 54, 55, 56, 81, 96, 97, 33, 34, 35, 82, 57, 58, 59, 83, 98, 99], ""energy_bound"": 260, ""root_bound"": 512, ""crt_primes"": 4, ""arithmetic_burden"": 4440064, ""coefficient_bound"": ""1267650600228229401496703205376"", ""coupling_multiplicities"": {""1"": 260}, ""symmetry"": ""not assumed"", ""degree_signature"": [4, 4, 4, 4, 4, 5, 5, 5, 5, 5, 5, 5, 5, 5, 5, 5, 5, 5, 5, 5, 5, 5, 5, 5, 5, 5, 5, 5, 5, 5, 5, 5, 5, 5, 5, 5, 5, 5, 5, 5, 5, 5, 5, 5, 5, 5, 5, 5, 5, 5, 5, 5, 5, 5, 5, 5, 5, 5, 5, 5, 5, 5, 5, 5, 5, 5, 5, 5, 5, 5, 5, 5, 5, 5, 5, 6, 6, 6, 6, 6, 6, 6, 6, 6, 6, 6, 6, 6, 6, 6, 6, 6, 6, 6, 6, 6, 6, 6, 6, 6]}"
77a5604aad90c69d1eb0d3cc,N100,f4f512facb6a5b46acbf03543c91d6653cb961b30ea9f2a1c1af33255bb1aa0b,28e9e44506fd4dcd854bc2d2f36c432fa3694abe93af29e88f5beca98f42dfa0,N100_P2_PACKET_PLUS_DEPTH_V1,46f1f2fd7b1710ed745060e45f24f9db60f681e8010208e52e657f6e531da178,"[0, 1, 60, 61]",437347a4da455a5628500fe0cfe500a53a99be3e584c02eab7a4cafc95567497,,components,LOCAL_FLINT_CPU,LOCAL_SINGLE_COORDINATOR_FLINT_CPU,WARM_SAME_SOURCE,FRESH_EXACT_SOLVE_WITH_INTERNAL_CHECKS_EXCLUDES_EXTERNAL_VERIFICATION,0,0,0,1,14,165920,16384,d5207e6b84fbabee961e83f3860a3bacaca585acd736c092903cacdfff692450,FLINT_EXACT_POLYNOMIAL,2,COMPLETE,OBSERVED_PATTERN,True,166048,0,0,CPU exact route includes its native polynomial readout/count checks; independently timed external verification excluded; no subprocess startup,deterministic retained-port-aware elimination or explicit component enumeration,,0.00861549295950681,0.0,0.0,0.0,,0.0,0.0021470210049301386,0.22225957293994725,0.22225957293994725,0.0,582a9c5ed1bfdf8f8d7dd1545a19c4ac6b30db574e46c3054621b9c78ef36e06,"{""N"": 100, ""source_family"": ""N100_P2_PACKET_PLUS_DEPTH_V1"", ""graph_hash"": ""28e9e44506fd4dcd854bc2d2f36c432fa3694abe93af29e88f5beca98f42dfa0"", ""source_hash"": ""f4f512facb6a5b46acbf03543c91d6653cb961b30ea9f2a1c1af33255bb1aa0b"", ""edges"": 260, ""degree_min"": 4, ""degree_max"": 6, ""degree_mean"": 5.2, ""degree_std"": 0.5099019513592785, ""components"": 8, ""component_sizes"": [5, 10, 10, 15, 15, 15, 15, 15], ""max_component"": 15, ""local_assignments"": 165920, ""minfill_width"": 5, ""minfill_work"": 2168, ""minfill_order"": [39, 40, 41, 86, 87, 0, 1, 2, 60, 61, 3, 4, 5, 62, 63, 6, 7, 8, 64, 65, 9, 10, 11, 66, 67, 12, 13, 14, 68, 69, 15, 16, 17, 70, 36, 37, 38, 71, 84, 85, 18, 19, 20, 72, 42, 43, 44, 73, 88, 89, 21, 22, 23, 74, 45, 46, 47, 75, 90, 91, 24, 25, 26, 76, 48, 49, 50, 77, 92, 93, 27, 28, 29, 78, 51, 52, 53, 79, 94, 95, 30, 31, 32, 80, 54, 55, 56, 81, 96, 97, 33, 34, 35, 82, 57, 58, 59, 83, 98, 99], ""energy_bound"": 260, ""root_bound"": 512, ""crt_primes"": 4, ""arithmetic_burden"": 4440064, ""coefficient_bound"": ""1267650600228229401496703205376"", ""coupling_multiplicities"": {""1"": 260}, ""symmetry"": ""not assumed"", ""degree_signature"": [4, 4, 4, 4, 4, 5, 5, 5, 5, 5, 5, 5, 5, 5, 5, 5, 5, 5, 5, 5, 5, 5, 5, 5, 5, 5, 5, 5, 5, 5, 5, 5, 5, 5, 5, 5, 5, 5, 5, 5, 5, 5, 5, 5, 5, 5, 5, 5, 5, 5, 5, 5, 5, 5, 5, 5, 5, 5, 5, 5, 5, 5, 5, 5, 5, 5, 5, 5, 5, 5, 5, 5, 5, 5, 5, 6, 6, 6, 6, 6, 6, 6, 6, 6, 6, 6, 6, 6, 6, 6, 6, 6, 6, 6, 6, 6, 6, 6, 6, 6]}"
77a5604aad90c69d1eb0d3cc,N100,f4f512facb6a5b46acbf03543c91d6653cb961b30ea9f2a1c1af33255bb1aa0b,28e9e44506fd4dcd854bc2d2f36c432fa3694abe93af29e88f5beca98f42dfa0,N100_P2_PACKET_PLUS_DEPTH_V1,46f1f2fd7b1710ed745060e45f24f9db60f681e8010208e52e657f6e531da178,"[0, 1, 60, 61]",da0c3ebe1a22b3ad2df71939cd5815aa6e1c35f645c366a9a0155ea98b1508b3,,variable_elimination,LOCAL_FLINT_CPU,LOCAL_SINGLE_COORDINATOR_FLINT_CPU,WARM_SAME_SOURCE,FRESH_EXACT_SOLVE_WITH_INTERNAL_CHECKS_EXCLUDES_EXTERNAL_VERIFICATION,0,0,0,1,5,2153,32,d5207e6b84fbabee961e83f3860a3bacaca585acd736c092903cacdfff692450,FLINT_EXACT_POLYNOMIAL,2,COMPLETE,OBSERVED_PATTERN,True,26658,0,0,CPU exact route includes its native polynomial readout/count checks; independently timed external verification excluded; no subprocess startup,deterministic retained-port-aware elimination or explicit component enumeration,,0.00861549295950681,0.0,0.0,0.0,,0.0,0.002014633035287261,0.022451872006058693,0.022451872006058693,0.0,582a9c5ed1bfdf8f8d7dd1545a19c4ac6b30db574e46c3054621b9c78ef36e06,"{""N"": 100, ""source_family"": ""N100_P2_PACKET_PLUS_DEPTH_V1"", ""graph_hash"": ""28e9e44506fd4dcd854bc2d2f36c432fa3694abe93af29e88f5beca98f42dfa0"", ""source_hash"": ""f4f512facb6a5b46acbf03543c91d6653cb961b30ea9f2a1c1af33255bb1aa0b"", ""edges"": 260, ""degree_min"": 4, ""degree_max"": 6, ""degree_mean"": 5.2, ""degree_std"": 0.5099019513592785, ""components"": 8, ""component_sizes"": [5, 10, 10, 15, 15, 15, 15, 15], ""max_component"": 15, ""local_assignments"": 165920, ""minfill_width"": 5, ""minfill_work"": 2168, ""minfill_order"": [39, 40, 41, 86, 87, 0, 1, 2, 60, 61, 3, 4, 5, 62, 63, 6, 7, 8, 64, 65, 9, 10, 11, 66, 67, 12, 13, 14, 68, 69, 15, 16, 17, 70, 36, 37, 38, 71, 84, 85, 18, 19, 20, 72, 42, 43, 44, 73, 88, 89, 21, 22, 23, 74, 45, 46, 47, 75, 90, 91, 24, 25, 26, 76, 48, 49, 50, 77, 92, 93, 27, 28, 29, 78, 51, 52, 53, 79, 94, 95, 30, 31, 32, 80, 54, 55, 56, 81, 96, 97, 33, 34, 35, 82, 57, 58, 59, 83, 98, 99], ""energy_bound"": 260, ""root_bound"": 512, ""crt_primes"": 4, ""arithmetic_burden"": 4440064, ""coefficient_bound"": ""1267650600228229401496703205376"", ""coupling_multiplicities"": {""1"": 260}, ""symmetry"": ""not assumed"", ""degree_signature"": [4, 4, 4, 4, 4, 5, 5, 5, 5, 5, 5, 5, 5, 5, 5, 5, 5, 5, 5, 5, 5, 5, 5, 5, 5, 5, 5, 5, 5, 5, 5, 5, 5, 5, 5, 5, 5, 5, 5, 5, 5, 5, 5, 5, 5, 5, 5, 5, 5, 5, 5, 5, 5, 5, 5, 5, 5, 5, 5, 5, 5, 5, 5, 5, 5, 5, 5, 5, 5, 5, 5, 5, 5, 5, 5, 6, 6, 6, 6, 6, 6, 6, 6, 6, 6, 6, 6, 6, 6, 6, 6, 6, 6, 6, 6, 6, 6, 6, 6, 6]}"
77a5604aad90c69d1eb0d3cc,N100,f4f512facb6a5b46acbf03543c91d6653cb961b30ea9f2a1c1af33255bb1aa0b,28e9e44506fd4dcd854bc2d2f36c432fa3694abe93af29e88f5beca98f42dfa0,N100_P2_PACKET_PLUS_DEPTH_V1,46f1f2fd7b1710ed745060e45f24f9db60f681e8010208e52e657f6e531da178,"[0, 1, 60, 61]",c779d4577c5256e4ed7e38b4f432a87223e28e88a2ddb7bb5af2611517e26176,,memo_components,LOCAL_FLINT_CPU,LOCAL_SINGLE_COORDINATOR_FLINT_CPU,WARM_SAME_SOURCE,FRESH_EXACT_SOLVE_WITH_INTERNAL_CHECKS_EXCLUDES_EXTERNAL_VERIFICATION,0,0,0,1,14,165920,16384,d5207e6b84fbabee961e83f3860a3bacaca585acd736c092903cacdfff692450,FLINT_EXACT_POLYNOMIAL,2,COMPLETE,OBSERVED_PATTERN,True,66611,4,4,CPU exact route includes its native polynomial readout/count checks; independently timed external verification excluded; no subprocess startup,deterministic retained-port-aware elimination or explicit component enumeration,,0.00861549295950681,0.0,0.0,0.0,,0.0,0.002040552906692028,0.10486053104978055,0.10486053104978055,0.0,582a9c5ed1bfdf8f8d7dd1545a19c4ac6b30db574e46c3054621b9c78ef36e06,"{""N"": 100, ""source_family"": ""N100_P2_PACKET_PLUS_DEPTH_V1"", ""graph_hash"": ""28e9e44506fd4dcd854bc2d2f36c432fa3694abe93af29e88f5beca98f42dfa0"", ""source_hash"": ""f4f512facb6a5b46acbf03543c91d6653cb961b30ea9f2a1c1af33255bb1aa0b"", ""edges"": 260, ""degree_min"": 4, ""degree_max"": 6, ""degree_mean"": 5.2, ""degree_std"": 0.5099019513592785, ""components"": 8, ""component_sizes"": [5, 10, 10, 15, 15, 15, 15, 15], ""max_component"": 15, ""local_assignments"": 165920, ""minfill_width"": 5, ""minfill_work"": 2168, ""minfill_order"": [39, 40, 41, 86, 87, 0, 1, 2, 60, 61, 3, 4, 5, 62, 63, 6, 7, 8, 64, 65, 9, 10, 11, 66, 67, 12, 13, 14, 68, 69, 15, 16, 17, 70, 36, 37, 38, 71, 84, 85, 18, 19, 20, 72, 42, 43, 44, 73, 88, 89, 21, 22, 23, 74, 45, 46, 47, 75, 90, 91, 24, 25, 26, 76, 48, 49, 50, 77, 92, 93, 27, 28, 29, 78, 51, 52, 53, 79, 94, 95, 30, 31, 32, 80, 54, 55, 56, 81, 96, 97, 33, 34, 35, 82, 57, 58, 59, 83, 98, 99], ""energy_bound"": 260, ""root_bound"": 512, ""crt_primes"": 4, ""arithmetic_burden"": 4440064, ""coefficient_bound"": ""1267650600228229401496703205376"", ""coupling_multiplicities"": {""1"": 260}, ""symmetry"": ""not assumed"", ""degree_signature"": [4, 4, 4, 4, 4, 5, 5, 5, 5, 5, 5, 5, 5, 5, 5, 5, 5, 5, 5, 5, 5, 5, 5, 5, 5, 5, 5, 5, 5, 5, 5, 5, 5, 5, 5, 5, 5, 5, 5, 5, 5, 5, 5, 5, 5, 5, 5, 5, 5, 5, 5, 5, 5, 5, 5, 5, 5, 5, 5, 5, 5, 5, 5, 5, 5, 5, 5, 5, 5, 5, 5, 5, 5, 5, 5, 6, 6, 6, 6, 6, 6, 6, 6, 6, 6, 6, 6, 6, 6, 6, 6, 6, 6, 6, 6, 6, 6, 6, 6, 6]}"
77a5604aad90c69d1eb0d3cc,N100,f4f512facb6a5b46acbf03543c91d6653cb961b30ea9f2a1c1af33255bb1aa0b,28e9e44506fd4dcd854bc2d2f36c432fa3694abe93af29e88f5beca98f42dfa0,N100_P2_PACKET_PLUS_DEPTH_V1,46f1f2fd7b1710ed745060e45f24f9db60f681e8010208e52e657f6e531da178,"[0, 1, 60, 61]",a6ac15413a3704a551d9e56c682c6201a61d1ab4b927a9c5fb182fc84b45df57,,warm_components,LOCAL_FLINT_CPU,LOCAL_SINGLE_COORDINATOR_FLINT_CPU,CACHE_REUSE,FRESH_EXACT_SOLVE_WITH_INTERNAL_CHECKS_EXCLUDES_EXTERNAL_VERIFICATION,0,0,0,1,14,165920,16384,d5207e6b84fbabee961e83f3860a3bacaca585acd736c092903cacdfff692450,FLINT_EXACT_POLYNOMIAL,2,COMPLETE,OBSERVED_PATTERN,True,0,8,0,CPU exact route includes its native polynomial readout/count checks; independently timed external verification excluded; no subprocess startup,deterministic retained-port-aware elimination or explicit component enumeration,,0.00861549295950681,0.0,0.0,0.0,,0.0,0.002165221027098596,0.01398330507799983,0.01398330507799983,0.0,582a9c5ed1bfdf8f8d7dd1545a19c4ac6b30db574e46c3054621b9c78ef36e06,"{""N"": 100, ""source_family"": ""N100_P2_PACKET_PLUS_DEPTH_V1"", ""graph_hash"": ""28e9e44506fd4dcd854bc2d2f36c432fa3694abe93af29e88f5beca98f42dfa0"", ""source_hash"": ""f4f512facb6a5b46acbf03543c91d6653cb961b30ea9f2a1c1af33255bb1aa0b"", ""edges"": 260, ""degree_min"": 4, ""degree_max"": 6, ""degree_mean"": 5.2, ""degree_std"": 0.5099019513592785, ""components"": 8, ""component_sizes"": [5, 10, 10, 15, 15, 15, 15, 15], ""max_component"": 15, ""local_assignments"": 165920, ""minfill_width"": 5, ""minfill_work"": 2168, ""minfill_order"": [39, 40, 41, 86, 87, 0, 1, 2, 60, 61, 3, 4, 5, 62, 63, 6, 7, 8, 64, 65, 9, 10, 11, 66, 67, 12, 13, 14, 68, 69, 15, 16, 17, 70, 36, 37, 38, 71, 84, 85, 18, 19, 20, 72, 42, 43, 44, 73, 88, 89, 21, 22, 23, 74, 45, 46, 47, 75, 90, 91, 24, 25, 26, 76, 48, 49, 50, 77, 92, 93, 27, 28, 29, 78, 51, 52, 53, 79, 94, 95, 30, 31, 32, 80, 54, 55, 56, 81, 96, 97, 33, 34, 35, 82, 57, 58, 59, 83, 98, 99], ""energy_bound"": 260, ""root_bound"": 512, ""crt_primes"": 4, ""arithmetic_burden"": 4440064, ""coefficient_bound"": ""1267650600228229401496703205376"", ""coupling_multiplicities"": {""1"": 260}, ""symmetry"": ""not assumed"", ""degree_signature"": [4, 4, 4, 4, 4, 5, 5, 5, 5, 5, 5, 5, 5, 5, 5, 5, 5, 5, 5, 5, 5, 5, 5, 5, 5, 5, 5, 5, 5, 5, 5, 5, 5, 5, 5, 5, 5, 5, 5, 5, 5, 5, 5, 5, 5, 5, 5, 5, 5, 5, 5, 5, 5, 5, 5, 5, 5, 5, 5, 5, 5, 5, 5, 5, 5, 5, 5, 5, 5, 5, 5, 5, 5, 5, 5, 6, 6, 6, 6, 6, 6, 6, 6, 6, 6, 6, 6, 6, 6, 6, 6, 6, 6, 6, 6, 6, 6, 6, 6, 6]}"
bfc4bd3883b43fe14ec2cfb4,N105,5776b29715e9a50cd9f500c1b53e676b5e8d4ed040d40ac02cad5f3eb90e7774,1a5a3f398978af9ec44f29e6dedde0caacb3eaa35df2a7da5f0aada620afb2bf,N105_P9G0_HISTORICAL_PACKET_RESTORATION_V1,46f1f2fd7b1710ed745060e45f24f9db60f681e8010208e52e657f6e531da178,"[0, 1, 60, 61]",a0463e01376b218bbaeba8761671595b4c8d31e88eee47ba51f35a7328d1bb51,,components,LOCAL_FLINT_CPU,LOCAL_SINGLE_COORDINATOR_FLINT_CPU,WARM_NEW_SOURCE,FRESH_EXACT_SOLVE_WITH_INTERNAL_CHECKS_EXCLUDES_EXTERNAL_VERIFICATION,0,0,0,1,14,166912,16384,d5207e6b84fbabee961e83f3860a3bacaca585acd736c092903cacdfff692450,FLINT_EXACT_POLYNOMIAL,0,COMPLETE,OBSERVED_PATTERN,True,167040,0,0,CPU exact route includes its native polynomial readout/count checks; independently timed external verification excluded; no subprocess startup,deterministic retained-port-aware elimination or explicit component enumeration,,0.0230485110078007,0.0,0.0,0.0,,0.0,0.0026260820450261235,0.24408199603203684,0.24408199603203684,0.0,9de7b208fe4f209920c654230adcf9f2dee04eb0623b668c36b69819079a50c3,"{""N"": 105, ""source_family"": ""N105_P9G0_HISTORICAL_PACKET_RESTORATION_V1"", ""graph_hash"": ""1a5a3f398978af9ec44f29e6dedde0caacb3eaa35df2a7da5f0aada620afb2bf"", ""source_hash"": ""5776b29715e9a50cd9f500c1b53e676b5e8d4ed040d40ac02cad5f3eb90e7774"", ""edges"": 275, ""degree_min"": 5, ""degree_max"": 6, ""degree_mean"": 5.238095238095238, ""degree_std"": 0.4259177099999599, ""components"": 8, ""component_sizes"": [10, 10, 10, 15, 15, 15, 15, 15], ""max_component"": 15, ""local_assignments"": 166912, ""minfill_width"": 5, ""minfill_work"": 2328, ""minfill_order"": [0, 1, 2, 60, 61, 3, 4, 5, 62, 63, 6, 7, 8, 64, 65, 9, 10, 11, 66, 67, 12, 13, 14, 68, 69, 15, 16, 17, 70, 36, 37, 38, 71, 84, 85, 18, 19, 20, 72, 42, 43, 44, 73, 88, 89, 21, 22, 23, 74, 45, 46, 47, 75, 90, 91, 24, 25, 26, 76, 48, 49, 50, 77, 92, 93, 27, 28, 29, 78, 51, 52, 53, 79, 94, 95, 30, 31, 32, 80, 54, 55, 56, 81, 96, 97, 33, 34, 35, 82, 57, 58, 59, 83, 98, 99, 39, 40, 41, 86, 87, 100, 101, 102, 103, 104], ""energy_bound"": 275, ""root_bound"": 512, ""crt_primes"": 4, ""arithmetic_burden"": 4767744, ""coefficient_bound"": ""40564819207303340847894502572032"", ""coupling_multiplicities"": {""1"": 275}, ""symmetry"": ""not assumed"", ""degree_signature"": [5, 5, 5, 5, 5, 5, 5, 5, 5, 5, 5, 5, 5, 5, 5, 5, 5, 5, 5, 5, 5, 5, 5, 5, 5, 5, 5, 5, 5, 5, 5, 5, 5, 5, 5, 5, 5, 5, 5, 5, 5, 5, 5, 5, 5, 5, 5, 5, 5, 5, 5, 5, 5, 5, 5, 5, 5, 5, 5, 5, 5, 5, 5, 5, 5, 5, 5, 5, 5, 5, 5, 5, 5, 5, 5, 5, 5, 5, 5, 5, 6, 6, 6, 6, 6, 6, 6, 6, 6, 6, 6, 6, 6, 6, 6, 6, 6, 6, 6, 6, 6, 6, 6, 6, 6]}"
bfc4bd3883b43fe14ec2cfb4,N105,5776b29715e9a50cd9f500c1b53e676b5e8d4ed040d40ac02cad5f3eb90e7774,1a5a3f398978af9ec44f29e6dedde0caacb3eaa35df2a7da5f0aada620afb2bf,N105_P9G0_HISTORICAL_PACKET_RESTORATION_V1,46f1f2fd7b1710ed745060e45f24f9db60f681e8010208e52e657f6e531da178,"[0, 1, 60, 61]",36f415dc55f796534a8292eff61c9d1ffba193f9b9c59e84c444064502b52234,,variable_elimination,LOCAL_FLINT_CPU,LOCAL_SINGLE_COORDINATOR_FLINT_CPU,WARM_NEW_SOURCE,FRESH_EXACT_SOLVE_WITH_INTERNAL_CHECKS_EXCLUDES_EXTERNAL_VERIFICATION,0,0,0,1,5,2313,32,d5207e6b84fbabee961e83f3860a3bacaca585acd736c092903cacdfff692450,FLINT_EXACT_POLYNOMIAL,0,COMPLETE,OBSERVED_PATTERN,True,28546,0,0,CPU exact route includes its native polynomial readout/count checks; independently timed external verification excluded; no subprocess startup,deterministic retained-port-aware elimination or explicit component enumeration,,0.0230485110078007,0.0,0.0,0.0,,0.0,0.0022978379856795073,0.024194170022383332,0.024194170022383332,0.0,9de7b208fe4f209920c654230adcf9f2dee04eb0623b668c36b69819079a50c3,"{""N"": 105, ""source_family"": ""N105_P9G0_HISTORICAL_PACKET_RESTORATION_V1"", ""graph_hash"": ""1a5a3f398978af9ec44f29e6dedde0caacb3eaa35df2a7da5f0aada620afb2bf"", ""source_hash"": ""5776b29715e9a50cd9f500c1b53e676b5e8d4ed040d40ac02cad5f3eb90e7774"", ""edges"": 275, ""degree_min"": 5, ""degree_max"": 6, ""degree_mean"": 5.238095238095238, ""degree_std"": 0.4259177099999599, ""components"": 8, ""component_sizes"": [10, 10, 10, 15, 15, 15, 15, 15], ""max_component"": 15, ""local_assignments"": 166912, ""minfill_width"": 5, ""minfill_work"": 2328, ""minfill_order"": [0, 1, 2, 60, 61, 3, 4, 5, 62, 63, 6, 7, 8, 64, 65, 9, 10, 11, 66, 67, 12, 13, 14, 68, 69, 15, 16, 17, 70, 36, 37, 38, 71, 84, 85, 18, 19, 20, 72, 42, 43, 44, 73, 88, 89, 21, 22, 23, 74, 45, 46, 47, 75, 90, 91, 24, 25, 26, 76, 48, 49, 50, 77, 92, 93, 27, 28, 29, 78, 51, 52, 53, 79, 94, 95, 30, 31, 32, 80, 54, 55, 56, 81, 96, 97, 33, 34, 35, 82, 57, 58, 59, 83, 98, 99, 39, 40, 41, 86, 87, 100, 101, 102, 103, 104], ""energy_bound"": 275, ""root_bound"": 512, ""crt_primes"": 4, ""arithmetic_burden"": 4767744, ""coefficient_bound"": ""40564819207303340847894502572032"", ""coupling_multiplicities"": {""1"": 275}, ""symmetry"": ""not assumed"", ""degree_signature"": [5, 5, 5, 5, 5, 5, 5, 5, 5, 5, 5, 5, 5, 5, 5, 5, 5, 5, 5, 5, 5, 5, 5, 5, 5, 5, 5, 5, 5, 5, 5, 5, 5, 5, 5, 5, 5, 5, 5, 5, 5, 5, 5, 5, 5, 5, 5, 5, 5, 5, 5, 5, 5, 5, 5, 5, 5, 5, 5, 5, 5, 5, 5, 5, 5, 5, 5, 5, 5, 5, 5, 5, 5, 5, 5, 5, 5, 5, 5, 5, 6, 6, 6, 6, 6, 6, 6, 6, 6, 6, 6, 6, 6, 6, 6, 6, 6, 6, 6, 6, 6, 6, 6, 6, 6]}"
bfc4bd3883b43fe14ec2cfb4,N105,5776b29715e9a50cd9f500c1b53e676b5e8d4ed040d40ac02cad5f3eb90e7774,1a5a3f398978af9ec44f29e6dedde0caacb3eaa35df2a7da5f0aada620afb2bf,N105_P9G0_HISTORICAL_PACKET_RESTORATION_V1,46f1f2fd7b1710ed745060e45f24f9db60f681e8010208e52e657f6e531da178,"[0, 1, 60, 61]",b5075449eeaa00176fa42f3da9fdff93ddfd4bef5a814729e28ce1d431fd5fc2,,memo_components,LOCAL_FLINT_CPU,LOCAL_SINGLE_COORDINATOR_FLINT_CPU,WARM_NEW_SOURCE,FRESH_EXACT_SOLVE_WITH_INTERNAL_CHECKS_EXCLUDES_EXTERNAL_VERIFICATION,0,0,0,1,14,166912,16384,d5207e6b84fbabee961e83f3860a3bacaca585acd736c092903cacdfff692450,FLINT_EXACT_POLYNOMIAL,0,COMPLETE,OBSERVED_PATTERN,True,67603,4,4,CPU exact route includes its native polynomial readout/count checks; independently timed external verification excluded; no subprocess startup,deterministic retained-port-aware elimination or explicit component enumeration,,0.0230485110078007,0.0,0.0,0.0,,0.0,0.002471904968842864,0.10651268099900335,0.10651268099900335,0.0,9de7b208fe4f209920c654230adcf9f2dee04eb0623b668c36b69819079a50c3,"{""N"": 105, ""source_family"": ""N105_P9G0_HISTORICAL_PACKET_RESTORATION_V1"", ""graph_hash"": ""1a5a3f398978af9ec44f29e6dedde0caacb3eaa35df2a7da5f0aada620afb2bf"", ""source_hash"": ""5776b29715e9a50cd9f500c1b53e676b5e8d4ed040d40ac02cad5f3eb90e7774"", ""edges"": 275, ""degree_min"": 5, ""degree_max"": 6, ""degree_mean"": 5.238095238095238, ""degree_std"": 0.4259177099999599, ""components"": 8, ""component_sizes"": [10, 10, 10, 15, 15, 15, 15, 15], ""max_component"": 15, ""local_assignments"": 166912, ""minfill_width"": 5, ""minfill_work"": 2328, ""minfill_order"": [0, 1, 2, 60, 61, 3, 4, 5, 62, 63, 6, 7, 8, 64, 65, 9, 10, 11, 66, 67, 12, 13, 14, 68, 69, 15, 16, 17, 70, 36, 37, 38, 71, 84, 85, 18, 19, 20, 72, 42, 43, 44, 73, 88, 89, 21, 22, 23, 74, 45, 46, 47, 75, 90, 91, 24, 25, 26, 76, 48, 49, 50, 77, 92, 93, 27, 28, 29, 78, 51, 52, 53, 79, 94, 95, 30, 31, 32, 80, 54, 55, 56, 81, 96, 97, 33, 34, 35, 82, 57, 58, 59, 83, 98, 99, 39, 40, 41, 86, 87, 100, 101, 102, 103, 104], ""energy_bound"": 275, ""root_bound"": 512, ""crt_primes"": 4, ""arithmetic_burden"": 4767744, ""coefficient_bound"": ""40564819207303340847894502572032"", ""coupling_multiplicities"": {""1"": 275}, ""symmetry"": ""not assumed"", ""degree_signature"": [5, 5, 5, 5, 5, 5, 5, 5, 5, 5, 5, 5, 5, 5, 5, 5, 5, 5, 5, 5, 5, 5, 5, 5, 5, 5, 5, 5, 5, 5, 5, 5, 5, 5, 5, 5, 5, 5, 5, 5, 5, 5, 5, 5, 5, 5, 5, 5, 5, 5, 5, 5, 5, 5, 5, 5, 5, 5, 5, 5, 5, 5, 5, 5, 5, 5, 5, 5, 5, 5, 5, 5, 5, 5, 5, 5, 5, 5, 5, 5, 6, 6, 6, 6, 6, 6, 6, 6, 6, 6, 6, 6, 6, 6, 6, 6, 6, 6, 6, 6, 6, 6, 6, 6, 6]}"
bfc4bd3883b43fe14ec2cfb4,N105,5776b29715e9a50cd9f500c1b53e676b5e8d4ed040d40ac02cad5f3eb90e7774,1a5a3f398978af9ec44f29e6dedde0caacb3eaa35df2a7da5f0aada620afb2bf,N105_P9G0_HISTORICAL_PACKET_RESTORATION_V1,46f1f2fd7b1710ed745060e45f24f9db60f681e8010208e52e657f6e531da178,"[0, 1, 60, 61]",9f381cca28e40506d8ac88dfbef352c29577c82dd8927bb442bafa0c14a1d713,,warm_components,LOCAL_FLINT_CPU,LOCAL_SINGLE_COORDINATOR_FLINT_CPU,WARM_NEW_SOURCE,FRESH_EXACT_SOLVE_WITH_INTERNAL_CHECKS_EXCLUDES_EXTERNAL_VERIFICATION,0,0,0,1,14,166912,16384,d5207e6b84fbabee961e83f3860a3bacaca585acd736c092903cacdfff692450,FLINT_EXACT_POLYNOMIAL,0,COMPLETE,OBSERVED_PATTERN,True,67603,4,4,CPU exact route includes its native polynomial readout/count checks; independently timed external verification excluded; no subprocess startup,deterministic retained-port-aware elimination or explicit component enumeration,,0.0230485110078007,0.0,0.0,0.0,,0.0,0.0030179449822753668,0.11094627995043993,0.11094627995043993,0.0,9de7b208fe4f209920c654230adcf9f2dee04eb0623b668c36b69819079a50c3,"{""N"": 105, ""source_family"": ""N105_P9G0_HISTORICAL_PACKET_RESTORATION_V1"", ""graph_hash"": ""1a5a3f398978af9ec44f29e6dedde0caacb3eaa35df2a7da5f0aada620afb2bf"", ""source_hash"": ""5776b29715e9a50cd9f500c1b53e676b5e8d4ed040d40ac02cad5f3eb90e7774"", ""edges"": 275, ""degree_min"": 5, ""degree_max"": 6, ""degree_mean"": 5.238095238095238, ""degree_std"": 0.4259177099999599, ""components"": 8, ""component_sizes"": [10, 10, 10, 15, 15, 15, 15, 15], ""max_component"": 15, ""local_assignments"": 166912, ""minfill_width"": 5, ""minfill_work"": 2328, ""minfill_order"": [0, 1, 2, 60, 61, 3, 4, 5, 62, 63, 6, 7, 8, 64, 65, 9, 10, 11, 66, 67, 12, 13, 14, 68, 69, 15, 16, 17, 70, 36, 37, 38, 71, 84, 85, 18, 19, 20, 72, 42, 43, 44, 73, 88, 89, 21, 22, 23, 74, 45, 46, 47, 75, 90, 91, 24, 25, 26, 76, 48, 49, 50, 77, 92, 93, 27, 28, 29, 78, 51, 52, 53, 79, 94, 95, 30, 31, 32, 80, 54, 55, 56, 81, 96, 97, 33, 34, 35, 82, 57, 58, 59, 83, 98, 99, 39, 40, 41, 86, 87, 100, 101, 102, 103, 104], ""energy_bound"": 275, ""root_bound"": 512, ""crt_primes"": 4, ""arithmetic_burden"": 4767744, ""coefficient_bound"": ""40564819207303340847894502572032"", ""coupling_multiplicities"": {""1"": 275}, ""symmetry"": ""not assumed"", ""degree_signature"": [5, 5, 5, 5, 5, 5, 5, 5, 5, 5, 5, 5, 5, 5, 5, 5, 5, 5, 5, 5, 5, 5, 5, 5, 5, 5, 5, 5, 5, 5, 5, 5, 5, 5, 5, 5, 5, 5, 5, 5, 5, 5, 5, 5, 5, 5, 5, 5, 5, 5, 5, 5, 5, 5, 5, 5, 5, 5, 5, 5, 5, 5, 5, 5, 5, 5, 5, 5, 5, 5, 5, 5, 5, 5, 5, 5, 5, 5, 5, 5, 6, 6, 6, 6, 6, 6, 6, 6, 6, 6, 6, 6, 6, 6, 6, 6, 6, 6, 6, 6, 6, 6, 6, 6, 6]}"
bfc4bd3883b43fe14ec2cfb4,N105,5776b29715e9a50cd9f500c1b53e676b5e8d4ed040d40ac02cad5f3eb90e7774,1a5a3f398978af9ec44f29e6dedde0caacb3eaa35df2a7da5f0aada620afb2bf,N105_P9G0_HISTORICAL_PACKET_RESTORATION_V1,46f1f2fd7b1710ed745060e45f24f9db60f681e8010208e52e657f6e531da178,"[0, 1, 60, 61]",9f381cca28e40506d8ac88dfbef352c29577c82dd8927bb442bafa0c14a1d713,,warm_components,LOCAL_FLINT_CPU,LOCAL_SINGLE_COORDINATOR_FLINT_CPU,CACHE_REUSE,FRESH_EXACT_SOLVE_WITH_INTERNAL_CHECKS_EXCLUDES_EXTERNAL_VERIFICATION,0,0,0,1,14,166912,16384,d5207e6b84fbabee961e83f3860a3bacaca585acd736c092903cacdfff692450,FLINT_EXACT_POLYNOMIAL,1,COMPLETE,OBSERVED_PATTERN,True,0,8,0,CPU exact route includes its native polynomial readout/count checks; independently timed external verification excluded; no subprocess startup,deterministic retained-port-aware elimination or explicit component enumeration,,0.0230485110078007,0.0,0.0,0.0,,0.0,0.005467350012622774,0.02587813895661384,0.02587813895661384,0.0,9de7b208fe4f209920c654230adcf9f2dee04eb0623b668c36b69819079a50c3,"{""N"": 105, ""source_family"": ""N105_P9G0_HISTORICAL_PACKET_RESTORATION_V1"", ""graph_hash"": ""1a5a3f398978af9ec44f29e6dedde0caacb3eaa35df2a7da5f0aada620afb2bf"", ""source_hash"": ""5776b29715e9a50cd9f500c1b53e676b5e8d4ed040d40ac02cad5f3eb90e7774"", ""edges"": 275, ""degree_min"": 5, ""degree_max"": 6, ""degree_mean"": 5.238095238095238, ""degree_std"": 0.4259177099999599, ""components"": 8, ""component_sizes"": [10, 10, 10, 15, 15, 15, 15, 15], ""max_component"": 15, ""local_assignments"": 166912, ""minfill_width"": 5, ""minfill_work"": 2328, ""minfill_order"": [0, 1, 2, 60, 61, 3, 4, 5, 62, 63, 6, 7, 8, 64, 65, 9, 10, 11, 66, 67, 12, 13, 14, 68, 69, 15, 16, 17, 70, 36, 37, 38, 71, 84, 85, 18, 19, 20, 72, 42, 43, 44, 73, 88, 89, 21, 22, 23, 74, 45, 46, 47, 75, 90, 91, 24, 25, 26, 76, 48, 49, 50, 77, 92, 93, 27, 28, 29, 78, 51, 52, 53, 79, 94, 95, 30, 31, 32, 80, 54, 55, 56, 81, 96, 97, 33, 34, 35, 82, 57, 58, 59, 83, 98, 99, 39, 40, 41, 86, 87, 100, 101, 102, 103, 104], ""energy_bound"": 275, ""root_bound"": 512, ""crt_primes"": 4, ""arithmetic_burden"": 4767744, ""coefficient_bound"": ""40564819207303340847894502572032"", ""coupling_multiplicities"": {""1"": 275}, ""symmetry"": ""not assumed"", ""degree_signature"": [5, 5, 5, 5, 5, 5, 5, 5, 5, 5, 5, 5, 5, 5, 5, 5, 5, 5, 5, 5, 5, 5, 5, 5, 5, 5, 5, 5, 5, 5, 5, 5, 5, 5, 5, 5, 5, 5, 5, 5, 5, 5, 5, 5, 5, 5, 5, 5, 5, 5, 5, 5, 5, 5, 5, 5, 5, 5, 5, 5, 5, 5, 5, 5, 5, 5, 5, 5, 5, 5, 5, 5, 5, 5, 5, 5, 5, 5, 5, 5, 6, 6, 6, 6, 6, 6, 6, 6, 6, 6, 6, 6, 6, 6, 6, 6, 6, 6, 6, 6, 6, 6, 6, 6, 6]}"
bfc4bd3883b43fe14ec2cfb4,N105,5776b29715e9a50cd9f500c1b53e676b5e8d4ed040d40ac02cad5f3eb90e7774,1a5a3f398978af9ec44f29e6dedde0caacb3eaa35df2a7da5f0aada620afb2bf,N105_P9G0_HISTORICAL_PACKET_RESTORATION_V1,46f1f2fd7b1710ed745060e45f24f9db60f681e8010208e52e657f6e531da178,"[0, 1, 60, 61]",b5075449eeaa00176fa42f3da9fdff93ddfd4bef5a814729e28ce1d431fd5fc2,,memo_components,LOCAL_FLINT_CPU,LOCAL_SINGLE_COORDINATOR_FLINT_CPU,WARM_SAME_SOURCE,FRESH_EXACT_SOLVE_WITH_INTERNAL_CHECKS_EXCLUDES_EXTERNAL_VERIFICATION,0,0,0,1,14,166912,16384,d5207e6b84fbabee961e83f3860a3bacaca585acd736c092903cacdfff692450,FLINT_EXACT_POLYNOMIAL,1,COMPLETE,OBSERVED_PATTERN,True,67603,4,4,CPU exact route includes its native polynomial readout/count checks; independently timed external verification excluded; no subprocess startup,deterministic retained-port-aware elimination or explicit component enumeration,,0.0230485110078007,0.0,0.0,0.0,,0.0,0.0024764250265434384,0.10873080999590456,0.10873080999590456,0.0,9de7b208fe4f209920c654230adcf9f2dee04eb0623b668c36b69819079a50c3,"{""N"": 105, ""source_family"": ""N105_P9G0_HISTORICAL_PACKET_RESTORATION_V1"", ""graph_hash"": ""1a5a3f398978af9ec44f29e6dedde0caacb3eaa35df2a7da5f0aada620afb2bf"", ""source_hash"": ""5776b29715e9a50cd9f500c1b53e676b5e8d4ed040d40ac02cad5f3eb90e7774"", ""edges"": 275, ""degree_min"": 5, ""degree_max"": 6, ""degree_mean"": 5.238095238095238, ""degree_std"": 0.4259177099999599, ""components"": 8, ""component_sizes"": [10, 10, 10, 15, 15, 15, 15, 15], ""max_component"": 15, ""local_assignments"": 166912, ""minfill_width"": 5, ""minfill_work"": 2328, ""minfill_order"": [0, 1, 2, 60, 61, 3, 4, 5, 62, 63, 6, 7, 8, 64, 65, 9, 10, 11, 66, 67, 12, 13, 14, 68, 69, 15, 16, 17, 70, 36, 37, 38, 71, 84, 85, 18, 19, 20, 72, 42, 43, 44, 73, 88, 89, 21, 22, 23, 74, 45, 46, 47, 75, 90, 91, 24, 25, 26, 76, 48, 49, 50, 77, 92, 93, 27, 28, 29, 78, 51, 52, 53, 79, 94, 95, 30, 31, 32, 80, 54, 55, 56, 81, 96, 97, 33, 34, 35, 82, 57, 58, 59, 83, 98, 99, 39, 40, 41, 86, 87, 100, 101, 102, 103, 104], ""energy_bound"": 275, ""root_bound"": 512, ""crt_primes"": 4, ""arithmetic_burden"": 4767744, ""coefficient_bound"": ""40564819207303340847894502572032"", ""coupling_multiplicities"": {""1"": 275}, ""symmetry"": ""not assumed"", ""degree_signature"": [5, 5, 5, 5, 5, 5, 5, 5, 5, 5, 5, 5, 5, 5, 5, 5, 5, 5, 5, 5, 5, 5, 5, 5, 5, 5, 5, 5, 5, 5, 5, 5, 5, 5, 5, 5, 5, 5, 5, 5, 5, 5, 5, 5, 5, 5, 5, 5, 5, 5, 5, 5, 5, 5, 5, 5, 5, 5, 5, 5, 5, 5, 5, 5, 5, 5, 5, 5, 5, 5, 5, 5, 5, 5, 5, 5, 5, 5, 5, 5, 6, 6, 6, 6, 6, 6, 6, 6, 6, 6, 6, 6, 6, 6, 6, 6, 6, 6, 6, 6, 6, 6, 6, 6, 6]}"
bfc4bd3883b43fe14ec2cfb4,N105,5776b29715e9a50cd9f500c1b53e676b5e8d4ed040d40ac02cad5f3eb90e7774,1a5a3f398978af9ec44f29e6dedde0caacb3eaa35df2a7da5f0aada620afb2bf,N105_P9G0_HISTORICAL_PACKET_RESTORATION_V1,46f1f2fd7b1710ed745060e45f24f9db60f681e8010208e52e657f6e531da178,"[0, 1, 60, 61]",36f415dc55f796534a8292eff61c9d1ffba193f9b9c59e84c444064502b52234,,variable_elimination,LOCAL_FLINT_CPU,LOCAL_SINGLE_COORDINATOR_FLINT_CPU,WARM_SAME_SOURCE,FRESH_EXACT_SOLVE_WITH_INTERNAL_CHECKS_EXCLUDES_EXTERNAL_VERIFICATION,0,0,0,1,5,2313,32,d5207e6b84fbabee961e83f3860a3bacaca585acd736c092903cacdfff692450,FLINT_EXACT_POLYNOMIAL,1,COMPLETE,OBSERVED_PATTERN,True,28546,0,0,CPU exact route includes its native polynomial readout/count checks; independently timed external verification excluded; no subprocess startup,deterministic retained-port-aware elimination or explicit component enumeration,,0.0230485110078007,0.0,0.0,0.0,,0.0,0.0022822479950264096,0.024796778918243945,0.024796778918243945,0.0,9de7b208fe4f209920c654230adcf9f2dee04eb0623b668c36b69819079a50c3,"{""N"": 105, ""source_family"": ""N105_P9G0_HISTORICAL_PACKET_RESTORATION_V1"", ""graph_hash"": ""1a5a3f398978af9ec44f29e6dedde0caacb3eaa35df2a7da5f0aada620afb2bf"", ""source_hash"": ""5776b29715e9a50cd9f500c1b53e676b5e8d4ed040d40ac02cad5f3eb90e7774"", ""edges"": 275, ""degree_min"": 5, ""degree_max"": 6, ""degree_mean"": 5.238095238095238, ""degree_std"": 0.4259177099999599, ""components"": 8, ""component_sizes"": [10, 10, 10, 15, 15, 15, 15, 15], ""max_component"": 15, ""local_assignments"": 166912, ""minfill_width"": 5, ""minfill_work"": 2328, ""minfill_order"": [0, 1, 2, 60, 61, 3, 4, 5, 62, 63, 6, 7, 8, 64, 65, 9, 10, 11, 66, 67, 12, 13, 14, 68, 69, 15, 16, 17, 70, 36, 37, 38, 71, 84, 85, 18, 19, 20, 72, 42, 43, 44, 73, 88, 89, 21, 22, 23, 74, 45, 46, 47, 75, 90, 91, 24, 25, 26, 76, 48, 49, 50, 77, 92, 93, 27, 28, 29, 78, 51, 52, 53, 79, 94, 95, 30, 31, 32, 80, 54, 55, 56, 81, 96, 97, 33, 34, 35, 82, 57, 58, 59, 83, 98, 99, 39, 40, 41, 86, 87, 100, 101, 102, 103, 104], ""energy_bound"": 275, ""root_bound"": 512, ""crt_primes"": 4, ""arithmetic_burden"": 4767744, ""coefficient_bound"": ""40564819207303340847894502572032"", ""coupling_multiplicities"": {""1"": 275}, ""symmetry"": ""not assumed"", ""degree_signature"": [5, 5, 5, 5, 5, 5, 5, 5, 5, 5, 5, 5, 5, 5, 5, 5, 5, 5, 5, 5, 5, 5, 5, 5, 5, 5, 5, 5, 5, 5, 5, 5, 5, 5, 5, 5, 5, 5, 5, 5, 5, 5, 5, 5, 5, 5, 5, 5, 5, 5, 5, 5, 5, 5, 5, 5, 5, 5, 5, 5, 5, 5, 5, 5, 5, 5, 5, 5, 5, 5, 5, 5, 5, 5, 5, 5, 5, 5, 5, 5, 6, 6, 6, 6, 6, 6, 6, 6, 6, 6, 6, 6, 6, 6, 6, 6, 6, 6, 6, 6, 6, 6, 6, 6, 6]}"
bfc4bd3883b43fe14ec2cfb4,N105,5776b29715e9a50cd9f500c1b53e676b5e8d4ed040d40ac02cad5f3eb90e7774,1a5a3f398978af9ec44f29e6dedde0caacb3eaa35df2a7da5f0aada620afb2bf,N105_P9G0_HISTORICAL_PACKET_RESTORATION_V1,46f1f2fd7b1710ed745060e45f24f9db60f681e8010208e52e657f6e531da178,"[0, 1, 60, 61]",a0463e01376b218bbaeba8761671595b4c8d31e88eee47ba51f35a7328d1bb51,,components,LOCAL_FLINT_CPU,LOCAL_SINGLE_COORDINATOR_FLINT_CPU,WARM_SAME_SOURCE,FRESH_EXACT_SOLVE_WITH_INTERNAL_CHECKS_EXCLUDES_EXTERNAL_VERIFICATION,0,0,0,1,14,166912,16384,d5207e6b84fbabee961e83f3860a3bacaca585acd736c092903cacdfff692450,FLINT_EXACT_POLYNOMIAL,1,COMPLETE,OBSERVED_PATTERN,True,167040,0,0,CPU exact route includes its native polynomial readout/count checks; independently timed external verification excluded; no subprocess startup,deterministic retained-port-aware elimination or explicit component enumeration,,0.0230485110078007,0.0,0.0,0.0,,0.0,0.002602452994324267,0.23669246095232666,0.23669246095232666,0.0,9de7b208fe4f209920c654230adcf9f2dee04eb0623b668c36b69819079a50c3,"{""N"": 105, ""source_family"": ""N105_P9G0_HISTORICAL_PACKET_RESTORATION_V1"", ""graph_hash"": ""1a5a3f398978af9ec44f29e6dedde0caacb3eaa35df2a7da5f0aada620afb2bf"", ""source_hash"": ""5776b29715e9a50cd9f500c1b53e676b5e8d4ed040d40ac02cad5f3eb90e7774"", ""edges"": 275, ""degree_min"": 5, ""degree_max"": 6, ""degree_mean"": 5.238095238095238, ""degree_std"": 0.4259177099999599, ""components"": 8, ""component_sizes"": [10, 10, 10, 15, 15, 15, 15, 15], ""max_component"": 15, ""local_assignments"": 166912, ""minfill_width"": 5, ""minfill_work"": 2328, ""minfill_order"": [0, 1, 2, 60, 61, 3, 4, 5, 62, 63, 6, 7, 8, 64, 65, 9, 10, 11, 66, 67, 12, 13, 14, 68, 69, 15, 16, 17, 70, 36, 37, 38, 71, 84, 85, 18, 19, 20, 72, 42, 43, 44, 73, 88, 89, 21, 22, 23, 74, 45, 46, 47, 75, 90, 91, 24, 25, 26, 76, 48, 49, 50, 77, 92, 93, 27, 28, 29, 78, 51, 52, 53, 79, 94, 95, 30, 31, 32, 80, 54, 55, 56, 81, 96, 97, 33, 34, 35, 82, 57, 58, 59, 83, 98, 99, 39, 40, 41, 86, 87, 100, 101, 102, 103, 104], ""energy_bound"": 275, ""root_bound"": 512, ""crt_primes"": 4, ""arithmetic_burden"": 4767744, ""coefficient_bound"": ""40564819207303340847894502572032"", ""coupling_multiplicities"": {""1"": 275}, ""symmetry"": ""not assumed"", ""degree_signature"": [5, 5, 5, 5, 5, 5, 5, 5, 5, 5, 5, 5, 5, 5, 5, 5, 5, 5, 5, 5, 5, 5, 5, 5, 5, 5, 5, 5, 5, 5, 5, 5, 5, 5, 5, 5, 5, 5, 5, 5, 5, 5, 5, 5, 5, 5, 5, 5, 5, 5, 5, 5, 5, 5, 5, 5, 5, 5, 5, 5, 5, 5, 5, 5, 5, 5, 5, 5, 5, 5, 5, 5, 5, 5, 5, 5, 5, 5, 5, 5, 6, 6, 6, 6, 6, 6, 6, 6, 6, 6, 6, 6, 6, 6, 6, 6, 6, 6, 6, 6, 6, 6, 6, 6, 6]}"
bfc4bd3883b43fe14ec2cfb4,N105,5776b29715e9a50cd9f500c1b53e676b5e8d4ed040d40ac02cad5f3eb90e7774,1a5a3f398978af9ec44f29e6dedde0caacb3eaa35df2a7da5f0aada620afb2bf,N105_P9G0_HISTORICAL_PACKET_RESTORATION_V1,46f1f2fd7b1710ed745060e45f24f9db60f681e8010208e52e657f6e531da178,"[0, 1, 60, 61]",a0463e01376b218bbaeba8761671595b4c8d31e88eee47ba51f35a7328d1bb51,,components,LOCAL_FLINT_CPU,LOCAL_SINGLE_COORDINATOR_FLINT_CPU,WARM_SAME_SOURCE,FRESH_EXACT_SOLVE_WITH_INTERNAL_CHECKS_EXCLUDES_EXTERNAL_VERIFICATION,0,0,0,1,14,166912,16384,d5207e6b84fbabee961e83f3860a3bacaca585acd736c092903cacdfff692450,FLINT_EXACT_POLYNOMIAL,2,COMPLETE,OBSERVED_PATTERN,True,167040,0,0,CPU exact route includes its native polynomial readout/count checks; independently timed external verification excluded; no subprocess startup,deterministic retained-port-aware elimination or explicit component enumeration,,0.0230485110078007,0.0,0.0,0.0,,0.0,0.0026286719366908073,0.22585434699431062,0.22585434699431062,0.0,9de7b208fe4f209920c654230adcf9f2dee04eb0623b668c36b69819079a50c3,"{""N"": 105, ""source_family"": ""N105_P9G0_HISTORICAL_PACKET_RESTORATION_V1"", ""graph_hash"": ""1a5a3f398978af9ec44f29e6dedde0caacb3eaa35df2a7da5f0aada620afb2bf"", ""source_hash"": ""5776b29715e9a50cd9f500c1b53e676b5e8d4ed040d40ac02cad5f3eb90e7774"", ""edges"": 275, ""degree_min"": 5, ""degree_max"": 6, ""degree_mean"": 5.238095238095238, ""degree_std"": 0.4259177099999599, ""components"": 8, ""component_sizes"": [10, 10, 10, 15, 15, 15, 15, 15], ""max_component"": 15, ""local_assignments"": 166912, ""minfill_width"": 5, ""minfill_work"": 2328, ""minfill_order"": [0, 1, 2, 60, 61, 3, 4, 5, 62, 63, 6, 7, 8, 64, 65, 9, 10, 11, 66, 67, 12, 13, 14, 68, 69, 15, 16, 17, 70, 36, 37, 38, 71, 84, 85, 18, 19, 20, 72, 42, 43, 44, 73, 88, 89, 21, 22, 23, 74, 45, 46, 47, 75, 90, 91, 24, 25, 26, 76, 48, 49, 50, 77, 92, 93, 27, 28, 29, 78, 51, 52, 53, 79, 94, 95, 30, 31, 32, 80, 54, 55, 56, 81, 96, 97, 33, 34, 35, 82, 57, 58, 59, 83, 98, 99, 39, 40, 41, 86, 87, 100, 101, 102, 103, 104], ""energy_bound"": 275, ""root_bound"": 512, ""crt_primes"": 4, ""arithmetic_burden"": 4767744, ""coefficient_bound"": ""40564819207303340847894502572032"", ""coupling_multiplicities"": {""1"": 275}, ""symmetry"": ""not assumed"", ""degree_signature"": [5, 5, 5, 5, 5, 5, 5, 5, 5, 5, 5, 5, 5, 5, 5, 5, 5, 5, 5, 5, 5, 5, 5, 5, 5, 5, 5, 5, 5, 5, 5, 5, 5, 5, 5, 5, 5, 5, 5, 5, 5, 5, 5, 5, 5, 5, 5, 5, 5, 5, 5, 5, 5, 5, 5, 5, 5, 5, 5, 5, 5, 5, 5, 5, 5, 5, 5, 5, 5, 5, 5, 5, 5, 5, 5, 5, 5, 5, 5, 5, 6, 6, 6, 6, 6, 6, 6, 6, 6, 6, 6, 6, 6, 6, 6, 6, 6, 6, 6, 6, 6, 6, 6, 6, 6]}"
bfc4bd3883b43fe14ec2cfb4,N105,5776b29715e9a50cd9f500c1b53e676b5e8d4ed040d40ac02cad5f3eb90e7774,1a5a3f398978af9ec44f29e6dedde0caacb3eaa35df2a7da5f0aada620afb2bf,N105_P9G0_HISTORICAL_PACKET_RESTORATION_V1,46f1f2fd7b1710ed745060e45f24f9db60f681e8010208e52e657f6e531da178,"[0, 1, 60, 61]",36f415dc55f796534a8292eff61c9d1ffba193f9b9c59e84c444064502b52234,,variable_elimination,LOCAL_FLINT_CPU,LOCAL_SINGLE_COORDINATOR_FLINT_CPU,WARM_SAME_SOURCE,FRESH_EXACT_SOLVE_WITH_INTERNAL_CHECKS_EXCLUDES_EXTERNAL_VERIFICATION,0,0,0,1,5,2313,32,d5207e6b84fbabee961e83f3860a3bacaca585acd736c092903cacdfff692450,FLINT_EXACT_POLYNOMIAL,2,COMPLETE,OBSERVED_PATTERN,True,28546,0,0,CPU exact route includes its native polynomial readout/count checks; independently timed external verification excluded; no subprocess startup,deterministic retained-port-aware elimination or explicit component enumeration,,0.0230485110078007,0.0,0.0,0.0,,0.0,0.0023156870156526566,0.024245589040219784,0.024245589040219784,0.0,9de7b208fe4f209920c654230adcf9f2dee04eb0623b668c36b69819079a50c3,"{""N"": 105, ""source_family"": ""N105_P9G0_HISTORICAL_PACKET_RESTORATION_V1"", ""graph_hash"": ""1a5a3f398978af9ec44f29e6dedde0caacb3eaa35df2a7da5f0aada620afb2bf"", ""source_hash"": ""5776b29715e9a50cd9f500c1b53e676b5e8d4ed040d40ac02cad5f3eb90e7774"", ""edges"": 275, ""degree_min"": 5, ""degree_max"": 6, ""degree_mean"": 5.238095238095238, ""degree_std"": 0.4259177099999599, ""components"": 8, ""component_sizes"": [10, 10, 10, 15, 15, 15, 15, 15], ""max_component"": 15, ""local_assignments"": 166912, ""minfill_width"": 5, ""minfill_work"": 2328, ""minfill_order"": [0, 1, 2, 60, 61, 3, 4, 5, 62, 63, 6, 7, 8, 64, 65, 9, 10, 11, 66, 67, 12, 13, 14, 68, 69, 15, 16, 17, 70, 36, 37, 38, 71, 84, 85, 18, 19, 20, 72, 42, 43, 44, 73, 88, 89, 21, 22, 23, 74, 45, 46, 47, 75, 90, 91, 24, 25, 26, 76, 48, 49, 50, 77, 92, 93, 27, 28, 29, 78, 51, 52, 53, 79, 94, 95, 30, 31, 32, 80, 54, 55, 56, 81, 96, 97, 33, 34, 35, 82, 57, 58, 59, 83, 98, 99, 39, 40, 41, 86, 87, 100, 101, 102, 103, 104], ""energy_bound"": 275, ""root_bound"": 512, ""crt_primes"": 4, ""arithmetic_burden"": 4767744, ""coefficient_bound"": ""40564819207303340847894502572032"", ""coupling_multiplicities"": {""1"": 275}, ""symmetry"": ""not assumed"", ""degree_signature"": [5, 5, 5, 5, 5, 5, 5, 5, 5, 5, 5, 5, 5, 5, 5, 5, 5, 5, 5, 5, 5, 5, 5, 5, 5, 5, 5, 5, 5, 5, 5, 5, 5, 5, 5, 5, 5, 5, 5, 5, 5, 5, 5, 5, 5, 5, 5, 5, 5, 5, 5, 5, 5, 5, 5, 5, 5, 5, 5, 5, 5, 5, 5, 5, 5, 5, 5, 5, 5, 5, 5, 5, 5, 5, 5, 5, 5, 5, 5, 5, 6, 6, 6, 6, 6, 6, 6, 6, 6, 6, 6, 6, 6, 6, 6, 6, 6, 6, 6, 6, 6, 6, 6, 6, 6]}"
bfc4bd3883b43fe14ec2cfb4,N105,5776b29715e9a50cd9f500c1b53e676b5e8d4ed040d40ac02cad5f3eb90e7774,1a5a3f398978af9ec44f29e6dedde0caacb3eaa35df2a7da5f0aada620afb2bf,N105_P9G0_HISTORICAL_PACKET_RESTORATION_V1,46f1f2fd7b1710ed745060e45f24f9db60f681e8010208e52e657f6e531da178,"[0, 1, 60, 61]",b5075449eeaa00176fa42f3da9fdff93ddfd4bef5a814729e28ce1d431fd5fc2,,memo_components,LOCAL_FLINT_CPU,LOCAL_SINGLE_COORDINATOR_FLINT_CPU,WARM_SAME_SOURCE,FRESH_EXACT_SOLVE_WITH_INTERNAL_CHECKS_EXCLUDES_EXTERNAL_VERIFICATION,0,0,0,1,14,166912,16384,d5207e6b84fbabee961e83f3860a3bacaca585acd736c092903cacdfff692450,FLINT_EXACT_POLYNOMIAL,2,COMPLETE,OBSERVED_PATTERN,True,67603,4,4,CPU exact route includes its native polynomial readout/count checks; independently timed external verification excluded; no subprocess startup,deterministic retained-port-aware elimination or explicit component enumeration,,0.0230485110078007,0.0,0.0,0.0,,0.0,0.0025046339724212885,0.10557593696285039,0.10557593696285039,0.0,9de7b208fe4f209920c654230adcf9f2dee04eb0623b668c36b69819079a50c3,"{""N"": 105, ""source_family"": ""N105_P9G0_HISTORICAL_PACKET_RESTORATION_V1"", ""graph_hash"": ""1a5a3f398978af9ec44f29e6dedde0caacb3eaa35df2a7da5f0aada620afb2bf"", ""source_hash"": ""5776b29715e9a50cd9f500c1b53e676b5e8d4ed040d40ac02cad5f3eb90e7774"", ""edges"": 275, ""degree_min"": 5, ""degree_max"": 6, ""degree_mean"": 5.238095238095238, ""degree_std"": 0.4259177099999599, ""components"": 8, ""component_sizes"": [10, 10, 10, 15, 15, 15, 15, 15], ""max_component"": 15, ""local_assignments"": 166912, ""minfill_width"": 5, ""minfill_work"": 2328, ""minfill_order"": [0, 1, 2, 60, 61, 3, 4, 5, 62, 63, 6, 7, 8, 64, 65, 9, 10, 11, 66, 67, 12, 13, 14, 68, 69, 15, 16, 17, 70, 36, 37, 38, 71, 84, 85, 18, 19, 20, 72, 42, 43, 44, 73, 88, 89, 21, 22, 23, 74, 45, 46, 47, 75, 90, 91, 24, 25, 26, 76, 48, 49, 50, 77, 92, 93, 27, 28, 29, 78, 51, 52, 53, 79, 94, 95, 30, 31, 32, 80, 54, 55, 56, 81, 96, 97, 33, 34, 35, 82, 57, 58, 59, 83, 98, 99, 39, 40, 41, 86, 87, 100, 101, 102, 103, 104], ""energy_bound"": 275, ""root_bound"": 512, ""crt_primes"": 4, ""arithmetic_burden"": 4767744, ""coefficient_bound"": ""40564819207303340847894502572032"", ""coupling_multiplicities"": {""1"": 275}, ""symmetry"": ""not assumed"", ""degree_signature"": [5, 5, 5, 5, 5, 5, 5, 5, 5, 5, 5, 5, 5, 5, 5, 5, 5, 5, 5, 5, 5, 5, 5, 5, 5, 5, 5, 5, 5, 5, 5, 5, 5, 5, 5, 5, 5, 5, 5, 5, 5, 5, 5, 5, 5, 5, 5, 5, 5, 5, 5, 5, 5, 5, 5, 5, 5, 5, 5, 5, 5, 5, 5, 5, 5, 5, 5, 5, 5, 5, 5, 5, 5, 5, 5, 5, 5, 5, 5, 5, 6, 6, 6, 6, 6, 6, 6, 6, 6, 6, 6, 6, 6, 6, 6, 6, 6, 6, 6, 6, 6, 6, 6, 6, 6]}"
bfc4bd3883b43fe14ec2cfb4,N105,5776b29715e9a50cd9f500c1b53e676b5e8d4ed040d40ac02cad5f3eb90e7774,1a5a3f398978af9ec44f29e6dedde0caacb3eaa35df2a7da5f0aada620afb2bf,N105_P9G0_HISTORICAL_PACKET_RESTORATION_V1,46f1f2fd7b1710ed745060e45f24f9db60f681e8010208e52e657f6e531da178,"[0, 1, 60, 61]",9f381cca28e40506d8ac88dfbef352c29577c82dd8927bb442bafa0c14a1d713,,warm_components,LOCAL_FLINT_CPU,LOCAL_SINGLE_COORDINATOR_FLINT_CPU,CACHE_REUSE,FRESH_EXACT_SOLVE_WITH_INTERNAL_CHECKS_EXCLUDES_EXTERNAL_VERIFICATION,0,0,0,1,14,166912,16384,d5207e6b84fbabee961e83f3860a3bacaca585acd736c092903cacdfff692450,FLINT_EXACT_POLYNOMIAL,2,COMPLETE,OBSERVED_PATTERN,True,0,8,0,CPU exact route includes its native polynomial readout/count checks; independently timed external verification excluded; no subprocess startup,deterministic retained-port-aware elimination or explicit component enumeration,,0.0230485110078007,0.0,0.0,0.0,,0.0,0.0022106600226834416,0.014049643999896944,0.014049643999896944,0.0,9de7b208fe4f209920c654230adcf9f2dee04eb0623b668c36b69819079a50c3,"{""N"": 105, ""source_family"": ""N105_P9G0_HISTORICAL_PACKET_RESTORATION_V1"", ""graph_hash"": ""1a5a3f398978af9ec44f29e6dedde0caacb3eaa35df2a7da5f0aada620afb2bf"", ""source_hash"": ""5776b29715e9a50cd9f500c1b53e676b5e8d4ed040d40ac02cad5f3eb90e7774"", ""edges"": 275, ""degree_min"": 5, ""degree_max"": 6, ""degree_mean"": 5.238095238095238, ""degree_std"": 0.4259177099999599, ""components"": 8, ""component_sizes"": [10, 10, 10, 15, 15, 15, 15, 15], ""max_component"": 15, ""local_assignments"": 166912, ""minfill_width"": 5, ""minfill_work"": 2328, ""minfill_order"": [0, 1, 2, 60, 61, 3, 4, 5, 62, 63, 6, 7, 8, 64, 65, 9, 10, 11, 66, 67, 12, 13, 14, 68, 69, 15, 16, 17, 70, 36, 37, 38, 71, 84, 85, 18, 19, 20, 72, 42, 43, 44, 73, 88, 89, 21, 22, 23, 74, 45, 46, 47, 75, 90, 91, 24, 25, 26, 76, 48, 49, 50, 77, 92, 93, 27, 28, 29, 78, 51, 52, 53, 79, 94, 95, 30, 31, 32, 80, 54, 55, 56, 81, 96, 97, 33, 34, 35, 82, 57, 58, 59, 83, 98, 99, 39, 40, 41, 86, 87, 100, 101, 102, 103, 104], ""energy_bound"": 275, ""root_bound"": 512, ""crt_primes"": 4, ""arithmetic_burden"": 4767744, ""coefficient_bound"": ""40564819207303340847894502572032"", ""coupling_multiplicities"": {""1"": 275}, ""symmetry"": ""not assumed"", ""degree_signature"": [5, 5, 5, 5, 5, 5, 5, 5, 5, 5, 5, 5, 5, 5, 5, 5, 5, 5, 5, 5, 5, 5, 5, 5, 5, 5, 5, 5, 5, 5, 5, 5, 5, 5, 5, 5, 5, 5, 5, 5, 5, 5, 5, 5, 5, 5, 5, 5, 5, 5, 5, 5, 5, 5, 5, 5, 5, 5, 5, 5, 5, 5, 5, 5, 5, 5, 5, 5, 5, 5, 5, 5, 5, 5, 5, 5, 5, 5, 5, 5, 6, 6, 6, 6, 6, 6, 6, 6, 6, 6, 6, 6, 6, 6, 6, 6, 6, 6, 6, 6, 6, 6, 6, 6, 6]}"
867a00853fbbd5c073f1f543,N024,23e5189c367e97c6f5689f15ec54e6d0aa61cd43346758be28ea6c77327c3ed6,0d755115e88cb2d11c89c56622c66ea8d189ef5ff7dc6e5913bdc590a1e3e374,N96_INDUCED_TRANSITION_LADDER_V1,f2f991d74dfbb2edf7f4475dcb7d82989de00a71e44bb11d4a6fbb49442577b6,"[0, 1, 2, 3]",684af504adde9c88bc3d4dce8cbc686ea9635ad884a3121f784288a02874bdf4,,components,LOCAL_FLINT_CPU,LOCAL_SINGLE_COORDINATOR_FLINT_CPU,WARM_NEW_SOURCE,FRESH_EXACT_SOLVE_WITH_INTERNAL_CHECKS_EXCLUDES_EXTERNAL_VERIFICATION,0,0,0,1,9,1074,512,d5207e6b84fbabee961e83f3860a3bacaca585acd736c092903cacdfff692450,FLINT_EXACT_POLYNOMIAL,0,COMPLETE,OBSERVED_PATTERN,True,1206,0,0,CPU exact route includes its native polynomial readout/count checks; independently timed external verification excluded; no subprocess startup,deterministic retained-port-aware elimination or explicit component enumeration,,0.00035792402923107147,0.0,0.0,0.0,,0.0,0.000839115004055202,0.007569982088170946,0.007569982088170946,0.0,6c96f0014c2bf0d068c261380674b57e59d5dd997a7783362288658ca2eb569e,"{""N"": 24, ""source_family"": ""N96_INDUCED_TRANSITION_LADDER_V1"", ""graph_hash"": ""0d755115e88cb2d11c89c56622c66ea8d189ef5ff7dc6e5913bdc590a1e3e374"", ""source_hash"": ""23e5189c367e97c6f5689f15ec54e6d0aa61cd43346758be28ea6c77327c3ed6"", ""edges"": 19, ""degree_min"": 0, ""degree_max"": 4, ""degree_mean"": 1.5833333333333333, ""degree_std"": 1.2555432644432802, ""components"": 9, ""component_sizes"": [1, 1, 1, 1, 1, 2, 2, 5, 10], ""max_component"": 10, ""local_assignments"": 1074, ""minfill_width"": 3, ""minfill_work"": 59, ""minfill_order"": [12, 16, 18, 22, 23, 0, 1, 11, 10, 13, 3, 14, 17, 15, 2, 20, 21, 19, 4, 6, 5, 7, 8, 9], ""energy_bound"": 61, ""root_bound"": 64, ""crt_primes"": 1, ""arithmetic_burden"": 3776, ""coefficient_bound"": ""16777216"", ""coupling_multiplicities"": {""3"": 4, ""1"": 3, ""-1"": 5, ""-2"": 5, ""-3"": 2}, ""symmetry"": ""not assumed"", ""degree_signature"": [0, 0, 0, 0, 0, 1, 1, 1, 1, 1, 1, 1, 1, 1, 2, 2, 2, 3, 3, 3, 3, 3, 4, 4]}"
867a00853fbbd5c073f1f543,N024,23e5189c367e97c6f5689f15ec54e6d0aa61cd43346758be28ea6c77327c3ed6,0d755115e88cb2d11c89c56622c66ea8d189ef5ff7dc6e5913bdc590a1e3e374,N96_INDUCED_TRANSITION_LADDER_V1,f2f991d74dfbb2edf7f4475dcb7d82989de00a71e44bb11d4a6fbb49442577b6,"[0, 1, 2, 3]",4f34ece02e06556e7d52881169331aee096a332c0e0e9bd7b405f295c881ddf8,,variable_elimination,LOCAL_FLINT_CPU,LOCAL_SINGLE_COORDINATOR_FLINT_CPU,WARM_NEW_SOURCE,FRESH_EXACT_SOLVE_WITH_INTERNAL_CHECKS_EXCLUDES_EXTERNAL_VERIFICATION,0,0,0,1,3,53,8,d5207e6b84fbabee961e83f3860a3bacaca585acd736c092903cacdfff692450,FLINT_EXACT_POLYNOMIAL,0,COMPLETE,OBSERVED_PATTERN,True,686,0,0,CPU exact route includes its native polynomial readout/count checks; independently timed external verification excluded; no subprocess startup,deterministic retained-port-aware elimination or explicit component enumeration,,0.00035792402923107147,0.0,0.0,0.0,,0.0,0.0008433449547737837,0.0032432409934699535,0.0032432409934699535,0.0,6c96f0014c2bf0d068c261380674b57e59d5dd997a7783362288658ca2eb569e,"{""N"": 24, ""source_family"": ""N96_INDUCED_TRANSITION_LADDER_V1"", ""graph_hash"": ""0d755115e88cb2d11c89c56622c66ea8d189ef5ff7dc6e5913bdc590a1e3e374"", ""source_hash"": ""23e5189c367e97c6f5689f15ec54e6d0aa61cd43346758be28ea6c77327c3ed6"", ""edges"": 19, ""degree_min"": 0, ""degree_max"": 4, ""degree_mean"": 1.5833333333333333, ""degree_std"": 1.2555432644432802, ""components"": 9, ""component_sizes"": [1, 1, 1, 1, 1, 2, 2, 5, 10], ""max_component"": 10, ""local_assignments"": 1074, ""minfill_width"": 3, ""minfill_work"": 59, ""minfill_order"": [12, 16, 18, 22, 23, 0, 1, 11, 10, 13, 3, 14, 17, 15, 2, 20, 21, 19, 4, 6, 5, 7, 8, 9], ""energy_bound"": 61, ""root_bound"": 64, ""crt_primes"": 1, ""arithmetic_burden"": 3776, ""coefficient_bound"": ""16777216"", ""coupling_multiplicities"": {""3"": 4, ""1"": 3, ""-1"": 5, ""-2"": 5, ""-3"": 2}, ""symmetry"": ""not assumed"", ""degree_signature"": [0, 0, 0, 0, 0, 1, 1, 1, 1, 1, 1, 1, 1, 1, 2, 2, 2, 3, 3, 3, 3, 3, 4, 4]}"
867a00853fbbd5c073f1f543,N024,23e5189c367e97c6f5689f15ec54e6d0aa61cd43346758be28ea6c77327c3ed6,0d755115e88cb2d11c89c56622c66ea8d189ef5ff7dc6e5913bdc590a1e3e374,N96_INDUCED_TRANSITION_LADDER_V1,f2f991d74dfbb2edf7f4475dcb7d82989de00a71e44bb11d4a6fbb49442577b6,"[0, 1, 2, 3]",4f34ece02e06556e7d52881169331aee096a332c0e0e9bd7b405f295c881ddf8,,variable_elimination,LOCAL_FLINT_CPU,LOCAL_SINGLE_COORDINATOR_FLINT_CPU,WARM_SAME_SOURCE,FRESH_EXACT_SOLVE_WITH_INTERNAL_CHECKS_EXCLUDES_EXTERNAL_VERIFICATION,0,0,0,1,3,53,8,d5207e6b84fbabee961e83f3860a3bacaca585acd736c092903cacdfff692450,FLINT_EXACT_POLYNOMIAL,1,COMPLETE,OBSERVED_PATTERN,True,686,0,0,CPU exact route includes its native polynomial readout/count checks; independently timed external verification excluded; no subprocess startup,deterministic retained-port-aware elimination or explicit component enumeration,,0.00035792402923107147,0.0,0.0,0.0,,0.0,0.0008263950003311038,0.002951105940155685,0.002951105940155685,0.0,6c96f0014c2bf0d068c261380674b57e59d5dd997a7783362288658ca2eb569e,"{""N"": 24, ""source_family"": ""N96_INDUCED_TRANSITION_LADDER_V1"", ""graph_hash"": ""0d755115e88cb2d11c89c56622c66ea8d189ef5ff7dc6e5913bdc590a1e3e374"", ""source_hash"": ""23e5189c367e97c6f5689f15ec54e6d0aa61cd43346758be28ea6c77327c3ed6"", ""edges"": 19, ""degree_min"": 0, ""degree_max"": 4, ""degree_mean"": 1.5833333333333333, ""degree_std"": 1.2555432644432802, ""components"": 9, ""component_sizes"": [1, 1, 1, 1, 1, 2, 2, 5, 10], ""max_component"": 10, ""local_assignments"": 1074, ""minfill_width"": 3, ""minfill_work"": 59, ""minfill_order"": [12, 16, 18, 22, 23, 0, 1, 11, 10, 13, 3, 14, 17, 15, 2, 20, 21, 19, 4, 6, 5, 7, 8, 9], ""energy_bound"": 61, ""root_bound"": 64, ""crt_primes"": 1, ""arithmetic_burden"": 3776, ""coefficient_bound"": ""16777216"", ""coupling_multiplicities"": {""3"": 4, ""1"": 3, ""-1"": 5, ""-2"": 5, ""-3"": 2}, ""symmetry"": ""not assumed"", ""degree_signature"": [0, 0, 0, 0, 0, 1, 1, 1, 1, 1, 1, 1, 1, 1, 2, 2, 2, 3, 3, 3, 3, 3, 4, 4]}"
867a00853fbbd5c073f1f543,N024,23e5189c367e97c6f5689f15ec54e6d0aa61cd43346758be28ea6c77327c3ed6,0d755115e88cb2d11c89c56622c66ea8d189ef5ff7dc6e5913bdc590a1e3e374,N96_INDUCED_TRANSITION_LADDER_V1,f2f991d74dfbb2edf7f4475dcb7d82989de00a71e44bb11d4a6fbb49442577b6,"[0, 1, 2, 3]",684af504adde9c88bc3d4dce8cbc686ea9635ad884a3121f784288a02874bdf4,,components,LOCAL_FLINT_CPU,LOCAL_SINGLE_COORDINATOR_FLINT_CPU,WARM_SAME_SOURCE,FRESH_EXACT_SOLVE_WITH_INTERNAL_CHECKS_EXCLUDES_EXTERNAL_VERIFICATION,0,0,0,1,9,1074,512,d5207e6b84fbabee961e83f3860a3bacaca585acd736c092903cacdfff692450,FLINT_EXACT_POLYNOMIAL,1,COMPLETE,OBSERVED_PATTERN,True,1206,0,0,CPU exact route includes its native polynomial readout/count checks; independently timed external verification excluded; no subprocess startup,deterministic retained-port-aware elimination or explicit component enumeration,,0.00035792402923107147,0.0,0.0,0.0,,0.0,0.0008249449310824275,0.0038944799453020096,0.0038944799453020096,0.0,6c96f0014c2bf0d068c261380674b57e59d5dd997a7783362288658ca2eb569e,"{""N"": 24, ""source_family"": ""N96_INDUCED_TRANSITION_LADDER_V1"", ""graph_hash"": ""0d755115e88cb2d11c89c56622c66ea8d189ef5ff7dc6e5913bdc590a1e3e374"", ""source_hash"": ""23e5189c367e97c6f5689f15ec54e6d0aa61cd43346758be28ea6c77327c3ed6"", ""edges"": 19, ""degree_min"": 0, ""degree_max"": 4, ""degree_mean"": 1.5833333333333333, ""degree_std"": 1.2555432644432802, ""components"": 9, ""component_sizes"": [1, 1, 1, 1, 1, 2, 2, 5, 10], ""max_component"": 10, ""local_assignments"": 1074, ""minfill_width"": 3, ""minfill_work"": 59, ""minfill_order"": [12, 16, 18, 22, 23, 0, 1, 11, 10, 13, 3, 14, 17, 15, 2, 20, 21, 19, 4, 6, 5, 7, 8, 9], ""energy_bound"": 61, ""root_bound"": 64, ""crt_primes"": 1, ""arithmetic_burden"": 3776, ""coefficient_bound"": ""16777216"", ""coupling_multiplicities"": {""3"": 4, ""1"": 3, ""-1"": 5, ""-2"": 5, ""-3"": 2}, ""symmetry"": ""not assumed"", ""degree_signature"": [0, 0, 0, 0, 0, 1, 1, 1, 1, 1, 1, 1, 1, 1, 2, 2, 2, 3, 3, 3, 3, 3, 4, 4]}"
867a00853fbbd5c073f1f543,N024,23e5189c367e97c6f5689f15ec54e6d0aa61cd43346758be28ea6c77327c3ed6,0d755115e88cb2d11c89c56622c66ea8d189ef5ff7dc6e5913bdc590a1e3e374,N96_INDUCED_TRANSITION_LADDER_V1,f2f991d74dfbb2edf7f4475dcb7d82989de00a71e44bb11d4a6fbb49442577b6,"[0, 1, 2, 3]",684af504adde9c88bc3d4dce8cbc686ea9635ad884a3121f784288a02874bdf4,,components,LOCAL_FLINT_CPU,LOCAL_SINGLE_COORDINATOR_FLINT_CPU,WARM_SAME_SOURCE,FRESH_EXACT_SOLVE_WITH_INTERNAL_CHECKS_EXCLUDES_EXTERNAL_VERIFICATION,0,0,0,1,9,1074,512,d5207e6b84fbabee961e83f3860a3bacaca585acd736c092903cacdfff692450,FLINT_EXACT_POLYNOMIAL,2,COMPLETE,OBSERVED_PATTERN,True,1206,0,0,CPU exact route includes its native polynomial readout/count checks; independently timed external verification excluded; no subprocess startup,deterministic retained-port-aware elimination or explicit component enumeration,,0.00035792402923107147,0.0,0.0,0.0,,0.0,0.0008180959848687053,0.0038651289651170373,0.0038651289651170373,0.0,6c96f0014c2bf0d068c261380674b57e59d5dd997a7783362288658ca2eb569e,"{""N"": 24, ""source_family"": ""N96_INDUCED_TRANSITION_LADDER_V1"", ""graph_hash"": ""0d755115e88cb2d11c89c56622c66ea8d189ef5ff7dc6e5913bdc590a1e3e374"", ""source_hash"": ""23e5189c367e97c6f5689f15ec54e6d0aa61cd43346758be28ea6c77327c3ed6"", ""edges"": 19, ""degree_min"": 0, ""degree_max"": 4, ""degree_mean"": 1.5833333333333333, ""degree_std"": 1.2555432644432802, ""components"": 9, ""component_sizes"": [1, 1, 1, 1, 1, 2, 2, 5, 10], ""max_component"": 10, ""local_assignments"": 1074, ""minfill_width"": 3, ""minfill_work"": 59, ""minfill_order"": [12, 16, 18, 22, 23, 0, 1, 11, 10, 13, 3, 14, 17, 15, 2, 20, 21, 19, 4, 6, 5, 7, 8, 9], ""energy_bound"": 61, ""root_bound"": 64, ""crt_primes"": 1, ""arithmetic_burden"": 3776, ""coefficient_bound"": ""16777216"", ""coupling_multiplicities"": {""3"": 4, ""1"": 3, ""-1"": 5, ""-2"": 5, ""-3"": 2}, ""symmetry"": ""not assumed"", ""degree_signature"": [0, 0, 0, 0, 0, 1, 1, 1, 1, 1, 1, 1, 1, 1, 2, 2, 2, 3, 3, 3, 3, 3, 4, 4]}"
867a00853fbbd5c073f1f543,N024,23e5189c367e97c6f5689f15ec54e6d0aa61cd43346758be28ea6c77327c3ed6,0d755115e88cb2d11c89c56622c66ea8d189ef5ff7dc6e5913bdc590a1e3e374,N96_INDUCED_TRANSITION_LADDER_V1,f2f991d74dfbb2edf7f4475dcb7d82989de00a71e44bb11d4a6fbb49442577b6,"[0, 1, 2, 3]",4f34ece02e06556e7d52881169331aee096a332c0e0e9bd7b405f295c881ddf8,,variable_elimination,LOCAL_FLINT_CPU,LOCAL_SINGLE_COORDINATOR_FLINT_CPU,WARM_SAME_SOURCE,FRESH_EXACT_SOLVE_WITH_INTERNAL_CHECKS_EXCLUDES_EXTERNAL_VERIFICATION,0,0,0,1,3,53,8,d5207e6b84fbabee961e83f3860a3bacaca585acd736c092903cacdfff692450,FLINT_EXACT_POLYNOMIAL,2,COMPLETE,OBSERVED_PATTERN,True,686,0,0,CPU exact route includes its native polynomial readout/count checks; independently timed external verification excluded; no subprocess startup,deterministic retained-port-aware elimination or explicit component enumeration,,0.00035792402923107147,0.0,0.0,0.0,,0.0,0.0008216450223699212,0.0029714059783145785,0.0029714059783145785,0.0,6c96f0014c2bf0d068c261380674b57e59d5dd997a7783362288658ca2eb569e,"{""N"": 24, ""source_family"": ""N96_INDUCED_TRANSITION_LADDER_V1"", ""graph_hash"": ""0d755115e88cb2d11c89c56622c66ea8d189ef5ff7dc6e5913bdc590a1e3e374"", ""source_hash"": ""23e5189c367e97c6f5689f15ec54e6d0aa61cd43346758be28ea6c77327c3ed6"", ""edges"": 19, ""degree_min"": 0, ""degree_max"": 4, ""degree_mean"": 1.5833333333333333, ""degree_std"": 1.2555432644432802, ""components"": 9, ""component_sizes"": [1, 1, 1, 1, 1, 2, 2, 5, 10], ""max_component"": 10, ""local_assignments"": 1074, ""minfill_width"": 3, ""minfill_work"": 59, ""minfill_order"": [12, 16, 18, 22, 23, 0, 1, 11, 10, 13, 3, 14, 17, 15, 2, 20, 21, 19, 4, 6, 5, 7, 8, 9], ""energy_bound"": 61, ""root_bound"": 64, ""crt_primes"": 1, ""arithmetic_burden"": 3776, ""coefficient_bound"": ""16777216"", ""coupling_multiplicities"": {""3"": 4, ""1"": 3, ""-1"": 5, ""-2"": 5, ""-3"": 2}, ""symmetry"": ""not assumed"", ""degree_signature"": [0, 0, 0, 0, 0, 1, 1, 1, 1, 1, 1, 1, 1, 1, 2, 2, 2, 3, 3, 3, 3, 3, 4, 4]}"
9076114b03da7982253e2dff,N057,986767a29753ce0f33650ae3a63a52aa0afb2514d700ecba9597db36a7000f12,1e2e4c31536f2c9048fb3a7bab94b6b3dad2347ad6dc6373308dac98d2eccdf7,N96_INDUCED_TRANSITION_LADDER_V1,f2f991d74dfbb2edf7f4475dcb7d82989de00a71e44bb11d4a6fbb49442577b6,"[0, 1, 2, 3]",510ac16f111df958bb1943293b75d9bb5d4aaa1f6f93859d7294d34c4ce40cb8,,variable_elimination,LOCAL_FLINT_CPU,LOCAL_SINGLE_COORDINATOR_FLINT_CPU,WARM_NEW_SOURCE,FRESH_EXACT_SOLVE_WITH_INTERNAL_CHECKS_EXCLUDES_EXTERNAL_VERIFICATION,0,0,0,1,8,1751,256,d5207e6b84fbabee961e83f3860a3bacaca585acd736c092903cacdfff692450,FLINT_EXACT_POLYNOMIAL,0,COMPLETE,OBSERVED_PATTERN,True,15884,0,0,CPU exact route includes its native polynomial readout/count checks; independently timed external verification excluded; no subprocess startup,deterministic retained-port-aware elimination or explicit component enumeration,,0.005499000078998506,0.0,0.0,0.0,,0.0,0.002659610938280821,0.025330060976557434,0.025330060976557434,0.0,6e1b76cfde644e25cdbe1b04186942cfd687d9331d554ffb1e531efd544c77f8,"{""N"": 57, ""source_family"": ""N96_INDUCED_TRANSITION_LADDER_V1"", ""graph_hash"": ""1e2e4c31536f2c9048fb3a7bab94b6b3dad2347ad6dc6373308dac98d2eccdf7"", ""source_hash"": ""986767a29753ce0f33650ae3a63a52aa0afb2514d700ecba9597db36a7000f12"", ""edges"": 81, ""degree_min"": 0, ""degree_max"": 5, ""degree_mean"": 2.8421052631578947, ""degree_std"": 0.9695264476946035, ""components"": 2, ""component_sizes"": [1, 56], ""max_component"": 56, ""local_assignments"": 72057594037927938, ""minfill_width"": 8, ""minfill_work"": 1698, ""minfill_order"": [25, 31, 32, 21, 1, 11, 12, 17, 23, 28, 29, 34, 37, 39, 42, 43, 44, 48, 50, 52, 55, 13, 15, 20, 16, 36, 0, 6, 18, 27, 41, 46, 4, 8, 45, 54, 3, 19, 22, 51, 7, 35, 5, 33, 9, 40, 47, 14, 2, 10, 24, 26, 30, 38, 49, 53, 56], ""energy_bound"": 226, ""root_bound"": 256, ""crt_primes"": 2, ""arithmetic_burden"": 869376, ""coefficient_bound"": ""144115188075855872"", ""coupling_multiplicities"": {""3"": 21, ""-1"": 16, ""-2"": 13, ""1"": 16, ""-3"": 5, ""2"": 10}, ""symmetry"": ""not assumed"", ""degree_signature"": [0, 1, 1, 2, 2, 2, 2, 2, 2, 2, 2, 2, 2, 2, 2, 2, 2, 2, 2, 2, 2, 3, 3, 3, 3, 3, 3, 3, 3, 3, 3, 3, 3, 3, 3, 3, 3, 3, 3, 3, 3, 3, 3, 4, 4, 4, 4, 4, 4, 4, 4, 4, 4, 4, 4, 5, 5]}"
9076114b03da7982253e2dff,N057,986767a29753ce0f33650ae3a63a52aa0afb2514d700ecba9597db36a7000f12,1e2e4c31536f2c9048fb3a7bab94b6b3dad2347ad6dc6373308dac98d2eccdf7,N96_INDUCED_TRANSITION_LADDER_V1,f2f991d74dfbb2edf7f4475dcb7d82989de00a71e44bb11d4a6fbb49442577b6,"[0, 1, 2, 3]",510ac16f111df958bb1943293b75d9bb5d4aaa1f6f93859d7294d34c4ce40cb8,,variable_elimination,LOCAL_FLINT_CPU,LOCAL_SINGLE_COORDINATOR_FLINT_CPU,WARM_SAME_SOURCE,FRESH_EXACT_SOLVE_WITH_INTERNAL_CHECKS_EXCLUDES_EXTERNAL_VERIFICATION,0,0,0,1,8,1751,256,d5207e6b84fbabee961e83f3860a3bacaca585acd736c092903cacdfff692450,FLINT_EXACT_POLYNOMIAL,1,COMPLETE,OBSERVED_PATTERN,True,15884,0,0,CPU exact route includes its native polynomial readout/count checks; independently timed external verification excluded; no subprocess startup,deterministic retained-port-aware elimination or explicit component enumeration,,0.005499000078998506,0.0,0.0,0.0,,0.0,0.001822196994908154,0.022237256984226406,0.022237256984226406,0.0,6e1b76cfde644e25cdbe1b04186942cfd687d9331d554ffb1e531efd544c77f8,"{""N"": 57, ""source_family"": ""N96_INDUCED_TRANSITION_LADDER_V1"", ""graph_hash"": ""1e2e4c31536f2c9048fb3a7bab94b6b3dad2347ad6dc6373308dac98d2eccdf7"", ""source_hash"": ""986767a29753ce0f33650ae3a63a52aa0afb2514d700ecba9597db36a7000f12"", ""edges"": 81, ""degree_min"": 0, ""degree_max"": 5, ""degree_mean"": 2.8421052631578947, ""degree_std"": 0.9695264476946035, ""components"": 2, ""component_sizes"": [1, 56], ""max_component"": 56, ""local_assignments"": 72057594037927938, ""minfill_width"": 8, ""minfill_work"": 1698, ""minfill_order"": [25, 31, 32, 21, 1, 11, 12, 17, 23, 28, 29, 34, 37, 39, 42, 43, 44, 48, 50, 52, 55, 13, 15, 20, 16, 36, 0, 6, 18, 27, 41, 46, 4, 8, 45, 54, 3, 19, 22, 51, 7, 35, 5, 33, 9, 40, 47, 14, 2, 10, 24, 26, 30, 38, 49, 53, 56], ""energy_bound"": 226, ""root_bound"": 256, ""crt_primes"": 2, ""arithmetic_burden"": 869376, ""coefficient_bound"": ""144115188075855872"", ""coupling_multiplicities"": {""3"": 21, ""-1"": 16, ""-2"": 13, ""1"": 16, ""-3"": 5, ""2"": 10}, ""symmetry"": ""not assumed"", ""degree_signature"": [0, 1, 1, 2, 2, 2, 2, 2, 2, 2, 2, 2, 2, 2, 2, 2, 2, 2, 2, 2, 2, 3, 3, 3, 3, 3, 3, 3, 3, 3, 3, 3, 3, 3, 3, 3, 3, 3, 3, 3, 3, 3, 3, 4, 4, 4, 4, 4, 4, 4, 4, 4, 4, 4, 4, 5, 5]}"
9076114b03da7982253e2dff,N057,986767a29753ce0f33650ae3a63a52aa0afb2514d700ecba9597db36a7000f12,1e2e4c31536f2c9048fb3a7bab94b6b3dad2347ad6dc6373308dac98d2eccdf7,N96_INDUCED_TRANSITION_LADDER_V1,f2f991d74dfbb2edf7f4475dcb7d82989de00a71e44bb11d4a6fbb49442577b6,"[0, 1, 2, 3]",510ac16f111df958bb1943293b75d9bb5d4aaa1f6f93859d7294d34c4ce40cb8,,variable_elimination,LOCAL_FLINT_CPU,LOCAL_SINGLE_COORDINATOR_FLINT_CPU,WARM_SAME_SOURCE,FRESH_EXACT_SOLVE_WITH_INTERNAL_CHECKS_EXCLUDES_EXTERNAL_VERIFICATION,0,0,0,1,8,1751,256,d5207e6b84fbabee961e83f3860a3bacaca585acd736c092903cacdfff692450,FLINT_EXACT_POLYNOMIAL,2,COMPLETE,OBSERVED_PATTERN,True,15884,0,0,CPU exact route includes its native polynomial readout/count checks; independently timed external verification excluded; no subprocess startup,deterministic retained-port-aware elimination or explicit component enumeration,,0.005499000078998506,0.0,0.0,0.0,,0.0,0.0018194470321759582,0.021571018965914845,0.021571018965914845,0.0,6e1b76cfde644e25cdbe1b04186942cfd687d9331d554ffb1e531efd544c77f8,"{""N"": 57, ""source_family"": ""N96_INDUCED_TRANSITION_LADDER_V1"", ""graph_hash"": ""1e2e4c31536f2c9048fb3a7bab94b6b3dad2347ad6dc6373308dac98d2eccdf7"", ""source_hash"": ""986767a29753ce0f33650ae3a63a52aa0afb2514d700ecba9597db36a7000f12"", ""edges"": 81, ""degree_min"": 0, ""degree_max"": 5, ""degree_mean"": 2.8421052631578947, ""degree_std"": 0.9695264476946035, ""components"": 2, ""component_sizes"": [1, 56], ""max_component"": 56, ""local_assignments"": 72057594037927938, ""minfill_width"": 8, ""minfill_work"": 1698, ""minfill_order"": [25, 31, 32, 21, 1, 11, 12, 17, 23, 28, 29, 34, 37, 39, 42, 43, 44, 48, 50, 52, 55, 13, 15, 20, 16, 36, 0, 6, 18, 27, 41, 46, 4, 8, 45, 54, 3, 19, 22, 51, 7, 35, 5, 33, 9, 40, 47, 14, 2, 10, 24, 26, 30, 38, 49, 53, 56], ""energy_bound"": 226, ""root_bound"": 256, ""crt_primes"": 2, ""arithmetic_burden"": 869376, ""coefficient_bound"": ""144115188075855872"", ""coupling_multiplicities"": {""3"": 21, ""-1"": 16, ""-2"": 13, ""1"": 16, ""-3"": 5, ""2"": 10}, ""symmetry"": ""not assumed"", ""degree_signature"": [0, 1, 1, 2, 2, 2, 2, 2, 2, 2, 2, 2, 2, 2, 2, 2, 2, 2, 2, 2, 2, 3, 3, 3, 3, 3, 3, 3, 3, 3, 3, 3, 3, 3, 3, 3, 3, 3, 3, 3, 3, 3, 3, 4, 4, 4, 4, 4, 4, 4, 4, 4, 4, 4, 4, 5, 5]}"
7760e2388db227d20ac10567,N058,cca0fa5236bf34624fab111aa12727060e40bf24aefb9370370a75f45cdaf74c,d819b6df41d03c6e64b8099063eb5eddc81716b1f7fab58076c67a37b81526f6,N96_INDUCED_TRANSITION_LADDER_V1,f2f991d74dfbb2edf7f4475dcb7d82989de00a71e44bb11d4a6fbb49442577b6,"[0, 1, 2, 3]",c0f5c79fe09d035db4f83c1b7156d0de93a2921d4fc546820ceb31660c6235dd,,variable_elimination,LOCAL_FLINT_CPU,LOCAL_SINGLE_COORDINATOR_FLINT_CPU,WARM_NEW_SOURCE,FRESH_EXACT_SOLVE_WITH_INTERNAL_CHECKS_EXCLUDES_EXTERNAL_VERIFICATION,0,0,0,1,8,1971,256,d5207e6b84fbabee961e83f3860a3bacaca585acd736c092903cacdfff692450,FLINT_EXACT_POLYNOMIAL,0,COMPLETE,OBSERVED_PATTERN,True,17852,0,0,CPU exact route includes its native polynomial readout/count checks; independently timed external verification excluded; no subprocess startup,deterministic retained-port-aware elimination or explicit component enumeration,,0.0036587740760296583,0.0,0.0,0.0,,0.0,0.0018526759231463075,0.029008393990807235,0.029008393990807235,0.0,adb86d6aea01bef0b73068faf6a17006f84c47f5ad87b4e5abcc4e7bbd77156d,"{""N"": 58, ""source_family"": ""N96_INDUCED_TRANSITION_LADDER_V1"", ""graph_hash"": ""d819b6df41d03c6e64b8099063eb5eddc81716b1f7fab58076c67a37b81526f6"", ""source_hash"": ""cca0fa5236bf34624fab111aa12727060e40bf24aefb9370370a75f45cdaf74c"", ""edges"": 85, ""degree_min"": 0, ""degree_max"": 5, ""degree_mean"": 2.9310344827586206, ""degree_std"": 0.9624334991001974, ""components"": 2, ""component_sizes"": [1, 57], ""max_component"": 57, ""local_assignments"": 144115188075855874, ""minfill_width"": 8, ""minfill_work"": 1878, ""minfill_order"": [25, 31, 32, 21, 1, 11, 12, 28, 29, 34, 37, 39, 42, 43, 48, 50, 52, 55, 13, 15, 20, 16, 36, 0, 6, 17, 18, 22, 27, 41, 46, 4, 8, 54, 19, 24, 49, 51, 7, 2, 35, 57, 5, 9, 26, 10, 40, 44, 14, 3, 23, 30, 33, 38, 45, 47, 53, 56], ""energy_bound"": 235, ""root_bound"": 256, ""crt_primes"": 2, ""arithmetic_burden"": 961536, ""coefficient_bound"": ""288230376151711744"", ""coupling_multiplicities"": {""3"": 21, ""-1"": 16, ""-2"": 15, ""1"": 16, ""-3"": 5, ""2"": 12}, ""symmetry"": ""not assumed"", ""degree_signature"": [0, 1, 1, 2, 2, 2, 2, 2, 2, 2, 2, 2, 2, 2, 2, 2, 2, 2, 3, 3, 3, 3, 3, 3, 3, 3, 3, 3, 3, 3, 3, 3, 3, 3, 3, 3, 3, 3, 3, 3, 3, 3, 4, 4, 4, 4, 4, 4, 4, 4, 4, 4, 4, 4, 4, 4, 5, 5]}"
7760e2388db227d20ac10567,N058,cca0fa5236bf34624fab111aa12727060e40bf24aefb9370370a75f45cdaf74c,d819b6df41d03c6e64b8099063eb5eddc81716b1f7fab58076c67a37b81526f6,N96_INDUCED_TRANSITION_LADDER_V1,f2f991d74dfbb2edf7f4475dcb7d82989de00a71e44bb11d4a6fbb49442577b6,"[0, 1, 2, 3]",c0f5c79fe09d035db4f83c1b7156d0de93a2921d4fc546820ceb31660c6235dd,,variable_elimination,LOCAL_FLINT_CPU,LOCAL_SINGLE_COORDINATOR_FLINT_CPU,WARM_SAME_SOURCE,FRESH_EXACT_SOLVE_WITH_INTERNAL_CHECKS_EXCLUDES_EXTERNAL_VERIFICATION,0,0,0,1,8,1971,256,d5207e6b84fbabee961e83f3860a3bacaca585acd736c092903cacdfff692450,FLINT_EXACT_POLYNOMIAL,1,COMPLETE,OBSERVED_PATTERN,True,17852,0,0,CPU exact route includes its native polynomial readout/count checks; independently timed external verification excluded; no subprocess startup,deterministic retained-port-aware elimination or explicit component enumeration,,0.0036587740760296583,0.0,0.0,0.0,,0.0,0.002344487002119422,0.02741827303543687,0.02741827303543687,0.0,adb86d6aea01bef0b73068faf6a17006f84c47f5ad87b4e5abcc4e7bbd77156d,"{""N"": 58, ""source_family"": ""N96_INDUCED_TRANSITION_LADDER_V1"", ""graph_hash"": ""d819b6df41d03c6e64b8099063eb5eddc81716b1f7fab58076c67a37b81526f6"", ""source_hash"": ""cca0fa5236bf34624fab111aa12727060e40bf24aefb9370370a75f45cdaf74c"", ""edges"": 85, ""degree_min"": 0, ""degree_max"": 5, ""degree_mean"": 2.9310344827586206, ""degree_std"": 0.9624334991001974, ""components"": 2, ""component_sizes"": [1, 57], ""max_component"": 57, ""local_assignments"": 144115188075855874, ""minfill_width"": 8, ""minfill_work"": 1878, ""minfill_order"": [25, 31, 32, 21, 1, 11, 12, 28, 29, 34, 37, 39, 42, 43, 48, 50, 52, 55, 13, 15, 20, 16, 36, 0, 6, 17, 18, 22, 27, 41, 46, 4, 8, 54, 19, 24, 49, 51, 7, 2, 35, 57, 5, 9, 26, 10, 40, 44, 14, 3, 23, 30, 33, 38, 45, 47, 53, 56], ""energy_bound"": 235, ""root_bound"": 256, ""crt_primes"": 2, ""arithmetic_burden"": 961536, ""coefficient_bound"": ""288230376151711744"", ""coupling_multiplicities"": {""3"": 21, ""-1"": 16, ""-2"": 15, ""1"": 16, ""-3"": 5, ""2"": 12}, ""symmetry"": ""not assumed"", ""degree_signature"": [0, 1, 1, 2, 2, 2, 2, 2, 2, 2, 2, 2, 2, 2, 2, 2, 2, 2, 3, 3, 3, 3, 3, 3, 3, 3, 3, 3, 3, 3, 3, 3, 3, 3, 3, 3, 3, 3, 3, 3, 3, 3, 4, 4, 4, 4, 4, 4, 4, 4, 4, 4, 4, 4, 4, 4, 5, 5]}"
7760e2388db227d20ac10567,N058,cca0fa5236bf34624fab111aa12727060e40bf24aefb9370370a75f45cdaf74c,d819b6df41d03c6e64b8099063eb5eddc81716b1f7fab58076c67a37b81526f6,N96_INDUCED_TRANSITION_LADDER_V1,f2f991d74dfbb2edf7f4475dcb7d82989de00a71e44bb11d4a6fbb49442577b6,"[0, 1, 2, 3]",c0f5c79fe09d035db4f83c1b7156d0de93a2921d4fc546820ceb31660c6235dd,,variable_elimination,LOCAL_FLINT_CPU,LOCAL_SINGLE_COORDINATOR_FLINT_CPU,WARM_SAME_SOURCE,FRESH_EXACT_SOLVE_WITH_INTERNAL_CHECKS_EXCLUDES_EXTERNAL_VERIFICATION,0,0,0,1,8,1971,256,d5207e6b84fbabee961e83f3860a3bacaca585acd736c092903cacdfff692450,FLINT_EXACT_POLYNOMIAL,2,COMPLETE,OBSERVED_PATTERN,True,17852,0,0,CPU exact route includes its native polynomial readout/count checks; independently timed external verification excluded; no subprocess startup,deterministic retained-port-aware elimination or explicit component enumeration,,0.0036587740760296583,0.0,0.0,0.0,,0.0,0.001878355978988111,0.023904235917143524,0.023904235917143524,0.0,adb86d6aea01bef0b73068faf6a17006f84c47f5ad87b4e5abcc4e7bbd77156d,"{""N"": 58, ""source_family"": ""N96_INDUCED_TRANSITION_LADDER_V1"", ""graph_hash"": ""d819b6df41d03c6e64b8099063eb5eddc81716b1f7fab58076c67a37b81526f6"", ""source_hash"": ""cca0fa5236bf34624fab111aa12727060e40bf24aefb9370370a75f45cdaf74c"", ""edges"": 85, ""degree_min"": 0, ""degree_max"": 5, ""degree_mean"": 2.9310344827586206, ""degree_std"": 0.9624334991001974, ""components"": 2, ""component_sizes"": [1, 57], ""max_component"": 57, ""local_assignments"": 144115188075855874, ""minfill_width"": 8, ""minfill_work"": 1878, ""minfill_order"": [25, 31, 32, 21, 1, 11, 12, 28, 29, 34, 37, 39, 42, 43, 48, 50, 52, 55, 13, 15, 20, 16, 36, 0, 6, 17, 18, 22, 27, 41, 46, 4, 8, 54, 19, 24, 49, 51, 7, 2, 35, 57, 5, 9, 26, 10, 40, 44, 14, 3, 23, 30, 33, 38, 45, 47, 53, 56], ""energy_bound"": 235, ""root_bound"": 256, ""crt_primes"": 2, ""arithmetic_burden"": 961536, ""coefficient_bound"": ""288230376151711744"", ""coupling_multiplicities"": {""3"": 21, ""-1"": 16, ""-2"": 15, ""1"": 16, ""-3"": 5, ""2"": 12}, ""symmetry"": ""not assumed"", ""degree_signature"": [0, 1, 1, 2, 2, 2, 2, 2, 2, 2, 2, 2, 2, 2, 2, 2, 2, 2, 3, 3, 3, 3, 3, 3, 3, 3, 3, 3, 3, 3, 3, 3, 3, 3, 3, 3, 3, 3, 3, 3, 3, 3, 4, 4, 4, 4, 4, 4, 4, 4, 4, 4, 4, 4, 4, 4, 5, 5]}"
eb2c995c0757f86a10a5edc7,N048,861eb654b511fe3af6078587dacf5fc83cb657b083737bd1d023f344241c54f4,1fa7eeab7ac163936aec4104685bda5863cffc66c74f2720c370ff390300d432,N96_INDUCED_TRANSITION_LADDER_V1,f2f991d74dfbb2edf7f4475dcb7d82989de00a71e44bb11d4a6fbb49442577b6,"[0, 1, 2, 3]",9d040e0c9bdf44b41f15c2f7338270f227292602c5211bcf77621a5ef1f73c5e,,variable_elimination,LOCAL_FLINT_CPU,LOCAL_SINGLE_COORDINATOR_FLINT_CPU,WARM_NEW_SOURCE,FRESH_EXACT_SOLVE_WITH_INTERNAL_CHECKS_EXCLUDES_EXTERNAL_VERIFICATION,0,0,0,1,4,236,16,d5207e6b84fbabee961e83f3860a3bacaca585acd736c092903cacdfff692450,FLINT_EXACT_POLYNOMIAL,0,COMPLETE,OBSERVED_PATTERN,True,2312,0,0,CPU exact route includes its native polynomial readout/count checks; independently timed external verification excluded; no subprocess startup,deterministic retained-port-aware elimination or explicit component enumeration,,0.002835598075762391,0.0,0.0,0.0,,0.0,0.0032922199461609125,0.013201051042415202,0.013201051042415202,0.0,258928b3da62841827c9860b179eb4a9ca599bc953e9309a93ae681fcb8df901,"{""N"": 48, ""source_family"": ""N96_INDUCED_TRANSITION_LADDER_V1"", ""graph_hash"": ""1fa7eeab7ac163936aec4104685bda5863cffc66c74f2720c370ff390300d432"", ""source_hash"": ""861eb654b511fe3af6078587dacf5fc83cb657b083737bd1d023f344241c54f4"", ""edges"": 58, ""degree_min"": 0, ""degree_max"": 5, ""degree_mean"": 2.4166666666666665, ""degree_std"": 1.0573814617041266, ""components"": 3, ""component_sizes"": [1, 1, 46], ""max_component"": 46, ""local_assignments"": 70368744177668, ""minfill_width"": 4, ""minfill_work"": 225, ""minfill_order"": [25, 31, 23, 29, 12, 32, 21, 34, 46, 33, 36, 0, 1, 11, 14, 15, 20, 16, 35, 45, 2, 3, 17, 18, 24, 27, 28, 30, 37, 38, 39, 42, 43, 44, 47, 10, 13, 41, 4, 6, 19, 7, 9, 5, 8, 22, 26, 40], ""energy_bound"": 173, ""root_bound"": 256, ""crt_primes"": 2, ""arithmetic_burden"": 115200, ""coefficient_bound"": ""281474976710656"", ""coupling_multiplicities"": {""3"": 16, ""-1"": 11, ""1"": 11, ""-2"": 11, ""-3"": 5, ""2"": 4}, ""symmetry"": ""not assumed"", ""degree_signature"": [0, 0, 1, 1, 1, 1, 2, 2, 2, 2, 2, 2, 2, 2, 2, 2, 2, 2, 2, 2, 2, 2, 2, 2, 2, 2, 2, 2, 2, 3, 3, 3, 3, 3, 3, 3, 3, 3, 3, 3, 3, 4, 4, 4, 4, 4, 5, 5]}"
eb2c995c0757f86a10a5edc7,N048,861eb654b511fe3af6078587dacf5fc83cb657b083737bd1d023f344241c54f4,1fa7eeab7ac163936aec4104685bda5863cffc66c74f2720c370ff390300d432,N96_INDUCED_TRANSITION_LADDER_V1,f2f991d74dfbb2edf7f4475dcb7d82989de00a71e44bb11d4a6fbb49442577b6,"[0, 1, 2, 3]",9d040e0c9bdf44b41f15c2f7338270f227292602c5211bcf77621a5ef1f73c5e,,variable_elimination,LOCAL_FLINT_CPU,LOCAL_SINGLE_COORDINATOR_FLINT_CPU,WARM_SAME_SOURCE,FRESH_EXACT_SOLVE_WITH_INTERNAL_CHECKS_EXCLUDES_EXTERNAL_VERIFICATION,0,0,0,1,4,236,16,d5207e6b84fbabee961e83f3860a3bacaca585acd736c092903cacdfff692450,FLINT_EXACT_POLYNOMIAL,1,COMPLETE,OBSERVED_PATTERN,True,2312,0,0,CPU exact route includes its native polynomial readout/count checks; independently timed external verification excluded; no subprocess startup,deterministic retained-port-aware elimination or explicit component enumeration,,0.002835598075762391,0.0,0.0,0.0,,0.0,0.002433915971778333,0.00897738803178072,0.00897738803178072,0.0,258928b3da62841827c9860b179eb4a9ca599bc953e9309a93ae681fcb8df901,"{""N"": 48, ""source_family"": ""N96_INDUCED_TRANSITION_LADDER_V1"", ""graph_hash"": ""1fa7eeab7ac163936aec4104685bda5863cffc66c74f2720c370ff390300d432"", ""source_hash"": ""861eb654b511fe3af6078587dacf5fc83cb657b083737bd1d023f344241c54f4"", ""edges"": 58, ""degree_min"": 0, ""degree_max"": 5, ""degree_mean"": 2.4166666666666665, ""degree_std"": 1.0573814617041266, ""components"": 3, ""component_sizes"": [1, 1, 46], ""max_component"": 46, ""local_assignments"": 70368744177668, ""minfill_width"": 4, ""minfill_work"": 225, ""minfill_order"": [25, 31, 23, 29, 12, 32, 21, 34, 46, 33, 36, 0, 1, 11, 14, 15, 20, 16, 35, 45, 2, 3, 17, 18, 24, 27, 28, 30, 37, 38, 39, 42, 43, 44, 47, 10, 13, 41, 4, 6, 19, 7, 9, 5, 8, 22, 26, 40], ""energy_bound"": 173, ""root_bound"": 256, ""crt_primes"": 2, ""arithmetic_burden"": 115200, ""coefficient_bound"": ""281474976710656"", ""coupling_multiplicities"": {""3"": 16, ""-1"": 11, ""1"": 11, ""-2"": 11, ""-3"": 5, ""2"": 4}, ""symmetry"": ""not assumed"", ""degree_signature"": [0, 0, 1, 1, 1, 1, 2, 2, 2, 2, 2, 2, 2, 2, 2, 2, 2, 2, 2, 2, 2, 2, 2, 2, 2, 2, 2, 2, 2, 3, 3, 3, 3, 3, 3, 3, 3, 3, 3, 3, 3, 4, 4, 4, 4, 4, 5, 5]}"
eb2c995c0757f86a10a5edc7,N048,861eb654b511fe3af6078587dacf5fc83cb657b083737bd1d023f344241c54f4,1fa7eeab7ac163936aec4104685bda5863cffc66c74f2720c370ff390300d432,N96_INDUCED_TRANSITION_LADDER_V1,f2f991d74dfbb2edf7f4475dcb7d82989de00a71e44bb11d4a6fbb49442577b6,"[0, 1, 2, 3]",9d040e0c9bdf44b41f15c2f7338270f227292602c5211bcf77621a5ef1f73c5e,,variable_elimination,LOCAL_FLINT_CPU,LOCAL_SINGLE_COORDINATOR_FLINT_CPU,WARM_SAME_SOURCE,FRESH_EXACT_SOLVE_WITH_INTERNAL_CHECKS_EXCLUDES_EXTERNAL_VERIFICATION,0,0,0,1,4,236,16,d5207e6b84fbabee961e83f3860a3bacaca585acd736c092903cacdfff692450,FLINT_EXACT_POLYNOMIAL,2,COMPLETE,OBSERVED_PATTERN,True,2312,0,0,CPU exact route includes its native polynomial readout/count checks; independently timed external verification excluded; no subprocess startup,deterministic retained-port-aware elimination or explicit component enumeration,,0.002835598075762391,0.0,0.0,0.0,,0.0,0.001366044976748526,0.00828233000356704,0.00828233000356704,0.0,258928b3da62841827c9860b179eb4a9ca599bc953e9309a93ae681fcb8df901,"{""N"": 48, ""source_family"": ""N96_INDUCED_TRANSITION_LADDER_V1"", ""graph_hash"": ""1fa7eeab7ac163936aec4104685bda5863cffc66c74f2720c370ff390300d432"", ""source_hash"": ""861eb654b511fe3af6078587dacf5fc83cb657b083737bd1d023f344241c54f4"", ""edges"": 58, ""degree_min"": 0, ""degree_max"": 5, ""degree_mean"": 2.4166666666666665, ""degree_std"": 1.0573814617041266, ""components"": 3, ""component_sizes"": [1, 1, 46], ""max_component"": 46, ""local_assignments"": 70368744177668, ""minfill_width"": 4, ""minfill_work"": 225, ""minfill_order"": [25, 31, 23, 29, 12, 32, 21, 34, 46, 33, 36, 0, 1, 11, 14, 15, 20, 16, 35, 45, 2, 3, 17, 18, 24, 27, 28, 30, 37, 38, 39, 42, 43, 44, 47, 10, 13, 41, 4, 6, 19, 7, 9, 5, 8, 22, 26, 40], ""energy_bound"": 173, ""root_bound"": 256, ""crt_primes"": 2, ""arithmetic_burden"": 115200, ""coefficient_bound"": ""281474976710656"", ""coupling_multiplicities"": {""3"": 16, ""-1"": 11, ""1"": 11, ""-2"": 11, ""-3"": 5, ""2"": 4}, ""symmetry"": ""not assumed"", ""degree_signature"": [0, 0, 1, 1, 1, 1, 2, 2, 2, 2, 2, 2, 2, 2, 2, 2, 2, 2, 2, 2, 2, 2, 2, 2, 2, 2, 2, 2, 2, 3, 3, 3, 3, 3, 3, 3, 3, 3, 3, 3, 3, 4, 4, 4, 4, 4, 5, 5]}"
f0a813947f652da9f0bbdf2e,N047,6e8d1dc4b56e161c91bc546688ab6eb3578be1402e81cb135bd3ff783b459dc8,34b26b0cf3abda3f373b14c30383d8bd9af8dc9dfb532e48d3584978f5d5485e,N96_INDUCED_TRANSITION_LADDER_V1,f2f991d74dfbb2edf7f4475dcb7d82989de00a71e44bb11d4a6fbb49442577b6,"[0, 1, 2, 3]",3c755c8bc1de902457b75724f736eb3233a0bf8bed56070ffcf6b485f03f1acc,,variable_elimination,LOCAL_FLINT_CPU,LOCAL_SINGLE_COORDINATOR_FLINT_CPU,WARM_NEW_SOURCE,FRESH_EXACT_SOLVE_WITH_INTERNAL_CHECKS_EXCLUDES_EXTERNAL_VERIFICATION,0,0,0,1,4,200,16,d5207e6b84fbabee961e83f3860a3bacaca585acd736c092903cacdfff692450,FLINT_EXACT_POLYNOMIAL,0,COMPLETE,OBSERVED_PATTERN,True,1992,0,0,CPU exact route includes its native polynomial readout/count checks; independently timed external verification excluded; no subprocess startup,deterministic retained-port-aware elimination or explicit component enumeration,,0.0026339320465922356,0.0,0.0,0.0,,0.0,0.003269361099228263,0.013164590927772224,0.013164590927772224,0.0,ef4cd12f65d0ffeed75b3e3bc46940b57e2ea70c0f357808683c5a731875f8a9,"{""N"": 47, ""source_family"": ""N96_INDUCED_TRANSITION_LADDER_V1"", ""graph_hash"": ""34b26b0cf3abda3f373b14c30383d8bd9af8dc9dfb532e48d3584978f5d5485e"", ""source_hash"": ""6e8d1dc4b56e161c91bc546688ab6eb3578be1402e81cb135bd3ff783b459dc8"", ""edges"": 56, ""degree_min"": 0, ""degree_max"": 5, ""degree_mean"": 2.382978723404255, ""degree_std"": 1.0629783827061103, ""components"": 3, ""component_sizes"": [1, 1, 45], ""max_component"": 45, ""local_assignments"": 35184372088836, ""minfill_width"": 4, ""minfill_work"": 205, ""minfill_order"": [25, 31, 23, 29, 12, 32, 21, 34, 46, 33, 36, 0, 1, 11, 14, 15, 20, 16, 35, 45, 2, 3, 17, 18, 22, 24, 27, 28, 30, 37, 38, 39, 41, 42, 43, 44, 10, 13, 19, 26, 4, 6, 5, 7, 8, 9, 40], ""energy_bound"": 168, ""root_bound"": 256, ""crt_primes"": 2, ""arithmetic_burden"": 104960, ""coefficient_bound"": ""140737488355328"", ""coupling_multiplicities"": {""3"": 15, ""-1"": 11, ""1"": 11, ""-2"": 10, ""-3"": 5, ""2"": 4}, ""symmetry"": ""not assumed"", ""degree_signature"": [0, 0, 1, 1, 1, 1, 2, 2, 2, 2, 2, 2, 2, 2, 2, 2, 2, 2, 2, 2, 2, 2, 2, 2, 2, 2, 2, 2, 2, 2, 3, 3, 3, 3, 3, 3, 3, 3, 3, 3, 4, 4, 4, 4, 4, 5, 5]}"
f0a813947f652da9f0bbdf2e,N047,6e8d1dc4b56e161c91bc546688ab6eb3578be1402e81cb135bd3ff783b459dc8,34b26b0cf3abda3f373b14c30383d8bd9af8dc9dfb532e48d3584978f5d5485e,N96_INDUCED_TRANSITION_LADDER_V1,f2f991d74dfbb2edf7f4475dcb7d82989de00a71e44bb11d4a6fbb49442577b6,"[0, 1, 2, 3]",3c755c8bc1de902457b75724f736eb3233a0bf8bed56070ffcf6b485f03f1acc,,variable_elimination,LOCAL_FLINT_CPU,LOCAL_SINGLE_COORDINATOR_FLINT_CPU,WARM_SAME_SOURCE,FRESH_EXACT_SOLVE_WITH_INTERNAL_CHECKS_EXCLUDES_EXTERNAL_VERIFICATION,0,0,0,1,4,200,16,d5207e6b84fbabee961e83f3860a3bacaca585acd736c092903cacdfff692450,FLINT_EXACT_POLYNOMIAL,1,COMPLETE,OBSERVED_PATTERN,True,1992,0,0,CPU exact route includes its native polynomial readout/count checks; independently timed external verification excluded; no subprocess startup,deterministic retained-port-aware elimination or explicit component enumeration,,0.0026339320465922356,0.0,0.0,0.0,,0.0,0.0022472190903499722,0.009027246967889369,0.009027246967889369,0.0,ef4cd12f65d0ffeed75b3e3bc46940b57e2ea70c0f357808683c5a731875f8a9,"{""N"": 47, ""source_family"": ""N96_INDUCED_TRANSITION_LADDER_V1"", ""graph_hash"": ""34b26b0cf3abda3f373b14c30383d8bd9af8dc9dfb532e48d3584978f5d5485e"", ""source_hash"": ""6e8d1dc4b56e161c91bc546688ab6eb3578be1402e81cb135bd3ff783b459dc8"", ""edges"": 56, ""degree_min"": 0, ""degree_max"": 5, ""degree_mean"": 2.382978723404255, ""degree_std"": 1.0629783827061103, ""components"": 3, ""component_sizes"": [1, 1, 45], ""max_component"": 45, ""local_assignments"": 35184372088836, ""minfill_width"": 4, ""minfill_work"": 205, ""minfill_order"": [25, 31, 23, 29, 12, 32, 21, 34, 46, 33, 36, 0, 1, 11, 14, 15, 20, 16, 35, 45, 2, 3, 17, 18, 22, 24, 27, 28, 30, 37, 38, 39, 41, 42, 43, 44, 10, 13, 19, 26, 4, 6, 5, 7, 8, 9, 40], ""energy_bound"": 168, ""root_bound"": 256, ""crt_primes"": 2, ""arithmetic_burden"": 104960, ""coefficient_bound"": ""140737488355328"", ""coupling_multiplicities"": {""3"": 15, ""-1"": 11, ""1"": 11, ""-2"": 10, ""-3"": 5, ""2"": 4}, ""symmetry"": ""not assumed"", ""degree_signature"": [0, 0, 1, 1, 1, 1, 2, 2, 2, 2, 2, 2, 2, 2, 2, 2, 2, 2, 2, 2, 2, 2, 2, 2, 2, 2, 2, 2, 2, 2, 3, 3, 3, 3, 3, 3, 3, 3, 3, 3, 4, 4, 4, 4, 4, 5, 5]}"
f0a813947f652da9f0bbdf2e,N047,6e8d1dc4b56e161c91bc546688ab6eb3578be1402e81cb135bd3ff783b459dc8,34b26b0cf3abda3f373b14c30383d8bd9af8dc9dfb532e48d3584978f5d5485e,N96_INDUCED_TRANSITION_LADDER_V1,f2f991d74dfbb2edf7f4475dcb7d82989de00a71e44bb11d4a6fbb49442577b6,"[0, 1, 2, 3]",3c755c8bc1de902457b75724f736eb3233a0bf8bed56070ffcf6b485f03f1acc,,variable_elimination,LOCAL_FLINT_CPU,LOCAL_SINGLE_COORDINATOR_FLINT_CPU,WARM_SAME_SOURCE,FRESH_EXACT_SOLVE_WITH_INTERNAL_CHECKS_EXCLUDES_EXTERNAL_VERIFICATION,0,0,0,1,4,200,16,d5207e6b84fbabee961e83f3860a3bacaca585acd736c092903cacdfff692450,FLINT_EXACT_POLYNOMIAL,2,COMPLETE,OBSERVED_PATTERN,True,1992,0,0,CPU exact route includes its native polynomial readout/count checks; independently timed external verification excluded; no subprocess startup,deterministic retained-port-aware elimination or explicit component enumeration,,0.0026339320465922356,0.0,0.0,0.0,,0.0,0.0015070820227265358,0.008116242941468954,0.008116242941468954,0.0,ef4cd12f65d0ffeed75b3e3bc46940b57e2ea70c0f357808683c5a731875f8a9,"{""N"": 47, ""source_family"": ""N96_INDUCED_TRANSITION_LADDER_V1"", ""graph_hash"": ""34b26b0cf3abda3f373b14c30383d8bd9af8dc9dfb532e48d3584978f5d5485e"", ""source_hash"": ""6e8d1dc4b56e161c91bc546688ab6eb3578be1402e81cb135bd3ff783b459dc8"", ""edges"": 56, ""degree_min"": 0, ""degree_max"": 5, ""degree_mean"": 2.382978723404255, ""degree_std"": 1.0629783827061103, ""components"": 3, ""component_sizes"": [1, 1, 45], ""max_component"": 45, ""local_assignments"": 35184372088836, ""minfill_width"": 4, ""minfill_work"": 205, ""minfill_order"": [25, 31, 23, 29, 12, 32, 21, 34, 46, 33, 36, 0, 1, 11, 14, 15, 20, 16, 35, 45, 2, 3, 17, 18, 22, 24, 27, 28, 30, 37, 38, 39, 41, 42, 43, 44, 10, 13, 19, 26, 4, 6, 5, 7, 8, 9, 40], ""energy_bound"": 168, ""root_bound"": 256, ""crt_primes"": 2, ""arithmetic_burden"": 104960, ""coefficient_bound"": ""140737488355328"", ""coupling_multiplicities"": {""3"": 15, ""-1"": 11, ""1"": 11, ""-2"": 10, ""-3"": 5, ""2"": 4}, ""symmetry"": ""not assumed"", ""degree_signature"": [0, 0, 1, 1, 1, 1, 2, 2, 2, 2, 2, 2, 2, 2, 2, 2, 2, 2, 2, 2, 2, 2, 2, 2, 2, 2, 2, 2, 2, 2, 3, 3, 3, 3, 3, 3, 3, 3, 3, 3, 4, 4, 4, 4, 4, 5, 5]}"
8008b5b1dd6c93348a177af9,N061,1db6679f0fa4c024634fd2ed228cfbbbda206e5c94706b1f6c4a2be280c8a3b5,3bb6cb0976ac1c01c7602fa75a6012faf87e984837d08fa85a876f0bc8fe579c,N96_INDUCED_TRANSITION_LADDER_V1,f2f991d74dfbb2edf7f4475dcb7d82989de00a71e44bb11d4a6fbb49442577b6,"[0, 1, 2, 3]",938be7024bb38c642d256672ccd941426e49937b52d58362e9412fb698476829,,variable_elimination,LOCAL_FLINT_CPU,LOCAL_SINGLE_COORDINATOR_FLINT_CPU,WARM_NEW_SOURCE,FRESH_EXACT_SOLVE_WITH_INTERNAL_CHECKS_EXCLUDES_EXTERNAL_VERIFICATION,0,0,0,1,11,7327,2048,d5207e6b84fbabee961e83f3860a3bacaca585acd736c092903cacdfff692450,FLINT_EXACT_POLYNOMIAL,0,COMPLETE,OBSERVED_PATTERN,True,66864,0,0,CPU exact route includes its native polynomial readout/count checks; independently timed external verification excluded; no subprocess startup,deterministic retained-port-aware elimination or explicit component enumeration,,0.0051773060113191605,0.0,0.0,0.0,,0.0,0.0025611239252611995,0.1525854340288788,0.1525854340288788,0.0,c6a5e140aa8e499a574cfdc3b816ac6be8c2686ea26c7eb7cecab10473f699b8,"{""N"": 61, ""source_family"": ""N96_INDUCED_TRANSITION_LADDER_V1"", ""graph_hash"": ""3bb6cb0976ac1c01c7602fa75a6012faf87e984837d08fa85a876f0bc8fe579c"", ""source_hash"": ""1db6679f0fa4c024634fd2ed228cfbbbda206e5c94706b1f6c4a2be280c8a3b5"", ""edges"": 93, ""degree_min"": 0, ""degree_max"": 5, ""degree_mean"": 3.0491803278688523, ""degree_std"": 1.015070529863129, ""components"": 2, ""component_sizes"": [1, 60], ""max_component"": 60, ""local_assignments"": 1152921504606846978, ""minfill_width"": 10, ""minfill_work"": 4050, ""minfill_order"": [25, 31, 1, 11, 12, 28, 29, 32, 34, 37, 39, 42, 43, 48, 50, 52, 55, 60, 13, 15, 20, 36, 0, 6, 17, 18, 21, 22, 27, 41, 46, 59, 8, 54, 58, 23, 45, 51, 7, 9, 35, 5, 26, 10, 44, 24, 56, 40, 47, 2, 3, 4, 14, 16, 19, 30, 33, 38, 49, 53, 57], ""energy_bound"": 251, ""root_bound"": 256, ""crt_primes"": 3, ""arithmetic_burden"": 3110400, ""coefficient_bound"": ""2305843009213693952"", ""coupling_multiplicities"": {""3"": 21, ""-1"": 19, ""-2"": 18, ""1"": 16, ""-3"": 5, ""2"": 14}, ""symmetry"": ""not assumed"", ""degree_signature"": [0, 1, 2, 2, 2, 2, 2, 2, 2, 2, 2, 2, 2, 2, 2, 2, 2, 2, 3, 3, 3, 3, 3, 3, 3, 3, 3, 3, 3, 3, 3, 3, 3, 3, 3, 3, 3, 3, 3, 3, 3, 3, 4, 4, 4, 4, 4, 4, 4, 4, 4, 4, 4, 4, 4, 4, 5, 5, 5, 5, 5]}"
8008b5b1dd6c93348a177af9,N061,1db6679f0fa4c024634fd2ed228cfbbbda206e5c94706b1f6c4a2be280c8a3b5,3bb6cb0976ac1c01c7602fa75a6012faf87e984837d08fa85a876f0bc8fe579c,N96_INDUCED_TRANSITION_LADDER_V1,f2f991d74dfbb2edf7f4475dcb7d82989de00a71e44bb11d4a6fbb49442577b6,"[0, 1, 2, 3]",938be7024bb38c642d256672ccd941426e49937b52d58362e9412fb698476829,,variable_elimination,LOCAL_FLINT_CPU,LOCAL_SINGLE_COORDINATOR_FLINT_CPU,WARM_SAME_SOURCE,FRESH_EXACT_SOLVE_WITH_INTERNAL_CHECKS_EXCLUDES_EXTERNAL_VERIFICATION,0,0,0,1,11,7327,2048,d5207e6b84fbabee961e83f3860a3bacaca585acd736c092903cacdfff692450,FLINT_EXACT_POLYNOMIAL,1,COMPLETE,OBSERVED_PATTERN,True,66864,0,0,CPU exact route includes its native polynomial readout/count checks; independently timed external verification excluded; no subprocess startup,deterministic retained-port-aware elimination or explicit component enumeration,,0.0051773060113191605,0.0,0.0,0.0,,0.0,0.00238833692856133,0.11649943701922894,0.11649943701922894,0.0,c6a5e140aa8e499a574cfdc3b816ac6be8c2686ea26c7eb7cecab10473f699b8,"{""N"": 61, ""source_family"": ""N96_INDUCED_TRANSITION_LADDER_V1"", ""graph_hash"": ""3bb6cb0976ac1c01c7602fa75a6012faf87e984837d08fa85a876f0bc8fe579c"", ""source_hash"": ""1db6679f0fa4c024634fd2ed228cfbbbda206e5c94706b1f6c4a2be280c8a3b5"", ""edges"": 93, ""degree_min"": 0, ""degree_max"": 5, ""degree_mean"": 3.0491803278688523, ""degree_std"": 1.015070529863129, ""components"": 2, ""component_sizes"": [1, 60], ""max_component"": 60, ""local_assignments"": 1152921504606846978, ""minfill_width"": 10, ""minfill_work"": 4050, ""minfill_order"": [25, 31, 1, 11, 12, 28, 29, 32, 34, 37, 39, 42, 43, 48, 50, 52, 55, 60, 13, 15, 20, 36, 0, 6, 17, 18, 21, 22, 27, 41, 46, 59, 8, 54, 58, 23, 45, 51, 7, 9, 35, 5, 26, 10, 44, 24, 56, 40, 47, 2, 3, 4, 14, 16, 19, 30, 33, 38, 49, 53, 57], ""energy_bound"": 251, ""root_bound"": 256, ""crt_primes"": 3, ""arithmetic_burden"": 3110400, ""coefficient_bound"": ""2305843009213693952"", ""coupling_multiplicities"": {""3"": 21, ""-1"": 19, ""-2"": 18, ""1"": 16, ""-3"": 5, ""2"": 14}, ""symmetry"": ""not assumed"", ""degree_signature"": [0, 1, 2, 2, 2, 2, 2, 2, 2, 2, 2, 2, 2, 2, 2, 2, 2, 2, 3, 3, 3, 3, 3, 3, 3, 3, 3, 3, 3, 3, 3, 3, 3, 3, 3, 3, 3, 3, 3, 3, 3, 3, 4, 4, 4, 4, 4, 4, 4, 4, 4, 4, 4, 4, 4, 4, 5, 5, 5, 5, 5]}"
8008b5b1dd6c93348a177af9,N061,1db6679f0fa4c024634fd2ed228cfbbbda206e5c94706b1f6c4a2be280c8a3b5,3bb6cb0976ac1c01c7602fa75a6012faf87e984837d08fa85a876f0bc8fe579c,N96_INDUCED_TRANSITION_LADDER_V1,f2f991d74dfbb2edf7f4475dcb7d82989de00a71e44bb11d4a6fbb49442577b6,"[0, 1, 2, 3]",938be7024bb38c642d256672ccd941426e49937b52d58362e9412fb698476829,,variable_elimination,LOCAL_FLINT_CPU,LOCAL_SINGLE_COORDINATOR_FLINT_CPU,WARM_SAME_SOURCE,FRESH_EXACT_SOLVE_WITH_INTERNAL_CHECKS_EXCLUDES_EXTERNAL_VERIFICATION,0,0,0,1,11,7327,2048,d5207e6b84fbabee961e83f3860a3bacaca585acd736c092903cacdfff692450,FLINT_EXACT_POLYNOMIAL,2,COMPLETE,OBSERVED_PATTERN,True,66864,0,0,CPU exact route includes its native polynomial readout/count checks; independently timed external verification excluded; no subprocess startup,deterministic retained-port-aware elimination or explicit component enumeration,,0.0051773060113191605,0.0,0.0,0.0,,0.0,0.0023931560572236776,0.11590671900194138,0.11590671900194138,0.0,c6a5e140aa8e499a574cfdc3b816ac6be8c2686ea26c7eb7cecab10473f699b8,"{""N"": 61, ""source_family"": ""N96_INDUCED_TRANSITION_LADDER_V1"", ""graph_hash"": ""3bb6cb0976ac1c01c7602fa75a6012faf87e984837d08fa85a876f0bc8fe579c"", ""source_hash"": ""1db6679f0fa4c024634fd2ed228cfbbbda206e5c94706b1f6c4a2be280c8a3b5"", ""edges"": 93, ""degree_min"": 0, ""degree_max"": 5, ""degree_mean"": 3.0491803278688523, ""degree_std"": 1.015070529863129, ""components"": 2, ""component_sizes"": [1, 60], ""max_component"": 60, ""local_assignments"": 1152921504606846978, ""minfill_width"": 10, ""minfill_work"": 4050, ""minfill_order"": [25, 31, 1, 11, 12, 28, 29, 32, 34, 37, 39, 42, 43, 48, 50, 52, 55, 60, 13, 15, 20, 36, 0, 6, 17, 18, 21, 22, 27, 41, 46, 59, 8, 54, 58, 23, 45, 51, 7, 9, 35, 5, 26, 10, 44, 24, 56, 40, 47, 2, 3, 4, 14, 16, 19, 30, 33, 38, 49, 53, 57], ""energy_bound"": 251, ""root_bound"": 256, ""crt_primes"": 3, ""arithmetic_burden"": 3110400, ""coefficient_bound"": ""2305843009213693952"", ""coupling_multiplicities"": {""3"": 21, ""-1"": 19, ""-2"": 18, ""1"": 16, ""-3"": 5, ""2"": 14}, ""symmetry"": ""not assumed"", ""degree_signature"": [0, 1, 2, 2, 2, 2, 2, 2, 2, 2, 2, 2, 2, 2, 2, 2, 2, 2, 3, 3, 3, 3, 3, 3, 3, 3, 3, 3, 3, 3, 3, 3, 3, 3, 3, 3, 3, 3, 3, 3, 3, 3, 4, 4, 4, 4, 4, 4, 4, 4, 4, 4, 4, 4, 4, 4, 5, 5, 5, 5, 5]}"
66320ca6b1d8f1f904850b51,N001,a491b793e84c1e1b274a7012e3d86241c5344fabe6412f3ea99ebfd03ac603cf,0331dad0a9029b132d63bb9b1ddede5947c48855519a04db93b24baeb1dc6278,N96_INDUCED_TRANSITION_LADDER_V1,d0bca111f8628137adc4c16f123496dcdd1d590d06cb5d9acd68b39fe656fb97,[0],0476798373bf8bfcc1ed6a063e495a24bf1837f5b29529a2daa820cef02dd453,,variable_elimination,LOCAL_FLINT_CPU,LOCAL_SINGLE_COORDINATOR_FLINT_CPU,WARM_NEW_SOURCE,FRESH_EXACT_SOLVE_WITH_INTERNAL_CHECKS_EXCLUDES_EXTERNAL_VERIFICATION,0,0,0,1,0,0,1,d5207e6b84fbabee961e83f3860a3bacaca585acd736c092903cacdfff692450,FLINT_EXACT_POLYNOMIAL,0,COMPLETE,OBSERVED_PATTERN,True,2,0,0,CPU exact route includes its native polynomial readout/count checks; independently timed external verification excluded; no subprocess startup,deterministic retained-port-aware elimination or explicit component enumeration,,2.110004425048828e-05,0.0,0.0,0.0,,0.0,7.448799442499876e-05,0.00032889400608837605,0.00032889400608837605,0.0,4b81bcd82c3830903efe203e7489be4d519644e8a1ac74fe73cf3b59feba61fb,"{""N"": 1, ""source_family"": ""N96_INDUCED_TRANSITION_LADDER_V1"", ""graph_hash"": ""0331dad0a9029b132d63bb9b1ddede5947c48855519a04db93b24baeb1dc6278"", ""source_hash"": ""a491b793e84c1e1b274a7012e3d86241c5344fabe6412f3ea99ebfd03ac603cf"", ""edges"": 0, ""degree_min"": 0, ""degree_max"": 0, ""degree_mean"": 0, ""degree_std"": 0.0, ""components"": 1, ""component_sizes"": [1], ""max_component"": 1, ""local_assignments"": 2, ""minfill_width"": 0, ""minfill_work"": 1, ""minfill_order"": [0], ""energy_bound"": 1, ""root_bound"": 2, ""crt_primes"": 1, ""arithmetic_burden"": 2, ""coefficient_bound"": ""2"", ""coupling_multiplicities"": {}, ""symmetry"": ""not assumed"", ""degree_signature"": [0]}"
66320ca6b1d8f1f904850b51,N001,a491b793e84c1e1b274a7012e3d86241c5344fabe6412f3ea99ebfd03ac603cf,0331dad0a9029b132d63bb9b1ddede5947c48855519a04db93b24baeb1dc6278,N96_INDUCED_TRANSITION_LADDER_V1,d0bca111f8628137adc4c16f123496dcdd1d590d06cb5d9acd68b39fe656fb97,[0],33a459c0ec3a3cb01ffad11d0c12fdb726c6c4e258b373d70bab79ba8ffbf902,,components,LOCAL_FLINT_CPU,LOCAL_SINGLE_COORDINATOR_FLINT_CPU,WARM_NEW_SOURCE,FRESH_EXACT_SOLVE_WITH_INTERNAL_CHECKS_EXCLUDES_EXTERNAL_VERIFICATION,0,0,0,1,0,2,1,d5207e6b84fbabee961e83f3860a3bacaca585acd736c092903cacdfff692450,FLINT_EXACT_POLYNOMIAL,0,COMPLETE,OBSERVED_PATTERN,True,4,0,0,CPU exact route includes its native polynomial readout/count checks; independently timed external verification excluded; no subprocess startup,deterministic retained-port-aware elimination or explicit component enumeration,,2.110004425048828e-05,0.0,0.0,0.0,,0.0,6.311899051070213e-05,0.0002969340421259403,0.0002969340421259403,0.0,4b81bcd82c3830903efe203e7489be4d519644e8a1ac74fe73cf3b59feba61fb,"{""N"": 1, ""source_family"": ""N96_INDUCED_TRANSITION_LADDER_V1"", ""graph_hash"": ""0331dad0a9029b132d63bb9b1ddede5947c48855519a04db93b24baeb1dc6278"", ""source_hash"": ""a491b793e84c1e1b274a7012e3d86241c5344fabe6412f3ea99ebfd03ac603cf"", ""edges"": 0, ""degree_min"": 0, ""degree_max"": 0, ""degree_mean"": 0, ""degree_std"": 0.0, ""components"": 1, ""component_sizes"": [1], ""max_component"": 1, ""local_assignments"": 2, ""minfill_width"": 0, ""minfill_work"": 1, ""minfill_order"": [0], ""energy_bound"": 1, ""root_bound"": 2, ""crt_primes"": 1, ""arithmetic_burden"": 2, ""coefficient_bound"": ""2"", ""coupling_multiplicities"": {}, ""symmetry"": ""not assumed"", ""degree_signature"": [0]}"
66320ca6b1d8f1f904850b51,N001,a491b793e84c1e1b274a7012e3d86241c5344fabe6412f3ea99ebfd03ac603cf,0331dad0a9029b132d63bb9b1ddede5947c48855519a04db93b24baeb1dc6278,N96_INDUCED_TRANSITION_LADDER_V1,d0bca111f8628137adc4c16f123496dcdd1d590d06cb5d9acd68b39fe656fb97,[0],33a459c0ec3a3cb01ffad11d0c12fdb726c6c4e258b373d70bab79ba8ffbf902,,components,LOCAL_FLINT_CPU,LOCAL_SINGLE_COORDINATOR_FLINT_CPU,WARM_SAME_SOURCE,FRESH_EXACT_SOLVE_WITH_INTERNAL_CHECKS_EXCLUDES_EXTERNAL_VERIFICATION,0,0,0,1,0,2,1,d5207e6b84fbabee961e83f3860a3bacaca585acd736c092903cacdfff692450,FLINT_EXACT_POLYNOMIAL,1,COMPLETE,OBSERVED_PATTERN,True,4,0,0,CPU exact route includes its native polynomial readout/count checks; independently timed external verification excluded; no subprocess startup,deterministic retained-port-aware elimination or explicit component enumeration,,2.110004425048828e-05,0.0,0.0,0.0,,0.0,6.107904482632875e-05,0.00024890503846108913,0.00024890503846108913,0.0,4b81bcd82c3830903efe203e7489be4d519644e8a1ac74fe73cf3b59feba61fb,"{""N"": 1, ""source_family"": ""N96_INDUCED_TRANSITION_LADDER_V1"", ""graph_hash"": ""0331dad0a9029b132d63bb9b1ddede5947c48855519a04db93b24baeb1dc6278"", ""source_hash"": ""a491b793e84c1e1b274a7012e3d86241c5344fabe6412f3ea99ebfd03ac603cf"", ""edges"": 0, ""degree_min"": 0, ""degree_max"": 0, ""degree_mean"": 0, ""degree_std"": 0.0, ""components"": 1, ""component_sizes"": [1], ""max_component"": 1, ""local_assignments"": 2, ""minfill_width"": 0, ""minfill_work"": 1, ""minfill_order"": [0], ""energy_bound"": 1, ""root_bound"": 2, ""crt_primes"": 1, ""arithmetic_burden"": 2, ""coefficient_bound"": ""2"", ""coupling_multiplicities"": {}, ""symmetry"": ""not assumed"", ""degree_signature"": [0]}"
66320ca6b1d8f1f904850b51,N001,a491b793e84c1e1b274a7012e3d86241c5344fabe6412f3ea99ebfd03ac603cf,0331dad0a9029b132d63bb9b1ddede5947c48855519a04db93b24baeb1dc6278,N96_INDUCED_TRANSITION_LADDER_V1,d0bca111f8628137adc4c16f123496dcdd1d590d06cb5d9acd68b39fe656fb97,[0],0476798373bf8bfcc1ed6a063e495a24bf1837f5b29529a2daa820cef02dd453,,variable_elimination,LOCAL_FLINT_CPU,LOCAL_SINGLE_COORDINATOR_FLINT_CPU,WARM_SAME_SOURCE,FRESH_EXACT_SOLVE_WITH_INTERNAL_CHECKS_EXCLUDES_EXTERNAL_VERIFICATION,0,0,0,1,0,0,1,d5207e6b84fbabee961e83f3860a3bacaca585acd736c092903cacdfff692450,FLINT_EXACT_POLYNOMIAL,1,COMPLETE,OBSERVED_PATTERN,True,2,0,0,CPU exact route includes its native polynomial readout/count checks; independently timed external verification excluded; no subprocess startup,deterministic retained-port-aware elimination or explicit component enumeration,,2.110004425048828e-05,0.0,0.0,0.0,,0.0,5.824898835271597e-05,0.0002577850827947259,0.0002577850827947259,0.0,4b81bcd82c3830903efe203e7489be4d519644e8a1ac74fe73cf3b59feba61fb,"{""N"": 1, ""source_family"": ""N96_INDUCED_TRANSITION_LADDER_V1"", ""graph_hash"": ""0331dad0a9029b132d63bb9b1ddede5947c48855519a04db93b24baeb1dc6278"", ""source_hash"": ""a491b793e84c1e1b274a7012e3d86241c5344fabe6412f3ea99ebfd03ac603cf"", ""edges"": 0, ""degree_min"": 0, ""degree_max"": 0, ""degree_mean"": 0, ""degree_std"": 0.0, ""components"": 1, ""component_sizes"": [1], ""max_component"": 1, ""local_assignments"": 2, ""minfill_width"": 0, ""minfill_work"": 1, ""minfill_order"": [0], ""energy_bound"": 1, ""root_bound"": 2, ""crt_primes"": 1, ""arithmetic_burden"": 2, ""coefficient_bound"": ""2"", ""coupling_multiplicities"": {}, ""symmetry"": ""not assumed"", ""degree_signature"": [0]}"
66320ca6b1d8f1f904850b51,N001,a491b793e84c1e1b274a7012e3d86241c5344fabe6412f3ea99ebfd03ac603cf,0331dad0a9029b132d63bb9b1ddede5947c48855519a04db93b24baeb1dc6278,N96_INDUCED_TRANSITION_LADDER_V1,d0bca111f8628137adc4c16f123496dcdd1d590d06cb5d9acd68b39fe656fb97,[0],0476798373bf8bfcc1ed6a063e495a24bf1837f5b29529a2daa820cef02dd453,,variable_elimination,LOCAL_FLINT_CPU,LOCAL_SINGLE_COORDINATOR_FLINT_CPU,WARM_SAME_SOURCE,FRESH_EXACT_SOLVE_WITH_INTERNAL_CHECKS_EXCLUDES_EXTERNAL_VERIFICATION,0,0,0,1,0,0,1,d5207e6b84fbabee961e83f3860a3bacaca585acd736c092903cacdfff692450,FLINT_EXACT_POLYNOMIAL,2,COMPLETE,OBSERVED_PATTERN,True,2,0,0,CPU exact route includes its native polynomial readout/count checks; independently timed external verification excluded; no subprocess startup,deterministic retained-port-aware elimination or explicit component enumeration,,2.110004425048828e-05,0.0,0.0,0.0,,0.0,5.7838973589241505e-05,0.0002681849291548133,0.0002681849291548133,0.0,4b81bcd82c3830903efe203e7489be4d519644e8a1ac74fe73cf3b59feba61fb,"{""N"": 1, ""source_family"": ""N96_INDUCED_TRANSITION_LADDER_V1"", ""graph_hash"": ""0331dad0a9029b132d63bb9b1ddede5947c48855519a04db93b24baeb1dc6278"", ""source_hash"": ""a491b793e84c1e1b274a7012e3d86241c5344fabe6412f3ea99ebfd03ac603cf"", ""edges"": 0, ""degree_min"": 0, ""degree_max"": 0, ""degree_mean"": 0, ""degree_std"": 0.0, ""components"": 1, ""component_sizes"": [1], ""max_component"": 1, ""local_assignments"": 2, ""minfill_width"": 0, ""minfill_work"": 1, ""minfill_order"": [0], ""energy_bound"": 1, ""root_bound"": 2, ""crt_primes"": 1, ""arithmetic_burden"": 2, ""coefficient_bound"": ""2"", ""coupling_multiplicities"": {}, ""symmetry"": ""not assumed"", ""degree_signature"": [0]}"
66320ca6b1d8f1f904850b51,N001,a491b793e84c1e1b274a7012e3d86241c5344fabe6412f3ea99ebfd03ac603cf,0331dad0a9029b132d63bb9b1ddede5947c48855519a04db93b24baeb1dc6278,N96_INDUCED_TRANSITION_LADDER_V1,d0bca111f8628137adc4c16f123496dcdd1d590d06cb5d9acd68b39fe656fb97,[0],33a459c0ec3a3cb01ffad11d0c12fdb726c6c4e258b373d70bab79ba8ffbf902,,components,LOCAL_FLINT_CPU,LOCAL_SINGLE_COORDINATOR_FLINT_CPU,WARM_SAME_SOURCE,FRESH_EXACT_SOLVE_WITH_INTERNAL_CHECKS_EXCLUDES_EXTERNAL_VERIFICATION,0,0,0,1,0,2,1,d5207e6b84fbabee961e83f3860a3bacaca585acd736c092903cacdfff692450,FLINT_EXACT_POLYNOMIAL,2,COMPLETE,OBSERVED_PATTERN,True,4,0,0,CPU exact route includes its native polynomial readout/count checks; independently timed external verification excluded; no subprocess startup,deterministic retained-port-aware elimination or explicit component enumeration,,2.110004425048828e-05,0.0,0.0,0.0,,0.0,0.00032232492230832577,0.0002423049882054329,0.0002423049882054329,0.0,4b81bcd82c3830903efe203e7489be4d519644e8a1ac74fe73cf3b59feba61fb,"{""N"": 1, ""source_family"": ""N96_INDUCED_TRANSITION_LADDER_V1"", ""graph_hash"": ""0331dad0a9029b132d63bb9b1ddede5947c48855519a04db93b24baeb1dc6278"", ""source_hash"": ""a491b793e84c1e1b274a7012e3d86241c5344fabe6412f3ea99ebfd03ac603cf"", ""edges"": 0, ""degree_min"": 0, ""degree_max"": 0, ""degree_mean"": 0, ""degree_std"": 0.0, ""components"": 1, ""component_sizes"": [1], ""max_component"": 1, ""local_assignments"": 2, ""minfill_width"": 0, ""minfill_work"": 1, ""minfill_order"": [0], ""energy_bound"": 1, ""root_bound"": 2, ""crt_primes"": 1, ""arithmetic_burden"": 2, ""coefficient_bound"": ""2"", ""coupling_multiplicities"": {}, ""symmetry"": ""not assumed"", ""degree_signature"": [0]}"
2093511581517a4caf2dfe94,N062,9f9c7be5ccc783511221060aaedb1206c06dbf858cd3b5d099d484ba7df44d1d,96e80047ca61dd214669a558f30f4c6012d133ce8a91fa1586564a534e4b4f05,N96_INDUCED_TRANSITION_LADDER_V1,f2f991d74dfbb2edf7f4475dcb7d82989de00a71e44bb11d4a6fbb49442577b6,"[0, 1, 2, 3]",a6187ec988bcc20c35e5937d7025bf86593d9e6682a7764a015c619c384b8161,,variable_elimination,LOCAL_FLINT_CPU,LOCAL_SINGLE_COORDINATOR_FLINT_CPU,WARM_NEW_SOURCE,FRESH_EXACT_SOLVE_WITH_INTERNAL_CHECKS_EXCLUDES_EXTERNAL_VERIFICATION,0,0,0,1,11,7539,2048,d5207e6b84fbabee961e83f3860a3bacaca585acd736c092903cacdfff692450,FLINT_EXACT_POLYNOMIAL,0,COMPLETE,OBSERVED_PATTERN,True,69136,0,0,CPU exact route includes its native polynomial readout/count checks; independently timed external verification excluded; no subprocess startup,deterministic retained-port-aware elimination or explicit component enumeration,,0.008069294039160013,0.0,0.0,0.0,,0.0,0.0025789040373638272,0.15839799703098834,0.15839799703098834,0.0,957b6843dfc17de2acb11b28497bdbfd936a0fa803fc5d453efb57843e2f54b1,"{""N"": 62, ""source_family"": ""N96_INDUCED_TRANSITION_LADDER_V1"", ""graph_hash"": ""96e80047ca61dd214669a558f30f4c6012d133ce8a91fa1586564a534e4b4f05"", ""source_hash"": ""9f9c7be5ccc783511221060aaedb1206c06dbf858cd3b5d099d484ba7df44d1d"", ""edges"": 98, ""degree_min"": 0, ""degree_max"": 5, ""degree_mean"": 3.161290322580645, ""degree_std"": 1.0347751569255124, ""components"": 2, ""component_sizes"": [1, 61], ""max_component"": 61, ""local_assignments"": 2305843009213693954, ""minfill_width"": 10, ""minfill_work"": 4390, ""minfill_order"": [25, 31, 1, 11, 12, 28, 32, 34, 37, 39, 42, 48, 52, 55, 60, 15, 20, 29, 36, 50, 0, 3, 6, 18, 21, 22, 27, 41, 43, 46, 59, 8, 54, 58, 17, 45, 23, 51, 7, 9, 35, 61, 26, 5, 10, 44, 24, 56, 40, 13, 49, 2, 4, 14, 16, 19, 30, 33, 38, 47, 53, 57], ""energy_bound"": 264, ""root_bound"": 512, ""crt_primes"": 3, ""arithmetic_burden"": 6743040, ""coefficient_bound"": ""4611686018427387904"", ""coupling_multiplicities"": {""3"": 22, ""-1"": 19, ""-2"": 18, ""1"": 18, ""-3"": 7, ""2"": 14}, ""symmetry"": ""not assumed"", ""degree_signature"": [0, 1, 2, 2, 2, 2, 2, 2, 2, 2, 2, 2, 2, 2, 2, 3, 3, 3, 3, 3, 3, 3, 3, 3, 3, 3, 3, 3, 3, 3, 3, 3, 3, 3, 3, 3, 3, 3, 3, 3, 3, 4, 4, 4, 4, 4, 4, 4, 4, 4, 4, 4, 4, 4, 4, 5, 5, 5, 5, 5, 5, 5]}"
2093511581517a4caf2dfe94,N062,9f9c7be5ccc783511221060aaedb1206c06dbf858cd3b5d099d484ba7df44d1d,96e80047ca61dd214669a558f30f4c6012d133ce8a91fa1586564a534e4b4f05,N96_INDUCED_TRANSITION_LADDER_V1,f2f991d74dfbb2edf7f4475dcb7d82989de00a71e44bb11d4a6fbb49442577b6,"[0, 1, 2, 3]",a6187ec988bcc20c35e5937d7025bf86593d9e6682a7764a015c619c384b8161,,variable_elimination,LOCAL_FLINT_CPU,LOCAL_SINGLE_COORDINATOR_FLINT_CPU,WARM_SAME_SOURCE,FRESH_EXACT_SOLVE_WITH_INTERNAL_CHECKS_EXCLUDES_EXTERNAL_VERIFICATION,0,0,0,1,11,7539,2048,d5207e6b84fbabee961e83f3860a3bacaca585acd736c092903cacdfff692450,FLINT_EXACT_POLYNOMIAL,1,COMPLETE,OBSERVED_PATTERN,True,69136,0,0,CPU exact route includes its native polynomial readout/count checks; independently timed external verification excluded; no subprocess startup,deterministic retained-port-aware elimination or explicit component enumeration,,0.008069294039160013,0.0,0.0,0.0,,0.0,0.0027397809317335486,0.12730647099670023,0.12730647099670023,0.0,957b6843dfc17de2acb11b28497bdbfd936a0fa803fc5d453efb57843e2f54b1,"{""N"": 62, ""source_family"": ""N96_INDUCED_TRANSITION_LADDER_V1"", ""graph_hash"": ""96e80047ca61dd214669a558f30f4c6012d133ce8a91fa1586564a534e4b4f05"", ""source_hash"": ""9f9c7be5ccc783511221060aaedb1206c06dbf858cd3b5d099d484ba7df44d1d"", ""edges"": 98, ""degree_min"": 0, ""degree_max"": 5, ""degree_mean"": 3.161290322580645, ""degree_std"": 1.0347751569255124, ""components"": 2, ""component_sizes"": [1, 61], ""max_component"": 61, ""local_assignments"": 2305843009213693954, ""minfill_width"": 10, ""minfill_work"": 4390, ""minfill_order"": [25, 31, 1, 11, 12, 28, 32, 34, 37, 39, 42, 48, 52, 55, 60, 15, 20, 29, 36, 50, 0, 3, 6, 18, 21, 22, 27, 41, 43, 46, 59, 8, 54, 58, 17, 45, 23, 51, 7, 9, 35, 61, 26, 5, 10, 44, 24, 56, 40, 13, 49, 2, 4, 14, 16, 19, 30, 33, 38, 47, 53, 57], ""energy_bound"": 264, ""root_bound"": 512, ""crt_primes"": 3, ""arithmetic_burden"": 6743040, ""coefficient_bound"": ""4611686018427387904"", ""coupling_multiplicities"": {""3"": 22, ""-1"": 19, ""-2"": 18, ""1"": 18, ""-3"": 7, ""2"": 14}, ""symmetry"": ""not assumed"", ""degree_signature"": [0, 1, 2, 2, 2, 2, 2, 2, 2, 2, 2, 2, 2, 2, 2, 3, 3, 3, 3, 3, 3, 3, 3, 3, 3, 3, 3, 3, 3, 3, 3, 3, 3, 3, 3, 3, 3, 3, 3, 3, 3, 4, 4, 4, 4, 4, 4, 4, 4, 4, 4, 4, 4, 4, 4, 5, 5, 5, 5, 5, 5, 5]}"
2093511581517a4caf2dfe94,N062,9f9c7be5ccc783511221060aaedb1206c06dbf858cd3b5d099d484ba7df44d1d,96e80047ca61dd214669a558f30f4c6012d133ce8a91fa1586564a534e4b4f05,N96_INDUCED_TRANSITION_LADDER_V1,f2f991d74dfbb2edf7f4475dcb7d82989de00a71e44bb11d4a6fbb49442577b6,"[0, 1, 2, 3]",a6187ec988bcc20c35e5937d7025bf86593d9e6682a7764a015c619c384b8161,,variable_elimination,LOCAL_FLINT_CPU,LOCAL_SINGLE_COORDINATOR_FLINT_CPU,WARM_SAME_SOURCE,FRESH_EXACT_SOLVE_WITH_INTERNAL_CHECKS_EXCLUDES_EXTERNAL_VERIFICATION,0,0,0,1,11,7539,2048,d5207e6b84fbabee961e83f3860a3bacaca585acd736c092903cacdfff692450,FLINT_EXACT_POLYNOMIAL,2,COMPLETE,OBSERVED_PATTERN,True,69136,0,0,CPU exact route includes its native polynomial readout/count checks; independently timed external verification excluded; no subprocess startup,deterministic retained-port-aware elimination or explicit component enumeration,,0.008069294039160013,0.0,0.0,0.0,,0.0,0.0024914940586313605,0.12317216699011624,0.12317216699011624,0.0,957b6843dfc17de2acb11b28497bdbfd936a0fa803fc5d453efb57843e2f54b1,"{""N"": 62, ""source_family"": ""N96_INDUCED_TRANSITION_LADDER_V1"", ""graph_hash"": ""96e80047ca61dd214669a558f30f4c6012d133ce8a91fa1586564a534e4b4f05"", ""source_hash"": ""9f9c7be5ccc783511221060aaedb1206c06dbf858cd3b5d099d484ba7df44d1d"", ""edges"": 98, ""degree_min"": 0, ""degree_max"": 5, ""degree_mean"": 3.161290322580645, ""degree_std"": 1.0347751569255124, ""components"": 2, ""component_sizes"": [1, 61], ""max_component"": 61, ""local_assignments"": 2305843009213693954, ""minfill_width"": 10, ""minfill_work"": 4390, ""minfill_order"": [25, 31, 1, 11, 12, 28, 32, 34, 37, 39, 42, 48, 52, 55, 60, 15, 20, 29, 36, 50, 0, 3, 6, 18, 21, 22, 27, 41, 43, 46, 59, 8, 54, 58, 17, 45, 23, 51, 7, 9, 35, 61, 26, 5, 10, 44, 24, 56, 40, 13, 49, 2, 4, 14, 16, 19, 30, 33, 38, 47, 53, 57], ""energy_bound"": 264, ""root_bound"": 512, ""crt_primes"": 3, ""arithmetic_burden"": 6743040, ""coefficient_bound"": ""4611686018427387904"", ""coupling_multiplicities"": {""3"": 22, ""-1"": 19, ""-2"": 18, ""1"": 18, ""-3"": 7, ""2"": 14}, ""symmetry"": ""not assumed"", ""degree_signature"": [0, 1, 2, 2, 2, 2, 2, 2, 2, 2, 2, 2, 2, 2, 2, 3, 3, 3, 3, 3, 3, 3, 3, 3, 3, 3, 3, 3, 3, 3, 3, 3, 3, 3, 3, 3, 3, 3, 3, 3, 3, 4, 4, 4, 4, 4, 4, 4, 4, 4, 4, 4, 4, 4, 4, 5, 5, 5, 5, 5, 5, 5]}"
7d31292ac6576affec95ea6d,N002,99c151a7f54c9f60633fb0580f3836cc4fccdbca6f9762c6376ef037b21b6eeb,97cae03cf91610ceacc7f88e7f97637763d4a96f50c9da364fc8d3ee33768940,N96_INDUCED_TRANSITION_LADDER_V1,463f2998327eb3a694145e6014444480b2235be84aa6cfd57871cc64f1cd816c,"[0, 1]",e6c1233557627924599194e5d68e01d256613e30b5d2cd853d78bf36567f530f,,variable_elimination,LOCAL_FLINT_CPU,LOCAL_SINGLE_COORDINATOR_FLINT_CPU,WARM_NEW_SOURCE,FRESH_EXACT_SOLVE_WITH_INTERNAL_CHECKS_EXCLUDES_EXTERNAL_VERIFICATION,0,0,0,1,0,0,1,d5207e6b84fbabee961e83f3860a3bacaca585acd736c092903cacdfff692450,FLINT_EXACT_POLYNOMIAL,0,COMPLETE,OBSERVED_PATTERN,True,12,0,0,CPU exact route includes its native polynomial readout/count checks; independently timed external verification excluded; no subprocess startup,deterministic retained-port-aware elimination or explicit component enumeration,,2.0939973182976246e-05,0.0,0.0,0.0,,0.0,0.00010157900396734476,0.0006323279812932014,0.0006323279812932014,0.0,efb2a1a6486f49d0fce704a52bd1d22fa69a0660ce48e346d9649be033ba3a2e,"{""N"": 2, ""source_family"": ""N96_INDUCED_TRANSITION_LADDER_V1"", ""graph_hash"": ""97cae03cf91610ceacc7f88e7f97637763d4a96f50c9da364fc8d3ee33768940"", ""source_hash"": ""99c151a7f54c9f60633fb0580f3836cc4fccdbca6f9762c6376ef037b21b6eeb"", ""edges"": 1, ""degree_min"": 1, ""degree_max"": 1, ""degree_mean"": 1, ""degree_std"": 0.0, ""components"": 1, ""component_sizes"": [2], ""max_component"": 2, ""local_assignments"": 4, ""minfill_width"": 1, ""minfill_work"": 3, ""minfill_order"": [0, 1], ""energy_bound"": 6, ""root_bound"": 8, ""crt_primes"": 1, ""arithmetic_burden"": 24, ""coefficient_bound"": ""4"", ""coupling_multiplicities"": {""3"": 1}, ""symmetry"": ""not assumed"", ""degree_signature"": [1, 1]}"
7d31292ac6576affec95ea6d,N002,99c151a7f54c9f60633fb0580f3836cc4fccdbca6f9762c6376ef037b21b6eeb,97cae03cf91610ceacc7f88e7f97637763d4a96f50c9da364fc8d3ee33768940,N96_INDUCED_TRANSITION_LADDER_V1,463f2998327eb3a694145e6014444480b2235be84aa6cfd57871cc64f1cd816c,"[0, 1]",5e421e53853ca38985c6afde7f61d222d407bc4ff6c9d98432de726541f2ae51,,components,LOCAL_FLINT_CPU,LOCAL_SINGLE_COORDINATOR_FLINT_CPU,WARM_NEW_SOURCE,FRESH_EXACT_SOLVE_WITH_INTERNAL_CHECKS_EXCLUDES_EXTERNAL_VERIFICATION,0,0,0,1,1,4,2,d5207e6b84fbabee961e83f3860a3bacaca585acd736c092903cacdfff692450,FLINT_EXACT_POLYNOMIAL,0,COMPLETE,OBSERVED_PATTERN,True,8,0,0,CPU exact route includes its native polynomial readout/count checks; independently timed external verification excluded; no subprocess startup,deterministic retained-port-aware elimination or explicit component enumeration,,2.0939973182976246e-05,0.0,0.0,0.0,,0.0,7.996801286935806e-05,0.0003461940214037895,0.0003461940214037895,0.0,efb2a1a6486f49d0fce704a52bd1d22fa69a0660ce48e346d9649be033ba3a2e,"{""N"": 2, ""source_family"": ""N96_INDUCED_TRANSITION_LADDER_V1"", ""graph_hash"": ""97cae03cf91610ceacc7f88e7f97637763d4a96f50c9da364fc8d3ee33768940"", ""source_hash"": ""99c151a7f54c9f60633fb0580f3836cc4fccdbca6f9762c6376ef037b21b6eeb"", ""edges"": 1, ""degree_min"": 1, ""degree_max"": 1, ""degree_mean"": 1, ""degree_std"": 0.0, ""components"": 1, ""component_sizes"": [2], ""max_component"": 2, ""local_assignments"": 4, ""minfill_width"": 1, ""minfill_work"": 3, ""minfill_order"": [0, 1], ""energy_bound"": 6, ""root_bound"": 8, ""crt_primes"": 1, ""arithmetic_burden"": 24, ""coefficient_bound"": ""4"", ""coupling_multiplicities"": {""3"": 1}, ""symmetry"": ""not assumed"", ""degree_signature"": [1, 1]}"
7d31292ac6576affec95ea6d,N002,99c151a7f54c9f60633fb0580f3836cc4fccdbca6f9762c6376ef037b21b6eeb,97cae03cf91610ceacc7f88e7f97637763d4a96f50c9da364fc8d3ee33768940,N96_INDUCED_TRANSITION_LADDER_V1,463f2998327eb3a694145e6014444480b2235be84aa6cfd57871cc64f1cd816c,"[0, 1]",5e421e53853ca38985c6afde7f61d222d407bc4ff6c9d98432de726541f2ae51,,components,LOCAL_FLINT_CPU,LOCAL_SINGLE_COORDINATOR_FLINT_CPU,WARM_SAME_SOURCE,FRESH_EXACT_SOLVE_WITH_INTERNAL_CHECKS_EXCLUDES_EXTERNAL_VERIFICATION,0,0,0,1,1,4,2,d5207e6b84fbabee961e83f3860a3bacaca585acd736c092903cacdfff692450,FLINT_EXACT_POLYNOMIAL,1,COMPLETE,OBSERVED_PATTERN,True,8,0,0,CPU exact route includes its native polynomial readout/count checks; independently timed external verification excluded; no subprocess startup,deterministic retained-port-aware elimination or explicit component enumeration,,2.0939973182976246e-05,0.0,0.0,0.0,,0.0,7.907894905656576e-05,0.0003036640118807554,0.0003036640118807554,0.0,efb2a1a6486f49d0fce704a52bd1d22fa69a0660ce48e346d9649be033ba3a2e,"{""N"": 2, ""source_family"": ""N96_INDUCED_TRANSITION_LADDER_V1"", ""graph_hash"": ""97cae03cf91610ceacc7f88e7f97637763d4a96f50c9da364fc8d3ee33768940"", ""source_hash"": ""99c151a7f54c9f60633fb0580f3836cc4fccdbca6f9762c6376ef037b21b6eeb"", ""edges"": 1, ""degree_min"": 1, ""degree_max"": 1, ""degree_mean"": 1, ""degree_std"": 0.0, ""components"": 1, ""component_sizes"": [2], ""max_component"": 2, ""local_assignments"": 4, ""minfill_width"": 1, ""minfill_work"": 3, ""minfill_order"": [0, 1], ""energy_bound"": 6, ""root_bound"": 8, ""crt_primes"": 1, ""arithmetic_burden"": 24, ""coefficient_bound"": ""4"", ""coupling_multiplicities"": {""3"": 1}, ""symmetry"": ""not assumed"", ""degree_signature"": [1, 1]}"
7d31292ac6576affec95ea6d,N002,99c151a7f54c9f60633fb0580f3836cc4fccdbca6f9762c6376ef037b21b6eeb,97cae03cf91610ceacc7f88e7f97637763d4a96f50c9da364fc8d3ee33768940,N96_INDUCED_TRANSITION_LADDER_V1,463f2998327eb3a694145e6014444480b2235be84aa6cfd57871cc64f1cd816c,"[0, 1]",e6c1233557627924599194e5d68e01d256613e30b5d2cd853d78bf36567f530f,,variable_elimination,LOCAL_FLINT_CPU,LOCAL_SINGLE_COORDINATOR_FLINT_CPU,WARM_SAME_SOURCE,FRESH_EXACT_SOLVE_WITH_INTERNAL_CHECKS_EXCLUDES_EXTERNAL_VERIFICATION,0,0,0,1,0,0,1,d5207e6b84fbabee961e83f3860a3bacaca585acd736c092903cacdfff692450,FLINT_EXACT_POLYNOMIAL,1,COMPLETE,OBSERVED_PATTERN,True,12,0,0,CPU exact route includes its native polynomial readout/count checks; independently timed external verification excluded; no subprocess startup,deterministic retained-port-aware elimination or explicit component enumeration,,2.0939973182976246e-05,0.0,0.0,0.0,,0.0,7.749802898615599e-05,0.0003562639467418194,0.0003562639467418194,0.0,efb2a1a6486f49d0fce704a52bd1d22fa69a0660ce48e346d9649be033ba3a2e,"{""N"": 2, ""source_family"": ""N96_INDUCED_TRANSITION_LADDER_V1"", ""graph_hash"": ""97cae03cf91610ceacc7f88e7f97637763d4a96f50c9da364fc8d3ee33768940"", ""source_hash"": ""99c151a7f54c9f60633fb0580f3836cc4fccdbca6f9762c6376ef037b21b6eeb"", ""edges"": 1, ""degree_min"": 1, ""degree_max"": 1, ""degree_mean"": 1, ""degree_std"": 0.0, ""components"": 1, ""component_sizes"": [2], ""max_component"": 2, ""local_assignments"": 4, ""minfill_width"": 1, ""minfill_work"": 3, ""minfill_order"": [0, 1], ""energy_bound"": 6, ""root_bound"": 8, ""crt_primes"": 1, ""arithmetic_burden"": 24, ""coefficient_bound"": ""4"", ""coupling_multiplicities"": {""3"": 1}, ""symmetry"": ""not assumed"", ""degree_signature"": [1, 1]}"
7d31292ac6576affec95ea6d,N002,99c151a7f54c9f60633fb0580f3836cc4fccdbca6f9762c6376ef037b21b6eeb,97cae03cf91610ceacc7f88e7f97637763d4a96f50c9da364fc8d3ee33768940,N96_INDUCED_TRANSITION_LADDER_V1,463f2998327eb3a694145e6014444480b2235be84aa6cfd57871cc64f1cd816c,"[0, 1]",e6c1233557627924599194e5d68e01d256613e30b5d2cd853d78bf36567f530f,,variable_elimination,LOCAL_FLINT_CPU,LOCAL_SINGLE_COORDINATOR_FLINT_CPU,WARM_SAME_SOURCE,FRESH_EXACT_SOLVE_WITH_INTERNAL_CHECKS_EXCLUDES_EXTERNAL_VERIFICATION,0,0,0,1,0,0,1,d5207e6b84fbabee961e83f3860a3bacaca585acd736c092903cacdfff692450,FLINT_EXACT_POLYNOMIAL,2,COMPLETE,OBSERVED_PATTERN,True,12,0,0,CPU exact route includes its native polynomial readout/count checks; independently timed external verification excluded; no subprocess startup,deterministic retained-port-aware elimination or explicit component enumeration,,2.0939973182976246e-05,0.0,0.0,0.0,,0.0,8.214893750846386e-05,0.0003525729989632964,0.0003525729989632964,0.0,efb2a1a6486f49d0fce704a52bd1d22fa69a0660ce48e346d9649be033ba3a2e,"{""N"": 2, ""source_family"": ""N96_INDUCED_TRANSITION_LADDER_V1"", ""graph_hash"": ""97cae03cf91610ceacc7f88e7f97637763d4a96f50c9da364fc8d3ee33768940"", ""source_hash"": ""99c151a7f54c9f60633fb0580f3836cc4fccdbca6f9762c6376ef037b21b6eeb"", ""edges"": 1, ""degree_min"": 1, ""degree_max"": 1, ""degree_mean"": 1, ""degree_std"": 0.0, ""components"": 1, ""component_sizes"": [2], ""max_component"": 2, ""local_assignments"": 4, ""minfill_width"": 1, ""minfill_work"": 3, ""minfill_order"": [0, 1], ""energy_bound"": 6, ""root_bound"": 8, ""crt_primes"": 1, ""arithmetic_burden"": 24, ""coefficient_bound"": ""4"", ""coupling_multiplicities"": {""3"": 1}, ""symmetry"": ""not assumed"", ""degree_signature"": [1, 1]}"
7d31292ac6576affec95ea6d,N002,99c151a7f54c9f60633fb0580f3836cc4fccdbca6f9762c6376ef037b21b6eeb,97cae03cf91610ceacc7f88e7f97637763d4a96f50c9da364fc8d3ee33768940,N96_INDUCED_TRANSITION_LADDER_V1,463f2998327eb3a694145e6014444480b2235be84aa6cfd57871cc64f1cd816c,"[0, 1]",5e421e53853ca38985c6afde7f61d222d407bc4ff6c9d98432de726541f2ae51,,components,LOCAL_FLINT_CPU,LOCAL_SINGLE_COORDINATOR_FLINT_CPU,WARM_SAME_SOURCE,FRESH_EXACT_SOLVE_WITH_INTERNAL_CHECKS_EXCLUDES_EXTERNAL_VERIFICATION,0,0,0,1,1,4,2,d5207e6b84fbabee961e83f3860a3bacaca585acd736c092903cacdfff692450,FLINT_EXACT_POLYNOMIAL,2,COMPLETE,OBSERVED_PATTERN,True,8,0,0,CPU exact route includes its native polynomial readout/count checks; independently timed external verification excluded; no subprocess startup,deterministic retained-port-aware elimination or explicit component enumeration,,2.0939973182976246e-05,0.0,0.0,0.0,,0.0,7.817894220352173e-05,0.00032107403967529535,0.00032107403967529535,0.0,efb2a1a6486f49d0fce704a52bd1d22fa69a0660ce48e346d9649be033ba3a2e,"{""N"": 2, ""source_family"": ""N96_INDUCED_TRANSITION_LADDER_V1"", ""graph_hash"": ""97cae03cf91610ceacc7f88e7f97637763d4a96f50c9da364fc8d3ee33768940"", ""source_hash"": ""99c151a7f54c9f60633fb0580f3836cc4fccdbca6f9762c6376ef037b21b6eeb"", ""edges"": 1, ""degree_min"": 1, ""degree_max"": 1, ""degree_mean"": 1, ""degree_std"": 0.0, ""components"": 1, ""component_sizes"": [2], ""max_component"": 2, ""local_assignments"": 4, ""minfill_width"": 1, ""minfill_work"": 3, ""minfill_order"": [0, 1], ""energy_bound"": 6, ""root_bound"": 8, ""crt_primes"": 1, ""arithmetic_burden"": 24, ""coefficient_bound"": ""4"", ""coupling_multiplicities"": {""3"": 1}, ""symmetry"": ""not assumed"", ""degree_signature"": [1, 1]}"
656b319c978448374b81284d,N100_gauge,42c452fa693d1ad60ac7fc9d3a81f59829dfe174216303b8233ef35fe7b5e84e,c62eb2201d2340f94936ce9409a2512b6eaffe942047bcd56cb2e9c704863dd1,N100_P2_PACKET_PLUS_DEPTH_V1 -> explicit gauge,46f1f2fd7b1710ed745060e45f24f9db60f681e8010208e52e657f6e531da178,"[0, 1, 60, 61]",d69bd6258512ad66c4e76cc837633ff7a602bb0b4177a9b0afd9035e929dc008,,components,LOCAL_FLINT_CPU,LOCAL_SINGLE_COORDINATOR_FLINT_CPU,WARM_NEW_SOURCE,FRESH_EXACT_SOLVE_WITH_INTERNAL_CHECKS_EXCLUDES_EXTERNAL_VERIFICATION,0,0,0,1,14,165920,16384,d5207e6b84fbabee961e83f3860a3bacaca585acd736c092903cacdfff692450,FLINT_EXACT_POLYNOMIAL,0,COMPLETE,OBSERVED_PATTERN,True,166048,0,0,CPU exact route includes its native polynomial readout/count checks; independently timed external verification excluded; no subprocess startup,deterministic retained-port-aware elimination or explicit component enumeration,,0.008361467975191772,0.0,0.0,0.0,,0.0,0.0029152670176699758,0.2239073000382632,0.2239073000382632,0.0,45ae55d159c40898521456621459eac673cf146e56c2bd155b7165d77cadb992,"{""N"": 100, ""source_family"": ""POD14_GAUGE_VARIANT"", ""graph_hash"": ""c62eb2201d2340f94936ce9409a2512b6eaffe942047bcd56cb2e9c704863dd1"", ""source_hash"": ""42c452fa693d1ad60ac7fc9d3a81f59829dfe174216303b8233ef35fe7b5e84e"", ""edges"": 260, ""degree_min"": 4, ""degree_max"": 6, ""degree_mean"": 5.2, ""degree_std"": 0.5099019513592785, ""components"": 8, ""component_sizes"": [5, 10, 10, 15, 15, 15, 15, 15], ""max_component"": 15, ""local_assignments"": 165920, ""minfill_width"": 5, ""minfill_work"": 2168, ""minfill_order"": [39, 40, 41, 86, 87, 0, 1, 2, 60, 61, 3, 4, 5, 62, 63, 6, 7, 8, 64, 65, 9, 10, 11, 66, 67, 12, 13, 14, 68, 69, 15, 16, 17, 70, 36, 37, 38, 71, 84, 85, 18, 19, 20, 72, 42, 43, 44, 73, 88, 89, 21, 22, 23, 74, 45, 46, 47, 75, 90, 91, 24, 25, 26, 76, 48, 49, 50, 77, 92, 93, 27, 28, 29, 78, 51, 52, 53, 79, 94, 95, 30, 31, 32, 80, 54, 55, 56, 81, 96, 97, 33, 34, 35, 82, 57, 58, 59, 83, 98, 99], ""energy_bound"": 260, ""root_bound"": 512, ""crt_primes"": 4, ""arithmetic_burden"": 4440064, ""coefficient_bound"": ""1267650600228229401496703205376"", ""coupling_multiplicities"": {""1"": 138, ""-1"": 122}, ""symmetry"": ""not assumed"", ""degree_signature"": [4, 4, 4, 4, 4, 5, 5, 5, 5, 5, 5, 5, 5, 5, 5, 5, 5, 5, 5, 5, 5, 5, 5, 5, 5, 5, 5, 5, 5, 5, 5, 5, 5, 5, 5, 5, 5, 5, 5, 5, 5, 5, 5, 5, 5, 5, 5, 5, 5, 5, 5, 5, 5, 5, 5, 5, 5, 5, 5, 5, 5, 5, 5, 5, 5, 5, 5, 5, 5, 5, 5, 5, 5, 5, 5, 6, 6, 6, 6, 6, 6, 6, 6, 6, 6, 6, 6, 6, 6, 6, 6, 6, 6, 6, 6, 6, 6, 6, 6, 6]}"
656b319c978448374b81284d,N100_gauge,42c452fa693d1ad60ac7fc9d3a81f59829dfe174216303b8233ef35fe7b5e84e,c62eb2201d2340f94936ce9409a2512b6eaffe942047bcd56cb2e9c704863dd1,N100_P2_PACKET_PLUS_DEPTH_V1 -> explicit gauge,46f1f2fd7b1710ed745060e45f24f9db60f681e8010208e52e657f6e531da178,"[0, 1, 60, 61]",493472f62777b19ea0494bbace23c44bbdd844acbcc9e46853c1ad48d1b6af41,,variable_elimination,LOCAL_FLINT_CPU,LOCAL_SINGLE_COORDINATOR_FLINT_CPU,WARM_NEW_SOURCE,FRESH_EXACT_SOLVE_WITH_INTERNAL_CHECKS_EXCLUDES_EXTERNAL_VERIFICATION,0,0,0,1,5,2153,32,d5207e6b84fbabee961e83f3860a3bacaca585acd736c092903cacdfff692450,FLINT_EXACT_POLYNOMIAL,0,COMPLETE,OBSERVED_PATTERN,True,26658,0,0,CPU exact route includes its native polynomial readout/count checks; independently timed external verification excluded; no subprocess startup,deterministic retained-port-aware elimination or explicit component enumeration,,0.008361467975191772,0.0,0.0,0.0,,0.0,0.0023971860064193606,0.023155031027272344,0.023155031027272344,0.0,45ae55d159c40898521456621459eac673cf146e56c2bd155b7165d77cadb992,"{""N"": 100, ""source_family"": ""POD14_GAUGE_VARIANT"", ""graph_hash"": ""c62eb2201d2340f94936ce9409a2512b6eaffe942047bcd56cb2e9c704863dd1"", ""source_hash"": ""42c452fa693d1ad60ac7fc9d3a81f59829dfe174216303b8233ef35fe7b5e84e"", ""edges"": 260, ""degree_min"": 4, ""degree_max"": 6, ""degree_mean"": 5.2, ""degree_std"": 0.5099019513592785, ""components"": 8, ""component_sizes"": [5, 10, 10, 15, 15, 15, 15, 15], ""max_component"": 15, ""local_assignments"": 165920, ""minfill_width"": 5, ""minfill_work"": 2168, ""minfill_order"": [39, 40, 41, 86, 87, 0, 1, 2, 60, 61, 3, 4, 5, 62, 63, 6, 7, 8, 64, 65, 9, 10, 11, 66, 67, 12, 13, 14, 68, 69, 15, 16, 17, 70, 36, 37, 38, 71, 84, 85, 18, 19, 20, 72, 42, 43, 44, 73, 88, 89, 21, 22, 23, 74, 45, 46, 47, 75, 90, 91, 24, 25, 26, 76, 48, 49, 50, 77, 92, 93, 27, 28, 29, 78, 51, 52, 53, 79, 94, 95, 30, 31, 32, 80, 54, 55, 56, 81, 96, 97, 33, 34, 35, 82, 57, 58, 59, 83, 98, 99], ""energy_bound"": 260, ""root_bound"": 512, ""crt_primes"": 4, ""arithmetic_burden"": 4440064, ""coefficient_bound"": ""1267650600228229401496703205376"", ""coupling_multiplicities"": {""1"": 138, ""-1"": 122}, ""symmetry"": ""not assumed"", ""degree_signature"": [4, 4, 4, 4, 4, 5, 5, 5, 5, 5, 5, 5, 5, 5, 5, 5, 5, 5, 5, 5, 5, 5, 5, 5, 5, 5, 5, 5, 5, 5, 5, 5, 5, 5, 5, 5, 5, 5, 5, 5, 5, 5, 5, 5, 5, 5, 5, 5, 5, 5, 5, 5, 5, 5, 5, 5, 5, 5, 5, 5, 5, 5, 5, 5, 5, 5, 5, 5, 5, 5, 5, 5, 5, 5, 5, 6, 6, 6, 6, 6, 6, 6, 6, 6, 6, 6, 6, 6, 6, 6, 6, 6, 6, 6, 6, 6, 6, 6, 6, 6]}"
656b319c978448374b81284d,N100_gauge,42c452fa693d1ad60ac7fc9d3a81f59829dfe174216303b8233ef35fe7b5e84e,c62eb2201d2340f94936ce9409a2512b6eaffe942047bcd56cb2e9c704863dd1,N100_P2_PACKET_PLUS_DEPTH_V1 -> explicit gauge,46f1f2fd7b1710ed745060e45f24f9db60f681e8010208e52e657f6e531da178,"[0, 1, 60, 61]",493472f62777b19ea0494bbace23c44bbdd844acbcc9e46853c1ad48d1b6af41,,variable_elimination,LOCAL_FLINT_CPU,LOCAL_SINGLE_COORDINATOR_FLINT_CPU,WARM_SAME_SOURCE,FRESH_EXACT_SOLVE_WITH_INTERNAL_CHECKS_EXCLUDES_EXTERNAL_VERIFICATION,0,0,0,1,5,2153,32,d5207e6b84fbabee961e83f3860a3bacaca585acd736c092903cacdfff692450,FLINT_EXACT_POLYNOMIAL,1,COMPLETE,OBSERVED_PATTERN,True,26658,0,0,CPU exact route includes its native polynomial readout/count checks; independently timed external verification excluded; no subprocess startup,deterministic retained-port-aware elimination or explicit component enumeration,,0.008361467975191772,0.0,0.0,0.0,,0.0,0.0024230070412158966,0.0230071620317176,0.0230071620317176,0.0,45ae55d159c40898521456621459eac673cf146e56c2bd155b7165d77cadb992,"{""N"": 100, ""source_family"": ""POD14_GAUGE_VARIANT"", ""graph_hash"": ""c62eb2201d2340f94936ce9409a2512b6eaffe942047bcd56cb2e9c704863dd1"", ""source_hash"": ""42c452fa693d1ad60ac7fc9d3a81f59829dfe174216303b8233ef35fe7b5e84e"", ""edges"": 260, ""degree_min"": 4, ""degree_max"": 6, ""degree_mean"": 5.2, ""degree_std"": 0.5099019513592785, ""components"": 8, ""component_sizes"": [5, 10, 10, 15, 15, 15, 15, 15], ""max_component"": 15, ""local_assignments"": 165920, ""minfill_width"": 5, ""minfill_work"": 2168, ""minfill_order"": [39, 40, 41, 86, 87, 0, 1, 2, 60, 61, 3, 4, 5, 62, 63, 6, 7, 8, 64, 65, 9, 10, 11, 66, 67, 12, 13, 14, 68, 69, 15, 16, 17, 70, 36, 37, 38, 71, 84, 85, 18, 19, 20, 72, 42, 43, 44, 73, 88, 89, 21, 22, 23, 74, 45, 46, 47, 75, 90, 91, 24, 25, 26, 76, 48, 49, 50, 77, 92, 93, 27, 28, 29, 78, 51, 52, 53, 79, 94, 95, 30, 31, 32, 80, 54, 55, 56, 81, 96, 97, 33, 34, 35, 82, 57, 58, 59, 83, 98, 99], ""energy_bound"": 260, ""root_bound"": 512, ""crt_primes"": 4, ""arithmetic_burden"": 4440064, ""coefficient_bound"": ""1267650600228229401496703205376"", ""coupling_multiplicities"": {""1"": 138, ""-1"": 122}, ""symmetry"": ""not assumed"", ""degree_signature"": [4, 4, 4, 4, 4, 5, 5, 5, 5, 5, 5, 5, 5, 5, 5, 5, 5, 5, 5, 5, 5, 5, 5, 5, 5, 5, 5, 5, 5, 5, 5, 5, 5, 5, 5, 5, 5, 5, 5, 5, 5, 5, 5, 5, 5, 5, 5, 5, 5, 5, 5, 5, 5, 5, 5, 5, 5, 5, 5, 5, 5, 5, 5, 5, 5, 5, 5, 5, 5, 5, 5, 5, 5, 5, 5, 6, 6, 6, 6, 6, 6, 6, 6, 6, 6, 6, 6, 6, 6, 6, 6, 6, 6, 6, 6, 6, 6, 6, 6, 6]}"
656b319c978448374b81284d,N100_gauge,42c452fa693d1ad60ac7fc9d3a81f59829dfe174216303b8233ef35fe7b5e84e,c62eb2201d2340f94936ce9409a2512b6eaffe942047bcd56cb2e9c704863dd1,N100_P2_PACKET_PLUS_DEPTH_V1 -> explicit gauge,46f1f2fd7b1710ed745060e45f24f9db60f681e8010208e52e657f6e531da178,"[0, 1, 60, 61]",d69bd6258512ad66c4e76cc837633ff7a602bb0b4177a9b0afd9035e929dc008,,components,LOCAL_FLINT_CPU,LOCAL_SINGLE_COORDINATOR_FLINT_CPU,WARM_SAME_SOURCE,FRESH_EXACT_SOLVE_WITH_INTERNAL_CHECKS_EXCLUDES_EXTERNAL_VERIFICATION,0,0,0,1,14,165920,16384,d5207e6b84fbabee961e83f3860a3bacaca585acd736c092903cacdfff692450,FLINT_EXACT_POLYNOMIAL,1,COMPLETE,OBSERVED_PATTERN,True,166048,0,0,CPU exact route includes its native polynomial readout/count checks; independently timed external verification excluded; no subprocess startup,deterministic retained-port-aware elimination or explicit component enumeration,,0.008361467975191772,0.0,0.0,0.0,,0.0,0.0029378270264714956,0.2217818379867822,0.2217818379867822,0.0,45ae55d159c40898521456621459eac673cf146e56c2bd155b7165d77cadb992,"{""N"": 100, ""source_family"": ""POD14_GAUGE_VARIANT"", ""graph_hash"": ""c62eb2201d2340f94936ce9409a2512b6eaffe942047bcd56cb2e9c704863dd1"", ""source_hash"": ""42c452fa693d1ad60ac7fc9d3a81f59829dfe174216303b8233ef35fe7b5e84e"", ""edges"": 260, ""degree_min"": 4, ""degree_max"": 6, ""degree_mean"": 5.2, ""degree_std"": 0.5099019513592785, ""components"": 8, ""component_sizes"": [5, 10, 10, 15, 15, 15, 15, 15], ""max_component"": 15, ""local_assignments"": 165920, ""minfill_width"": 5, ""minfill_work"": 2168, ""minfill_order"": [39, 40, 41, 86, 87, 0, 1, 2, 60, 61, 3, 4, 5, 62, 63, 6, 7, 8, 64, 65, 9, 10, 11, 66, 67, 12, 13, 14, 68, 69, 15, 16, 17, 70, 36, 37, 38, 71, 84, 85, 18, 19, 20, 72, 42, 43, 44, 73, 88, 89, 21, 22, 23, 74, 45, 46, 47, 75, 90, 91, 24, 25, 26, 76, 48, 49, 50, 77, 92, 93, 27, 28, 29, 78, 51, 52, 53, 79, 94, 95, 30, 31, 32, 80, 54, 55, 56, 81, 96, 97, 33, 34, 35, 82, 57, 58, 59, 83, 98, 99], ""energy_bound"": 260, ""root_bound"": 512, ""crt_primes"": 4, ""arithmetic_burden"": 4440064, ""coefficient_bound"": ""1267650600228229401496703205376"", ""coupling_multiplicities"": {""1"": 138, ""-1"": 122}, ""symmetry"": ""not assumed"", ""degree_signature"": [4, 4, 4, 4, 4, 5, 5, 5, 5, 5, 5, 5, 5, 5, 5, 5, 5, 5, 5, 5, 5, 5, 5, 5, 5, 5, 5, 5, 5, 5, 5, 5, 5, 5, 5, 5, 5, 5, 5, 5, 5, 5, 5, 5, 5, 5, 5, 5, 5, 5, 5, 5, 5, 5, 5, 5, 5, 5, 5, 5, 5, 5, 5, 5, 5, 5, 5, 5, 5, 5, 5, 5, 5, 5, 5, 6, 6, 6, 6, 6, 6, 6, 6, 6, 6, 6, 6, 6, 6, 6, 6, 6, 6, 6, 6, 6, 6, 6, 6, 6]}"
656b319c978448374b81284d,N100_gauge,42c452fa693d1ad60ac7fc9d3a81f59829dfe174216303b8233ef35fe7b5e84e,c62eb2201d2340f94936ce9409a2512b6eaffe942047bcd56cb2e9c704863dd1,N100_P2_PACKET_PLUS_DEPTH_V1 -> explicit gauge,46f1f2fd7b1710ed745060e45f24f9db60f681e8010208e52e657f6e531da178,"[0, 1, 60, 61]",d69bd6258512ad66c4e76cc837633ff7a602bb0b4177a9b0afd9035e929dc008,,components,LOCAL_FLINT_CPU,LOCAL_SINGLE_COORDINATOR_FLINT_CPU,WARM_SAME_SOURCE,FRESH_EXACT_SOLVE_WITH_INTERNAL_CHECKS_EXCLUDES_EXTERNAL_VERIFICATION,0,0,0,1,14,165920,16384,d5207e6b84fbabee961e83f3860a3bacaca585acd736c092903cacdfff692450,FLINT_EXACT_POLYNOMIAL,2,COMPLETE,OBSERVED_PATTERN,True,166048,0,0,CPU exact route includes its native polynomial readout/count checks; independently timed external verification excluded; no subprocess startup,deterministic retained-port-aware elimination or explicit component enumeration,,0.008361467975191772,0.0,0.0,0.0,,0.0,0.002949276939034462,0.22428894299082458,0.22428894299082458,0.0,45ae55d159c40898521456621459eac673cf146e56c2bd155b7165d77cadb992,"{""N"": 100, ""source_family"": ""POD14_GAUGE_VARIANT"", ""graph_hash"": ""c62eb2201d2340f94936ce9409a2512b6eaffe942047bcd56cb2e9c704863dd1"", ""source_hash"": ""42c452fa693d1ad60ac7fc9d3a81f59829dfe174216303b8233ef35fe7b5e84e"", ""edges"": 260, ""degree_min"": 4, ""degree_max"": 6, ""degree_mean"": 5.2, ""degree_std"": 0.5099019513592785, ""components"": 8, ""component_sizes"": [5, 10, 10, 15, 15, 15, 15, 15], ""max_component"": 15, ""local_assignments"": 165920, ""minfill_width"": 5, ""minfill_work"": 2168, ""minfill_order"": [39, 40, 41, 86, 87, 0, 1, 2, 60, 61, 3, 4, 5, 62, 63, 6, 7, 8, 64, 65, 9, 10, 11, 66, 67, 12, 13, 14, 68, 69, 15, 16, 17, 70, 36, 37, 38, 71, 84, 85, 18, 19, 20, 72, 42, 43, 44, 73, 88, 89, 21, 22, 23, 74, 45, 46, 47, 75, 90, 91, 24, 25, 26, 76, 48, 49, 50, 77, 92, 93, 27, 28, 29, 78, 51, 52, 53, 79, 94, 95, 30, 31, 32, 80, 54, 55, 56, 81, 96, 97, 33, 34, 35, 82, 57, 58, 59, 83, 98, 99], ""energy_bound"": 260, ""root_bound"": 512, ""crt_primes"": 4, ""arithmetic_burden"": 4440064, ""coefficient_bound"": ""1267650600228229401496703205376"", ""coupling_multiplicities"": {""1"": 138, ""-1"": 122}, ""symmetry"": ""not assumed"", ""degree_signature"": [4, 4, 4, 4, 4, 5, 5, 5, 5, 5, 5, 5, 5, 5, 5, 5, 5, 5, 5, 5, 5, 5, 5, 5, 5, 5, 5, 5, 5, 5, 5, 5, 5, 5, 5, 5, 5, 5, 5, 5, 5, 5, 5, 5, 5, 5, 5, 5, 5, 5, 5, 5, 5, 5, 5, 5, 5, 5, 5, 5, 5, 5, 5, 5, 5, 5, 5, 5, 5, 5, 5, 5, 5, 5, 5, 6, 6, 6, 6, 6, 6, 6, 6, 6, 6, 6, 6, 6, 6, 6, 6, 6, 6, 6, 6, 6, 6, 6, 6, 6]}"
656b319c978448374b81284d,N100_gauge,42c452fa693d1ad60ac7fc9d3a81f59829dfe174216303b8233ef35fe7b5e84e,c62eb2201d2340f94936ce9409a2512b6eaffe942047bcd56cb2e9c704863dd1,N100_P2_PACKET_PLUS_DEPTH_V1 -> explicit gauge,46f1f2fd7b1710ed745060e45f24f9db60f681e8010208e52e657f6e531da178,"[0, 1, 60, 61]",493472f62777b19ea0494bbace23c44bbdd844acbcc9e46853c1ad48d1b6af41,,variable_elimination,LOCAL_FLINT_CPU,LOCAL_SINGLE_COORDINATOR_FLINT_CPU,WARM_SAME_SOURCE,FRESH_EXACT_SOLVE_WITH_INTERNAL_CHECKS_EXCLUDES_EXTERNAL_VERIFICATION,0,0,0,1,5,2153,32,d5207e6b84fbabee961e83f3860a3bacaca585acd736c092903cacdfff692450,FLINT_EXACT_POLYNOMIAL,2,COMPLETE,OBSERVED_PATTERN,True,26658,0,0,CPU exact route includes its native polynomial readout/count checks; independently timed external verification excluded; no subprocess startup,deterministic retained-port-aware elimination or explicit component enumeration,,0.008361467975191772,0.0,0.0,0.0,,0.0,0.0023880769731476903,0.02291134395636618,0.02291134395636618,0.0,45ae55d159c40898521456621459eac673cf146e56c2bd155b7165d77cadb992,"{""N"": 100, ""source_family"": ""POD14_GAUGE_VARIANT"", ""graph_hash"": ""c62eb2201d2340f94936ce9409a2512b6eaffe942047bcd56cb2e9c704863dd1"", ""source_hash"": ""42c452fa693d1ad60ac7fc9d3a81f59829dfe174216303b8233ef35fe7b5e84e"", ""edges"": 260, ""degree_min"": 4, ""degree_max"": 6, ""degree_mean"": 5.2, ""degree_std"": 0.5099019513592785, ""components"": 8, ""component_sizes"": [5, 10, 10, 15, 15, 15, 15, 15], ""max_component"": 15, ""local_assignments"": 165920, ""minfill_width"": 5, ""minfill_work"": 2168, ""minfill_order"": [39, 40, 41, 86, 87, 0, 1, 2, 60, 61, 3, 4, 5, 62, 63, 6, 7, 8, 64, 65, 9, 10, 11, 66, 67, 12, 13, 14, 68, 69, 15, 16, 17, 70, 36, 37, 38, 71, 84, 85, 18, 19, 20, 72, 42, 43, 44, 73, 88, 89, 21, 22, 23, 74, 45, 46, 47, 75, 90, 91, 24, 25, 26, 76, 48, 49, 50, 77, 92, 93, 27, 28, 29, 78, 51, 52, 53, 79, 94, 95, 30, 31, 32, 80, 54, 55, 56, 81, 96, 97, 33, 34, 35, 82, 57, 58, 59, 83, 98, 99], ""energy_bound"": 260, ""root_bound"": 512, ""crt_primes"": 4, ""arithmetic_burden"": 4440064, ""coefficient_bound"": ""1267650600228229401496703205376"", ""coupling_multiplicities"": {""1"": 138, ""-1"": 122}, ""symmetry"": ""not assumed"", ""degree_signature"": [4, 4, 4, 4, 4, 5, 5, 5, 5, 5, 5, 5, 5, 5, 5, 5, 5, 5, 5, 5, 5, 5, 5, 5, 5, 5, 5, 5, 5, 5, 5, 5, 5, 5, 5, 5, 5, 5, 5, 5, 5, 5, 5, 5, 5, 5, 5, 5, 5, 5, 5, 5, 5, 5, 5, 5, 5, 5, 5, 5, 5, 5, 5, 5, 5, 5, 5, 5, 5, 5, 5, 5, 5, 5, 5, 6, 6, 6, 6, 6, 6, 6, 6, 6, 6, 6, 6, 6, 6, 6, 6, 6, 6, 6, 6, 6, 6, 6, 6, 6]}"
ee85f4e88647473ccf0c63eb,N105_gauge,5b920ecce1021ebc617011ee79931361d4a17ba761c89065b38158cd41baa3c6,4ec2cf6a1a5b8b4870b5c68a85fc1f09e4d65f4fc0b5d16dd74e84af99c9ae55,N105_P9G0_HISTORICAL_PACKET_RESTORATION_V1 -> explicit gauge,46f1f2fd7b1710ed745060e45f24f9db60f681e8010208e52e657f6e531da178,"[0, 1, 60, 61]",bef613246d3215f31f01665f48b7507791c765bb3ba565784369286cac2c21f0,,components,LOCAL_FLINT_CPU,LOCAL_SINGLE_COORDINATOR_FLINT_CPU,WARM_NEW_SOURCE,FRESH_EXACT_SOLVE_WITH_INTERNAL_CHECKS_EXCLUDES_EXTERNAL_VERIFICATION,0,0,0,1,14,166912,16384,d5207e6b84fbabee961e83f3860a3bacaca585acd736c092903cacdfff692450,FLINT_EXACT_POLYNOMIAL,0,COMPLETE,OBSERVED_PATTERN,True,167040,0,0,CPU exact route includes its native polynomial readout/count checks; independently timed external verification excluded; no subprocess startup,deterministic retained-port-aware elimination or explicit component enumeration,,0.023342436994425952,0.0,0.0,0.0,,0.0,0.003095214022323489,0.24274081899784505,0.24274081899784505,0.0,a24eb6ef43f062acc4392cb32854e837eba54e1674dd1f18474ff70523c869d3,"{""N"": 105, ""source_family"": ""POD14_GAUGE_VARIANT"", ""graph_hash"": ""4ec2cf6a1a5b8b4870b5c68a85fc1f09e4d65f4fc0b5d16dd74e84af99c9ae55"", ""source_hash"": ""5b920ecce1021ebc617011ee79931361d4a17ba761c89065b38158cd41baa3c6"", ""edges"": 275, ""degree_min"": 5, ""degree_max"": 6, ""degree_mean"": 5.238095238095238, ""degree_std"": 0.4259177099999599, ""components"": 8, ""component_sizes"": [10, 10, 10, 15, 15, 15, 15, 15], ""max_component"": 15, ""local_assignments"": 166912, ""minfill_width"": 5, ""minfill_work"": 2328, ""minfill_order"": [0, 1, 2, 60, 61, 3, 4, 5, 62, 63, 6, 7, 8, 64, 65, 9, 10, 11, 66, 67, 12, 13, 14, 68, 69, 15, 16, 17, 70, 36, 37, 38, 71, 84, 85, 18, 19, 20, 72, 42, 43, 44, 73, 88, 89, 21, 22, 23, 74, 45, 46, 47, 75, 90, 91, 24, 25, 26, 76, 48, 49, 50, 77, 92, 93, 27, 28, 29, 78, 51, 52, 53, 79, 94, 95, 30, 31, 32, 80, 54, 55, 56, 81, 96, 97, 33, 34, 35, 82, 57, 58, 59, 83, 98, 99, 39, 40, 41, 86, 87, 100, 101, 102, 103, 104], ""energy_bound"": 275, ""root_bound"": 512, ""crt_primes"": 4, ""arithmetic_burden"": 4767744, ""coefficient_bound"": ""40564819207303340847894502572032"", ""coupling_multiplicities"": {""1"": 146, ""-1"": 129}, ""symmetry"": ""not assumed"", ""degree_signature"": [5, 5, 5, 5, 5, 5, 5, 5, 5, 5, 5, 5, 5, 5, 5, 5, 5, 5, 5, 5, 5, 5, 5, 5, 5, 5, 5, 5, 5, 5, 5, 5, 5, 5, 5, 5, 5, 5, 5, 5, 5, 5, 5, 5, 5, 5, 5, 5, 5, 5, 5, 5, 5, 5, 5, 5, 5, 5, 5, 5, 5, 5, 5, 5, 5, 5, 5, 5, 5, 5, 5, 5, 5, 5, 5, 5, 5, 5, 5, 5, 6, 6, 6, 6, 6, 6, 6, 6, 6, 6, 6, 6, 6, 6, 6, 6, 6, 6, 6, 6, 6, 6, 6, 6, 6]}"
ee85f4e88647473ccf0c63eb,N105_gauge,5b920ecce1021ebc617011ee79931361d4a17ba761c89065b38158cd41baa3c6,4ec2cf6a1a5b8b4870b5c68a85fc1f09e4d65f4fc0b5d16dd74e84af99c9ae55,N105_P9G0_HISTORICAL_PACKET_RESTORATION_V1 -> explicit gauge,46f1f2fd7b1710ed745060e45f24f9db60f681e8010208e52e657f6e531da178,"[0, 1, 60, 61]",31e489ab097a0cd0b8e41acc88ca0113f0b9a801003c0b0617c8eb0359dfe1e1,,variable_elimination,LOCAL_FLINT_CPU,LOCAL_SINGLE_COORDINATOR_FLINT_CPU,WARM_NEW_SOURCE,FRESH_EXACT_SOLVE_WITH_INTERNAL_CHECKS_EXCLUDES_EXTERNAL_VERIFICATION,0,0,0,1,5,2313,32,d5207e6b84fbabee961e83f3860a3bacaca585acd736c092903cacdfff692450,FLINT_EXACT_POLYNOMIAL,0,COMPLETE,OBSERVED_PATTERN,True,28546,0,0,CPU exact route includes its native polynomial readout/count checks; independently timed external verification excluded; no subprocess startup,deterministic retained-port-aware elimination or explicit component enumeration,,0.023342436994425952,0.0,0.0,0.0,,0.0,0.0023380370112136006,0.027534201042726636,0.027534201042726636,0.0,a24eb6ef43f062acc4392cb32854e837eba54e1674dd1f18474ff70523c869d3,"{""N"": 105, ""source_family"": ""POD14_GAUGE_VARIANT"", ""graph_hash"": ""4ec2cf6a1a5b8b4870b5c68a85fc1f09e4d65f4fc0b5d16dd74e84af99c9ae55"", ""source_hash"": ""5b920ecce1021ebc617011ee79931361d4a17ba761c89065b38158cd41baa3c6"", ""edges"": 275, ""degree_min"": 5, ""degree_max"": 6, ""degree_mean"": 5.238095238095238, ""degree_std"": 0.4259177099999599, ""components"": 8, ""component_sizes"": [10, 10, 10, 15, 15, 15, 15, 15], ""max_component"": 15, ""local_assignments"": 166912, ""minfill_width"": 5, ""minfill_work"": 2328, ""minfill_order"": [0, 1, 2, 60, 61, 3, 4, 5, 62, 63, 6, 7, 8, 64, 65, 9, 10, 11, 66, 67, 12, 13, 14, 68, 69, 15, 16, 17, 70, 36, 37, 38, 71, 84, 85, 18, 19, 20, 72, 42, 43, 44, 73, 88, 89, 21, 22, 23, 74, 45, 46, 47, 75, 90, 91, 24, 25, 26, 76, 48, 49, 50, 77, 92, 93, 27, 28, 29, 78, 51, 52, 53, 79, 94, 95, 30, 31, 32, 80, 54, 55, 56, 81, 96, 97, 33, 34, 35, 82, 57, 58, 59, 83, 98, 99, 39, 40, 41, 86, 87, 100, 101, 102, 103, 104], ""energy_bound"": 275, ""root_bound"": 512, ""crt_primes"": 4, ""arithmetic_burden"": 4767744, ""coefficient_bound"": ""40564819207303340847894502572032"", ""coupling_multiplicities"": {""1"": 146, ""-1"": 129}, ""symmetry"": ""not assumed"", ""degree_signature"": [5, 5, 5, 5, 5, 5, 5, 5, 5, 5, 5, 5, 5, 5, 5, 5, 5, 5, 5, 5, 5, 5, 5, 5, 5, 5, 5, 5, 5, 5, 5, 5, 5, 5, 5, 5, 5, 5, 5, 5, 5, 5, 5, 5, 5, 5, 5, 5, 5, 5, 5, 5, 5, 5, 5, 5, 5, 5, 5, 5, 5, 5, 5, 5, 5, 5, 5, 5, 5, 5, 5, 5, 5, 5, 5, 5, 5, 5, 5, 5, 6, 6, 6, 6, 6, 6, 6, 6, 6, 6, 6, 6, 6, 6, 6, 6, 6, 6, 6, 6, 6, 6, 6, 6, 6]}"
ee85f4e88647473ccf0c63eb,N105_gauge,5b920ecce1021ebc617011ee79931361d4a17ba761c89065b38158cd41baa3c6,4ec2cf6a1a5b8b4870b5c68a85fc1f09e4d65f4fc0b5d16dd74e84af99c9ae55,N105_P9G0_HISTORICAL_PACKET_RESTORATION_V1 -> explicit gauge,46f1f2fd7b1710ed745060e45f24f9db60f681e8010208e52e657f6e531da178,"[0, 1, 60, 61]",31e489ab097a0cd0b8e41acc88ca0113f0b9a801003c0b0617c8eb0359dfe1e1,,variable_elimination,LOCAL_FLINT_CPU,LOCAL_SINGLE_COORDINATOR_FLINT_CPU,WARM_SAME_SOURCE,FRESH_EXACT_SOLVE_WITH_INTERNAL_CHECKS_EXCLUDES_EXTERNAL_VERIFICATION,0,0,0,1,5,2313,32,d5207e6b84fbabee961e83f3860a3bacaca585acd736c092903cacdfff692450,FLINT_EXACT_POLYNOMIAL,1,COMPLETE,OBSERVED_PATTERN,True,28546,0,0,CPU exact route includes its native polynomial readout/count checks; independently timed external verification excluded; no subprocess startup,deterministic retained-port-aware elimination or explicit component enumeration,,0.023342436994425952,0.0,0.0,0.0,,0.0,0.002562793903052807,0.02450112602673471,0.02450112602673471,0.0,a24eb6ef43f062acc4392cb32854e837eba54e1674dd1f18474ff70523c869d3,"{""N"": 105, ""source_family"": ""POD14_GAUGE_VARIANT"", ""graph_hash"": ""4ec2cf6a1a5b8b4870b5c68a85fc1f09e4d65f4fc0b5d16dd74e84af99c9ae55"", ""source_hash"": ""5b920ecce1021ebc617011ee79931361d4a17ba761c89065b38158cd41baa3c6"", ""edges"": 275, ""degree_min"": 5, ""degree_max"": 6, ""degree_mean"": 5.238095238095238, ""degree_std"": 0.4259177099999599, ""components"": 8, ""component_sizes"": [10, 10, 10, 15, 15, 15, 15, 15], ""max_component"": 15, ""local_assignments"": 166912, ""minfill_width"": 5, ""minfill_work"": 2328, ""minfill_order"": [0, 1, 2, 60, 61, 3, 4, 5, 62, 63, 6, 7, 8, 64, 65, 9, 10, 11, 66, 67, 12, 13, 14, 68, 69, 15, 16, 17, 70, 36, 37, 38, 71, 84, 85, 18, 19, 20, 72, 42, 43, 44, 73, 88, 89, 21, 22, 23, 74, 45, 46, 47, 75, 90, 91, 24, 25, 26, 76, 48, 49, 50, 77, 92, 93, 27, 28, 29, 78, 51, 52, 53, 79, 94, 95, 30, 31, 32, 80, 54, 55, 56, 81, 96, 97, 33, 34, 35, 82, 57, 58, 59, 83, 98, 99, 39, 40, 41, 86, 87, 100, 101, 102, 103, 104], ""energy_bound"": 275, ""root_bound"": 512, ""crt_primes"": 4, ""arithmetic_burden"": 4767744, ""coefficient_bound"": ""40564819207303340847894502572032"", ""coupling_multiplicities"": {""1"": 146, ""-1"": 129}, ""symmetry"": ""not assumed"", ""degree_signature"": [5, 5, 5, 5, 5, 5, 5, 5, 5, 5, 5, 5, 5, 5, 5, 5, 5, 5, 5, 5, 5, 5, 5, 5, 5, 5, 5, 5, 5, 5, 5, 5, 5, 5, 5, 5, 5, 5, 5, 5, 5, 5, 5, 5, 5, 5, 5, 5, 5, 5, 5, 5, 5, 5, 5, 5, 5, 5, 5, 5, 5, 5, 5, 5, 5, 5, 5, 5, 5, 5, 5, 5, 5, 5, 5, 5, 5, 5, 5, 5, 6, 6, 6, 6, 6, 6, 6, 6, 6, 6, 6, 6, 6, 6, 6, 6, 6, 6, 6, 6, 6, 6, 6, 6, 6]}"
ee85f4e88647473ccf0c63eb,N105_gauge,5b920ecce1021ebc617011ee79931361d4a17ba761c89065b38158cd41baa3c6,4ec2cf6a1a5b8b4870b5c68a85fc1f09e4d65f4fc0b5d16dd74e84af99c9ae55,N105_P9G0_HISTORICAL_PACKET_RESTORATION_V1 -> explicit gauge,46f1f2fd7b1710ed745060e45f24f9db60f681e8010208e52e657f6e531da178,"[0, 1, 60, 61]",bef613246d3215f31f01665f48b7507791c765bb3ba565784369286cac2c21f0,,components,LOCAL_FLINT_CPU,LOCAL_SINGLE_COORDINATOR_FLINT_CPU,WARM_SAME_SOURCE,FRESH_EXACT_SOLVE_WITH_INTERNAL_CHECKS_EXCLUDES_EXTERNAL_VERIFICATION,0,0,0,1,14,166912,16384,d5207e6b84fbabee961e83f3860a3bacaca585acd736c092903cacdfff692450,FLINT_EXACT_POLYNOMIAL,1,COMPLETE,OBSERVED_PATTERN,True,167040,0,0,CPU exact route includes its native polynomial readout/count checks; independently timed external verification excluded; no subprocess startup,deterministic retained-port-aware elimination or explicit component enumeration,,0.023342436994425952,0.0,0.0,0.0,,0.0,0.0030374249909073114,0.2259793720440939,0.2259793720440939,0.0,a24eb6ef43f062acc4392cb32854e837eba54e1674dd1f18474ff70523c869d3,"{""N"": 105, ""source_family"": ""POD14_GAUGE_VARIANT"", ""graph_hash"": ""4ec2cf6a1a5b8b4870b5c68a85fc1f09e4d65f4fc0b5d16dd74e84af99c9ae55"", ""source_hash"": ""5b920ecce1021ebc617011ee79931361d4a17ba761c89065b38158cd41baa3c6"", ""edges"": 275, ""degree_min"": 5, ""degree_max"": 6, ""degree_mean"": 5.238095238095238, ""degree_std"": 0.4259177099999599, ""components"": 8, ""component_sizes"": [10, 10, 10, 15, 15, 15, 15, 15], ""max_component"": 15, ""local_assignments"": 166912, ""minfill_width"": 5, ""minfill_work"": 2328, ""minfill_order"": [0, 1, 2, 60, 61, 3, 4, 5, 62, 63, 6, 7, 8, 64, 65, 9, 10, 11, 66, 67, 12, 13, 14, 68, 69, 15, 16, 17, 70, 36, 37, 38, 71, 84, 85, 18, 19, 20, 72, 42, 43, 44, 73, 88, 89, 21, 22, 23, 74, 45, 46, 47, 75, 90, 91, 24, 25, 26, 76, 48, 49, 50, 77, 92, 93, 27, 28, 29, 78, 51, 52, 53, 79, 94, 95, 30, 31, 32, 80, 54, 55, 56, 81, 96, 97, 33, 34, 35, 82, 57, 58, 59, 83, 98, 99, 39, 40, 41, 86, 87, 100, 101, 102, 103, 104], ""energy_bound"": 275, ""root_bound"": 512, ""crt_primes"": 4, ""arithmetic_burden"": 4767744, ""coefficient_bound"": ""40564819207303340847894502572032"", ""coupling_multiplicities"": {""1"": 146, ""-1"": 129}, ""symmetry"": ""not assumed"", ""degree_signature"": [5, 5, 5, 5, 5, 5, 5, 5, 5, 5, 5, 5, 5, 5, 5, 5, 5, 5, 5, 5, 5, 5, 5, 5, 5, 5, 5, 5, 5, 5, 5, 5, 5, 5, 5, 5, 5, 5, 5, 5, 5, 5, 5, 5, 5, 5, 5, 5, 5, 5, 5, 5, 5, 5, 5, 5, 5, 5, 5, 5, 5, 5, 5, 5, 5, 5, 5, 5, 5, 5, 5, 5, 5, 5, 5, 5, 5, 5, 5, 5, 6, 6, 6, 6, 6, 6, 6, 6, 6, 6, 6, 6, 6, 6, 6, 6, 6, 6, 6, 6, 6, 6, 6, 6, 6]}"
ee85f4e88647473ccf0c63eb,N105_gauge,5b920ecce1021ebc617011ee79931361d4a17ba761c89065b38158cd41baa3c6,4ec2cf6a1a5b8b4870b5c68a85fc1f09e4d65f4fc0b5d16dd74e84af99c9ae55,N105_P9G0_HISTORICAL_PACKET_RESTORATION_V1 -> explicit gauge,46f1f2fd7b1710ed745060e45f24f9db60f681e8010208e52e657f6e531da178,"[0, 1, 60, 61]",bef613246d3215f31f01665f48b7507791c765bb3ba565784369286cac2c21f0,,components,LOCAL_FLINT_CPU,LOCAL_SINGLE_COORDINATOR_FLINT_CPU,WARM_SAME_SOURCE,FRESH_EXACT_SOLVE_WITH_INTERNAL_CHECKS_EXCLUDES_EXTERNAL_VERIFICATION,0,0,0,1,14,166912,16384,d5207e6b84fbabee961e83f3860a3bacaca585acd736c092903cacdfff692450,FLINT_EXACT_POLYNOMIAL,2,COMPLETE,OBSERVED_PATTERN,True,167040,0,0,CPU exact route includes its native polynomial readout/count checks; independently timed external verification excluded; no subprocess startup,deterministic retained-port-aware elimination or explicit component enumeration,,0.023342436994425952,0.0,0.0,0.0,,0.0,0.003230912028811872,0.23326371097937226,0.23326371097937226,0.0,a24eb6ef43f062acc4392cb32854e837eba54e1674dd1f18474ff70523c869d3,"{""N"": 105, ""source_family"": ""POD14_GAUGE_VARIANT"", ""graph_hash"": ""4ec2cf6a1a5b8b4870b5c68a85fc1f09e4d65f4fc0b5d16dd74e84af99c9ae55"", ""source_hash"": ""5b920ecce1021ebc617011ee79931361d4a17ba761c89065b38158cd41baa3c6"", ""edges"": 275, ""degree_min"": 5, ""degree_max"": 6, ""degree_mean"": 5.238095238095238, ""degree_std"": 0.4259177099999599, ""components"": 8, ""component_sizes"": [10, 10, 10, 15, 15, 15, 15, 15], ""max_component"": 15, ""local_assignments"": 166912, ""minfill_width"": 5, ""minfill_work"": 2328, ""minfill_order"": [0, 1, 2, 60, 61, 3, 4, 5, 62, 63, 6, 7, 8, 64, 65, 9, 10, 11, 66, 67, 12, 13, 14, 68, 69, 15, 16, 17, 70, 36, 37, 38, 71, 84, 85, 18, 19, 20, 72, 42, 43, 44, 73, 88, 89, 21, 22, 23, 74, 45, 46, 47, 75, 90, 91, 24, 25, 26, 76, 48, 49, 50, 77, 92, 93, 27, 28, 29, 78, 51, 52, 53, 79, 94, 95, 30, 31, 32, 80, 54, 55, 56, 81, 96, 97, 33, 34, 35, 82, 57, 58, 59, 83, 98, 99, 39, 40, 41, 86, 87, 100, 101, 102, 103, 104], ""energy_bound"": 275, ""root_bound"": 512, ""crt_primes"": 4, ""arithmetic_burden"": 4767744, ""coefficient_bound"": ""40564819207303340847894502572032"", ""coupling_multiplicities"": {""1"": 146, ""-1"": 129}, ""symmetry"": ""not assumed"", ""degree_signature"": [5, 5, 5, 5, 5, 5, 5, 5, 5, 5, 5, 5, 5, 5, 5, 5, 5, 5, 5, 5, 5, 5, 5, 5, 5, 5, 5, 5, 5, 5, 5, 5, 5, 5, 5, 5, 5, 5, 5, 5, 5, 5, 5, 5, 5, 5, 5, 5, 5, 5, 5, 5, 5, 5, 5, 5, 5, 5, 5, 5, 5, 5, 5, 5, 5, 5, 5, 5, 5, 5, 5, 5, 5, 5, 5, 5, 5, 5, 5, 5, 6, 6, 6, 6, 6, 6, 6, 6, 6, 6, 6, 6, 6, 6, 6, 6, 6, 6, 6, 6, 6, 6, 6, 6, 6]}"
ee85f4e88647473ccf0c63eb,N105_gauge,5b920ecce1021ebc617011ee79931361d4a17ba761c89065b38158cd41baa3c6,4ec2cf6a1a5b8b4870b5c68a85fc1f09e4d65f4fc0b5d16dd74e84af99c9ae55,N105_P9G0_HISTORICAL_PACKET_RESTORATION_V1 -> explicit gauge,46f1f2fd7b1710ed745060e45f24f9db60f681e8010208e52e657f6e531da178,"[0, 1, 60, 61]",31e489ab097a0cd0b8e41acc88ca0113f0b9a801003c0b0617c8eb0359dfe1e1,,variable_elimination,LOCAL_FLINT_CPU,LOCAL_SINGLE_COORDINATOR_FLINT_CPU,WARM_SAME_SOURCE,FRESH_EXACT_SOLVE_WITH_INTERNAL_CHECKS_EXCLUDES_EXTERNAL_VERIFICATION,0,0,0,1,5,2313,32,d5207e6b84fbabee961e83f3860a3bacaca585acd736c092903cacdfff692450,FLINT_EXACT_POLYNOMIAL,2,COMPLETE,OBSERVED_PATTERN,True,28546,0,0,CPU exact route includes its native polynomial readout/count checks; independently timed external verification excluded; no subprocess startup,deterministic retained-port-aware elimination or explicit component enumeration,,0.023342436994425952,0.0,0.0,0.0,,0.0,0.0024986749049276114,0.025078085018321872,0.025078085018321872,0.0,a24eb6ef43f062acc4392cb32854e837eba54e1674dd1f18474ff70523c869d3,"{""N"": 105, ""source_family"": ""POD14_GAUGE_VARIANT"", ""graph_hash"": ""4ec2cf6a1a5b8b4870b5c68a85fc1f09e4d65f4fc0b5d16dd74e84af99c9ae55"", ""source_hash"": ""5b920ecce1021ebc617011ee79931361d4a17ba761c89065b38158cd41baa3c6"", ""edges"": 275, ""degree_min"": 5, ""degree_max"": 6, ""degree_mean"": 5.238095238095238, ""degree_std"": 0.4259177099999599, ""components"": 8, ""component_sizes"": [10, 10, 10, 15, 15, 15, 15, 15], ""max_component"": 15, ""local_assignments"": 166912, ""minfill_width"": 5, ""minfill_work"": 2328, ""minfill_order"": [0, 1, 2, 60, 61, 3, 4, 5, 62, 63, 6, 7, 8, 64, 65, 9, 10, 11, 66, 67, 12, 13, 14, 68, 69, 15, 16, 17, 70, 36, 37, 38, 71, 84, 85, 18, 19, 20, 72, 42, 43, 44, 73, 88, 89, 21, 22, 23, 74, 45, 46, 47, 75, 90, 91, 24, 25, 26, 76, 48, 49, 50, 77, 92, 93, 27, 28, 29, 78, 51, 52, 53, 79, 94, 95, 30, 31, 32, 80, 54, 55, 56, 81, 96, 97, 33, 34, 35, 82, 57, 58, 59, 83, 98, 99, 39, 40, 41, 86, 87, 100, 101, 102, 103, 104], ""energy_bound"": 275, ""root_bound"": 512, ""crt_primes"": 4, ""arithmetic_burden"": 4767744, ""coefficient_bound"": ""40564819207303340847894502572032"", ""coupling_multiplicities"": {""1"": 146, ""-1"": 129}, ""symmetry"": ""not assumed"", ""degree_signature"": [5, 5, 5, 5, 5, 5, 5, 5, 5, 5, 5, 5, 5, 5, 5, 5, 5, 5, 5, 5, 5, 5, 5, 5, 5, 5, 5, 5, 5, 5, 5, 5, 5, 5, 5, 5, 5, 5, 5, 5, 5, 5, 5, 5, 5, 5, 5, 5, 5, 5, 5, 5, 5, 5, 5, 5, 5, 5, 5, 5, 5, 5, 5, 5, 5, 5, 5, 5, 5, 5, 5, 5, 5, 5, 5, 5, 5, 5, 5, 5, 6, 6, 6, 6, 6, 6, 6, 6, 6, 6, 6, 6, 6, 6, 6, 6, 6, 6, 6, 6, 6, 6, 6, 6, 6]}"
c7353b471ef466777de47487,N046,e553cda8fc5e4e98fef9a3940a36be26bf809581ff3b19da8573c413e7a5bc07,a7b6c82673ddc4698b23379fc90c00df83cdbf07d7beda3dbb27e02af9739dce,N96_INDUCED_TRANSITION_LADDER_V1,f2f991d74dfbb2edf7f4475dcb7d82989de00a71e44bb11d4a6fbb49442577b6,"[0, 1, 2, 3]",a25c9f7e93665c61efd10f50b896b4e874a5546654ef24df8f507b80033df35f,,variable_elimination,LOCAL_FLINT_CPU,LOCAL_SINGLE_COORDINATOR_FLINT_CPU,WARM_NEW_SOURCE,FRESH_EXACT_SOLVE_WITH_INTERNAL_CHECKS_EXCLUDES_EXTERNAL_VERIFICATION,0,0,0,1,4,197,16,d5207e6b84fbabee961e83f3860a3bacaca585acd736c092903cacdfff692450,FLINT_EXACT_POLYNOMIAL,0,COMPLETE,OBSERVED_PATTERN,True,1980,0,0,CPU exact route includes its native polynomial readout/count checks; independently timed external verification excluded; no subprocess startup,deterministic retained-port-aware elimination or explicit component enumeration,,0.002510235062800348,0.0,0.0,0.0,,0.0,0.0031074739526957273,0.011337004019878805,0.011337004019878805,0.0,b966b887fa9413967d0bb8643889aaed092ab2c063a7e1958cecd36ee25fa351,"{""N"": 46, ""source_family"": ""N96_INDUCED_TRANSITION_LADDER_V1"", ""graph_hash"": ""a7b6c82673ddc4698b23379fc90c00df83cdbf07d7beda3dbb27e02af9739dce"", ""source_hash"": ""e553cda8fc5e4e98fef9a3940a36be26bf809581ff3b19da8573c413e7a5bc07"", ""edges"": 54, ""degree_min"": 0, ""degree_max"": 5, ""degree_mean"": 2.347826086956522, ""degree_std"": 1.127085338853541, ""components"": 4, ""component_sizes"": [1, 1, 1, 43], ""max_component"": 43, ""local_assignments"": 8796093022214, ""minfill_width"": 4, ""minfill_work"": 202, ""minfill_order"": [25, 31, 34, 23, 29, 12, 32, 21, 33, 36, 0, 1, 11, 14, 15, 20, 16, 35, 45, 2, 3, 17, 18, 22, 24, 27, 28, 30, 37, 38, 39, 41, 42, 43, 44, 10, 13, 19, 26, 4, 6, 5, 7, 8, 9, 40], ""energy_bound"": 161, ""root_bound"": 256, ""crt_primes"": 2, ""arithmetic_burden"": 103424, ""coefficient_bound"": ""70368744177664"", ""coupling_multiplicities"": {""3"": 14, ""-1"": 11, ""1"": 11, ""-2"": 10, ""-3"": 5, ""2"": 3}, ""symmetry"": ""not assumed"", ""degree_signature"": [0, 0, 0, 1, 1, 1, 1, 2, 2, 2, 2, 2, 2, 2, 2, 2, 2, 2, 2, 2, 2, 2, 2, 2, 2, 2, 2, 2, 2, 3, 3, 3, 3, 3, 3, 3, 3, 3, 3, 4, 4, 4, 4, 4, 5, 5]}"
c7353b471ef466777de47487,N046,e553cda8fc5e4e98fef9a3940a36be26bf809581ff3b19da8573c413e7a5bc07,a7b6c82673ddc4698b23379fc90c00df83cdbf07d7beda3dbb27e02af9739dce,N96_INDUCED_TRANSITION_LADDER_V1,f2f991d74dfbb2edf7f4475dcb7d82989de00a71e44bb11d4a6fbb49442577b6,"[0, 1, 2, 3]",a25c9f7e93665c61efd10f50b896b4e874a5546654ef24df8f507b80033df35f,,variable_elimination,LOCAL_FLINT_CPU,LOCAL_SINGLE_COORDINATOR_FLINT_CPU,WARM_SAME_SOURCE,FRESH_EXACT_SOLVE_WITH_INTERNAL_CHECKS_EXCLUDES_EXTERNAL_VERIFICATION,0,0,0,1,4,197,16,d5207e6b84fbabee961e83f3860a3bacaca585acd736c092903cacdfff692450,FLINT_EXACT_POLYNOMIAL,1,COMPLETE,OBSERVED_PATTERN,True,1980,0,0,CPU exact route includes its native polynomial readout/count checks; independently timed external verification excluded; no subprocess startup,deterministic retained-port-aware elimination or explicit component enumeration,,0.002510235062800348,0.0,0.0,0.0,,0.0,0.0022185100242495537,0.008014545077458024,0.008014545077458024,0.0,b966b887fa9413967d0bb8643889aaed092ab2c063a7e1958cecd36ee25fa351,"{""N"": 46, ""source_family"": ""N96_INDUCED_TRANSITION_LADDER_V1"", ""graph_hash"": ""a7b6c82673ddc4698b23379fc90c00df83cdbf07d7beda3dbb27e02af9739dce"", ""source_hash"": ""e553cda8fc5e4e98fef9a3940a36be26bf809581ff3b19da8573c413e7a5bc07"", ""edges"": 54, ""degree_min"": 0, ""degree_max"": 5, ""degree_mean"": 2.347826086956522, ""degree_std"": 1.127085338853541, ""components"": 4, ""component_sizes"": [1, 1, 1, 43], ""max_component"": 43, ""local_assignments"": 8796093022214, ""minfill_width"": 4, ""minfill_work"": 202, ""minfill_order"": [25, 31, 34, 23, 29, 12, 32, 21, 33, 36, 0, 1, 11, 14, 15, 20, 16, 35, 45, 2, 3, 17, 18, 22, 24, 27, 28, 30, 37, 38, 39, 41, 42, 43, 44, 10, 13, 19, 26, 4, 6, 5, 7, 8, 9, 40], ""energy_bound"": 161, ""root_bound"": 256, ""crt_primes"": 2, ""arithmetic_burden"": 103424, ""coefficient_bound"": ""70368744177664"", ""coupling_multiplicities"": {""3"": 14, ""-1"": 11, ""1"": 11, ""-2"": 10, ""-3"": 5, ""2"": 3}, ""symmetry"": ""not assumed"", ""degree_signature"": [0, 0, 0, 1, 1, 1, 1, 2, 2, 2, 2, 2, 2, 2, 2, 2, 2, 2, 2, 2, 2, 2, 2, 2, 2, 2, 2, 2, 2, 3, 3, 3, 3, 3, 3, 3, 3, 3, 3, 4, 4, 4, 4, 4, 5, 5]}"
c7353b471ef466777de47487,N046,e553cda8fc5e4e98fef9a3940a36be26bf809581ff3b19da8573c413e7a5bc07,a7b6c82673ddc4698b23379fc90c00df83cdbf07d7beda3dbb27e02af9739dce,N96_INDUCED_TRANSITION_LADDER_V1,f2f991d74dfbb2edf7f4475dcb7d82989de00a71e44bb11d4a6fbb49442577b6,"[0, 1, 2, 3]",a25c9f7e93665c61efd10f50b896b4e874a5546654ef24df8f507b80033df35f,,variable_elimination,LOCAL_FLINT_CPU,LOCAL_SINGLE_COORDINATOR_FLINT_CPU,WARM_SAME_SOURCE,FRESH_EXACT_SOLVE_WITH_INTERNAL_CHECKS_EXCLUDES_EXTERNAL_VERIFICATION,0,0,0,1,4,197,16,d5207e6b84fbabee961e83f3860a3bacaca585acd736c092903cacdfff692450,FLINT_EXACT_POLYNOMIAL,2,COMPLETE,OBSERVED_PATTERN,True,1980,0,0,CPU exact route includes its native polynomial readout/count checks; independently timed external verification excluded; no subprocess startup,deterministic retained-port-aware elimination or explicit component enumeration,,0.002510235062800348,0.0,0.0,0.0,,0.0,0.0017126980237662792,0.007777389022521675,0.007777389022521675,0.0,b966b887fa9413967d0bb8643889aaed092ab2c063a7e1958cecd36ee25fa351,"{""N"": 46, ""source_family"": ""N96_INDUCED_TRANSITION_LADDER_V1"", ""graph_hash"": ""a7b6c82673ddc4698b23379fc90c00df83cdbf07d7beda3dbb27e02af9739dce"", ""source_hash"": ""e553cda8fc5e4e98fef9a3940a36be26bf809581ff3b19da8573c413e7a5bc07"", ""edges"": 54, ""degree_min"": 0, ""degree_max"": 5, ""degree_mean"": 2.347826086956522, ""degree_std"": 1.127085338853541, ""components"": 4, ""component_sizes"": [1, 1, 1, 43], ""max_component"": 43, ""local_assignments"": 8796093022214, ""minfill_width"": 4, ""minfill_work"": 202, ""minfill_order"": [25, 31, 34, 23, 29, 12, 32, 21, 33, 36, 0, 1, 11, 14, 15, 20, 16, 35, 45, 2, 3, 17, 18, 22, 24, 27, 28, 30, 37, 38, 39, 41, 42, 43, 44, 10, 13, 19, 26, 4, 6, 5, 7, 8, 9, 40], ""energy_bound"": 161, ""root_bound"": 256, ""crt_primes"": 2, ""arithmetic_burden"": 103424, ""coefficient_bound"": ""70368744177664"", ""coupling_multiplicities"": {""3"": 14, ""-1"": 11, ""1"": 11, ""-2"": 10, ""-3"": 5, ""2"": 3}, ""symmetry"": ""not assumed"", ""degree_signature"": [0, 0, 0, 1, 1, 1, 1, 2, 2, 2, 2, 2, 2, 2, 2, 2, 2, 2, 2, 2, 2, 2, 2, 2, 2, 2, 2, 2, 2, 3, 3, 3, 3, 3, 3, 3, 3, 3, 3, 4, 4, 4, 4, 4, 5, 5]}"
0f4fe3d06d61087e63fa7a7b,N049,f48f595ee6300e1a762892c3901a5cdbdd34dc3f4a1918d3fcd6256a9cdbb470,775cbd076297a897e52717d2efe48a45326514c6da25360976f2a18334aad76d,N96_INDUCED_TRANSITION_LADDER_V1,f2f991d74dfbb2edf7f4475dcb7d82989de00a71e44bb11d4a6fbb49442577b6,"[0, 1, 2, 3]",73f23c15232a6c0c005627fb295ad72fe6b7811861357c5cd7c7f5d08a62fbcc,,variable_elimination,LOCAL_FLINT_CPU,LOCAL_SINGLE_COORDINATOR_FLINT_CPU,WARM_NEW_SOURCE,FRESH_EXACT_SOLVE_WITH_INTERNAL_CHECKS_EXCLUDES_EXTERNAL_VERIFICATION,0,0,0,1,5,302,32,d5207e6b84fbabee961e83f3860a3bacaca585acd736c092903cacdfff692450,FLINT_EXACT_POLYNOMIAL,0,COMPLETE,OBSERVED_PATTERN,True,2928,0,0,CPU exact route includes its native polynomial readout/count checks; independently timed external verification excluded; no subprocess startup,deterministic retained-port-aware elimination or explicit component enumeration,,0.0029709860682487488,0.0,0.0,0.0,,0.0,0.0035069769946858287,0.014724593027494848,0.014724593027494848,0.0,3628d7d94a9d01b2c834ae9a67b089bba37499f9807235af3d12b615af206342,"{""N"": 49, ""source_family"": ""N96_INDUCED_TRANSITION_LADDER_V1"", ""graph_hash"": ""775cbd076297a897e52717d2efe48a45326514c6da25360976f2a18334aad76d"", ""source_hash"": ""f48f595ee6300e1a762892c3901a5cdbdd34dc3f4a1918d3fcd6256a9cdbb470"", ""edges"": 60, ""degree_min"": 0, ""degree_max"": 5, ""degree_mean"": 2.4489795918367347, ""degree_std"": 1.0702131103777057, ""components"": 3, ""component_sizes"": [1, 1, 47], ""max_component"": 47, ""local_assignments"": 140737488355332, ""minfill_width"": 5, ""minfill_work"": 281, ""minfill_order"": [25, 31, 23, 29, 12, 32, 21, 34, 46, 33, 36, 0, 1, 11, 14, 15, 20, 16, 45, 2, 17, 18, 24, 27, 28, 35, 37, 38, 39, 42, 43, 44, 47, 48, 10, 13, 4, 6, 19, 22, 30, 5, 3, 7, 8, 9, 26, 40, 41], ""energy_bound"": 180, ""root_bound"": 256, ""crt_primes"": 2, ""arithmetic_burden"": 143872, ""coefficient_bound"": ""562949953421312"", ""coupling_multiplicities"": {""3"": 17, ""-1"": 11, ""1"": 11, ""-2"": 12, ""-3"": 5, ""2"": 4}, ""symmetry"": ""not assumed"", ""degree_signature"": [0, 0, 1, 1, 1, 1, 2, 2, 2, 2, 2, 2, 2, 2, 2, 2, 2, 2, 2, 2, 2, 2, 2, 2, 2, 2, 2, 2, 2, 3, 3, 3, 3, 3, 3, 3, 3, 3, 3, 3, 3, 4, 4, 4, 4, 4, 4, 5, 5]}"
0f4fe3d06d61087e63fa7a7b,N049,f48f595ee6300e1a762892c3901a5cdbdd34dc3f4a1918d3fcd6256a9cdbb470,775cbd076297a897e52717d2efe48a45326514c6da25360976f2a18334aad76d,N96_INDUCED_TRANSITION_LADDER_V1,f2f991d74dfbb2edf7f4475dcb7d82989de00a71e44bb11d4a6fbb49442577b6,"[0, 1, 2, 3]",73f23c15232a6c0c005627fb295ad72fe6b7811861357c5cd7c7f5d08a62fbcc,,variable_elimination,LOCAL_FLINT_CPU,LOCAL_SINGLE_COORDINATOR_FLINT_CPU,WARM_SAME_SOURCE,FRESH_EXACT_SOLVE_WITH_INTERNAL_CHECKS_EXCLUDES_EXTERNAL_VERIFICATION,0,0,0,1,5,302,32,d5207e6b84fbabee961e83f3860a3bacaca585acd736c092903cacdfff692450,FLINT_EXACT_POLYNOMIAL,1,COMPLETE,OBSERVED_PATTERN,True,2928,0,0,CPU exact route includes its native polynomial readout/count checks; independently timed external verification excluded; no subprocess startup,deterministic retained-port-aware elimination or explicit component enumeration,,0.0029709860682487488,0.0,0.0,0.0,,0.0,0.002508564037270844,0.010372821940109134,0.010372821940109134,0.0,3628d7d94a9d01b2c834ae9a67b089bba37499f9807235af3d12b615af206342,"{""N"": 49, ""source_family"": ""N96_INDUCED_TRANSITION_LADDER_V1"", ""graph_hash"": ""775cbd076297a897e52717d2efe48a45326514c6da25360976f2a18334aad76d"", ""source_hash"": ""f48f595ee6300e1a762892c3901a5cdbdd34dc3f4a1918d3fcd6256a9cdbb470"", ""edges"": 60, ""degree_min"": 0, ""degree_max"": 5, ""degree_mean"": 2.4489795918367347, ""degree_std"": 1.0702131103777057, ""components"": 3, ""component_sizes"": [1, 1, 47], ""max_component"": 47, ""local_assignments"": 140737488355332, ""minfill_width"": 5, ""minfill_work"": 281, ""minfill_order"": [25, 31, 23, 29, 12, 32, 21, 34, 46, 33, 36, 0, 1, 11, 14, 15, 20, 16, 45, 2, 17, 18, 24, 27, 28, 35, 37, 38, 39, 42, 43, 44, 47, 48, 10, 13, 4, 6, 19, 22, 30, 5, 3, 7, 8, 9, 26, 40, 41], ""energy_bound"": 180, ""root_bound"": 256, ""crt_primes"": 2, ""arithmetic_burden"": 143872, ""coefficient_bound"": ""562949953421312"", ""coupling_multiplicities"": {""3"": 17, ""-1"": 11, ""1"": 11, ""-2"": 12, ""-3"": 5, ""2"": 4}, ""symmetry"": ""not assumed"", ""degree_signature"": [0, 0, 1, 1, 1, 1, 2, 2, 2, 2, 2, 2, 2, 2, 2, 2, 2, 2, 2, 2, 2, 2, 2, 2, 2, 2, 2, 2, 2, 3, 3, 3, 3, 3, 3, 3, 3, 3, 3, 3, 3, 4, 4, 4, 4, 4, 4, 5, 5]}"
0f4fe3d06d61087e63fa7a7b,N049,f48f595ee6300e1a762892c3901a5cdbdd34dc3f4a1918d3fcd6256a9cdbb470,775cbd076297a897e52717d2efe48a45326514c6da25360976f2a18334aad76d,N96_INDUCED_TRANSITION_LADDER_V1,f2f991d74dfbb2edf7f4475dcb7d82989de00a71e44bb11d4a6fbb49442577b6,"[0, 1, 2, 3]",73f23c15232a6c0c005627fb295ad72fe6b7811861357c5cd7c7f5d08a62fbcc,,variable_elimination,LOCAL_FLINT_CPU,LOCAL_SINGLE_COORDINATOR_FLINT_CPU,WARM_SAME_SOURCE,FRESH_EXACT_SOLVE_WITH_INTERNAL_CHECKS_EXCLUDES_EXTERNAL_VERIFICATION,0,0,0,1,5,302,32,d5207e6b84fbabee961e83f3860a3bacaca585acd736c092903cacdfff692450,FLINT_EXACT_POLYNOMIAL,2,COMPLETE,OBSERVED_PATTERN,True,2928,0,0,CPU exact route includes its native polynomial readout/count checks; independently timed external verification excluded; no subprocess startup,deterministic retained-port-aware elimination or explicit component enumeration,,0.0029709860682487488,0.0,0.0,0.0,,0.0,0.001414583995938301,0.006673669908195734,0.006673669908195734,0.0,3628d7d94a9d01b2c834ae9a67b089bba37499f9807235af3d12b615af206342,"{""N"": 49, ""source_family"": ""N96_INDUCED_TRANSITION_LADDER_V1"", ""graph_hash"": ""775cbd076297a897e52717d2efe48a45326514c6da25360976f2a18334aad76d"", ""source_hash"": ""f48f595ee6300e1a762892c3901a5cdbdd34dc3f4a1918d3fcd6256a9cdbb470"", ""edges"": 60, ""degree_min"": 0, ""degree_max"": 5, ""degree_mean"": 2.4489795918367347, ""degree_std"": 1.0702131103777057, ""components"": 3, ""component_sizes"": [1, 1, 47], ""max_component"": 47, ""local_assignments"": 140737488355332, ""minfill_width"": 5, ""minfill_work"": 281, ""minfill_order"": [25, 31, 23, 29, 12, 32, 21, 34, 46, 33, 36, 0, 1, 11, 14, 15, 20, 16, 45, 2, 17, 18, 24, 27, 28, 35, 37, 38, 39, 42, 43, 44, 47, 48, 10, 13, 4, 6, 19, 22, 30, 5, 3, 7, 8, 9, 26, 40, 41], ""energy_bound"": 180, ""root_bound"": 256, ""crt_primes"": 2, ""arithmetic_burden"": 143872, ""coefficient_bound"": ""562949953421312"", ""coupling_multiplicities"": {""3"": 17, ""-1"": 11, ""1"": 11, ""-2"": 12, ""-3"": 5, ""2"": 4}, ""symmetry"": ""not assumed"", ""degree_signature"": [0, 0, 1, 1, 1, 1, 2, 2, 2, 2, 2, 2, 2, 2, 2, 2, 2, 2, 2, 2, 2, 2, 2, 2, 2, 2, 2, 2, 2, 3, 3, 3, 3, 3, 3, 3, 3, 3, 3, 3, 3, 4, 4, 4, 4, 4, 4, 5, 5]}"
9798f9926ec819c5b48ebe35,N065,404020a937d335d1c6972e35b1d07f9c2d960ae4da60034cd919ff72fe92d4f7,a7ce05864a9e1a6ca0f1b553ab6c8fef41fdfd21c9c1301c5fe6a27c2f14c7c5,N96_INDUCED_TRANSITION_LADDER_V1,f2f991d74dfbb2edf7f4475dcb7d82989de00a71e44bb11d4a6fbb49442577b6,"[0, 1, 2, 3]",f4ff924d847b60b491f04cfad26427f7f1c6f9f36f1a00b844918735e3711beb,,variable_elimination,LOCAL_FLINT_CPU,LOCAL_SINGLE_COORDINATOR_FLINT_CPU,WARM_NEW_SOURCE,FRESH_EXACT_SOLVE_WITH_INTERNAL_CHECKS_EXCLUDES_EXTERNAL_VERIFICATION,0,0,0,1,10,6467,1024,d5207e6b84fbabee961e83f3860a3bacaca585acd736c092903cacdfff692450,FLINT_EXACT_POLYNOMIAL,0,COMPLETE,OBSERVED_PATTERN,True,59536,0,0,CPU exact route includes its native polynomial readout/count checks; independently timed external verification excluded; no subprocess startup,deterministic retained-port-aware elimination or explicit component enumeration,,0.009145333897322416,0.0,0.0,0.0,,0.0,0.0028786479961127043,0.12273838394321501,0.12273838394321501,0.0,a3970d82c1f504ba2db78a3b45df39d58bd2866732dc4cba6e903ea5e003eb6a,"{""N"": 65, ""source_family"": ""N96_INDUCED_TRANSITION_LADDER_V1"", ""graph_hash"": ""a7ce05864a9e1a6ca0f1b553ab6c8fef41fdfd21c9c1301c5fe6a27c2f14c7c5"", ""source_hash"": ""404020a937d335d1c6972e35b1d07f9c2d960ae4da60034cd919ff72fe92d4f7"", ""edges"": 106, ""degree_min"": 0, ""degree_max"": 5, ""degree_mean"": 3.2615384615384615, ""degree_std"": 1.0269734934325314, ""components"": 2, ""component_sizes"": [1, 64], ""max_component"": 64, ""local_assignments"": 18446744073709551618, ""minfill_width"": 10, ""minfill_work"": 5438, ""minfill_order"": [25, 31, 1, 11, 62, 12, 32, 34, 37, 42, 48, 55, 60, 15, 20, 29, 36, 50, 0, 3, 6, 17, 18, 22, 27, 39, 52, 41, 43, 64, 46, 58, 59, 63, 8, 16, 23, 38, 7, 9, 61, 51, 10, 5, 26, 24, 30, 44, 56, 49, 2, 57, 21, 13, 4, 14, 19, 28, 33, 35, 40, 45, 47, 53, 54], ""energy_bound"": 284, ""root_bound"": 512, ""crt_primes"": 3, ""arithmetic_burden"": 8352768, ""coefficient_bound"": ""36893488147419103232"", ""coupling_multiplicities"": {""3"": 23, ""-1"": 21, ""-2"": 21, ""1"": 18, ""-3"": 8, ""2"": 15}, ""symmetry"": ""not assumed"", ""degree_signature"": [0, 1, 2, 2, 2, 2, 2, 2, 2, 2, 2, 2, 2, 3, 3, 3, 3, 3, 3, 3, 3, 3, 3, 3, 3, 3, 3, 3, 3, 3, 3, 3, 3, 3, 3, 3, 3, 3, 3, 3, 4, 4, 4, 4, 4, 4, 4, 4, 4, 4, 4, 4, 4, 4, 4, 4, 4, 5, 5, 5, 5, 5, 5, 5, 5]}"
9798f9926ec819c5b48ebe35,N065,404020a937d335d1c6972e35b1d07f9c2d960ae4da60034cd919ff72fe92d4f7,a7ce05864a9e1a6ca0f1b553ab6c8fef41fdfd21c9c1301c5fe6a27c2f14c7c5,N96_INDUCED_TRANSITION_LADDER_V1,f2f991d74dfbb2edf7f4475dcb7d82989de00a71e44bb11d4a6fbb49442577b6,"[0, 1, 2, 3]",f4ff924d847b60b491f04cfad26427f7f1c6f9f36f1a00b844918735e3711beb,,variable_elimination,LOCAL_FLINT_CPU,LOCAL_SINGLE_COORDINATOR_FLINT_CPU,WARM_SAME_SOURCE,FRESH_EXACT_SOLVE_WITH_INTERNAL_CHECKS_EXCLUDES_EXTERNAL_VERIFICATION,0,0,0,1,10,6467,1024,d5207e6b84fbabee961e83f3860a3bacaca585acd736c092903cacdfff692450,FLINT_EXACT_POLYNOMIAL,1,COMPLETE,OBSERVED_PATTERN,True,59536,0,0,CPU exact route includes its native polynomial readout/count checks; independently timed external verification excluded; no subprocess startup,deterministic retained-port-aware elimination or explicit component enumeration,,0.009145333897322416,0.0,0.0,0.0,,0.0,0.002123081940226257,0.09587548195850104,0.09587548195850104,0.0,a3970d82c1f504ba2db78a3b45df39d58bd2866732dc4cba6e903ea5e003eb6a,"{""N"": 65, ""source_family"": ""N96_INDUCED_TRANSITION_LADDER_V1"", ""graph_hash"": ""a7ce05864a9e1a6ca0f1b553ab6c8fef41fdfd21c9c1301c5fe6a27c2f14c7c5"", ""source_hash"": ""404020a937d335d1c6972e35b1d07f9c2d960ae4da60034cd919ff72fe92d4f7"", ""edges"": 106, ""degree_min"": 0, ""degree_max"": 5, ""degree_mean"": 3.2615384615384615, ""degree_std"": 1.0269734934325314, ""components"": 2, ""component_sizes"": [1, 64], ""max_component"": 64, ""local_assignments"": 18446744073709551618, ""minfill_width"": 10, ""minfill_work"": 5438, ""minfill_order"": [25, 31, 1, 11, 62, 12, 32, 34, 37, 42, 48, 55, 60, 15, 20, 29, 36, 50, 0, 3, 6, 17, 18, 22, 27, 39, 52, 41, 43, 64, 46, 58, 59, 63, 8, 16, 23, 38, 7, 9, 61, 51, 10, 5, 26, 24, 30, 44, 56, 49, 2, 57, 21, 13, 4, 14, 19, 28, 33, 35, 40, 45, 47, 53, 54], ""energy_bound"": 284, ""root_bound"": 512, ""crt_primes"": 3, ""arithmetic_burden"": 8352768, ""coefficient_bound"": ""36893488147419103232"", ""coupling_multiplicities"": {""3"": 23, ""-1"": 21, ""-2"": 21, ""1"": 18, ""-3"": 8, ""2"": 15}, ""symmetry"": ""not assumed"", ""degree_signature"": [0, 1, 2, 2, 2, 2, 2, 2, 2, 2, 2, 2, 2, 3, 3, 3, 3, 3, 3, 3, 3, 3, 3, 3, 3, 3, 3, 3, 3, 3, 3, 3, 3, 3, 3, 3, 3, 3, 3, 3, 4, 4, 4, 4, 4, 4, 4, 4, 4, 4, 4, 4, 4, 4, 4, 4, 4, 5, 5, 5, 5, 5, 5, 5, 5]}"
9798f9926ec819c5b48ebe35,N065,404020a937d335d1c6972e35b1d07f9c2d960ae4da60034cd919ff72fe92d4f7,a7ce05864a9e1a6ca0f1b553ab6c8fef41fdfd21c9c1301c5fe6a27c2f14c7c5,N96_INDUCED_TRANSITION_LADDER_V1,f2f991d74dfbb2edf7f4475dcb7d82989de00a71e44bb11d4a6fbb49442577b6,"[0, 1, 2, 3]",f4ff924d847b60b491f04cfad26427f7f1c6f9f36f1a00b844918735e3711beb,,variable_elimination,LOCAL_FLINT_CPU,LOCAL_SINGLE_COORDINATOR_FLINT_CPU,WARM_SAME_SOURCE,FRESH_EXACT_SOLVE_WITH_INTERNAL_CHECKS_EXCLUDES_EXTERNAL_VERIFICATION,0,0,0,1,10,6467,1024,d5207e6b84fbabee961e83f3860a3bacaca585acd736c092903cacdfff692450,FLINT_EXACT_POLYNOMIAL,2,COMPLETE,OBSERVED_PATTERN,True,59536,0,0,CPU exact route includes its native polynomial readout/count checks; independently timed external verification excluded; no subprocess startup,deterministic retained-port-aware elimination or explicit component enumeration,,0.009145333897322416,0.0,0.0,0.0,,0.0,0.002624212997034192,0.0891515628900379,0.0891515628900379,0.0,a3970d82c1f504ba2db78a3b45df39d58bd2866732dc4cba6e903ea5e003eb6a,"{""N"": 65, ""source_family"": ""N96_INDUCED_TRANSITION_LADDER_V1"", ""graph_hash"": ""a7ce05864a9e1a6ca0f1b553ab6c8fef41fdfd21c9c1301c5fe6a27c2f14c7c5"", ""source_hash"": ""404020a937d335d1c6972e35b1d07f9c2d960ae4da60034cd919ff72fe92d4f7"", ""edges"": 106, ""degree_min"": 0, ""degree_max"": 5, ""degree_mean"": 3.2615384615384615, ""degree_std"": 1.0269734934325314, ""components"": 2, ""component_sizes"": [1, 64], ""max_component"": 64, ""local_assignments"": 18446744073709551618, ""minfill_width"": 10, ""minfill_work"": 5438, ""minfill_order"": [25, 31, 1, 11, 62, 12, 32, 34, 37, 42, 48, 55, 60, 15, 20, 29, 36, 50, 0, 3, 6, 17, 18, 22, 27, 39, 52, 41, 43, 64, 46, 58, 59, 63, 8, 16, 23, 38, 7, 9, 61, 51, 10, 5, 26, 24, 30, 44, 56, 49, 2, 57, 21, 13, 4, 14, 19, 28, 33, 35, 40, 45, 47, 53, 54], ""energy_bound"": 284, ""root_bound"": 512, ""crt_primes"": 3, ""arithmetic_burden"": 8352768, ""coefficient_bound"": ""36893488147419103232"", ""coupling_multiplicities"": {""3"": 23, ""-1"": 21, ""-2"": 21, ""1"": 18, ""-3"": 8, ""2"": 15}, ""symmetry"": ""not assumed"", ""degree_signature"": [0, 1, 2, 2, 2, 2, 2, 2, 2, 2, 2, 2, 2, 3, 3, 3, 3, 3, 3, 3, 3, 3, 3, 3, 3, 3, 3, 3, 3, 3, 3, 3, 3, 3, 3, 3, 3, 3, 3, 3, 4, 4, 4, 4, 4, 4, 4, 4, 4, 4, 4, 4, 4, 4, 4, 4, 4, 5, 5, 5, 5, 5, 5, 5, 5]}"
78a767a310da8a584f3ffaff,N058,cca0fa5236bf34624fab111aa12727060e40bf24aefb9370370a75f45cdaf74c,d819b6df41d03c6e64b8099063eb5eddc81716b1f7fab58076c67a37b81526f6,N96_INDUCED_TRANSITION_LADDER_V1,f2f991d74dfbb2edf7f4475dcb7d82989de00a71e44bb11d4a6fbb49442577b6,"[0, 1, 2, 3]",c0f5c79fe09d035db4f83c1b7156d0de93a2921d4fc546820ceb31660c6235dd,,variable_elimination,LOCAL_FLINT_CPU,LOCAL_SINGLE_COORDINATOR_FLINT_CPU,WARM_NEW_SOURCE,FRESH_EXACT_SOLVE_WITH_INTERNAL_CHECKS_EXCLUDES_EXTERNAL_VERIFICATION,0,0,0,1,8,1971,256,d5207e6b84fbabee961e83f3860a3bacaca585acd736c092903cacdfff692450,FLINT_EXACT_POLYNOMIAL,0,COMPLETE,OBSERVED_PATTERN,True,17852,0,0,CPU exact route includes its native polynomial readout/count checks; independently timed external verification excluded; no subprocess startup,deterministic retained-port-aware elimination or explicit component enumeration,,0.007014582981355488,0.0,0.0,0.0,,0.0,0.0029561660485342145,0.05184551398269832,0.05184551398269832,0.0,adb86d6aea01bef0b73068faf6a17006f84c47f5ad87b4e5abcc4e7bbd77156d,"{""N"": 58, ""source_family"": ""N96_INDUCED_TRANSITION_LADDER_V1"", ""graph_hash"": ""d819b6df41d03c6e64b8099063eb5eddc81716b1f7fab58076c67a37b81526f6"", ""source_hash"": ""cca0fa5236bf34624fab111aa12727060e40bf24aefb9370370a75f45cdaf74c"", ""edges"": 85, ""degree_min"": 0, ""degree_max"": 5, ""degree_mean"": 2.9310344827586206, ""degree_std"": 0.9624334991001974, ""components"": 2, ""component_sizes"": [1, 57], ""max_component"": 57, ""local_assignments"": 144115188075855874, ""minfill_width"": 8, ""minfill_work"": 1878, ""minfill_order"": [25, 31, 32, 21, 1, 11, 12, 28, 29, 34, 37, 39, 42, 43, 48, 50, 52, 55, 13, 15, 20, 16, 36, 0, 6, 17, 18, 22, 27, 41, 46, 4, 8, 54, 19, 24, 49, 51, 7, 2, 35, 57, 5, 9, 26, 10, 40, 44, 14, 3, 23, 30, 33, 38, 45, 47, 53, 56], ""energy_bound"": 235, ""root_bound"": 256, ""crt_primes"": 2, ""arithmetic_burden"": 961536, ""coefficient_bound"": ""288230376151711744"", ""coupling_multiplicities"": {""3"": 21, ""-1"": 16, ""-2"": 15, ""1"": 16, ""-3"": 5, ""2"": 12}, ""symmetry"": ""not assumed"", ""degree_signature"": [0, 1, 1, 2, 2, 2, 2, 2, 2, 2, 2, 2, 2, 2, 2, 2, 2, 2, 3, 3, 3, 3, 3, 3, 3, 3, 3, 3, 3, 3, 3, 3, 3, 3, 3, 3, 3, 3, 3, 3, 3, 3, 4, 4, 4, 4, 4, 4, 4, 4, 4, 4, 4, 4, 4, 4, 5, 5]}"
78a767a310da8a584f3ffaff,N058,cca0fa5236bf34624fab111aa12727060e40bf24aefb9370370a75f45cdaf74c,d819b6df41d03c6e64b8099063eb5eddc81716b1f7fab58076c67a37b81526f6,N96_INDUCED_TRANSITION_LADDER_V1,f2f991d74dfbb2edf7f4475dcb7d82989de00a71e44bb11d4a6fbb49442577b6,"[0, 1, 2, 3]",c0f5c79fe09d035db4f83c1b7156d0de93a2921d4fc546820ceb31660c6235dd,,variable_elimination,LOCAL_FLINT_CPU,LOCAL_SINGLE_COORDINATOR_FLINT_CPU,WARM_SAME_SOURCE,FRESH_EXACT_SOLVE_WITH_INTERNAL_CHECKS_EXCLUDES_EXTERNAL_VERIFICATION,0,0,0,1,8,1971,256,d5207e6b84fbabee961e83f3860a3bacaca585acd736c092903cacdfff692450,FLINT_EXACT_POLYNOMIAL,1,COMPLETE,OBSERVED_PATTERN,True,17852,0,0,CPU exact route includes its native polynomial readout/count checks; independently timed external verification excluded; no subprocess startup,deterministic retained-port-aware elimination or explicit component enumeration,,0.007014582981355488,0.0,0.0,0.0,,0.0,0.002453026012517512,0.024546736967749894,0.024546736967749894,0.0,adb86d6aea01bef0b73068faf6a17006f84c47f5ad87b4e5abcc4e7bbd77156d,"{""N"": 58, ""source_family"": ""N96_INDUCED_TRANSITION_LADDER_V1"", ""graph_hash"": ""d819b6df41d03c6e64b8099063eb5eddc81716b1f7fab58076c67a37b81526f6"", ""source_hash"": ""cca0fa5236bf34624fab111aa12727060e40bf24aefb9370370a75f45cdaf74c"", ""edges"": 85, ""degree_min"": 0, ""degree_max"": 5, ""degree_mean"": 2.9310344827586206, ""degree_std"": 0.9624334991001974, ""components"": 2, ""component_sizes"": [1, 57], ""max_component"": 57, ""local_assignments"": 144115188075855874, ""minfill_width"": 8, ""minfill_work"": 1878, ""minfill_order"": [25, 31, 32, 21, 1, 11, 12, 28, 29, 34, 37, 39, 42, 43, 48, 50, 52, 55, 13, 15, 20, 16, 36, 0, 6, 17, 18, 22, 27, 41, 46, 4, 8, 54, 19, 24, 49, 51, 7, 2, 35, 57, 5, 9, 26, 10, 40, 44, 14, 3, 23, 30, 33, 38, 45, 47, 53, 56], ""energy_bound"": 235, ""root_bound"": 256, ""crt_primes"": 2, ""arithmetic_burden"": 961536, ""coefficient_bound"": ""288230376151711744"", ""coupling_multiplicities"": {""3"": 21, ""-1"": 16, ""-2"": 15, ""1"": 16, ""-3"": 5, ""2"": 12}, ""symmetry"": ""not assumed"", ""degree_signature"": [0, 1, 1, 2, 2, 2, 2, 2, 2, 2, 2, 2, 2, 2, 2, 2, 2, 2, 3, 3, 3, 3, 3, 3, 3, 3, 3, 3, 3, 3, 3, 3, 3, 3, 3, 3, 3, 3, 3, 3, 3, 3, 4, 4, 4, 4, 4, 4, 4, 4, 4, 4, 4, 4, 4, 4, 5, 5]}"
78a767a310da8a584f3ffaff,N058,cca0fa5236bf34624fab111aa12727060e40bf24aefb9370370a75f45cdaf74c,d819b6df41d03c6e64b8099063eb5eddc81716b1f7fab58076c67a37b81526f6,N96_INDUCED_TRANSITION_LADDER_V1,f2f991d74dfbb2edf7f4475dcb7d82989de00a71e44bb11d4a6fbb49442577b6,"[0, 1, 2, 3]",c0f5c79fe09d035db4f83c1b7156d0de93a2921d4fc546820ceb31660c6235dd,,variable_elimination,LOCAL_FLINT_CPU,LOCAL_SINGLE_COORDINATOR_FLINT_CPU,WARM_SAME_SOURCE,FRESH_EXACT_SOLVE_WITH_INTERNAL_CHECKS_EXCLUDES_EXTERNAL_VERIFICATION,0,0,0,1,8,1971,256,d5207e6b84fbabee961e83f3860a3bacaca585acd736c092903cacdfff692450,FLINT_EXACT_POLYNOMIAL,2,COMPLETE,OBSERVED_PATTERN,True,17852,0,0,CPU exact route includes its native polynomial readout/count checks; independently timed external verification excluded; no subprocess startup,deterministic retained-port-aware elimination or explicit component enumeration,,0.007014582981355488,0.0,0.0,0.0,,0.0,0.0019816539715975523,0.024231372983194888,0.024231372983194888,0.0,adb86d6aea01bef0b73068faf6a17006f84c47f5ad87b4e5abcc4e7bbd77156d,"{""N"": 58, ""source_family"": ""N96_INDUCED_TRANSITION_LADDER_V1"", ""graph_hash"": ""d819b6df41d03c6e64b8099063eb5eddc81716b1f7fab58076c67a37b81526f6"", ""source_hash"": ""cca0fa5236bf34624fab111aa12727060e40bf24aefb9370370a75f45cdaf74c"", ""edges"": 85, ""degree_min"": 0, ""degree_max"": 5, ""degree_mean"": 2.9310344827586206, ""degree_std"": 0.9624334991001974, ""components"": 2, ""component_sizes"": [1, 57], ""max_component"": 57, ""local_assignments"": 144115188075855874, ""minfill_width"": 8, ""minfill_work"": 1878, ""minfill_order"": [25, 31, 32, 21, 1, 11, 12, 28, 29, 34, 37, 39, 42, 43, 48, 50, 52, 55, 13, 15, 20, 16, 36, 0, 6, 17, 18, 22, 27, 41, 46, 4, 8, 54, 19, 24, 49, 51, 7, 2, 35, 57, 5, 9, 26, 10, 40, 44, 14, 3, 23, 30, 33, 38, 45, 47, 53, 56], ""energy_bound"": 235, ""root_bound"": 256, ""crt_primes"": 2, ""arithmetic_burden"": 961536, ""coefficient_bound"": ""288230376151711744"", ""coupling_multiplicities"": {""3"": 21, ""-1"": 16, ""-2"": 15, ""1"": 16, ""-3"": 5, ""2"": 12}, ""symmetry"": ""not assumed"", ""degree_signature"": [0, 1, 1, 2, 2, 2, 2, 2, 2, 2, 2, 2, 2, 2, 2, 2, 2, 2, 3, 3, 3, 3, 3, 3, 3, 3, 3, 3, 3, 3, 3, 3, 3, 3, 3, 3, 3, 3, 3, 3, 3, 3, 4, 4, 4, 4, 4, 4, 4, 4, 4, 4, 4, 4, 4, 4, 5, 5]}"
d0fbd3feefe947603a7903b2,N033,c818b467ee101c282d1e7bdb73de2fb67b08ca7fcd50dc165b61ace75b0862d0,4b1f6c9257c9527ef985400c2279e46b77b0e551c5ef36bcbe059758862d66e5,N96_INDUCED_TRANSITION_LADDER_V1,f2f991d74dfbb2edf7f4475dcb7d82989de00a71e44bb11d4a6fbb49442577b6,"[0, 1, 2, 3]",d371718ee03af6245e3956be9234c1e966d3aefae3c0302e5d93a2929ea3eff8,,variable_elimination,LOCAL_FLINT_CPU,LOCAL_SINGLE_COORDINATOR_FLINT_CPU,WARM_NEW_SOURCE,FRESH_EXACT_SOLVE_WITH_INTERNAL_CHECKS_EXCLUDES_EXTERNAL_VERIFICATION,0,0,0,1,3,80,8,d5207e6b84fbabee961e83f3860a3bacaca585acd736c092903cacdfff692450,FLINT_EXACT_POLYNOMIAL,0,COMPLETE,OBSERVED_PATTERN,True,896,0,0,CPU exact route includes its native polynomial readout/count checks; independently timed external verification excluded; no subprocess startup,deterministic retained-port-aware elimination or explicit component enumeration,,0.0011025500716641545,0.0,0.0,0.0,,0.0,0.002038682927377522,0.006518142065033317,0.006518142065033317,0.0,920135c8af6f7a89b0965393168f0bf56d6abcd9de695fadb2c28861c462d717,"{""N"": 33, ""source_family"": ""N96_INDUCED_TRANSITION_LADDER_V1"", ""graph_hash"": ""4b1f6c9257c9527ef985400c2279e46b77b0e551c5ef36bcbe059758862d66e5"", ""source_hash"": ""c818b467ee101c282d1e7bdb73de2fb67b08ca7fcd50dc165b61ace75b0862d0"", ""edges"": 31, ""degree_min"": 0, ""degree_max"": 4, ""degree_mean"": 1.878787878787879, ""degree_std"": 1.1744134772773396, ""components"": 6, ""component_sizes"": [1, 1, 1, 1, 2, 27], ""max_component"": 27, ""local_assignments"": 134217740, ""minfill_width"": 3, ""minfill_work"": 80, ""minfill_order"": [16, 18, 25, 31, 0, 1, 11, 10, 15, 20, 2, 22, 23, 24, 14, 17, 27, 28, 3, 13, 29, 12, 26, 30, 32, 21, 19, 4, 6, 5, 7, 8, 9], ""energy_bound"": 99, ""root_bound"": 128, ""crt_primes"": 2, ""arithmetic_burden"": 20480, ""coefficient_bound"": ""8589934592"", ""coupling_multiplicities"": {""3"": 8, ""1"": 5, ""-1"": 7, ""-2"": 8, ""-3"": 3}, ""symmetry"": ""not assumed"", ""degree_signature"": [0, 0, 0, 0, 1, 1, 1, 1, 1, 1, 1, 1, 1, 1, 2, 2, 2, 2, 2, 2, 2, 2, 3, 3, 3, 3, 3, 3, 3, 3, 4, 4, 4]}"
d0fbd3feefe947603a7903b2,N033,c818b467ee101c282d1e7bdb73de2fb67b08ca7fcd50dc165b61ace75b0862d0,4b1f6c9257c9527ef985400c2279e46b77b0e551c5ef36bcbe059758862d66e5,N96_INDUCED_TRANSITION_LADDER_V1,f2f991d74dfbb2edf7f4475dcb7d82989de00a71e44bb11d4a6fbb49442577b6,"[0, 1, 2, 3]",d371718ee03af6245e3956be9234c1e966d3aefae3c0302e5d93a2929ea3eff8,,variable_elimination,LOCAL_FLINT_CPU,LOCAL_SINGLE_COORDINATOR_FLINT_CPU,WARM_SAME_SOURCE,FRESH_EXACT_SOLVE_WITH_INTERNAL_CHECKS_EXCLUDES_EXTERNAL_VERIFICATION,0,0,0,1,3,80,8,d5207e6b84fbabee961e83f3860a3bacaca585acd736c092903cacdfff692450,FLINT_EXACT_POLYNOMIAL,1,COMPLETE,OBSERVED_PATTERN,True,896,0,0,CPU exact route includes its native polynomial readout/count checks; independently timed external verification excluded; no subprocess startup,deterministic retained-port-aware elimination or explicit component enumeration,,0.0011025500716641545,0.0,0.0,0.0,,0.0,0.0020051338942721486,0.0065354619873687625,0.0065354619873687625,0.0,920135c8af6f7a89b0965393168f0bf56d6abcd9de695fadb2c28861c462d717,"{""N"": 33, ""source_family"": ""N96_INDUCED_TRANSITION_LADDER_V1"", ""graph_hash"": ""4b1f6c9257c9527ef985400c2279e46b77b0e551c5ef36bcbe059758862d66e5"", ""source_hash"": ""c818b467ee101c282d1e7bdb73de2fb67b08ca7fcd50dc165b61ace75b0862d0"", ""edges"": 31, ""degree_min"": 0, ""degree_max"": 4, ""degree_mean"": 1.878787878787879, ""degree_std"": 1.1744134772773396, ""components"": 6, ""component_sizes"": [1, 1, 1, 1, 2, 27], ""max_component"": 27, ""local_assignments"": 134217740, ""minfill_width"": 3, ""minfill_work"": 80, ""minfill_order"": [16, 18, 25, 31, 0, 1, 11, 10, 15, 20, 2, 22, 23, 24, 14, 17, 27, 28, 3, 13, 29, 12, 26, 30, 32, 21, 19, 4, 6, 5, 7, 8, 9], ""energy_bound"": 99, ""root_bound"": 128, ""crt_primes"": 2, ""arithmetic_burden"": 20480, ""coefficient_bound"": ""8589934592"", ""coupling_multiplicities"": {""3"": 8, ""1"": 5, ""-1"": 7, ""-2"": 8, ""-3"": 3}, ""symmetry"": ""not assumed"", ""degree_signature"": [0, 0, 0, 0, 1, 1, 1, 1, 1, 1, 1, 1, 1, 1, 2, 2, 2, 2, 2, 2, 2, 2, 3, 3, 3, 3, 3, 3, 3, 3, 4, 4, 4]}"
d0fbd3feefe947603a7903b2,N033,c818b467ee101c282d1e7bdb73de2fb67b08ca7fcd50dc165b61ace75b0862d0,4b1f6c9257c9527ef985400c2279e46b77b0e551c5ef36bcbe059758862d66e5,N96_INDUCED_TRANSITION_LADDER_V1,f2f991d74dfbb2edf7f4475dcb7d82989de00a71e44bb11d4a6fbb49442577b6,"[0, 1, 2, 3]",d371718ee03af6245e3956be9234c1e966d3aefae3c0302e5d93a2929ea3eff8,,variable_elimination,LOCAL_FLINT_CPU,LOCAL_SINGLE_COORDINATOR_FLINT_CPU,WARM_SAME_SOURCE,FRESH_EXACT_SOLVE_WITH_INTERNAL_CHECKS_EXCLUDES_EXTERNAL_VERIFICATION,0,0,0,1,3,80,8,d5207e6b84fbabee961e83f3860a3bacaca585acd736c092903cacdfff692450,FLINT_EXACT_POLYNOMIAL,2,COMPLETE,OBSERVED_PATTERN,True,896,0,0,CPU exact route includes its native polynomial readout/count checks; independently timed external verification excluded; no subprocess startup,deterministic retained-port-aware elimination or explicit component enumeration,,0.0011025500716641545,0.0,0.0,0.0,,0.0,0.0014182140585035086,0.00624365801922977,0.00624365801922977,0.0,920135c8af6f7a89b0965393168f0bf56d6abcd9de695fadb2c28861c462d717,"{""N"": 33, ""source_family"": ""N96_INDUCED_TRANSITION_LADDER_V1"", ""graph_hash"": ""4b1f6c9257c9527ef985400c2279e46b77b0e551c5ef36bcbe059758862d66e5"", ""source_hash"": ""c818b467ee101c282d1e7bdb73de2fb67b08ca7fcd50dc165b61ace75b0862d0"", ""edges"": 31, ""degree_min"": 0, ""degree_max"": 4, ""degree_mean"": 1.878787878787879, ""degree_std"": 1.1744134772773396, ""components"": 6, ""component_sizes"": [1, 1, 1, 1, 2, 27], ""max_component"": 27, ""local_assignments"": 134217740, ""minfill_width"": 3, ""minfill_work"": 80, ""minfill_order"": [16, 18, 25, 31, 0, 1, 11, 10, 15, 20, 2, 22, 23, 24, 14, 17, 27, 28, 3, 13, 29, 12, 26, 30, 32, 21, 19, 4, 6, 5, 7, 8, 9], ""energy_bound"": 99, ""root_bound"": 128, ""crt_primes"": 2, ""arithmetic_burden"": 20480, ""coefficient_bound"": ""8589934592"", ""coupling_multiplicities"": {""3"": 8, ""1"": 5, ""-1"": 7, ""-2"": 8, ""-3"": 3}, ""symmetry"": ""not assumed"", ""degree_signature"": [0, 0, 0, 0, 1, 1, 1, 1, 1, 1, 1, 1, 1, 1, 2, 2, 2, 2, 2, 2, 2, 2, 3, 3, 3, 3, 3, 3, 3, 3, 4, 4, 4]}"
23307cb2665b44a30af0eb39,N056,6fc10065c9b57c2f5be05aec0ba4638fc0db4ee81f662aa98b05fe0539df56e8,e534bf2a39a1ab1f9b545d57d73ad42a54e75667cadab06ff31b55d8708ac2bd,N96_INDUCED_TRANSITION_LADDER_V1,f2f991d74dfbb2edf7f4475dcb7d82989de00a71e44bb11d4a6fbb49442577b6,"[0, 1, 2, 3]",074e7cd8f71531c603504a062f9282cbadefbf7e9043038923c28a6c6a56d4e7,,variable_elimination,LOCAL_FLINT_CPU,LOCAL_SINGLE_COORDINATOR_FLINT_CPU,WARM_NEW_SOURCE,FRESH_EXACT_SOLVE_WITH_INTERNAL_CHECKS_EXCLUDES_EXTERNAL_VERIFICATION,0,0,0,1,7,970,128,d5207e6b84fbabee961e83f3860a3bacaca585acd736c092903cacdfff692450,FLINT_EXACT_POLYNOMIAL,0,COMPLETE,OBSERVED_PATTERN,True,9012,0,0,CPU exact route includes its native polynomial readout/count checks; independently timed external verification excluded; no subprocess startup,deterministic retained-port-aware elimination or explicit component enumeration,,0.0048700240440666676,0.0,0.0,0.0,,0.0,0.0029718480072915554,0.03460687689948827,0.03460687689948827,0.0,78c6ed551c999b311490763cfc2a3718ae163b9273ea106eaffe2b7b87cb3730,"{""N"": 56, ""source_family"": ""N96_INDUCED_TRANSITION_LADDER_V1"", ""graph_hash"": ""e534bf2a39a1ab1f9b545d57d73ad42a54e75667cadab06ff31b55d8708ac2bd"", ""source_hash"": ""6fc10065c9b57c2f5be05aec0ba4638fc0db4ee81f662aa98b05fe0539df56e8"", ""edges"": 77, ""degree_min"": 0, ""degree_max"": 5, ""degree_mean"": 2.75, ""degree_std"": 0.9865162369237952, ""components"": 3, ""component_sizes"": [1, 1, 54], ""max_component"": 54, ""local_assignments"": 18014398509481988, ""minfill_width"": 6, ""minfill_work"": 733, ""minfill_order"": [25, 31, 32, 21, 1, 11, 12, 17, 23, 28, 29, 34, 37, 39, 42, 43, 44, 46, 48, 50, 52, 55, 13, 15, 20, 16, 36, 0, 4, 6, 14, 18, 27, 41, 7, 8, 9, 45, 33, 54, 2, 5, 26, 10, 35, 22, 49, 53, 40, 3, 19, 24, 30, 38, 47, 51], ""energy_bound"": 216, ""root_bound"": 256, ""crt_primes"": 2, ""arithmetic_burden"": 375296, ""coefficient_bound"": ""72057594037927936"", ""coupling_multiplicities"": {""3"": 20, ""-1"": 15, ""-2"": 13, ""1"": 16, ""-3"": 5, ""2"": 8}, ""symmetry"": ""not assumed"", ""degree_signature"": [0, 0, 1, 2, 2, 2, 2, 2, 2, 2, 2, 2, 2, 2, 2, 2, 2, 2, 2, 2, 2, 2, 3, 3, 3, 3, 3, 3, 3, 3, 3, 3, 3, 3, 3, 3, 3, 3, 3, 3, 3, 3, 3, 3, 3, 4, 4, 4, 4, 4, 4, 4, 4, 4, 5, 5]}"
23307cb2665b44a30af0eb39,N056,6fc10065c9b57c2f5be05aec0ba4638fc0db4ee81f662aa98b05fe0539df56e8,e534bf2a39a1ab1f9b545d57d73ad42a54e75667cadab06ff31b55d8708ac2bd,N96_INDUCED_TRANSITION_LADDER_V1,f2f991d74dfbb2edf7f4475dcb7d82989de00a71e44bb11d4a6fbb49442577b6,"[0, 1, 2, 3]",074e7cd8f71531c603504a062f9282cbadefbf7e9043038923c28a6c6a56d4e7,,variable_elimination,LOCAL_FLINT_CPU,LOCAL_SINGLE_COORDINATOR_FLINT_CPU,WARM_SAME_SOURCE,FRESH_EXACT_SOLVE_WITH_INTERNAL_CHECKS_EXCLUDES_EXTERNAL_VERIFICATION,0,0,0,1,7,970,128,d5207e6b84fbabee961e83f3860a3bacaca585acd736c092903cacdfff692450,FLINT_EXACT_POLYNOMIAL,1,COMPLETE,OBSERVED_PATTERN,True,9012,0,0,CPU exact route includes its native polynomial readout/count checks; independently timed external verification excluded; no subprocess startup,deterministic retained-port-aware elimination or explicit component enumeration,,0.0048700240440666676,0.0,0.0,0.0,,0.0,0.0018672170117497444,0.013583558960817754,0.013583558960817754,0.0,78c6ed551c999b311490763cfc2a3718ae163b9273ea106eaffe2b7b87cb3730,"{""N"": 56, ""source_family"": ""N96_INDUCED_TRANSITION_LADDER_V1"", ""graph_hash"": ""e534bf2a39a1ab1f9b545d57d73ad42a54e75667cadab06ff31b55d8708ac2bd"", ""source_hash"": ""6fc10065c9b57c2f5be05aec0ba4638fc0db4ee81f662aa98b05fe0539df56e8"", ""edges"": 77, ""degree_min"": 0, ""degree_max"": 5, ""degree_mean"": 2.75, ""degree_std"": 0.9865162369237952, ""components"": 3, ""component_sizes"": [1, 1, 54], ""max_component"": 54, ""local_assignments"": 18014398509481988, ""minfill_width"": 6, ""minfill_work"": 733, ""minfill_order"": [25, 31, 32, 21, 1, 11, 12, 17, 23, 28, 29, 34, 37, 39, 42, 43, 44, 46, 48, 50, 52, 55, 13, 15, 20, 16, 36, 0, 4, 6, 14, 18, 27, 41, 7, 8, 9, 45, 33, 54, 2, 5, 26, 10, 35, 22, 49, 53, 40, 3, 19, 24, 30, 38, 47, 51], ""energy_bound"": 216, ""root_bound"": 256, ""crt_primes"": 2, ""arithmetic_burden"": 375296, ""coefficient_bound"": ""72057594037927936"", ""coupling_multiplicities"": {""3"": 20, ""-1"": 15, ""-2"": 13, ""1"": 16, ""-3"": 5, ""2"": 8}, ""symmetry"": ""not assumed"", ""degree_signature"": [0, 0, 1, 2, 2, 2, 2, 2, 2, 2, 2, 2, 2, 2, 2, 2, 2, 2, 2, 2, 2, 2, 3, 3, 3, 3, 3, 3, 3, 3, 3, 3, 3, 3, 3, 3, 3, 3, 3, 3, 3, 3, 3, 3, 3, 4, 4, 4, 4, 4, 4, 4, 4, 4, 5, 5]}"
23307cb2665b44a30af0eb39,N056,6fc10065c9b57c2f5be05aec0ba4638fc0db4ee81f662aa98b05fe0539df56e8,e534bf2a39a1ab1f9b545d57d73ad42a54e75667cadab06ff31b55d8708ac2bd,N96_INDUCED_TRANSITION_LADDER_V1,f2f991d74dfbb2edf7f4475dcb7d82989de00a71e44bb11d4a6fbb49442577b6,"[0, 1, 2, 3]",074e7cd8f71531c603504a062f9282cbadefbf7e9043038923c28a6c6a56d4e7,,variable_elimination,LOCAL_FLINT_CPU,LOCAL_SINGLE_COORDINATOR_FLINT_CPU,WARM_SAME_SOURCE,FRESH_EXACT_SOLVE_WITH_INTERNAL_CHECKS_EXCLUDES_EXTERNAL_VERIFICATION,0,0,0,1,7,970,128,d5207e6b84fbabee961e83f3860a3bacaca585acd736c092903cacdfff692450,FLINT_EXACT_POLYNOMIAL,2,COMPLETE,OBSERVED_PATTERN,True,9012,0,0,CPU exact route includes its native polynomial readout/count checks; independently timed external verification excluded; no subprocess startup,deterministic retained-port-aware elimination or explicit component enumeration,,0.0048700240440666676,0.0,0.0,0.0,,0.0,0.0017247290816158056,0.01376694708596915,0.01376694708596915,0.0,78c6ed551c999b311490763cfc2a3718ae163b9273ea106eaffe2b7b87cb3730,"{""N"": 56, ""source_family"": ""N96_INDUCED_TRANSITION_LADDER_V1"", ""graph_hash"": ""e534bf2a39a1ab1f9b545d57d73ad42a54e75667cadab06ff31b55d8708ac2bd"", ""source_hash"": ""6fc10065c9b57c2f5be05aec0ba4638fc0db4ee81f662aa98b05fe0539df56e8"", ""edges"": 77, ""degree_min"": 0, ""degree_max"": 5, ""degree_mean"": 2.75, ""degree_std"": 0.9865162369237952, ""components"": 3, ""component_sizes"": [1, 1, 54], ""max_component"": 54, ""local_assignments"": 18014398509481988, ""minfill_width"": 6, ""minfill_work"": 733, ""minfill_order"": [25, 31, 32, 21, 1, 11, 12, 17, 23, 28, 29, 34, 37, 39, 42, 43, 44, 46, 48, 50, 52, 55, 13, 15, 20, 16, 36, 0, 4, 6, 14, 18, 27, 41, 7, 8, 9, 45, 33, 54, 2, 5, 26, 10, 35, 22, 49, 53, 40, 3, 19, 24, 30, 38, 47, 51], ""energy_bound"": 216, ""root_bound"": 256, ""crt_primes"": 2, ""arithmetic_burden"": 375296, ""coefficient_bound"": ""72057594037927936"", ""coupling_multiplicities"": {""3"": 20, ""-1"": 15, ""-2"": 13, ""1"": 16, ""-3"": 5, ""2"": 8}, ""symmetry"": ""not assumed"", ""degree_signature"": [0, 0, 1, 2, 2, 2, 2, 2, 2, 2, 2, 2, 2, 2, 2, 2, 2, 2, 2, 2, 2, 2, 3, 3, 3, 3, 3, 3, 3, 3, 3, 3, 3, 3, 3, 3, 3, 3, 3, 3, 3, 3, 3, 3, 3, 4, 4, 4, 4, 4, 4, 4, 4, 4, 5, 5]}"
c07333601a687b237001d2ec,N067,1aa3d94ee66a2d6915cbf162960fd593ff144be463fb7eb01db7746b759445b8,fd0640328dcb0056660b5fafc8a8879830df454193d28ea94eec5d375f139505,N96_INDUCED_TRANSITION_LADDER_V1,f2f991d74dfbb2edf7f4475dcb7d82989de00a71e44bb11d4a6fbb49442577b6,"[0, 1, 2, 3]",d5cd33d0de4130e5488d3c5f9907f8eb655a87f926de84f90e972eaeb29e79a3,,variable_elimination,LOCAL_FLINT_CPU,LOCAL_SINGLE_COORDINATOR_FLINT_CPU,WARM_NEW_SOURCE,FRESH_EXACT_SOLVE_WITH_INTERNAL_CHECKS_EXCLUDES_EXTERNAL_VERIFICATION,0,0,0,1,11,12561,2048,d5207e6b84fbabee961e83f3860a3bacaca585acd736c092903cacdfff692450,FLINT_EXACT_POLYNOMIAL,0,COMPLETE,OBSERVED_PATTERN,True,111508,0,0,CPU exact route includes its native polynomial readout/count checks; independently timed external verification excluded; no subprocess startup,deterministic retained-port-aware elimination or explicit component enumeration,,0.011028844979591668,0.0,0.0,0.0,,0.0,0.0028585889376699924,0.19240928499493748,0.19240928499493748,0.0,2108a566942bf7be0dd8589a3e0368995bfd6da9839450b9f230608f1f6c6362,"{""N"": 67, ""source_family"": ""N96_INDUCED_TRANSITION_LADDER_V1"", ""graph_hash"": ""fd0640328dcb0056660b5fafc8a8879830df454193d28ea94eec5d375f139505"", ""source_hash"": ""1aa3d94ee66a2d6915cbf162960fd593ff144be463fb7eb01db7746b759445b8"", ""edges"": 114, ""degree_min"": 0, ""degree_max"": 5, ""degree_mean"": 3.4029850746268657, ""degree_std"": 1.0230142978026144, ""components"": 2, ""component_sizes"": [1, 66], ""max_component"": 66, ""local_assignments"": 73786976294838206466, ""minfill_width"": 11, ""minfill_work"": 13804, ""minfill_order"": [25, 1, 11, 62, 31, 32, 34, 37, 48, 60, 15, 20, 29, 36, 0, 3, 6, 17, 18, 22, 23, 27, 39, 52, 41, 43, 64, 46, 58, 59, 63, 66, 8, 16, 50, 38, 42, 7, 24, 9, 35, 57, 2, 51, 61, 14, 21, 33, 54, 4, 10, 12, 65, 5, 26, 13, 19, 28, 30, 40, 44, 45, 47, 49, 53, 55, 56], ""energy_bound"": 305, ""root_bound"": 512, ""crt_primes"": 3, ""arithmetic_burden"": 21202944, ""coefficient_bound"": ""147573952589676412928"", ""coupling_multiplicities"": {""3"": 26, ""-1"": 21, ""-2"": 22, ""1"": 20, ""-3"": 10, ""2"": 15}, ""symmetry"": ""not assumed"", ""degree_signature"": [0, 2, 2, 2, 2, 2, 2, 2, 2, 2, 3, 3, 3, 3, 3, 3, 3, 3, 3, 3, 3, 3, 3, 3, 3, 3, 3, 3, 3, 3, 3, 3, 3, 3, 3, 3, 3, 3, 3, 3, 4, 4, 4, 4, 4, 4, 4, 4, 4, 4, 4, 4, 4, 4, 4, 5, 5, 5, 5, 5, 5, 5, 5, 5, 5, 5, 5]}"
c07333601a687b237001d2ec,N067,1aa3d94ee66a2d6915cbf162960fd593ff144be463fb7eb01db7746b759445b8,fd0640328dcb0056660b5fafc8a8879830df454193d28ea94eec5d375f139505,N96_INDUCED_TRANSITION_LADDER_V1,f2f991d74dfbb2edf7f4475dcb7d82989de00a71e44bb11d4a6fbb49442577b6,"[0, 1, 2, 3]",d5cd33d0de4130e5488d3c5f9907f8eb655a87f926de84f90e972eaeb29e79a3,,variable_elimination,LOCAL_FLINT_CPU,LOCAL_SINGLE_COORDINATOR_FLINT_CPU,WARM_SAME_SOURCE,FRESH_EXACT_SOLVE_WITH_INTERNAL_CHECKS_EXCLUDES_EXTERNAL_VERIFICATION,0,0,0,1,11,12561,2048,d5207e6b84fbabee961e83f3860a3bacaca585acd736c092903cacdfff692450,FLINT_EXACT_POLYNOMIAL,1,COMPLETE,OBSERVED_PATTERN,True,111508,0,0,CPU exact route includes its native polynomial readout/count checks; independently timed external verification excluded; no subprocess startup,deterministic retained-port-aware elimination or explicit component enumeration,,0.011028844979591668,0.0,0.0,0.0,,0.0,0.002261259942315519,0.16851223702542484,0.16851223702542484,0.0,2108a566942bf7be0dd8589a3e0368995bfd6da9839450b9f230608f1f6c6362,"{""N"": 67, ""source_family"": ""N96_INDUCED_TRANSITION_LADDER_V1"", ""graph_hash"": ""fd0640328dcb0056660b5fafc8a8879830df454193d28ea94eec5d375f139505"", ""source_hash"": ""1aa3d94ee66a2d6915cbf162960fd593ff144be463fb7eb01db7746b759445b8"", ""edges"": 114, ""degree_min"": 0, ""degree_max"": 5, ""degree_mean"": 3.4029850746268657, ""degree_std"": 1.0230142978026144, ""components"": 2, ""component_sizes"": [1, 66], ""max_component"": 66, ""local_assignments"": 73786976294838206466, ""minfill_width"": 11, ""minfill_work"": 13804, ""minfill_order"": [25, 1, 11, 62, 31, 32, 34, 37, 48, 60, 15, 20, 29, 36, 0, 3, 6, 17, 18, 22, 23, 27, 39, 52, 41, 43, 64, 46, 58, 59, 63, 66, 8, 16, 50, 38, 42, 7, 24, 9, 35, 57, 2, 51, 61, 14, 21, 33, 54, 4, 10, 12, 65, 5, 26, 13, 19, 28, 30, 40, 44, 45, 47, 49, 53, 55, 56], ""energy_bound"": 305, ""root_bound"": 512, ""crt_primes"": 3, ""arithmetic_burden"": 21202944, ""coefficient_bound"": ""147573952589676412928"", ""coupling_multiplicities"": {""3"": 26, ""-1"": 21, ""-2"": 22, ""1"": 20, ""-3"": 10, ""2"": 15}, ""symmetry"": ""not assumed"", ""degree_signature"": [0, 2, 2, 2, 2, 2, 2, 2, 2, 2, 3, 3, 3, 3, 3, 3, 3, 3, 3, 3, 3, 3, 3, 3, 3, 3, 3, 3, 3, 3, 3, 3, 3, 3, 3, 3, 3, 3, 3, 3, 4, 4, 4, 4, 4, 4, 4, 4, 4, 4, 4, 4, 4, 4, 4, 5, 5, 5, 5, 5, 5, 5, 5, 5, 5, 5, 5]}"
c07333601a687b237001d2ec,N067,1aa3d94ee66a2d6915cbf162960fd593ff144be463fb7eb01db7746b759445b8,fd0640328dcb0056660b5fafc8a8879830df454193d28ea94eec5d375f139505,N96_INDUCED_TRANSITION_LADDER_V1,f2f991d74dfbb2edf7f4475dcb7d82989de00a71e44bb11d4a6fbb49442577b6,"[0, 1, 2, 3]",d5cd33d0de4130e5488d3c5f9907f8eb655a87f926de84f90e972eaeb29e79a3,,variable_elimination,LOCAL_FLINT_CPU,LOCAL_SINGLE_COORDINATOR_FLINT_CPU,WARM_SAME_SOURCE,FRESH_EXACT_SOLVE_WITH_INTERNAL_CHECKS_EXCLUDES_EXTERNAL_VERIFICATION,0,0,0,1,11,12561,2048,d5207e6b84fbabee961e83f3860a3bacaca585acd736c092903cacdfff692450,FLINT_EXACT_POLYNOMIAL,2,COMPLETE,OBSERVED_PATTERN,True,111508,0,0,CPU exact route includes its native polynomial readout/count checks; independently timed external verification excluded; no subprocess startup,deterministic retained-port-aware elimination or explicit component enumeration,,0.011028844979591668,0.0,0.0,0.0,,0.0,0.0027827100129798055,0.1674582960549742,0.1674582960549742,0.0,2108a566942bf7be0dd8589a3e0368995bfd6da9839450b9f230608f1f6c6362,"{""N"": 67, ""source_family"": ""N96_INDUCED_TRANSITION_LADDER_V1"", ""graph_hash"": ""fd0640328dcb0056660b5fafc8a8879830df454193d28ea94eec5d375f139505"", ""source_hash"": ""1aa3d94ee66a2d6915cbf162960fd593ff144be463fb7eb01db7746b759445b8"", ""edges"": 114, ""degree_min"": 0, ""degree_max"": 5, ""degree_mean"": 3.4029850746268657, ""degree_std"": 1.0230142978026144, ""components"": 2, ""component_sizes"": [1, 66], ""max_component"": 66, ""local_assignments"": 73786976294838206466, ""minfill_width"": 11, ""minfill_work"": 13804, ""minfill_order"": [25, 1, 11, 62, 31, 32, 34, 37, 48, 60, 15, 20, 29, 36, 0, 3, 6, 17, 18, 22, 23, 27, 39, 52, 41, 43, 64, 46, 58, 59, 63, 66, 8, 16, 50, 38, 42, 7, 24, 9, 35, 57, 2, 51, 61, 14, 21, 33, 54, 4, 10, 12, 65, 5, 26, 13, 19, 28, 30, 40, 44, 45, 47, 49, 53, 55, 56], ""energy_bound"": 305, ""root_bound"": 512, ""crt_primes"": 3, ""arithmetic_burden"": 21202944, ""coefficient_bound"": ""147573952589676412928"", ""coupling_multiplicities"": {""3"": 26, ""-1"": 21, ""-2"": 22, ""1"": 20, ""-3"": 10, ""2"": 15}, ""symmetry"": ""not assumed"", ""degree_signature"": [0, 2, 2, 2, 2, 2, 2, 2, 2, 2, 3, 3, 3, 3, 3, 3, 3, 3, 3, 3, 3, 3, 3, 3, 3, 3, 3, 3, 3, 3, 3, 3, 3, 3, 3, 3, 3, 3, 3, 3, 4, 4, 4, 4, 4, 4, 4, 4, 4, 4, 4, 4, 4, 4, 4, 5, 5, 5, 5, 5, 5, 5, 5, 5, 5, 5, 5]}"
