N,variant,method,observation,cost_seconds,arithmetic_ns,work,full_density_verified,width,roots,primes,predicted_cost_class,admitted
105,,variable_elimination,NEWLY_EXECUTED_EXACT,0.3070583770168014,24148362,28866,True,,,,,
105,,components,NEWLY_EXECUTED_EXACT,0.4513129740371369,159260071,167040,True,,,,,
100,,components,NEWLY_EXECUTED_EXACT,0.46268267498817295,162051484,166048,True,,,,,
100,,variable_elimination,NEWLY_EXECUTED_EXACT,0.31013861898100004,20060981,26978,True,,,,,
1,,fresh_min_fill,STRUCTURAL_COUNTERFACTUAL_NOT_TIMED_SOLVE,,,0,,0,2,1,0,
1,,transition_priority,STRUCTURAL_COUNTERFACTUAL_NOT_TIMED_SOLVE,,,0,,0,2,1,0,
1,,parent_plan,STRUCTURAL_COUNTERFACTUAL_NOT_TIMED_SOLVE,,,0,,0,2,1,0,
1,,repair_transfer,STRUCTURAL_COUNTERFACTUAL_NOT_TIMED_SOLVE,,,0,,0,2,1,0,
1,,tie_portfolio,STRUCTURAL_COUNTERFACTUAL_NOT_TIMED_SOLVE,,,0,,0,2,1,0,
1,,expanded_portfolio,STRUCTURAL_COUNTERFACTUAL_NOT_TIMED_SOLVE,,,0,,0,2,1,0,
1,,components,STRUCTURAL_ADMISSION,,,2,,,,,,True
1,,variable_elimination,STRUCTURAL_ADMISSION,,,1,,,,,,True
1,,incremental_boundary,STRUCTURAL_ADMISSION,,,1,,,,,,True
12,,fresh_min_fill,STRUCTURAL_COUNTERFACTUAL_NOT_TIMED_SOLVE,,,35,,3,64,1,2240,
12,,transition_priority,STRUCTURAL_COUNTERFACTUAL_NOT_TIMED_SOLVE,,,35,,3,64,1,2240,
12,,parent_plan,STRUCTURAL_COUNTERFACTUAL_NOT_TIMED_SOLVE,,,57,,4,64,1,3648,
12,,repair_transfer,STRUCTURAL_COUNTERFACTUAL_NOT_TIMED_SOLVE,,,35,,3,64,1,2240,
12,,tie_portfolio,STRUCTURAL_COUNTERFACTUAL_NOT_TIMED_SOLVE,,,35,,3,64,1,2240,
12,,expanded_portfolio,STRUCTURAL_COUNTERFACTUAL_NOT_TIMED_SOLVE,,,35,,3,64,1,2240,
12,,components,STRUCTURAL_ADMISSION,,,264,,,,,,True
12,,variable_elimination,STRUCTURAL_ADMISSION,,,41,,,,,,True
12,,incremental_boundary,STRUCTURAL_ADMISSION,,,41,,,,,,True
24,,fresh_min_fill,STRUCTURAL_COUNTERFACTUAL_NOT_TIMED_SOLVE,,,53,,3,64,1,3392,
24,,transition_priority,STRUCTURAL_COUNTERFACTUAL_NOT_TIMED_SOLVE,,,53,,3,64,1,3392,
24,,parent_plan,STRUCTURAL_COUNTERFACTUAL_NOT_TIMED_SOLVE,,,83,,4,64,1,5312,
24,,repair_transfer,STRUCTURAL_COUNTERFACTUAL_NOT_TIMED_SOLVE,,,53,,3,64,1,3392,
24,,tie_portfolio,STRUCTURAL_COUNTERFACTUAL_NOT_TIMED_SOLVE,,,53,,3,64,1,3392,
24,,expanded_portfolio,STRUCTURAL_COUNTERFACTUAL_NOT_TIMED_SOLVE,,,53,,3,64,1,3392,
24,,components,STRUCTURAL_ADMISSION,,,1074,,,,,,True
24,,variable_elimination,STRUCTURAL_ADMISSION,,,59,,,,,,False
24,,incremental_boundary,STRUCTURAL_ADMISSION,,,59,,,,,,False
21,,fresh_min_fill,STRUCTURAL_COUNTERFACTUAL_NOT_TIMED_SOLVE,,,49,,3,64,1,3136,
21,,transition_priority,STRUCTURAL_COUNTERFACTUAL_NOT_TIMED_SOLVE,,,49,,3,64,1,3136,
21,,parent_plan,STRUCTURAL_COUNTERFACTUAL_NOT_TIMED_SOLVE,,,71,,4,64,1,4544,
21,,repair_transfer,STRUCTURAL_COUNTERFACTUAL_NOT_TIMED_SOLVE,,,49,,3,64,1,3136,
21,,tie_portfolio,STRUCTURAL_COUNTERFACTUAL_NOT_TIMED_SOLVE,,,49,,3,64,1,3136,
21,,expanded_portfolio,STRUCTURAL_COUNTERFACTUAL_NOT_TIMED_SOLVE,,,49,,3,64,1,3136,
21,,components,STRUCTURAL_ADMISSION,,,558,,,,,,True
21,,variable_elimination,STRUCTURAL_ADMISSION,,,55,,,,,,False
21,,incremental_boundary,STRUCTURAL_ADMISSION,,,55,,,,,,False
28,,fresh_min_fill,STRUCTURAL_COUNTERFACTUAL_NOT_TIMED_SOLVE,,,69,,3,128,1,8832,
28,,transition_priority,STRUCTURAL_COUNTERFACTUAL_NOT_TIMED_SOLVE,,,69,,3,128,1,8832,
28,,parent_plan,STRUCTURAL_COUNTERFACTUAL_NOT_TIMED_SOLVE,,,165,,5,128,1,21120,
28,,repair_transfer,STRUCTURAL_COUNTERFACTUAL_NOT_TIMED_SOLVE,,,69,,3,128,1,8832,
28,,tie_portfolio,STRUCTURAL_COUNTERFACTUAL_NOT_TIMED_SOLVE,,,69,,3,128,1,8832,
28,,expanded_portfolio,STRUCTURAL_COUNTERFACTUAL_NOT_TIMED_SOLVE,,,69,,3,128,1,8832,
28,,components,STRUCTURAL_ADMISSION,,,131116,,,,,,True
28,,variable_elimination,STRUCTURAL_ADMISSION,,,69,,,,,,False
28,,incremental_boundary,STRUCTURAL_ADMISSION,,,69,,,,,,False
22,,fresh_min_fill,STRUCTURAL_COUNTERFACTUAL_NOT_TIMED_SOLVE,,,51,,3,64,1,3264,
22,,transition_priority,STRUCTURAL_COUNTERFACTUAL_NOT_TIMED_SOLVE,,,51,,3,64,1,3264,
22,,parent_plan,STRUCTURAL_COUNTERFACTUAL_NOT_TIMED_SOLVE,,,81,,4,64,1,5184,
22,,repair_transfer,STRUCTURAL_COUNTERFACTUAL_NOT_TIMED_SOLVE,,,51,,3,64,1,3264,
22,,tie_portfolio,STRUCTURAL_COUNTERFACTUAL_NOT_TIMED_SOLVE,,,51,,3,64,1,3264,
22,,expanded_portfolio,STRUCTURAL_COUNTERFACTUAL_NOT_TIMED_SOLVE,,,51,,3,64,1,3264,
22,,components,STRUCTURAL_ADMISSION,,,1070,,,,,,True
22,,variable_elimination,STRUCTURAL_ADMISSION,,,57,,,,,,False
22,,incremental_boundary,STRUCTURAL_ADMISSION,,,57,,,,,,False
15,,fresh_min_fill,STRUCTURAL_COUNTERFACTUAL_NOT_TIMED_SOLVE,,,39,,3,64,1,2496,
15,,transition_priority,STRUCTURAL_COUNTERFACTUAL_NOT_TIMED_SOLVE,,,39,,3,64,1,2496,
15,,parent_plan,STRUCTURAL_COUNTERFACTUAL_NOT_TIMED_SOLVE,,,61,,4,64,1,3904,
15,,repair_transfer,STRUCTURAL_COUNTERFACTUAL_NOT_TIMED_SOLVE,,,39,,3,64,1,2496,
15,,tie_portfolio,STRUCTURAL_COUNTERFACTUAL_NOT_TIMED_SOLVE,,,39,,3,64,1,2496,
15,,expanded_portfolio,STRUCTURAL_COUNTERFACTUAL_NOT_TIMED_SOLVE,,,39,,3,64,1,2496,
15,,components,STRUCTURAL_ADMISSION,,,272,,,,,,True
15,,variable_elimination,STRUCTURAL_ADMISSION,,,45,,,,,,True
15,,incremental_boundary,STRUCTURAL_ADMISSION,,,45,,,,,,True
29,,fresh_min_fill,STRUCTURAL_COUNTERFACTUAL_NOT_TIMED_SOLVE,,,72,,3,128,1,9216,
29,,transition_priority,STRUCTURAL_COUNTERFACTUAL_NOT_TIMED_SOLVE,,,72,,3,128,1,9216,
29,,parent_plan,STRUCTURAL_COUNTERFACTUAL_NOT_TIMED_SOLVE,,,330,,5,128,1,42240,
29,,repair_transfer,STRUCTURAL_COUNTERFACTUAL_NOT_TIMED_SOLVE,,,72,,3,128,1,9216,
29,,tie_portfolio,STRUCTURAL_COUNTERFACTUAL_NOT_TIMED_SOLVE,,,72,,3,128,1,9216,
29,,expanded_portfolio,STRUCTURAL_COUNTERFACTUAL_NOT_TIMED_SOLVE,,,72,,3,128,1,9216,
29,,components,STRUCTURAL_ADMISSION,,,8388620,,,,,,False
29,,variable_elimination,STRUCTURAL_ADMISSION,,,72,,,,,,False
29,,incremental_boundary,STRUCTURAL_ADMISSION,,,72,,,,,,False
26,,fresh_min_fill,STRUCTURAL_COUNTERFACTUAL_NOT_TIMED_SOLVE,,,58,,3,128,1,7424,
26,,transition_priority,STRUCTURAL_COUNTERFACTUAL_NOT_TIMED_SOLVE,,,58,,3,128,1,7424,
26,,parent_plan,STRUCTURAL_COUNTERFACTUAL_NOT_TIMED_SOLVE,,,96,,4,128,1,12288,
26,,repair_transfer,STRUCTURAL_COUNTERFACTUAL_NOT_TIMED_SOLVE,,,58,,3,128,1,7424,
26,,tie_portfolio,STRUCTURAL_COUNTERFACTUAL_NOT_TIMED_SOLVE,,,58,,3,128,1,7424,
26,,expanded_portfolio,STRUCTURAL_COUNTERFACTUAL_NOT_TIMED_SOLVE,,,58,,3,128,1,7424,
26,,components,STRUCTURAL_ADMISSION,,,1100,,,,,,True
26,,variable_elimination,STRUCTURAL_ADMISSION,,,64,,,,,,False
26,,incremental_boundary,STRUCTURAL_ADMISSION,,,64,,,,,,False
19,,fresh_min_fill,STRUCTURAL_COUNTERFACTUAL_NOT_TIMED_SOLVE,,,45,,3,64,1,2880,
19,,transition_priority,STRUCTURAL_COUNTERFACTUAL_NOT_TIMED_SOLVE,,,45,,3,64,1,2880,
19,,parent_plan,STRUCTURAL_COUNTERFACTUAL_NOT_TIMED_SOLVE,,,67,,4,64,1,4288,
19,,repair_transfer,STRUCTURAL_COUNTERFACTUAL_NOT_TIMED_SOLVE,,,45,,3,64,1,2880,
19,,tie_portfolio,STRUCTURAL_COUNTERFACTUAL_NOT_TIMED_SOLVE,,,45,,3,64,1,2880,
19,,expanded_portfolio,STRUCTURAL_COUNTERFACTUAL_NOT_TIMED_SOLVE,,,45,,3,64,1,2880,
19,,components,STRUCTURAL_ADMISSION,,,286,,,,,,True
19,,variable_elimination,STRUCTURAL_ADMISSION,,,51,,,,,,True
19,,incremental_boundary,STRUCTURAL_ADMISSION,,,51,,,,,,False
13,,fresh_min_fill,STRUCTURAL_COUNTERFACTUAL_NOT_TIMED_SOLVE,,,36,,3,64,1,2304,
13,,transition_priority,STRUCTURAL_COUNTERFACTUAL_NOT_TIMED_SOLVE,,,36,,3,64,1,2304,
13,,parent_plan,STRUCTURAL_COUNTERFACTUAL_NOT_TIMED_SOLVE,,,58,,4,64,1,3712,
13,,repair_transfer,STRUCTURAL_COUNTERFACTUAL_NOT_TIMED_SOLVE,,,36,,3,64,1,2304,
13,,tie_portfolio,STRUCTURAL_COUNTERFACTUAL_NOT_TIMED_SOLVE,,,36,,3,64,1,2304,
13,,expanded_portfolio,STRUCTURAL_COUNTERFACTUAL_NOT_TIMED_SOLVE,,,36,,3,64,1,2304,
13,,components,STRUCTURAL_ADMISSION,,,266,,,,,,True
13,,variable_elimination,STRUCTURAL_ADMISSION,,,42,,,,,,True
13,,incremental_boundary,STRUCTURAL_ADMISSION,,,42,,,,,,True
18,,fresh_min_fill,STRUCTURAL_COUNTERFACTUAL_NOT_TIMED_SOLVE,,,44,,3,64,1,2816,
18,,transition_priority,STRUCTURAL_COUNTERFACTUAL_NOT_TIMED_SOLVE,,,44,,3,64,1,2816,
18,,parent_plan,STRUCTURAL_COUNTERFACTUAL_NOT_TIMED_SOLVE,,,66,,4,64,1,4224,
18,,repair_transfer,STRUCTURAL_COUNTERFACTUAL_NOT_TIMED_SOLVE,,,44,,3,64,1,2816,
18,,tie_portfolio,STRUCTURAL_COUNTERFACTUAL_NOT_TIMED_SOLVE,,,44,,3,64,1,2816,
18,,expanded_portfolio,STRUCTURAL_COUNTERFACTUAL_NOT_TIMED_SOLVE,,,44,,3,64,1,2816,
18,,components,STRUCTURAL_ADMISSION,,,284,,,,,,True
18,,variable_elimination,STRUCTURAL_ADMISSION,,,50,,,,,,True
18,,incremental_boundary,STRUCTURAL_ADMISSION,,,50,,,,,,True
19,,parent_plan,NEWLY_EXECUTED_EXACT,0.27243578096386045,2449052,824,True,,,,,
18,,expanded_portfolio,NEWLY_EXECUTED_EXACT,0.26786410599015653,2341697,568,True,,,,,
19,,repair_transfer,NEWLY_EXECUTED_EXACT,0.26214593497570604,2242072,588,True,,,,,
13,,transition_priority,NEWLY_EXECUTED_EXACT,0.2817406410467811,1824554,458,True,,,,,
15,,parent_plan,NEWLY_EXECUTED_EXACT,0.37293006002437323,2495108,742,True,,,,,
12,,fresh_min_fill,NEWLY_EXECUTED_EXACT,0.28498951299116015,2588064,438,True,,,,,
12,,expanded_portfolio,NEWLY_EXECUTED_EXACT,0.2897699580062181,2080531,438,True,,,,,
1,,tie_portfolio,NEWLY_EXECUTED_EXACT,0.26872389198979363,678833,2,True,,,,,
15,,tie_portfolio,NEWLY_EXECUTED_EXACT,0.36459730396745726,2049602,506,True,,,,,
1,,repair_transfer,NEWLY_EXECUTED_EXACT,0.29268922499613836,697796,2,True,,,,,
18,,fresh_min_fill,NEWLY_EXECUTED_EXACT,0.2866427669650875,2539256,568,True,,,,,
15,,fresh_min_fill,NEWLY_EXECUTED_EXACT,0.3799362449790351,2860312,506,True,,,,,
13,,fresh_min_fill,NEWLY_EXECUTED_EXACT,0.3018800279824063,1848067,458,True,,,,,
19,,fresh_min_fill,NEWLY_EXECUTED_EXACT,0.2892941720201634,2269315,588,True,,,,,
18,,tie_portfolio,NEWLY_EXECUTED_EXACT,0.31267583300359547,4056863,568,True,,,,,
15,,expanded_portfolio,NEWLY_EXECUTED_EXACT,0.3613729579956271,2496155,506,True,,,,,
1,,fresh_min_fill,NEWLY_EXECUTED_EXACT,0.28051627503009513,718674,2,True,,,,,
13,,parent_plan,NEWLY_EXECUTED_EXACT,0.2689218180021271,1827720,694,True,,,,,
19,,transition_priority,NEWLY_EXECUTED_EXACT,0.2582020130357705,2178234,588,True,,,,,
13,,repair_transfer,NEWLY_EXECUTED_EXACT,0.28208331199130043,1752305,458,True,,,,,
18,,repair_transfer,NEWLY_EXECUTED_EXACT,0.2567244070232846,2152458,568,True,,,,,
15,,repair_transfer,NEWLY_EXECUTED_EXACT,0.33308448700699955,1920450,506,True,,,,,
12,,repair_transfer,NEWLY_EXECUTED_EXACT,0.2685983620467596,1720675,438,True,,,,,
1,,transition_priority,NEWLY_EXECUTED_EXACT,0.2558077650028281,647946,2,True,,,,,
12,,transition_priority,NEWLY_EXECUTED_EXACT,0.2731472629820928,1722052,438,True,,,,,
15,,transition_priority,NEWLY_EXECUTED_EXACT,0.32324882800458,1949321,506,True,,,,,
18,,transition_priority,NEWLY_EXECUTED_EXACT,0.27150548400823027,2465577,568,True,,,,,
1,,parent_plan,NEWLY_EXECUTED_EXACT,0.24792320100823417,648031,2,True,,,,,
12,,parent_plan,NEWLY_EXECUTED_EXACT,0.26287020999006927,1827470,674,True,,,,,
18,,parent_plan,NEWLY_EXECUTED_EXACT,0.2596499269711785,2215676,804,True,,,,,
1,,expanded_portfolio,NEWLY_EXECUTED_EXACT,0.2510999609949067,649090,2,True,,,,,
13,,expanded_portfolio,NEWLY_EXECUTED_EXACT,0.2727268350427039,1775923,458,True,,,,,
19,,expanded_portfolio,NEWLY_EXECUTED_EXACT,0.259228109032847,2206189,588,True,,,,,
12,,tie_portfolio,NEWLY_EXECUTED_EXACT,0.2675670739845373,1730552,438,True,,,,,
13,,tie_portfolio,NEWLY_EXECUTED_EXACT,0.2672606850392185,1712074,458,True,,,,,
19,,tie_portfolio,NEWLY_EXECUTED_EXACT,0.24975314200855792,2201588,588,True,,,,,
17,,fresh_min_fill,STRUCTURAL_COUNTERFACTUAL_NOT_TIMED_SOLVE,,,42,,3,64,1,2688,
17,,transition_priority,STRUCTURAL_COUNTERFACTUAL_NOT_TIMED_SOLVE,,,42,,3,64,1,2688,
17,,parent_plan,STRUCTURAL_COUNTERFACTUAL_NOT_TIMED_SOLVE,,,64,,4,64,1,4096,
17,,repair_transfer,STRUCTURAL_COUNTERFACTUAL_NOT_TIMED_SOLVE,,,42,,3,64,1,2688,
17,,tie_portfolio,STRUCTURAL_COUNTERFACTUAL_NOT_TIMED_SOLVE,,,42,,3,64,1,2688,
17,,expanded_portfolio,STRUCTURAL_COUNTERFACTUAL_NOT_TIMED_SOLVE,,,42,,3,64,1,2688,
17,,components,STRUCTURAL_ADMISSION,,,282,,,,,,True
17,,variable_elimination,STRUCTURAL_ADMISSION,,,48,,,,,,True
17,,incremental_boundary,STRUCTURAL_ADMISSION,,,48,,,,,,True
17,,parent_plan,NEWLY_EXECUTED_EXACT,0.2532938490039669,2110891,790,True,,,,,
17,,transition_priority,NEWLY_EXECUTED_EXACT,0.2553911359864287,2022794,554,True,,,,,
17,,expanded_portfolio,NEWLY_EXECUTED_EXACT,0.26183855097042397,1993906,554,True,,,,,
17,,tie_portfolio,NEWLY_EXECUTED_EXACT,0.2572921409737319,2010768,554,True,,,,,
17,,repair_transfer,NEWLY_EXECUTED_EXACT,0.25165850203484297,1997257,554,True,,,,,
17,,fresh_min_fill,NEWLY_EXECUTED_EXACT,0.2511819200008176,2020198,554,True,,,,,
27,,fresh_min_fill,STRUCTURAL_COUNTERFACTUAL_NOT_TIMED_SOLVE,,,68,,3,128,1,8704,
27,,transition_priority,STRUCTURAL_COUNTERFACTUAL_NOT_TIMED_SOLVE,,,68,,3,128,1,8704,
27,,parent_plan,STRUCTURAL_COUNTERFACTUAL_NOT_TIMED_SOLVE,,,164,,5,128,1,20992,
27,,repair_transfer,STRUCTURAL_COUNTERFACTUAL_NOT_TIMED_SOLVE,,,68,,3,128,1,8704,
27,,tie_portfolio,STRUCTURAL_COUNTERFACTUAL_NOT_TIMED_SOLVE,,,68,,3,128,1,8704,
27,,expanded_portfolio,STRUCTURAL_COUNTERFACTUAL_NOT_TIMED_SOLVE,,,68,,3,128,1,8704,
27,,components,STRUCTURAL_ADMISSION,,,131114,,,,,,True
27,,variable_elimination,STRUCTURAL_ADMISSION,,,68,,,,,,False
27,,incremental_boundary,STRUCTURAL_ADMISSION,,,68,,,,,,False
20,,fresh_min_fill,STRUCTURAL_COUNTERFACTUAL_NOT_TIMED_SOLVE,,,47,,3,64,1,3008,
20,,transition_priority,STRUCTURAL_COUNTERFACTUAL_NOT_TIMED_SOLVE,,,47,,3,64,1,3008,
20,,parent_plan,STRUCTURAL_COUNTERFACTUAL_NOT_TIMED_SOLVE,,,69,,4,64,1,4416,
20,,repair_transfer,STRUCTURAL_COUNTERFACTUAL_NOT_TIMED_SOLVE,,,47,,3,64,1,3008,
20,,tie_portfolio,STRUCTURAL_COUNTERFACTUAL_NOT_TIMED_SOLVE,,,47,,3,64,1,3008,
20,,expanded_portfolio,STRUCTURAL_COUNTERFACTUAL_NOT_TIMED_SOLVE,,,47,,3,64,1,3008,
20,,components,STRUCTURAL_ADMISSION,,,542,,,,,,True
20,,variable_elimination,STRUCTURAL_ADMISSION,,,53,,,,,,True
20,,incremental_boundary,STRUCTURAL_ADMISSION,,,53,,,,,,False
20,,parent_plan,NEWLY_EXECUTED_EXACT,0.25423102895729244,2333043,844,True,,,,,
20,,transition_priority,NEWLY_EXECUTED_EXACT,0.25815221399534494,2291498,602,True,,,,,
20,,expanded_portfolio,NEWLY_EXECUTED_EXACT,0.2530889179906808,2316889,602,True,,,,,
20,,tie_portfolio,NEWLY_EXECUTED_EXACT,0.26157153001986444,2285011,602,True,,,,,
20,,repair_transfer,NEWLY_EXECUTED_EXACT,0.2577545529929921,2291735,602,True,,,,,
20,,fresh_min_fill,NEWLY_EXECUTED_EXACT,0.25708268501330167,2287095,602,True,,,,,
8,,fresh_min_fill,STRUCTURAL_COUNTERFACTUAL_NOT_TIMED_SOLVE,,,11,,2,32,1,352,
8,,transition_priority,STRUCTURAL_COUNTERFACTUAL_NOT_TIMED_SOLVE,,,11,,2,32,1,352,
8,,parent_plan,STRUCTURAL_COUNTERFACTUAL_NOT_TIMED_SOLVE,,,11,,2,32,1,352,
8,,repair_transfer,STRUCTURAL_COUNTERFACTUAL_NOT_TIMED_SOLVE,,,11,,2,32,1,352,
8,,tie_portfolio,STRUCTURAL_COUNTERFACTUAL_NOT_TIMED_SOLVE,,,11,,2,32,1,352,
8,,expanded_portfolio,STRUCTURAL_COUNTERFACTUAL_NOT_TIMED_SOLVE,,,11,,2,32,1,352,
8,,components,STRUCTURAL_ADMISSION,,,24,,,,,,True
8,,variable_elimination,STRUCTURAL_ADMISSION,,,17,,,,,,True
8,,incremental_boundary,STRUCTURAL_ADMISSION,,,17,,,,,,True
8,,parent_plan,NEWLY_EXECUTED_EXACT,0.2647115870495327,1193888,198,True,,,,,
8,,expanded_portfolio,NEWLY_EXECUTED_EXACT,0.2478953970130533,1151269,198,True,,,,,
8,,transition_priority,NEWLY_EXECUTED_EXACT,0.26464627898531035,1161798,198,True,,,,,
8,,tie_portfolio,NEWLY_EXECUTED_EXACT,0.2579537680139765,1188641,198,True,,,,,
8,,fresh_min_fill,NEWLY_EXECUTED_EXACT,0.25858322996646166,1209197,198,True,,,,,
8,,repair_transfer,NEWLY_EXECUTED_EXACT,0.26048981002531946,1182663,198,True,,,,,
14,,fresh_min_fill,STRUCTURAL_COUNTERFACTUAL_NOT_TIMED_SOLVE,,,38,,3,64,1,2432,
14,,transition_priority,STRUCTURAL_COUNTERFACTUAL_NOT_TIMED_SOLVE,,,38,,3,64,1,2432,
14,,parent_plan,STRUCTURAL_COUNTERFACTUAL_NOT_TIMED_SOLVE,,,60,,4,64,1,3840,
14,,repair_transfer,STRUCTURAL_COUNTERFACTUAL_NOT_TIMED_SOLVE,,,38,,3,64,1,2432,
14,,tie_portfolio,STRUCTURAL_COUNTERFACTUAL_NOT_TIMED_SOLVE,,,38,,3,64,1,2432,
14,,expanded_portfolio,STRUCTURAL_COUNTERFACTUAL_NOT_TIMED_SOLVE,,,38,,3,64,1,2432,
14,,components,STRUCTURAL_ADMISSION,,,270,,,,,,True
14,,variable_elimination,STRUCTURAL_ADMISSION,,,44,,,,,,True
14,,incremental_boundary,STRUCTURAL_ADMISSION,,,44,,,,,,True
14,,expanded_portfolio,NEWLY_EXECUTED_EXACT,0.28902419505175203,1880270,486,True,,,,,
14,,parent_plan,NEWLY_EXECUTED_EXACT,0.2843444389873184,1964819,722,True,,,,,
14,,transition_priority,NEWLY_EXECUTED_EXACT,0.30571524100378156,1871605,486,True,,,,,
14,,tie_portfolio,NEWLY_EXECUTED_EXACT,0.2943934760405682,1836518,486,True,,,,,
14,,repair_transfer,NEWLY_EXECUTED_EXACT,0.2973886629915796,1876110,486,True,,,,,
14,,fresh_min_fill,NEWLY_EXECUTED_EXACT,0.2903103769640438,1990320,486,True,,,,,
23,,fresh_min_fill,STRUCTURAL_COUNTERFACTUAL_NOT_TIMED_SOLVE,,,52,,3,64,1,3328,
23,,transition_priority,STRUCTURAL_COUNTERFACTUAL_NOT_TIMED_SOLVE,,,52,,3,64,1,3328,
23,,parent_plan,STRUCTURAL_COUNTERFACTUAL_NOT_TIMED_SOLVE,,,82,,4,64,1,5248,
23,,repair_transfer,STRUCTURAL_COUNTERFACTUAL_NOT_TIMED_SOLVE,,,52,,3,64,1,3328,
23,,tie_portfolio,STRUCTURAL_COUNTERFACTUAL_NOT_TIMED_SOLVE,,,52,,3,64,1,3328,
23,,expanded_portfolio,STRUCTURAL_COUNTERFACTUAL_NOT_TIMED_SOLVE,,,52,,3,64,1,3328,
23,,components,STRUCTURAL_ADMISSION,,,1072,,,,,,True
23,,variable_elimination,STRUCTURAL_ADMISSION,,,58,,,,,,False
23,,incremental_boundary,STRUCTURAL_ADMISSION,,,58,,,,,,False
2,,fresh_min_fill,STRUCTURAL_COUNTERFACTUAL_NOT_TIMED_SOLVE,,,0,,0,4,1,0,
2,,transition_priority,STRUCTURAL_COUNTERFACTUAL_NOT_TIMED_SOLVE,,,0,,0,4,1,0,
2,,parent_plan,STRUCTURAL_COUNTERFACTUAL_NOT_TIMED_SOLVE,,,0,,0,4,1,0,
2,,repair_transfer,STRUCTURAL_COUNTERFACTUAL_NOT_TIMED_SOLVE,,,0,,0,4,1,0,
2,,tie_portfolio,STRUCTURAL_COUNTERFACTUAL_NOT_TIMED_SOLVE,,,0,,0,4,1,0,
2,,expanded_portfolio,STRUCTURAL_COUNTERFACTUAL_NOT_TIMED_SOLVE,,,0,,0,4,1,0,
2,,components,STRUCTURAL_ADMISSION,,,4,,,,,,True
2,,variable_elimination,STRUCTURAL_ADMISSION,,,3,,,,,,True
2,,incremental_boundary,STRUCTURAL_ADMISSION,,,3,,,,,,True
2,,transition_priority,NEWLY_EXECUTED_EXACT,0.25807856797473505,665541,12,True,,,,,
2,,repair_transfer,NEWLY_EXECUTED_EXACT,0.2540797160472721,670035,12,True,,,,,
2,,expanded_portfolio,NEWLY_EXECUTED_EXACT,0.24721188802504912,681797,12,True,,,,,
2,,parent_plan,NEWLY_EXECUTED_EXACT,0.26114520605187863,694684,12,True,,,,,
2,,tie_portfolio,NEWLY_EXECUTED_EXACT,0.25720199901843444,710894,12,True,,,,,
2,,fresh_min_fill,NEWLY_EXECUTED_EXACT,0.24754722299985588,704483,12,True,,,,,
16,,fresh_min_fill,STRUCTURAL_COUNTERFACTUAL_NOT_TIMED_SOLVE,,,41,,3,64,1,2624,
16,,transition_priority,STRUCTURAL_COUNTERFACTUAL_NOT_TIMED_SOLVE,,,41,,3,64,1,2624,
16,,parent_plan,STRUCTURAL_COUNTERFACTUAL_NOT_TIMED_SOLVE,,,63,,4,64,1,4032,
16,,repair_transfer,STRUCTURAL_COUNTERFACTUAL_NOT_TIMED_SOLVE,,,41,,3,64,1,2624,
16,,tie_portfolio,STRUCTURAL_COUNTERFACTUAL_NOT_TIMED_SOLVE,,,41,,3,64,1,2624,
16,,expanded_portfolio,STRUCTURAL_COUNTERFACTUAL_NOT_TIMED_SOLVE,,,41,,3,64,1,2624,
16,,components,STRUCTURAL_ADMISSION,,,280,,,,,,True
16,,variable_elimination,STRUCTURAL_ADMISSION,,,47,,,,,,True
16,,incremental_boundary,STRUCTURAL_ADMISSION,,,47,,,,,,True
16,,expanded_portfolio,NEWLY_EXECUTED_EXACT,0.3879566270043142,1989329,534,True,,,,,
16,,parent_plan,NEWLY_EXECUTED_EXACT,0.4017323239822872,2045633,770,True,,,,,
16,,transition_priority,NEWLY_EXECUTED_EXACT,0.39634581602877006,1960145,534,True,,,,,
16,,tie_portfolio,NEWLY_EXECUTED_EXACT,0.40119180094916373,1897737,534,True,,,,,
16,,repair_transfer,NEWLY_EXECUTED_EXACT,0.40360751398839056,2007099,534,True,,,,,
16,,fresh_min_fill,NEWLY_EXECUTED_EXACT,0.4018376669846475,1897431,534,True,,,,,
5,,fresh_min_fill,STRUCTURAL_COUNTERFACTUAL_NOT_TIMED_SOLVE,,,1,,0,8,1,8,
5,,transition_priority,STRUCTURAL_COUNTERFACTUAL_NOT_TIMED_SOLVE,,,1,,0,8,1,8,
5,,parent_plan,STRUCTURAL_COUNTERFACTUAL_NOT_TIMED_SOLVE,,,1,,0,8,1,8,
5,,repair_transfer,STRUCTURAL_COUNTERFACTUAL_NOT_TIMED_SOLVE,,,1,,0,8,1,8,
5,,tie_portfolio,STRUCTURAL_COUNTERFACTUAL_NOT_TIMED_SOLVE,,,1,,0,8,1,8,
5,,expanded_portfolio,STRUCTURAL_COUNTERFACTUAL_NOT_TIMED_SOLVE,,,1,,0,8,1,8,
5,,components,STRUCTURAL_ADMISSION,,,10,,,,,,True
5,,variable_elimination,STRUCTURAL_ADMISSION,,,7,,,,,,True
5,,incremental_boundary,STRUCTURAL_ADMISSION,,,7,,,,,,True
5,,expanded_portfolio,NEWLY_EXECUTED_EXACT,0.2481134569970891,936186,116,True,,,,,
5,,parent_plan,NEWLY_EXECUTED_EXACT,0.24502494104672223,964808,116,True,,,,,
5,,transition_priority,NEWLY_EXECUTED_EXACT,0.25901951402192935,967205,116,True,,,,,
5,,tie_portfolio,NEWLY_EXECUTED_EXACT,0.2448165339883417,952371,116,True,,,,,
5,,fresh_min_fill,NEWLY_EXECUTED_EXACT,0.2552028969512321,923715,116,True,,,,,
5,,repair_transfer,NEWLY_EXECUTED_EXACT,0.2544709949870594,901015,116,True,,,,,
25,,fresh_min_fill,STRUCTURAL_COUNTERFACTUAL_NOT_TIMED_SOLVE,,,57,,3,128,1,7296,
25,,transition_priority,STRUCTURAL_COUNTERFACTUAL_NOT_TIMED_SOLVE,,,57,,3,128,1,7296,
25,,parent_plan,STRUCTURAL_COUNTERFACTUAL_NOT_TIMED_SOLVE,,,95,,4,128,1,12160,
25,,repair_transfer,STRUCTURAL_COUNTERFACTUAL_NOT_TIMED_SOLVE,,,57,,3,128,1,7296,
25,,tie_portfolio,STRUCTURAL_COUNTERFACTUAL_NOT_TIMED_SOLVE,,,57,,3,128,1,7296,
25,,expanded_portfolio,STRUCTURAL_COUNTERFACTUAL_NOT_TIMED_SOLVE,,,57,,3,128,1,7296,
25,,components,STRUCTURAL_ADMISSION,,,1098,,,,,,True
25,,variable_elimination,STRUCTURAL_ADMISSION,,,63,,,,,,False
25,,incremental_boundary,STRUCTURAL_ADMISSION,,,63,,,,,,False
30,,fresh_min_fill,STRUCTURAL_COUNTERFACTUAL_NOT_TIMED_SOLVE,,,74,,3,128,2,18944,
30,,transition_priority,STRUCTURAL_COUNTERFACTUAL_NOT_TIMED_SOLVE,,,74,,3,128,2,18944,
30,,parent_plan,STRUCTURAL_COUNTERFACTUAL_NOT_TIMED_SOLVE,,,660,,5,128,2,168960,
30,,repair_transfer,STRUCTURAL_COUNTERFACTUAL_NOT_TIMED_SOLVE,,,74,,3,128,2,18944,
30,,tie_portfolio,STRUCTURAL_COUNTERFACTUAL_NOT_TIMED_SOLVE,,,74,,3,128,2,18944,
30,,expanded_portfolio,STRUCTURAL_COUNTERFACTUAL_NOT_TIMED_SOLVE,,,74,,3,128,2,18944,
30,,components,STRUCTURAL_ADMISSION,,,16777228,,,,,,False
30,,variable_elimination,STRUCTURAL_ADMISSION,,,74,,,,,,False
30,,incremental_boundary,STRUCTURAL_ADMISSION,,,74,,,,,,False
9,,fresh_min_fill,STRUCTURAL_COUNTERFACTUAL_NOT_TIMED_SOLVE,,,15,,2,32,1,480,
9,,transition_priority,STRUCTURAL_COUNTERFACTUAL_NOT_TIMED_SOLVE,,,15,,2,32,1,480,
9,,parent_plan,STRUCTURAL_COUNTERFACTUAL_NOT_TIMED_SOLVE,,,15,,2,32,1,480,
9,,repair_transfer,STRUCTURAL_COUNTERFACTUAL_NOT_TIMED_SOLVE,,,15,,2,32,1,480,
9,,tie_portfolio,STRUCTURAL_COUNTERFACTUAL_NOT_TIMED_SOLVE,,,15,,2,32,1,480,
9,,expanded_portfolio,STRUCTURAL_COUNTERFACTUAL_NOT_TIMED_SOLVE,,,15,,2,32,1,480,
9,,components,STRUCTURAL_ADMISSION,,,40,,,,,,True
9,,variable_elimination,STRUCTURAL_ADMISSION,,,21,,,,,,True
9,,incremental_boundary,STRUCTURAL_ADMISSION,,,21,,,,,,True
9,,expanded_portfolio,NEWLY_EXECUTED_EXACT,0.2510952960001305,1245627,238,True,,,,,
9,,parent_plan,NEWLY_EXECUTED_EXACT,0.25934576598228887,1220902,238,True,,,,,
9,,transition_priority,NEWLY_EXECUTED_EXACT,0.25181817199336365,1246053,238,True,,,,,
9,,tie_portfolio,NEWLY_EXECUTED_EXACT,0.26224632398225367,2002105,238,True,,,,,
9,,fresh_min_fill,NEWLY_EXECUTED_EXACT,0.24956837599165738,1248800,238,True,,,,,
9,,repair_transfer,NEWLY_EXECUTED_EXACT,0.2571678060339764,1215216,238,True,,,,,
4,,fresh_min_fill,STRUCTURAL_COUNTERFACTUAL_NOT_TIMED_SOLVE,,,0,,0,8,1,0,
4,,transition_priority,STRUCTURAL_COUNTERFACTUAL_NOT_TIMED_SOLVE,,,0,,0,8,1,0,
4,,parent_plan,STRUCTURAL_COUNTERFACTUAL_NOT_TIMED_SOLVE,,,0,,0,8,1,0,
4,,repair_transfer,STRUCTURAL_COUNTERFACTUAL_NOT_TIMED_SOLVE,,,0,,0,8,1,0,
4,,tie_portfolio,STRUCTURAL_COUNTERFACTUAL_NOT_TIMED_SOLVE,,,0,,0,8,1,0,
4,,expanded_portfolio,STRUCTURAL_COUNTERFACTUAL_NOT_TIMED_SOLVE,,,0,,0,8,1,0,
4,,components,STRUCTURAL_ADMISSION,,,8,,,,,,True
4,,variable_elimination,STRUCTURAL_ADMISSION,,,6,,,,,,True
4,,incremental_boundary,STRUCTURAL_ADMISSION,,,6,,,,,,True
4,,expanded_portfolio,NEWLY_EXECUTED_EXACT,0.24952040304196998,833625,96,True,,,,,
4,,transition_priority,NEWLY_EXECUTED_EXACT,0.2579016169765964,868497,96,True,,,,,
4,,fresh_min_fill,NEWLY_EXECUTED_EXACT,0.26368008699500933,832024,96,True,,,,,
4,,repair_transfer,NEWLY_EXECUTED_EXACT,0.25417705497238785,838715,96,True,,,,,
4,,tie_portfolio,NEWLY_EXECUTED_EXACT,0.2542310659773648,850437,96,True,,,,,
4,,parent_plan,NEWLY_EXECUTED_EXACT,0.2487521090079099,818569,96,True,,,,,
3,,fresh_min_fill,STRUCTURAL_COUNTERFACTUAL_NOT_TIMED_SOLVE,,,0,,0,8,1,0,
3,,transition_priority,STRUCTURAL_COUNTERFACTUAL_NOT_TIMED_SOLVE,,,0,,0,8,1,0,
3,,parent_plan,STRUCTURAL_COUNTERFACTUAL_NOT_TIMED_SOLVE,,,0,,0,8,1,0,
3,,repair_transfer,STRUCTURAL_COUNTERFACTUAL_NOT_TIMED_SOLVE,,,0,,0,8,1,0,
3,,tie_portfolio,STRUCTURAL_COUNTERFACTUAL_NOT_TIMED_SOLVE,,,0,,0,8,1,0,
3,,expanded_portfolio,STRUCTURAL_COUNTERFACTUAL_NOT_TIMED_SOLVE,,,0,,0,8,1,0,
3,,components,STRUCTURAL_ADMISSION,,,6,,,,,,True
3,,variable_elimination,STRUCTURAL_ADMISSION,,,4,,,,,,True
3,,incremental_boundary,STRUCTURAL_ADMISSION,,,4,,,,,,True
3,,parent_plan,NEWLY_EXECUTED_EXACT,0.24912136601051316,774596,32,True,,,,,
3,,expanded_portfolio,NEWLY_EXECUTED_EXACT,0.25120864500058815,798375,32,True,,,,,
3,,tie_portfolio,NEWLY_EXECUTED_EXACT,0.2544958440121263,754931,32,True,,,,,
3,,fresh_min_fill,NEWLY_EXECUTED_EXACT,0.24657076701987535,801729,32,True,,,,,
3,,transition_priority,NEWLY_EXECUTED_EXACT,0.2490010759793222,763293,32,True,,,,,
3,,repair_transfer,NEWLY_EXECUTED_EXACT,0.25753030995838344,720694,32,True,,,,,
10,,fresh_min_fill,STRUCTURAL_COUNTERFACTUAL_NOT_TIMED_SOLVE,,,31,,3,32,1,992,
10,,transition_priority,STRUCTURAL_COUNTERFACTUAL_NOT_TIMED_SOLVE,,,31,,3,32,1,992,
10,,parent_plan,STRUCTURAL_COUNTERFACTUAL_NOT_TIMED_SOLVE,,,31,,3,32,1,992,
10,,repair_transfer,STRUCTURAL_COUNTERFACTUAL_NOT_TIMED_SOLVE,,,31,,3,32,1,992,
10,,tie_portfolio,STRUCTURAL_COUNTERFACTUAL_NOT_TIMED_SOLVE,,,31,,3,32,1,992,
10,,expanded_portfolio,STRUCTURAL_COUNTERFACTUAL_NOT_TIMED_SOLVE,,,31,,3,32,1,992,
10,,components,STRUCTURAL_ADMISSION,,,72,,,,,,True
10,,variable_elimination,STRUCTURAL_ADMISSION,,,37,,,,,,True
10,,incremental_boundary,STRUCTURAL_ADMISSION,,,37,,,,,,True
10,,expanded_portfolio,NEWLY_EXECUTED_EXACT,0.2585284559754655,1444211,406,True,,,,,
10,,parent_plan,NEWLY_EXECUTED_EXACT,0.2568500920315273,1483588,406,True,,,,,
10,,transition_priority,NEWLY_EXECUTED_EXACT,0.2682979659875855,1512708,406,True,,,,,
10,,tie_portfolio,NEWLY_EXECUTED_EXACT,0.2614201310207136,1446174,406,True,,,,,
10,,fresh_min_fill,NEWLY_EXECUTED_EXACT,0.2479506100062281,1447353,406,True,,,,,
10,,repair_transfer,NEWLY_EXECUTED_EXACT,0.25087127200094983,1488523,406,True,,,,,
6,,fresh_min_fill,STRUCTURAL_COUNTERFACTUAL_NOT_TIMED_SOLVE,,,3,,1,16,1,48,
6,,transition_priority,STRUCTURAL_COUNTERFACTUAL_NOT_TIMED_SOLVE,,,3,,1,16,1,48,
6,,parent_plan,STRUCTURAL_COUNTERFACTUAL_NOT_TIMED_SOLVE,,,3,,1,16,1,48,
6,,repair_transfer,STRUCTURAL_COUNTERFACTUAL_NOT_TIMED_SOLVE,,,3,,1,16,1,48,
6,,tie_portfolio,STRUCTURAL_COUNTERFACTUAL_NOT_TIMED_SOLVE,,,3,,1,16,1,48,
6,,expanded_portfolio,STRUCTURAL_COUNTERFACTUAL_NOT_TIMED_SOLVE,,,3,,1,16,1,48,
6,,components,STRUCTURAL_ADMISSION,,,12,,,,,,True
6,,variable_elimination,STRUCTURAL_ADMISSION,,,9,,,,,,True
6,,incremental_boundary,STRUCTURAL_ADMISSION,,,9,,,,,,True
6,,expanded_portfolio,NEWLY_EXECUTED_EXACT,0.26465570100117475,959718,130,True,,,,,
6,,parent_plan,NEWLY_EXECUTED_EXACT,0.261410748003982,1008059,130,True,,,,,
6,,transition_priority,NEWLY_EXECUTED_EXACT,0.2627235960098915,1043446,130,True,,,,,
6,,tie_portfolio,NEWLY_EXECUTED_EXACT,0.2614126739790663,999020,130,True,,,,,
6,,fresh_min_fill,NEWLY_EXECUTED_EXACT,0.26324703299906105,1000703,130,True,,,,,
6,,repair_transfer,NEWLY_EXECUTED_EXACT,0.25299288699170575,1009792,130,True,,,,,
11,,fresh_min_fill,STRUCTURAL_COUNTERFACTUAL_NOT_TIMED_SOLVE,,,33,,3,32,1,1056,
11,,transition_priority,STRUCTURAL_COUNTERFACTUAL_NOT_TIMED_SOLVE,,,33,,3,32,1,1056,
11,,parent_plan,STRUCTURAL_COUNTERFACTUAL_NOT_TIMED_SOLVE,,,55,,4,32,1,1760,
11,,repair_transfer,STRUCTURAL_COUNTERFACTUAL_NOT_TIMED_SOLVE,,,33,,3,32,1,1056,
11,,tie_portfolio,STRUCTURAL_COUNTERFACTUAL_NOT_TIMED_SOLVE,,,33,,3,32,1,1056,
11,,expanded_portfolio,STRUCTURAL_COUNTERFACTUAL_NOT_TIMED_SOLVE,,,33,,3,32,1,1056,
11,,components,STRUCTURAL_ADMISSION,,,136,,,,,,True
11,,variable_elimination,STRUCTURAL_ADMISSION,,,39,,,,,,True
11,,incremental_boundary,STRUCTURAL_ADMISSION,,,39,,,,,,True
11,,expanded_portfolio,NEWLY_EXECUTED_EXACT,0.2685986389988102,1552236,422,True,,,,,
11,,parent_plan,NEWLY_EXECUTED_EXACT,0.27011390100233257,1732148,658,True,,,,,
11,,transition_priority,NEWLY_EXECUTED_EXACT,0.26414907700382173,1637725,422,True,,,,,
11,,tie_portfolio,NEWLY_EXECUTED_EXACT,0.2501974120386876,1544282,422,True,,,,,
11,,fresh_min_fill,NEWLY_EXECUTED_EXACT,0.25537218002136797,1585451,422,True,,,,,
11,,repair_transfer,NEWLY_EXECUTED_EXACT,0.2544859300251119,1656017,422,True,,,,,
7,,fresh_min_fill,STRUCTURAL_COUNTERFACTUAL_NOT_TIMED_SOLVE,,,5,,1,16,1,80,
7,,transition_priority,STRUCTURAL_COUNTERFACTUAL_NOT_TIMED_SOLVE,,,5,,1,16,1,80,
7,,parent_plan,STRUCTURAL_COUNTERFACTUAL_NOT_TIMED_SOLVE,,,5,,1,16,1,80,
7,,repair_transfer,STRUCTURAL_COUNTERFACTUAL_NOT_TIMED_SOLVE,,,5,,1,16,1,80,
7,,tie_portfolio,STRUCTURAL_COUNTERFACTUAL_NOT_TIMED_SOLVE,,,5,,1,16,1,80,
7,,expanded_portfolio,STRUCTURAL_COUNTERFACTUAL_NOT_TIMED_SOLVE,,,5,,1,16,1,80,
7,,components,STRUCTURAL_ADMISSION,,,16,,,,,,True
7,,variable_elimination,STRUCTURAL_ADMISSION,,,11,,,,,,True
7,,incremental_boundary,STRUCTURAL_ADMISSION,,,11,,,,,,True
7,,expanded_portfolio,NEWLY_EXECUTED_EXACT,0.2610568990348838,1101322,146,True,,,,,
7,,parent_plan,NEWLY_EXECUTED_EXACT,0.2573632269632071,1086778,146,True,,,,,
7,,transition_priority,NEWLY_EXECUTED_EXACT,0.25248474697582424,1093004,146,True,,,,,
7,,tie_portfolio,NEWLY_EXECUTED_EXACT,0.25860045896843076,1032056,146,True,,,,,
7,,fresh_min_fill,NEWLY_EXECUTED_EXACT,0.2503363460418768,1052252,146,True,,,,,
7,,repair_transfer,NEWLY_EXECUTED_EXACT,0.24721729499287903,1048445,146,True,,,,,
31,,fresh_min_fill,STRUCTURAL_COUNTERFACTUAL_NOT_TIMED_SOLVE,,,77,,3,128,2,19712,
31,,transition_priority,STRUCTURAL_COUNTERFACTUAL_NOT_TIMED_SOLVE,,,77,,3,128,2,19712,
31,,parent_plan,STRUCTURAL_COUNTERFACTUAL_NOT_TIMED_SOLVE,,,1320,,5,128,2,337920,
31,,repair_transfer,STRUCTURAL_COUNTERFACTUAL_NOT_TIMED_SOLVE,,,77,,3,128,2,19712,
31,,tie_portfolio,STRUCTURAL_COUNTERFACTUAL_NOT_TIMED_SOLVE,,,77,,3,128,2,19712,
31,,expanded_portfolio,STRUCTURAL_COUNTERFACTUAL_NOT_TIMED_SOLVE,,,77,,3,128,2,19712,
31,,components,STRUCTURAL_ADMISSION,,,67108874,,,,,,False
31,,variable_elimination,STRUCTURAL_ADMISSION,,,77,,,,,,False
31,,incremental_boundary,STRUCTURAL_ADMISSION,,,77,,,,,,False
32,,fresh_min_fill,STRUCTURAL_COUNTERFACTUAL_NOT_TIMED_SOLVE,,,78,,3,128,2,19968,
32,,transition_priority,STRUCTURAL_COUNTERFACTUAL_NOT_TIMED_SOLVE,,,78,,3,128,2,19968,
32,,parent_plan,STRUCTURAL_COUNTERFACTUAL_NOT_TIMED_SOLVE,,,1328,,5,128,2,339968,
32,,repair_transfer,STRUCTURAL_COUNTERFACTUAL_NOT_TIMED_SOLVE,,,78,,3,128,2,19968,
32,,tie_portfolio,STRUCTURAL_COUNTERFACTUAL_NOT_TIMED_SOLVE,,,78,,3,128,2,19968,
32,,expanded_portfolio,STRUCTURAL_COUNTERFACTUAL_NOT_TIMED_SOLVE,,,78,,3,128,2,19968,
32,,components,STRUCTURAL_ADMISSION,,,67108876,,,,,,False
32,,variable_elimination,STRUCTURAL_ADMISSION,,,78,,,,,,False
32,,incremental_boundary,STRUCTURAL_ADMISSION,,,78,,,,,,False
33,,fresh_min_fill,STRUCTURAL_COUNTERFACTUAL_NOT_TIMED_SOLVE,,,80,,3,128,2,20480,
33,,transition_priority,STRUCTURAL_COUNTERFACTUAL_NOT_TIMED_SOLVE,,,80,,3,128,2,20480,
33,,parent_plan,STRUCTURAL_COUNTERFACTUAL_NOT_TIMED_SOLVE,,,1344,,5,128,2,344064,
33,,repair_transfer,STRUCTURAL_COUNTERFACTUAL_NOT_TIMED_SOLVE,,,80,,3,128,2,20480,
33,,tie_portfolio,STRUCTURAL_COUNTERFACTUAL_NOT_TIMED_SOLVE,,,80,,3,128,2,20480,
33,,expanded_portfolio,STRUCTURAL_COUNTERFACTUAL_NOT_TIMED_SOLVE,,,80,,3,128,2,20480,
33,,components,STRUCTURAL_ADMISSION,,,134217740,,,,,,False
33,,variable_elimination,STRUCTURAL_ADMISSION,,,80,,,,,,False
33,,incremental_boundary,STRUCTURAL_ADMISSION,,,80,,,,,,False
34,,fresh_min_fill,STRUCTURAL_COUNTERFACTUAL_NOT_TIMED_SOLVE,,,81,,3,128,2,20736,
34,,transition_priority,STRUCTURAL_COUNTERFACTUAL_NOT_TIMED_SOLVE,,,81,,3,128,2,20736,
34,,parent_plan,STRUCTURAL_COUNTERFACTUAL_NOT_TIMED_SOLVE,,,1352,,5,128,2,346112,
34,,repair_transfer,STRUCTURAL_COUNTERFACTUAL_NOT_TIMED_SOLVE,,,81,,3,128,2,20736,
34,,tie_portfolio,STRUCTURAL_COUNTERFACTUAL_NOT_TIMED_SOLVE,,,81,,3,128,2,20736,
34,,expanded_portfolio,STRUCTURAL_COUNTERFACTUAL_NOT_TIMED_SOLVE,,,81,,3,128,2,20736,
34,,components,STRUCTURAL_ADMISSION,,,134217742,,,,,,False
34,,variable_elimination,STRUCTURAL_ADMISSION,,,81,,,,,,False
34,,incremental_boundary,STRUCTURAL_ADMISSION,,,81,,,,,,False
35,,fresh_min_fill,STRUCTURAL_COUNTERFACTUAL_NOT_TIMED_SOLVE,,,82,,3,128,2,20992,
35,,transition_priority,STRUCTURAL_COUNTERFACTUAL_NOT_TIMED_SOLVE,,,82,,3,128,2,20992,
35,,parent_plan,STRUCTURAL_COUNTERFACTUAL_NOT_TIMED_SOLVE,,,1360,,5,128,2,348160,
35,,repair_transfer,STRUCTURAL_COUNTERFACTUAL_NOT_TIMED_SOLVE,,,82,,3,128,2,20992,
35,,tie_portfolio,STRUCTURAL_COUNTERFACTUAL_NOT_TIMED_SOLVE,,,82,,3,128,2,20992,
35,,expanded_portfolio,STRUCTURAL_COUNTERFACTUAL_NOT_TIMED_SOLVE,,,82,,3,128,2,20992,
35,,components,STRUCTURAL_ADMISSION,,,134217744,,,,,,False
35,,variable_elimination,STRUCTURAL_ADMISSION,,,82,,,,,,False
35,,incremental_boundary,STRUCTURAL_ADMISSION,,,82,,,,,,False
36,,fresh_min_fill,STRUCTURAL_COUNTERFACTUAL_NOT_TIMED_SOLVE,,,89,,3,128,2,22784,
36,,transition_priority,STRUCTURAL_COUNTERFACTUAL_NOT_TIMED_SOLVE,,,89,,3,128,2,22784,
36,,parent_plan,STRUCTURAL_COUNTERFACTUAL_NOT_TIMED_SOLVE,,,1416,,5,128,2,362496,
36,,repair_transfer,STRUCTURAL_COUNTERFACTUAL_NOT_TIMED_SOLVE,,,89,,3,128,2,22784,
36,,tie_portfolio,STRUCTURAL_COUNTERFACTUAL_NOT_TIMED_SOLVE,,,89,,3,128,2,22784,
36,,expanded_portfolio,STRUCTURAL_COUNTERFACTUAL_NOT_TIMED_SOLVE,,,89,,3,128,2,22784,
36,,components,STRUCTURAL_ADMISSION,,,536870926,,,,,,False
36,,variable_elimination,STRUCTURAL_ADMISSION,,,93,,,,,,False
36,,incremental_boundary,STRUCTURAL_ADMISSION,,,93,,,,,,False
37,,fresh_min_fill,STRUCTURAL_COUNTERFACTUAL_NOT_TIMED_SOLVE,,,94,,3,128,2,24064,
37,,transition_priority,STRUCTURAL_COUNTERFACTUAL_NOT_TIMED_SOLVE,,,94,,3,128,2,24064,
37,,parent_plan,STRUCTURAL_COUNTERFACTUAL_NOT_TIMED_SOLVE,,,1536,,5,128,2,393216,
37,,repair_transfer,STRUCTURAL_COUNTERFACTUAL_NOT_TIMED_SOLVE,,,94,,3,128,2,24064,
37,,tie_portfolio,STRUCTURAL_COUNTERFACTUAL_NOT_TIMED_SOLVE,,,94,,3,128,2,24064,
37,,expanded_portfolio,STRUCTURAL_COUNTERFACTUAL_NOT_TIMED_SOLVE,,,94,,3,128,2,24064,
37,,components,STRUCTURAL_ADMISSION,,,2147483660,,,,,,False
37,,variable_elimination,STRUCTURAL_ADMISSION,,,98,,,,,,False
37,,incremental_boundary,STRUCTURAL_ADMISSION,,,98,,,,,,False
38,,fresh_min_fill,STRUCTURAL_COUNTERFACTUAL_NOT_TIMED_SOLVE,,,96,,3,128,2,24576,
38,,transition_priority,STRUCTURAL_COUNTERFACTUAL_NOT_TIMED_SOLVE,,,96,,3,128,2,24576,
38,,parent_plan,STRUCTURAL_COUNTERFACTUAL_NOT_TIMED_SOLVE,,,1552,,5,128,2,397312,
38,,repair_transfer,STRUCTURAL_COUNTERFACTUAL_NOT_TIMED_SOLVE,,,96,,3,128,2,24576,
38,,tie_portfolio,STRUCTURAL_COUNTERFACTUAL_NOT_TIMED_SOLVE,,,96,,3,128,2,24576,
38,,expanded_portfolio,STRUCTURAL_COUNTERFACTUAL_NOT_TIMED_SOLVE,,,96,,3,128,2,24576,
38,,components,STRUCTURAL_ADMISSION,,,4294967308,,,,,,False
38,,variable_elimination,STRUCTURAL_ADMISSION,,,100,,,,,,False
38,,incremental_boundary,STRUCTURAL_ADMISSION,,,100,,,,,,False
39,,fresh_min_fill,STRUCTURAL_COUNTERFACTUAL_NOT_TIMED_SOLVE,,,98,,3,128,2,25088,
39,,transition_priority,STRUCTURAL_COUNTERFACTUAL_NOT_TIMED_SOLVE,,,98,,3,128,2,25088,
39,,parent_plan,STRUCTURAL_COUNTERFACTUAL_NOT_TIMED_SOLVE,,,1568,,5,128,2,401408,
39,,repair_transfer,STRUCTURAL_COUNTERFACTUAL_NOT_TIMED_SOLVE,,,98,,3,128,2,25088,
39,,tie_portfolio,STRUCTURAL_COUNTERFACTUAL_NOT_TIMED_SOLVE,,,98,,3,128,2,25088,
39,,expanded_portfolio,STRUCTURAL_COUNTERFACTUAL_NOT_TIMED_SOLVE,,,98,,3,128,2,25088,
39,,components,STRUCTURAL_ADMISSION,,,4294967312,,,,,,False
39,,variable_elimination,STRUCTURAL_ADMISSION,,,102,,,,,,False
39,,incremental_boundary,STRUCTURAL_ADMISSION,,,102,,,,,,False
40,,fresh_min_fill,STRUCTURAL_COUNTERFACTUAL_NOT_TIMED_SOLVE,,,110,,3,128,2,28160,
40,,transition_priority,STRUCTURAL_COUNTERFACTUAL_NOT_TIMED_SOLVE,,,110,,3,128,2,28160,
40,,parent_plan,STRUCTURAL_COUNTERFACTUAL_NOT_TIMED_SOLVE,,,1600,,5,128,2,409600,
40,,repair_transfer,STRUCTURAL_COUNTERFACTUAL_NOT_TIMED_SOLVE,,,110,,3,128,2,28160,
40,,tie_portfolio,STRUCTURAL_COUNTERFACTUAL_NOT_TIMED_SOLVE,,,110,,3,128,2,28160,
40,,expanded_portfolio,STRUCTURAL_COUNTERFACTUAL_NOT_TIMED_SOLVE,,,110,,3,128,2,28160,
40,,components,STRUCTURAL_ADMISSION,,,8589934608,,,,,,False
40,,variable_elimination,STRUCTURAL_ADMISSION,,,112,,,,,,False
40,,incremental_boundary,STRUCTURAL_ADMISSION,,,112,,,,,,False
41,,fresh_min_fill,STRUCTURAL_COUNTERFACTUAL_NOT_TIMED_SOLVE,,,127,,3,256,2,65024,
41,,transition_priority,STRUCTURAL_COUNTERFACTUAL_NOT_TIMED_SOLVE,,,127,,3,256,2,65024,
41,,parent_plan,STRUCTURAL_COUNTERFACTUAL_NOT_TIMED_SOLVE,,,1664,,5,256,2,851968,
41,,repair_transfer,STRUCTURAL_COUNTERFACTUAL_NOT_TIMED_SOLVE,,,127,,3,256,2,65024,
41,,tie_portfolio,STRUCTURAL_COUNTERFACTUAL_NOT_TIMED_SOLVE,,,127,,3,256,2,65024,
41,,expanded_portfolio,STRUCTURAL_COUNTERFACTUAL_NOT_TIMED_SOLVE,,,127,,3,256,2,65024,
41,,components,STRUCTURAL_ADMISSION,,,274877906950,,,,,,False
41,,variable_elimination,STRUCTURAL_ADMISSION,,,116,,,,,,False
41,,incremental_boundary,STRUCTURAL_ADMISSION,,,116,,,,,,False
42,,fresh_min_fill,STRUCTURAL_COUNTERFACTUAL_NOT_TIMED_SOLVE,,,135,,4,256,2,69120,
42,,transition_priority,STRUCTURAL_COUNTERFACTUAL_NOT_TIMED_SOLVE,,,135,,4,256,2,69120,
42,,parent_plan,STRUCTURAL_COUNTERFACTUAL_NOT_TIMED_SOLVE,,,2368,,6,256,2,1212416,
42,,repair_transfer,STRUCTURAL_COUNTERFACTUAL_NOT_TIMED_SOLVE,,,135,,4,256,2,69120,
42,,tie_portfolio,STRUCTURAL_COUNTERFACTUAL_NOT_TIMED_SOLVE,,,135,,4,256,2,69120,
42,,expanded_portfolio,STRUCTURAL_COUNTERFACTUAL_NOT_TIMED_SOLVE,,,135,,4,256,2,69120,
42,,components,STRUCTURAL_ADMISSION,,,549755813894,,,,,,False
42,,variable_elimination,STRUCTURAL_ADMISSION,,,124,,,,,,False
42,,incremental_boundary,STRUCTURAL_ADMISSION,,,124,,,,,,False
16,,incremental_boundary,NEWLY_EXECUTED_EXACT,0.5039884379948489,64375640,65536,True,,,,,
12,,variable_elimination,NEWLY_EXECUTED_EXACT,0.2616499769501388,782807,438,True,,,,,
18,,incremental_boundary,NEWLY_EXECUTED_EXACT,0.7423138049780391,266695706,262144,True,,,,,
12,,incremental_boundary,NEWLY_EXECUTED_EXACT,0.27379246096825227,4131667,4096,True,,,,,
16,,components,NEWLY_EXECUTED_EXACT,0.39511439099442214,803336,348,True,,,,,
8,,variable_elimination,NEWLY_EXECUTED_EXACT,0.25912948104087263,452309,198,True,,,,,
12,,components,NEWLY_EXECUTED_EXACT,0.26675038097891957,683157,300,True,,,,,
18,,components,NEWLY_EXECUTED_EXACT,0.2578866159892641,913018,368,True,,,,,
16,,variable_elimination,NEWLY_EXECUTED_EXACT,0.39729381998768076,984649,534,True,,,,,
8,,components,NEWLY_EXECUTED_EXACT,0.2571851300308481,338649,60,True,,,,,
8,,incremental_boundary,NEWLY_EXECUTED_EXACT,0.2546394509845413,432035,256,True,,,,,
18,,variable_elimination,NEWLY_EXECUTED_EXACT,0.2505737930187024,1058326,568,True,,,,,
43,,fresh_min_fill,STRUCTURAL_COUNTERFACTUAL_NOT_TIMED_SOLVE,,,149,,4,256,2,76288,
43,,transition_priority,STRUCTURAL_COUNTERFACTUAL_NOT_TIMED_SOLVE,,,149,,4,256,2,76288,
43,,parent_plan,STRUCTURAL_COUNTERFACTUAL_NOT_TIMED_SOLVE,,,3776,,7,256,2,1933312,
43,,repair_transfer,STRUCTURAL_COUNTERFACTUAL_NOT_TIMED_SOLVE,,,149,,4,256,2,76288,
43,,tie_portfolio,STRUCTURAL_COUNTERFACTUAL_NOT_TIMED_SOLVE,,,149,,4,256,2,76288,
43,,expanded_portfolio,STRUCTURAL_COUNTERFACTUAL_NOT_TIMED_SOLVE,,,149,,4,256,2,76288,
43,,components,STRUCTURAL_ADMISSION,,,1099511627782,,,,,,False
43,,variable_elimination,STRUCTURAL_ADMISSION,,,148,,,,,,False
43,,incremental_boundary,STRUCTURAL_ADMISSION,,,148,,,,,,False
44,,fresh_min_fill,STRUCTURAL_COUNTERFACTUAL_NOT_TIMED_SOLVE,,,175,,4,256,2,89600,
44,,transition_priority,STRUCTURAL_COUNTERFACTUAL_NOT_TIMED_SOLVE,,,175,,4,256,2,89600,
44,,parent_plan,STRUCTURAL_COUNTERFACTUAL_NOT_TIMED_SOLVE,,,3888,,7,256,2,1990656,
44,,repair_transfer,STRUCTURAL_COUNTERFACTUAL_NOT_TIMED_SOLVE,,,175,,4,256,2,89600,
44,,tie_portfolio,STRUCTURAL_COUNTERFACTUAL_NOT_TIMED_SOLVE,,,175,,4,256,2,89600,
44,,expanded_portfolio,STRUCTURAL_COUNTERFACTUAL_NOT_TIMED_SOLVE,,,175,,4,256,2,89600,
44,,components,STRUCTURAL_ADMISSION,,,2199023255558,,,,,,False
44,,variable_elimination,STRUCTURAL_ADMISSION,,,154,,,,,,False
44,,incremental_boundary,STRUCTURAL_ADMISSION,,,154,,,,,,False
45,,fresh_min_fill,STRUCTURAL_COUNTERFACTUAL_NOT_TIMED_SOLVE,,,191,,4,256,2,97792,
45,,transition_priority,STRUCTURAL_COUNTERFACTUAL_NOT_TIMED_SOLVE,,,191,,4,256,2,97792,
45,,parent_plan,STRUCTURAL_COUNTERFACTUAL_NOT_TIMED_SOLVE,,,3992,,7,256,2,2043904,
45,,repair_transfer,STRUCTURAL_COUNTERFACTUAL_NOT_TIMED_SOLVE,,,191,,4,256,2,97792,
45,,tie_portfolio,STRUCTURAL_COUNTERFACTUAL_NOT_TIMED_SOLVE,,,191,,4,256,2,97792,
45,,expanded_portfolio,STRUCTURAL_COUNTERFACTUAL_NOT_TIMED_SOLVE,,,191,,4,256,2,97792,
45,,components,STRUCTURAL_ADMISSION,,,4398046511110,,,,,,False
45,,variable_elimination,STRUCTURAL_ADMISSION,,,196,,,,,,False
45,,incremental_boundary,STRUCTURAL_ADMISSION,,,196,,,,,,False
46,,fresh_min_fill,STRUCTURAL_COUNTERFACTUAL_NOT_TIMED_SOLVE,,,197,,4,256,2,100864,
46,,transition_priority,STRUCTURAL_COUNTERFACTUAL_NOT_TIMED_SOLVE,,,197,,4,256,2,100864,
46,,parent_plan,STRUCTURAL_COUNTERFACTUAL_NOT_TIMED_SOLVE,,,4040,,7,256,2,2068480,
46,,repair_transfer,STRUCTURAL_COUNTERFACTUAL_NOT_TIMED_SOLVE,,,197,,4,256,2,100864,
46,,tie_portfolio,STRUCTURAL_COUNTERFACTUAL_NOT_TIMED_SOLVE,,,197,,4,256,2,100864,
46,,expanded_portfolio,STRUCTURAL_COUNTERFACTUAL_NOT_TIMED_SOLVE,,,197,,4,256,2,100864,
46,,components,STRUCTURAL_ADMISSION,,,8796093022214,,,,,,False
46,,variable_elimination,STRUCTURAL_ADMISSION,,,202,,,,,,False
46,,incremental_boundary,STRUCTURAL_ADMISSION,,,202,,,,,,False
47,,fresh_min_fill,STRUCTURAL_COUNTERFACTUAL_NOT_TIMED_SOLVE,,,200,,4,256,2,102400,
47,,transition_priority,STRUCTURAL_COUNTERFACTUAL_NOT_TIMED_SOLVE,,,200,,4,256,2,102400,
47,,parent_plan,STRUCTURAL_COUNTERFACTUAL_NOT_TIMED_SOLVE,,,4128,,7,256,2,2113536,
47,,repair_transfer,STRUCTURAL_COUNTERFACTUAL_NOT_TIMED_SOLVE,,,200,,4,256,2,102400,
47,,tie_portfolio,STRUCTURAL_COUNTERFACTUAL_NOT_TIMED_SOLVE,,,200,,4,256,2,102400,
47,,expanded_portfolio,STRUCTURAL_COUNTERFACTUAL_NOT_TIMED_SOLVE,,,200,,4,256,2,102400,
47,,components,STRUCTURAL_ADMISSION,,,35184372088836,,,,,,False
47,,variable_elimination,STRUCTURAL_ADMISSION,,,205,,,,,,False
47,,incremental_boundary,STRUCTURAL_ADMISSION,,,205,,,,,,False
48,,fresh_min_fill,STRUCTURAL_COUNTERFACTUAL_NOT_TIMED_SOLVE,,,236,,4,256,2,120832,
48,,transition_priority,STRUCTURAL_COUNTERFACTUAL_NOT_TIMED_SOLVE,,,236,,4,256,2,120832,
48,,parent_plan,STRUCTURAL_COUNTERFACTUAL_NOT_TIMED_SOLVE,,,4464,,7,256,2,2285568,
48,,repair_transfer,STRUCTURAL_COUNTERFACTUAL_NOT_TIMED_SOLVE,,,236,,4,256,2,120832,
48,,tie_portfolio,STRUCTURAL_COUNTERFACTUAL_NOT_TIMED_SOLVE,,,236,,4,256,2,120832,
48,,expanded_portfolio,STRUCTURAL_COUNTERFACTUAL_NOT_TIMED_SOLVE,,,236,,4,256,2,120832,
48,,components,STRUCTURAL_ADMISSION,,,70368744177668,,,,,,False
48,,variable_elimination,STRUCTURAL_ADMISSION,,,225,,,,,,False
48,,incremental_boundary,STRUCTURAL_ADMISSION,,,225,,,,,,False
49,,fresh_min_fill,STRUCTURAL_COUNTERFACTUAL_NOT_TIMED_SOLVE,,,302,,5,256,2,154624,
49,,transition_priority,STRUCTURAL_COUNTERFACTUAL_NOT_TIMED_SOLVE,,,334,,5,256,2,171008,
49,,parent_plan,STRUCTURAL_COUNTERFACTUAL_NOT_TIMED_SOLVE,,,4480,,7,256,2,2293760,
49,,repair_transfer,STRUCTURAL_COUNTERFACTUAL_NOT_TIMED_SOLVE,,,334,,5,256,2,171008,
49,,tie_portfolio,STRUCTURAL_COUNTERFACTUAL_NOT_TIMED_SOLVE,,,278,,4,256,2,142336,
49,,expanded_portfolio,STRUCTURAL_COUNTERFACTUAL_NOT_TIMED_SOLVE,,,278,,4,256,2,142336,
49,,components,STRUCTURAL_ADMISSION,,,140737488355332,,,,,,False
49,,variable_elimination,STRUCTURAL_ADMISSION,,,281,,,,,,False
49,,incremental_boundary,STRUCTURAL_ADMISSION,,,281,,,,,,False
50,,fresh_min_fill,STRUCTURAL_COUNTERFACTUAL_NOT_TIMED_SOLVE,,,392,,5,256,2,200704,
50,,transition_priority,STRUCTURAL_COUNTERFACTUAL_NOT_TIMED_SOLVE,,,360,,5,256,2,184320,
50,,parent_plan,STRUCTURAL_COUNTERFACTUAL_NOT_TIMED_SOLVE,,,6160,,7,256,2,3153920,
50,,repair_transfer,STRUCTURAL_COUNTERFACTUAL_NOT_TIMED_SOLVE,,,360,,5,256,2,184320,
50,,tie_portfolio,STRUCTURAL_COUNTERFACTUAL_NOT_TIMED_SOLVE,,,360,,5,256,2,184320,
50,,expanded_portfolio,STRUCTURAL_COUNTERFACTUAL_NOT_TIMED_SOLVE,,,360,,5,256,2,184320,
50,,components,STRUCTURAL_ADMISSION,,,281474976710660,,,,,,False
50,,variable_elimination,STRUCTURAL_ADMISSION,,,343,,,,,,False
50,,incremental_boundary,STRUCTURAL_ADMISSION,,,343,,,,,,False
51,,fresh_min_fill,STRUCTURAL_COUNTERFACTUAL_NOT_TIMED_SOLVE,,,400,,5,256,2,204800,
51,,transition_priority,STRUCTURAL_COUNTERFACTUAL_NOT_TIMED_SOLVE,,,400,,5,256,2,204800,
51,,parent_plan,STRUCTURAL_COUNTERFACTUAL_NOT_TIMED_SOLVE,,,6168,,7,256,2,3158016,
51,,repair_transfer,STRUCTURAL_COUNTERFACTUAL_NOT_TIMED_SOLVE,,,400,,5,256,2,204800,
51,,tie_portfolio,STRUCTURAL_COUNTERFACTUAL_NOT_TIMED_SOLVE,,,384,,5,256,2,196608,
51,,expanded_portfolio,STRUCTURAL_COUNTERFACTUAL_NOT_TIMED_SOLVE,,,384,,5,256,2,196608,
51,,components,STRUCTURAL_ADMISSION,,,562949953421316,,,,,,False
51,,variable_elimination,STRUCTURAL_ADMISSION,,,351,,,,,,False
51,,incremental_boundary,STRUCTURAL_ADMISSION,,,351,,,,,,False
52,,fresh_min_fill,STRUCTURAL_COUNTERFACTUAL_NOT_TIMED_SOLVE,,,402,,5,256,2,205824,
52,,transition_priority,STRUCTURAL_COUNTERFACTUAL_NOT_TIMED_SOLVE,,,386,,5,256,2,197632,
52,,parent_plan,STRUCTURAL_COUNTERFACTUAL_NOT_TIMED_SOLVE,,,6248,,7,256,2,3198976,
52,,repair_transfer,STRUCTURAL_COUNTERFACTUAL_NOT_TIMED_SOLVE,,,386,,5,256,2,197632,
52,,tie_portfolio,STRUCTURAL_COUNTERFACTUAL_NOT_TIMED_SOLVE,,,386,,5,256,2,197632,
52,,expanded_portfolio,STRUCTURAL_COUNTERFACTUAL_NOT_TIMED_SOLVE,,,386,,5,256,2,197632,
52,,components,STRUCTURAL_ADMISSION,,,1125899906842628,,,,,,False
52,,variable_elimination,STRUCTURAL_ADMISSION,,,353,,,,,,False
52,,incremental_boundary,STRUCTURAL_ADMISSION,,,353,,,,,,False
53,,fresh_min_fill,STRUCTURAL_COUNTERFACTUAL_NOT_TIMED_SOLVE,,,420,,5,256,2,215040,
53,,transition_priority,STRUCTURAL_COUNTERFACTUAL_NOT_TIMED_SOLVE,,,420,,5,256,2,215040,
53,,parent_plan,STRUCTURAL_COUNTERFACTUAL_NOT_TIMED_SOLVE,,,8296,,7,256,2,4247552,
53,,repair_transfer,STRUCTURAL_COUNTERFACTUAL_NOT_TIMED_SOLVE,,,420,,5,256,2,215040,
53,,tie_portfolio,STRUCTURAL_COUNTERFACTUAL_NOT_TIMED_SOLVE,,,420,,5,256,2,215040,
53,,expanded_portfolio,STRUCTURAL_COUNTERFACTUAL_NOT_TIMED_SOLVE,,,420,,5,256,2,215040,
53,,components,STRUCTURAL_ADMISSION,,,2251799813685252,,,,,,False
53,,variable_elimination,STRUCTURAL_ADMISSION,,,371,,,,,,False
53,,incremental_boundary,STRUCTURAL_ADMISSION,,,371,,,,,,False
54,,fresh_min_fill,STRUCTURAL_COUNTERFACTUAL_NOT_TIMED_SOLVE,,,576,,6,256,2,294912,
54,,transition_priority,STRUCTURAL_COUNTERFACTUAL_NOT_TIMED_SOLVE,,,568,,6,256,2,290816,
54,,parent_plan,STRUCTURAL_COUNTERFACTUAL_NOT_TIMED_SOLVE,,,16424,,9,256,2,8409088,
54,,repair_transfer,STRUCTURAL_COUNTERFACTUAL_NOT_TIMED_SOLVE,,,568,,6,256,2,290816,
54,,tie_portfolio,STRUCTURAL_COUNTERFACTUAL_NOT_TIMED_SOLVE,,,568,,6,256,2,290816,
54,,expanded_portfolio,STRUCTURAL_COUNTERFACTUAL_NOT_TIMED_SOLVE,,,568,,6,256,2,290816,
54,,components,STRUCTURAL_ADMISSION,,,4503599627370500,,,,,,False
54,,variable_elimination,STRUCTURAL_ADMISSION,,,483,,,,,,False
54,,incremental_boundary,STRUCTURAL_ADMISSION,,,483,,,,,,False
55,,fresh_min_fill,STRUCTURAL_COUNTERFACTUAL_NOT_TIMED_SOLVE,,,692,,6,256,2,354304,
55,,transition_priority,STRUCTURAL_COUNTERFACTUAL_NOT_TIMED_SOLVE,,,684,,6,256,2,350208,
55,,parent_plan,STRUCTURAL_COUNTERFACTUAL_NOT_TIMED_SOLVE,,,54984,,11,256,2,28151808,
55,,repair_transfer,STRUCTURAL_COUNTERFACTUAL_NOT_TIMED_SOLVE,,,684,,6,256,2,350208,
55,,tie_portfolio,STRUCTURAL_COUNTERFACTUAL_NOT_TIMED_SOLVE,,,684,,6,256,2,350208,
55,,expanded_portfolio,STRUCTURAL_COUNTERFACTUAL_NOT_TIMED_SOLVE,,,644,,6,256,2,329728,
55,,components,STRUCTURAL_ADMISSION,,,9007199254740996,,,,,,False
55,,variable_elimination,STRUCTURAL_ADMISSION,,,575,,,,,,False
55,,incremental_boundary,STRUCTURAL_ADMISSION,,,575,,,,,,False
56,,fresh_min_fill,STRUCTURAL_COUNTERFACTUAL_NOT_TIMED_SOLVE,,,1002,,7,256,2,513024,
56,,transition_priority,STRUCTURAL_COUNTERFACTUAL_NOT_TIMED_SOLVE,,,986,,7,256,2,504832,
56,,parent_plan,STRUCTURAL_COUNTERFACTUAL_NOT_TIMED_SOLVE,,,55016,,11,256,2,28168192,
56,,repair_transfer,STRUCTURAL_COUNTERFACTUAL_NOT_TIMED_SOLVE,,,986,,7,256,2,504832,
56,,tie_portfolio,STRUCTURAL_COUNTERFACTUAL_NOT_TIMED_SOLVE,,,898,,7,256,2,459776,
56,,expanded_portfolio,STRUCTURAL_COUNTERFACTUAL_NOT_TIMED_SOLVE,,,762,,6,256,2,390144,
56,,components,STRUCTURAL_ADMISSION,,,18014398509481988,,,,,,False
56,,variable_elimination,STRUCTURAL_ADMISSION,,,733,,,,,,False
56,,incremental_boundary,STRUCTURAL_ADMISSION,,,733,,,,,,False
57,,fresh_min_fill,STRUCTURAL_COUNTERFACTUAL_NOT_TIMED_SOLVE,,,1751,,8,256,2,896512,
57,,transition_priority,STRUCTURAL_COUNTERFACTUAL_NOT_TIMED_SOLVE,,,1655,,8,256,2,847360,
57,,parent_plan,STRUCTURAL_COUNTERFACTUAL_NOT_TIMED_SOLVE,,,108112,,12,256,2,55353344,
57,,repair_transfer,STRUCTURAL_COUNTERFACTUAL_NOT_TIMED_SOLVE,,,1655,,8,256,2,847360,
57,,tie_portfolio,STRUCTURAL_COUNTERFACTUAL_NOT_TIMED_SOLVE,,,1471,,7,256,2,753152,
57,,expanded_portfolio,STRUCTURAL_COUNTERFACTUAL_NOT_TIMED_SOLVE,,,1415,,8,256,2,724480,
57,,components,STRUCTURAL_ADMISSION,,,72057594037927938,,,,,,False
57,,variable_elimination,STRUCTURAL_ADMISSION,,,1698,,,,,,False
57,,incremental_boundary,STRUCTURAL_ADMISSION,,,1698,,,,,,False
100,variants/inherited_gap_N100.json,fresh_min_fill,STRUCTURAL_COUNTERFACTUAL_NOT_TIMED_SOLVE,,,495774976,,22,1024,4,2030694301696,
100,variants/inherited_gap_N100.json,transition_priority,STRUCTURAL_COUNTERFACTUAL_NOT_TIMED_SOLVE,,,152329472,,20,1024,4,623941517312,
100,variants/inherited_gap_N100.json,parent_plan,STRUCTURAL_COUNTERFACTUAL_NOT_TIMED_SOLVE,,,152329472,,20,1024,4,623941517312,
100,variants/inherited_gap_N100.json,repair_transfer,STRUCTURAL_COUNTERFACTUAL_NOT_TIMED_SOLVE,,,152329472,,20,1024,4,623941517312,
100,variants/inherited_gap_N100.json,tie_portfolio,STRUCTURAL_COUNTERFACTUAL_NOT_TIMED_SOLVE,,,146177792,,20,1024,4,598744236032,
100,variants/inherited_gap_N100.json,expanded_portfolio,STRUCTURAL_COUNTERFACTUAL_NOT_TIMED_SOLVE,,,112763840,,20,1024,4,461880688640,
100,variants/inherited_gap_N100.json,components,STRUCTURAL_ADMISSION,,,1267650600228229401496703205376,,,,,,False
100,variants/inherited_gap_N100.json,variable_elimination,STRUCTURAL_ADMISSION,,,232004311,,,,,,False
100,variants/inherited_gap_N100.json,incremental_boundary,STRUCTURAL_ADMISSION,,,232004311,,,,,,False
58,,fresh_min_fill,STRUCTURAL_COUNTERFACTUAL_NOT_TIMED_SOLVE,,,2003,,8,256,2,1025536,
58,,transition_priority,STRUCTURAL_COUNTERFACTUAL_NOT_TIMED_SOLVE,,,2275,,8,256,2,1164800,
58,,parent_plan,STRUCTURAL_COUNTERFACTUAL_NOT_TIMED_SOLVE,,,176416,,13,256,2,90324992,
58,,repair_transfer,STRUCTURAL_COUNTERFACTUAL_NOT_TIMED_SOLVE,,,2275,,8,256,2,1164800,
58,,tie_portfolio,STRUCTURAL_COUNTERFACTUAL_NOT_TIMED_SOLVE,,,1803,,8,256,2,923136,
58,,expanded_portfolio,STRUCTURAL_COUNTERFACTUAL_NOT_TIMED_SOLVE,,,1675,,8,256,2,857600,
58,,components,STRUCTURAL_ADMISSION,,,144115188075855874,,,,,,False
58,,variable_elimination,STRUCTURAL_ADMISSION,,,1878,,,,,,False
58,,incremental_boundary,STRUCTURAL_ADMISSION,,,1878,,,,,,False
59,,fresh_min_fill,STRUCTURAL_COUNTERFACTUAL_NOT_TIMED_SOLVE,,,2205,,8,256,2,1128960,
59,,transition_priority,STRUCTURAL_COUNTERFACTUAL_NOT_TIMED_SOLVE,,,2205,,8,256,2,1128960,
59,,parent_plan,STRUCTURAL_COUNTERFACTUAL_NOT_TIMED_SOLVE,,,176480,,13,256,2,90357760,
59,,repair_transfer,STRUCTURAL_COUNTERFACTUAL_NOT_TIMED_SOLVE,,,2077,,8,256,2,1063424,
59,,tie_portfolio,STRUCTURAL_COUNTERFACTUAL_NOT_TIMED_SOLVE,,,1981,,8,256,2,1014272,
59,,expanded_portfolio,STRUCTURAL_COUNTERFACTUAL_NOT_TIMED_SOLVE,,,1821,,8,256,2,932352,
59,,components,STRUCTURAL_ADMISSION,,,288230376151711746,,,,,,False
59,,variable_elimination,STRUCTURAL_ADMISSION,,,2256,,,,,,False
59,,incremental_boundary,STRUCTURAL_ADMISSION,,,2256,,,,,,False
60,,fresh_min_fill,STRUCTURAL_COUNTERFACTUAL_NOT_TIMED_SOLVE,,,2661,,9,256,3,2043648,
60,,transition_priority,STRUCTURAL_COUNTERFACTUAL_NOT_TIMED_SOLVE,,,2661,,9,256,3,2043648,
60,,parent_plan,STRUCTURAL_COUNTERFACTUAL_NOT_TIMED_SOLVE,,,352960,,13,256,3,271073280,
60,,repair_transfer,STRUCTURAL_COUNTERFACTUAL_NOT_TIMED_SOLVE,,,2661,,9,256,3,2043648,
60,,tie_portfolio,STRUCTURAL_COUNTERFACTUAL_NOT_TIMED_SOLVE,,,2661,,9,256,3,2043648,
60,,expanded_portfolio,STRUCTURAL_COUNTERFACTUAL_NOT_TIMED_SOLVE,,,2661,,9,256,3,2043648,
60,,components,STRUCTURAL_ADMISSION,,,576460752303423490,,,,,,False
60,,variable_elimination,STRUCTURAL_ADMISSION,,,2936,,,,,,False
60,,incremental_boundary,STRUCTURAL_ADMISSION,,,2936,,,,,,False
105,variants/inherited_gap_N105.json,fresh_min_fill,STRUCTURAL_COUNTERFACTUAL_NOT_TIMED_SOLVE,,,390869870,,26,1024,4,1601002987520,
105,variants/inherited_gap_N105.json,transition_priority,STRUCTURAL_COUNTERFACTUAL_NOT_TIMED_SOLVE,,,390869870,,26,1024,4,1601002987520,
105,variants/inherited_gap_N105.json,parent_plan,STRUCTURAL_COUNTERFACTUAL_NOT_TIMED_SOLVE,,,390869870,,26,1024,4,1601002987520,
105,variants/inherited_gap_N105.json,repair_transfer,STRUCTURAL_COUNTERFACTUAL_NOT_TIMED_SOLVE,,,390869870,,26,1024,4,1601002987520,
105,variants/inherited_gap_N105.json,tie_portfolio,STRUCTURAL_COUNTERFACTUAL_NOT_TIMED_SOLVE,,,390869870,,26,1024,4,1601002987520,
105,variants/inherited_gap_N105.json,expanded_portfolio,STRUCTURAL_COUNTERFACTUAL_NOT_TIMED_SOLVE,,,390500640,,22,1024,4,1599490621440,
105,variants/inherited_gap_N105.json,components,STRUCTURAL_ADMISSION,,,40564819207303340847894502572032,,,,,,False
105,variants/inherited_gap_N105.json,variable_elimination,STRUCTURAL_ADMISSION,,,6912463677,,,,,,False
105,variants/inherited_gap_N105.json,incremental_boundary,STRUCTURAL_ADMISSION,,,6912463677,,,,,,False
61,,fresh_min_fill,STRUCTURAL_COUNTERFACTUAL_NOT_TIMED_SOLVE,,,7327,,11,256,3,5627136,
61,,transition_priority,STRUCTURAL_COUNTERFACTUAL_NOT_TIMED_SOLVE,,,7327,,11,256,3,5627136,
61,,parent_plan,STRUCTURAL_COUNTERFACTUAL_NOT_TIMED_SOLVE,,,625504,,14,256,3,480387072,
61,,repair_transfer,STRUCTURAL_COUNTERFACTUAL_NOT_TIMED_SOLVE,,,7327,,11,256,3,5627136,
61,,tie_portfolio,STRUCTURAL_COUNTERFACTUAL_NOT_TIMED_SOLVE,,,4495,,10,256,3,3452160,
61,,expanded_portfolio,STRUCTURAL_COUNTERFACTUAL_NOT_TIMED_SOLVE,,,3599,,9,256,3,2764032,
61,,components,STRUCTURAL_ADMISSION,,,1152921504606846978,,,,,,False
61,,variable_elimination,STRUCTURAL_ADMISSION,,,4050,,,,,,False
61,,incremental_boundary,STRUCTURAL_ADMISSION,,,4050,,,,,,False
62,,fresh_min_fill,STRUCTURAL_COUNTERFACTUAL_NOT_TIMED_SOLVE,,,7539,,11,512,3,11579904,
62,,transition_priority,STRUCTURAL_COUNTERFACTUAL_NOT_TIMED_SOLVE,,,7539,,11,512,3,11579904,
62,,parent_plan,STRUCTURAL_COUNTERFACTUAL_NOT_TIMED_SOLVE,,,665712,,14,512,3,1022533632,
62,,repair_transfer,STRUCTURAL_COUNTERFACTUAL_NOT_TIMED_SOLVE,,,7539,,11,512,3,11579904,
62,,tie_portfolio,STRUCTURAL_COUNTERFACTUAL_NOT_TIMED_SOLVE,,,4707,,10,512,3,7229952,
62,,expanded_portfolio,STRUCTURAL_COUNTERFACTUAL_NOT_TIMED_SOLVE,,,4707,,10,512,3,7229952,
62,,components,STRUCTURAL_ADMISSION,,,2305843009213693954,,,,,,False
62,,variable_elimination,STRUCTURAL_ADMISSION,,,4390,,,,,,False
62,,incremental_boundary,STRUCTURAL_ADMISSION,,,4390,,,,,,False
87,,fresh_min_fill,STRUCTURAL_COUNTERFACTUAL_NOT_TIMED_SOLVE,,,43268928,,19,512,3,66461073408,
87,,transition_priority,STRUCTURAL_COUNTERFACTUAL_NOT_TIMED_SOLVE,,,18483260,,21,512,3,28390287360,
87,,parent_plan,STRUCTURAL_COUNTERFACTUAL_NOT_TIMED_SOLVE,,,116608192,,20,512,3,179110182912,
87,,repair_transfer,STRUCTURAL_COUNTERFACTUAL_NOT_TIMED_SOLVE,,,18483260,,21,512,3,28390287360,
87,,tie_portfolio,STRUCTURAL_COUNTERFACTUAL_NOT_TIMED_SOLVE,,,9111100,,20,512,3,13994649600,
87,,expanded_portfolio,STRUCTURAL_COUNTERFACTUAL_NOT_TIMED_SOLVE,,,6424736,,17,512,3,9868394496,
87,,components,STRUCTURAL_ADMISSION,,,154742504910672534362390528,,,,,,False
87,,variable_elimination,STRUCTURAL_ADMISSION,,,166450211,,,,,,False
87,,incremental_boundary,STRUCTURAL_ADMISSION,,,166450211,,,,,,False
63,,fresh_min_fill,STRUCTURAL_COUNTERFACTUAL_NOT_TIMED_SOLVE,,,7543,,11,512,3,11586048,
63,,transition_priority,STRUCTURAL_COUNTERFACTUAL_NOT_TIMED_SOLVE,,,7543,,11,512,3,11586048,
63,,parent_plan,STRUCTURAL_COUNTERFACTUAL_NOT_TIMED_SOLVE,,,665776,,14,512,3,1022631936,
63,,repair_transfer,STRUCTURAL_COUNTERFACTUAL_NOT_TIMED_SOLVE,,,7543,,11,512,3,11586048,
63,,tie_portfolio,STRUCTURAL_COUNTERFACTUAL_NOT_TIMED_SOLVE,,,4711,,10,512,3,7236096,
63,,expanded_portfolio,STRUCTURAL_COUNTERFACTUAL_NOT_TIMED_SOLVE,,,4711,,10,512,3,7236096,
63,,components,STRUCTURAL_ADMISSION,,,4611686018427387906,,,,,,False
63,,variable_elimination,STRUCTURAL_ADMISSION,,,4394,,,,,,False
63,,incremental_boundary,STRUCTURAL_ADMISSION,,,4394,,,,,,False
89,,fresh_min_fill,STRUCTURAL_COUNTERFACTUAL_NOT_TIMED_SOLVE,,,29439616,,18,512,4,60292333568,
89,,transition_priority,STRUCTURAL_COUNTERFACTUAL_NOT_TIMED_SOLVE,,,29439616,,18,512,4,60292333568,
89,,parent_plan,STRUCTURAL_COUNTERFACTUAL_NOT_TIMED_SOLVE,,,225678144,,21,512,4,462188838912,
89,,repair_transfer,STRUCTURAL_COUNTERFACTUAL_NOT_TIMED_SOLVE,,,29439616,,18,512,4,60292333568,
89,,tie_portfolio,STRUCTURAL_COUNTERFACTUAL_NOT_TIMED_SOLVE,,,29439616,,18,512,4,60292333568,
89,,expanded_portfolio,STRUCTURAL_COUNTERFACTUAL_NOT_TIMED_SOLVE,,,13347648,,18,512,4,27335983104,
89,,components,STRUCTURAL_ADMISSION,,,618970019642690137449562112,,,,,,False
89,,variable_elimination,STRUCTURAL_ADMISSION,,,291639163,,,,,,False
89,,incremental_boundary,STRUCTURAL_ADMISSION,,,291639163,,,,,,False
82,,fresh_min_fill,STRUCTURAL_COUNTERFACTUAL_NOT_TIMED_SOLVE,,,3092596,,19,512,3,4750227456,
82,,transition_priority,STRUCTURAL_COUNTERFACTUAL_NOT_TIMED_SOLVE,,,2158500,,18,512,3,3315456000,
82,,parent_plan,STRUCTURAL_COUNTERFACTUAL_NOT_TIMED_SOLVE,,,46020800,,19,512,3,70687948800,
82,,repair_transfer,STRUCTURAL_COUNTERFACTUAL_NOT_TIMED_SOLVE,,,2158500,,18,512,3,3315456000,
82,,tie_portfolio,STRUCTURAL_COUNTERFACTUAL_NOT_TIMED_SOLVE,,,2158500,,18,512,3,3315456000,
82,,expanded_portfolio,STRUCTURAL_COUNTERFACTUAL_NOT_TIMED_SOLVE,,,1984964,,18,512,3,3048904704,
82,,components,STRUCTURAL_ADMISSION,,,4835703278458516698824704,,,,,,False
82,,variable_elimination,STRUCTURAL_ADMISSION,,,6826107,,,,,,False
82,,incremental_boundary,STRUCTURAL_ADMISSION,,,6826107,,,,,,False
64,,fresh_min_fill,STRUCTURAL_COUNTERFACTUAL_NOT_TIMED_SOLVE,,,5483,,10,512,3,8421888,
64,,transition_priority,STRUCTURAL_COUNTERFACTUAL_NOT_TIMED_SOLVE,,,5491,,10,512,3,8434176,
64,,parent_plan,STRUCTURAL_COUNTERFACTUAL_NOT_TIMED_SOLVE,,,665840,,14,512,3,1022730240,
64,,repair_transfer,STRUCTURAL_COUNTERFACTUAL_NOT_TIMED_SOLVE,,,5491,,10,512,3,8434176,
64,,tie_portfolio,STRUCTURAL_COUNTERFACTUAL_NOT_TIMED_SOLVE,,,5483,,10,512,3,8421888,
64,,expanded_portfolio,STRUCTURAL_COUNTERFACTUAL_NOT_TIMED_SOLVE,,,5483,,10,512,3,8421888,
64,,components,STRUCTURAL_ADMISSION,,,9223372036854775810,,,,,,False
64,,variable_elimination,STRUCTURAL_ADMISSION,,,5110,,,,,,False
64,,incremental_boundary,STRUCTURAL_ADMISSION,,,5110,,,,,,False
83,,fresh_min_fill,STRUCTURAL_COUNTERFACTUAL_NOT_TIMED_SOLVE,,,3558052,,19,512,3,5465167872,
83,,transition_priority,STRUCTURAL_COUNTERFACTUAL_NOT_TIMED_SOLVE,,,4820740,,20,512,3,7404656640,
83,,parent_plan,STRUCTURAL_COUNTERFACTUAL_NOT_TIMED_SOLVE,,,46021952,,19,512,3,70689718272,
83,,repair_transfer,STRUCTURAL_COUNTERFACTUAL_NOT_TIMED_SOLVE,,,4820740,,20,512,3,7404656640,
83,,tie_portfolio,STRUCTURAL_COUNTERFACTUAL_NOT_TIMED_SOLVE,,,3179716,,19,512,3,4884043776,
83,,expanded_portfolio,STRUCTURAL_COUNTERFACTUAL_NOT_TIMED_SOLVE,,,2628064,,16,512,3,4036706304,
83,,components,STRUCTURAL_ADMISSION,,,9671406556917033397649408,,,,,,False
83,,variable_elimination,STRUCTURAL_ADMISSION,,,9958635,,,,,,False
83,,incremental_boundary,STRUCTURAL_ADMISSION,,,9958635,,,,,,False
84,,fresh_min_fill,STRUCTURAL_COUNTERFACTUAL_NOT_TIMED_SOLVE,,,16985708,,22,512,3,26090047488,
84,,transition_priority,STRUCTURAL_COUNTERFACTUAL_NOT_TIMED_SOLVE,,,15661356,,22,512,3,24055842816,
84,,parent_plan,STRUCTURAL_COUNTERFACTUAL_NOT_TIMED_SOLVE,,,87725632,,20,512,3,134746570752,
84,,repair_transfer,STRUCTURAL_COUNTERFACTUAL_NOT_TIMED_SOLVE,,,14350636,,22,512,3,22042576896,
84,,tie_portfolio,STRUCTURAL_COUNTERFACTUAL_NOT_TIMED_SOLVE,,,7767628,,21,512,3,11931076608,
84,,expanded_portfolio,STRUCTURAL_COUNTERFACTUAL_NOT_TIMED_SOLVE,,,4066208,,16,512,3,6245695488,
84,,components,STRUCTURAL_ADMISSION,,,19342813113834066795298816,,,,,,False
84,,variable_elimination,STRUCTURAL_ADMISSION,,,15123219,,,,,,False
84,,incremental_boundary,STRUCTURAL_ADMISSION,,,15123219,,,,,,False
84,variants/N84_swap2.json,fresh_min_fill,STRUCTURAL_COUNTERFACTUAL_NOT_TIMED_SOLVE,,,10196284,,21,512,3,15661492224,
84,variants/N84_swap2.json,transition_priority,STRUCTURAL_COUNTERFACTUAL_NOT_TIMED_SOLVE,,,40225984,,19,512,3,61787111424,
84,variants/N84_swap2.json,parent_plan,STRUCTURAL_COUNTERFACTUAL_NOT_TIMED_SOLVE,,,10196284,,21,512,3,15661492224,
84,variants/N84_swap2.json,repair_transfer,STRUCTURAL_COUNTERFACTUAL_NOT_TIMED_SOLVE,,,40225984,,19,512,3,61787111424,
84,variants/N84_swap2.json,tie_portfolio,STRUCTURAL_COUNTERFACTUAL_NOT_TIMED_SOLVE,,,6751628,,20,512,3,10370500608,
84,variants/N84_swap2.json,expanded_portfolio,STRUCTURAL_COUNTERFACTUAL_NOT_TIMED_SOLVE,,,4622956,,20,512,3,7100860416,
84,variants/N84_swap2.json,components,STRUCTURAL_ADMISSION,,,19342813113834066795298816,,,,,,False
84,variants/N84_swap2.json,variable_elimination,STRUCTURAL_ADMISSION,,,42811747,,,,,,False
84,variants/N84_swap2.json,incremental_boundary,STRUCTURAL_ADMISSION,,,42811747,,,,,,False
84,variants/N84_swap3.json,fresh_min_fill,STRUCTURAL_COUNTERFACTUAL_NOT_TIMED_SOLVE,,,68203840,,20,512,3,104761098240,
84,variants/N84_swap3.json,transition_priority,STRUCTURAL_COUNTERFACTUAL_NOT_TIMED_SOLVE,,,175158080,,22,512,3,269042810880,
84,variants/N84_swap3.json,parent_plan,STRUCTURAL_COUNTERFACTUAL_NOT_TIMED_SOLVE,,,68203840,,20,512,3,104761098240,
84,variants/N84_swap3.json,repair_transfer,STRUCTURAL_COUNTERFACTUAL_NOT_TIMED_SOLVE,,,175158080,,22,512,3,269042810880,
84,variants/N84_swap3.json,tie_portfolio,STRUCTURAL_COUNTERFACTUAL_NOT_TIMED_SOLVE,,,9553476,,21,512,3,14674139136,
84,variants/N84_swap3.json,expanded_portfolio,STRUCTURAL_COUNTERFACTUAL_NOT_TIMED_SOLVE,,,9134560,,18,512,3,14030684160,
84,variants/N84_swap3.json,components,STRUCTURAL_ADMISSION,,,19342813113834066795298816,,,,,,False
84,variants/N84_swap3.json,variable_elimination,STRUCTURAL_ADMISSION,,,49688683,,,,,,False
84,variants/N84_swap3.json,incremental_boundary,STRUCTURAL_ADMISSION,,,49688683,,,,,,False
84,variants/N84_swap1.json,fresh_min_fill,STRUCTURAL_COUNTERFACTUAL_NOT_TIMED_SOLVE,,,12728716,,21,512,3,19551307776,
84,variants/N84_swap1.json,transition_priority,STRUCTURAL_COUNTERFACTUAL_NOT_TIMED_SOLVE,,,64217792,,20,512,3,98638528512,
84,variants/N84_swap1.json,parent_plan,STRUCTURAL_COUNTERFACTUAL_NOT_TIMED_SOLVE,,,12728716,,21,512,3,19551307776,
84,variants/N84_swap1.json,repair_transfer,STRUCTURAL_COUNTERFACTUAL_NOT_TIMED_SOLVE,,,63955648,,20,512,3,98235875328,
84,variants/N84_swap1.json,tie_portfolio,STRUCTURAL_COUNTERFACTUAL_NOT_TIMED_SOLVE,,,12728716,,21,512,3,19551307776,
84,variants/N84_swap1.json,expanded_portfolio,STRUCTURAL_COUNTERFACTUAL_NOT_TIMED_SOLVE,,,11867936,,18,512,3,18229149696,
84,variants/N84_swap1.json,components,STRUCTURAL_ADMISSION,,,19342813113834066795298816,,,,,,False
84,variants/N84_swap1.json,variable_elimination,STRUCTURAL_ADMISSION,,,13122131,,,,,,False
84,variants/N84_swap1.json,incremental_boundary,STRUCTURAL_ADMISSION,,,13122131,,,,,,False
65,,fresh_min_fill,STRUCTURAL_COUNTERFACTUAL_NOT_TIMED_SOLVE,,,5955,,10,512,3,9146880,
65,,transition_priority,STRUCTURAL_COUNTERFACTUAL_NOT_TIMED_SOLVE,,,5955,,10,512,3,9146880,
65,,parent_plan,STRUCTURAL_COUNTERFACTUAL_NOT_TIMED_SOLVE,,,698864,,14,512,3,1073455104,
65,,repair_transfer,STRUCTURAL_COUNTERFACTUAL_NOT_TIMED_SOLVE,,,5955,,10,512,3,9146880,
65,,tie_portfolio,STRUCTURAL_COUNTERFACTUAL_NOT_TIMED_SOLVE,,,5955,,10,512,3,9146880,
65,,expanded_portfolio,STRUCTURAL_COUNTERFACTUAL_NOT_TIMED_SOLVE,,,5955,,10,512,3,9146880,
65,,components,STRUCTURAL_ADMISSION,,,18446744073709551618,,,,,,False
65,,variable_elimination,STRUCTURAL_ADMISSION,,,5438,,,,,,False
65,,incremental_boundary,STRUCTURAL_ADMISSION,,,5438,,,,,,False
85,,fresh_min_fill,STRUCTURAL_COUNTERFACTUAL_NOT_TIMED_SOLVE,,,112477248,,21,512,3,172765052928,
85,,transition_priority,STRUCTURAL_COUNTERFACTUAL_NOT_TIMED_SOLVE,,,25435332,,22,512,3,39068669952,
85,,parent_plan,STRUCTURAL_COUNTERFACTUAL_NOT_TIMED_SOLVE,,,91921216,,20,512,3,141190987776,
85,,repair_transfer,STRUCTURAL_COUNTERFACTUAL_NOT_TIMED_SOLVE,,,25435332,,22,512,3,39068669952,
85,,tie_portfolio,STRUCTURAL_COUNTERFACTUAL_NOT_TIMED_SOLVE,,,9349652,,21,512,3,14361065472,
85,,expanded_portfolio,STRUCTURAL_COUNTERFACTUAL_NOT_TIMED_SOLVE,,,9349652,,21,512,3,14361065472,
85,,components,STRUCTURAL_ADMISSION,,,38685626227668133590597632,,,,,,False
85,,variable_elimination,STRUCTURAL_ADMISSION,,,21267851,,,,,,False
85,,incremental_boundary,STRUCTURAL_ADMISSION,,,21267851,,,,,,False
86,,fresh_min_fill,STRUCTURAL_COUNTERFACTUAL_NOT_TIMED_SOLVE,,,60731840,,20,512,3,93284106240,
86,,transition_priority,STRUCTURAL_COUNTERFACTUAL_NOT_TIMED_SOLVE,,,23306428,,22,512,3,35798673408,
86,,parent_plan,STRUCTURAL_COUNTERFACTUAL_NOT_TIMED_SOLVE,,,91924416,,20,512,3,141195902976,
86,,repair_transfer,STRUCTURAL_COUNTERFACTUAL_NOT_TIMED_SOLVE,,,23306428,,22,512,3,35798673408,
86,,tie_portfolio,STRUCTURAL_COUNTERFACTUAL_NOT_TIMED_SOLVE,,,9663548,,21,512,3,14843209728,
86,,expanded_portfolio,STRUCTURAL_COUNTERFACTUAL_NOT_TIMED_SOLVE,,,6588896,,17,512,3,10120544256,
86,,components,STRUCTURAL_ADMISSION,,,77371252455336267181195264,,,,,,False
86,,variable_elimination,STRUCTURAL_ADMISSION,,,28822451,,,,,,False
86,,incremental_boundary,STRUCTURAL_ADMISSION,,,28822451,,,,,,False
66,,fresh_min_fill,STRUCTURAL_COUNTERFACTUAL_NOT_TIMED_SOLVE,,,7703,,10,512,3,11831808,
66,,transition_priority,STRUCTURAL_COUNTERFACTUAL_NOT_TIMED_SOLVE,,,9503,,11,512,3,14596608,
66,,parent_plan,STRUCTURAL_COUNTERFACTUAL_NOT_TIMED_SOLVE,,,742608,,14,512,3,1140645888,
66,,repair_transfer,STRUCTURAL_COUNTERFACTUAL_NOT_TIMED_SOLVE,,,9503,,11,512,3,14596608,
66,,tie_portfolio,STRUCTURAL_COUNTERFACTUAL_NOT_TIMED_SOLVE,,,7703,,10,512,3,11831808,
66,,expanded_portfolio,STRUCTURAL_COUNTERFACTUAL_NOT_TIMED_SOLVE,,,7703,,10,512,3,11831808,
66,,components,STRUCTURAL_ADMISSION,,,36893488147419103234,,,,,,False
66,,variable_elimination,STRUCTURAL_ADMISSION,,,6834,,,,,,False
66,,incremental_boundary,STRUCTURAL_ADMISSION,,,6834,,,,,,False
88,,fresh_min_fill,STRUCTURAL_COUNTERFACTUAL_NOT_TIMED_SOLVE,,,86353088,,20,512,3,132638343168,
88,,transition_priority,STRUCTURAL_COUNTERFACTUAL_NOT_TIMED_SOLVE,,,37367232,,19,512,3,57396068352,
88,,parent_plan,STRUCTURAL_COUNTERFACTUAL_NOT_TIMED_SOLVE,,,225677632,,21,512,3,346640842752,
88,,repair_transfer,STRUCTURAL_COUNTERFACTUAL_NOT_TIMED_SOLVE,,,37367232,,19,512,3,57396068352,
88,,tie_portfolio,STRUCTURAL_COUNTERFACTUAL_NOT_TIMED_SOLVE,,,22404032,,18,512,3,34412593152,
88,,expanded_portfolio,STRUCTURAL_COUNTERFACTUAL_NOT_TIMED_SOLVE,,,13577696,,17,512,3,20855341056,
88,,components,STRUCTURAL_ADMISSION,,,309485009821345068724781056,,,,,,False
88,,variable_elimination,STRUCTURAL_ADMISSION,,,108552347,,,,,,False
88,,incremental_boundary,STRUCTURAL_ADMISSION,,,108552347,,,,,,False
67,,fresh_min_fill,STRUCTURAL_COUNTERFACTUAL_NOT_TIMED_SOLVE,,,11537,,11,512,3,17720832,
67,,transition_priority,STRUCTURAL_COUNTERFACTUAL_NOT_TIMED_SOLVE,,,14249,,11,512,3,21886464,
67,,parent_plan,STRUCTURAL_COUNTERFACTUAL_NOT_TIMED_SOLVE,,,759536,,14,512,3,1166647296,
67,,repair_transfer,STRUCTURAL_COUNTERFACTUAL_NOT_TIMED_SOLVE,,,14249,,11,512,3,21886464,
67,,tie_portfolio,STRUCTURAL_COUNTERFACTUAL_NOT_TIMED_SOLVE,,,11537,,11,512,3,17720832,
67,,expanded_portfolio,STRUCTURAL_COUNTERFACTUAL_NOT_TIMED_SOLVE,,,11369,,11,512,3,17462784,
67,,components,STRUCTURAL_ADMISSION,,,73786976294838206466,,,,,,False
67,,variable_elimination,STRUCTURAL_ADMISSION,,,13804,,,,,,False
67,,incremental_boundary,STRUCTURAL_ADMISSION,,,13804,,,,,,False
68,,fresh_min_fill,STRUCTURAL_COUNTERFACTUAL_NOT_TIMED_SOLVE,,,64881,,14,512,3,99657216,
68,,transition_priority,STRUCTURAL_COUNTERFACTUAL_NOT_TIMED_SOLVE,,,64881,,14,512,3,99657216,
68,,parent_plan,STRUCTURAL_COUNTERFACTUAL_NOT_TIMED_SOLVE,,,1301168,,15,512,3,1998594048,
68,,repair_transfer,STRUCTURAL_COUNTERFACTUAL_NOT_TIMED_SOLVE,,,64881,,14,512,3,99657216,
68,,tie_portfolio,STRUCTURAL_COUNTERFACTUAL_NOT_TIMED_SOLVE,,,21065,,11,512,3,32355840,
68,,expanded_portfolio,STRUCTURAL_COUNTERFACTUAL_NOT_TIMED_SOLVE,,,21065,,11,512,3,32355840,
68,,components,STRUCTURAL_ADMISSION,,,147573952589676412930,,,,,,False
68,,variable_elimination,STRUCTURAL_ADMISSION,,,25708,,,,,,False
68,,incremental_boundary,STRUCTURAL_ADMISSION,,,25708,,,,,,False
90,,fresh_min_fill,STRUCTURAL_COUNTERFACTUAL_NOT_TIMED_SOLVE,,,58879232,,18,1024,4,241169334272,
90,,transition_priority,STRUCTURAL_COUNTERFACTUAL_NOT_TIMED_SOLVE,,,58879232,,18,1024,4,241169334272,
90,,parent_plan,STRUCTURAL_COUNTERFACTUAL_NOT_TIMED_SOLVE,,,451356288,,21,1024,4,1848755355648,
90,,repair_transfer,STRUCTURAL_COUNTERFACTUAL_NOT_TIMED_SOLVE,,,58879232,,18,1024,4,241169334272,
90,,tie_portfolio,STRUCTURAL_COUNTERFACTUAL_NOT_TIMED_SOLVE,,,58879232,,18,1024,4,241169334272,
90,,expanded_portfolio,STRUCTURAL_COUNTERFACTUAL_NOT_TIMED_SOLVE,,,26695296,,18,1024,4,109343932416,
90,,components,STRUCTURAL_ADMISSION,,,1237940039285380274899124224,,,,,,False
90,,variable_elimination,STRUCTURAL_ADMISSION,,,951809499,,,,,,False
90,,incremental_boundary,STRUCTURAL_ADMISSION,,,951809499,,,,,,False
69,,fresh_min_fill,STRUCTURAL_COUNTERFACTUAL_NOT_TIMED_SOLVE,,,50073,,14,512,3,76912128,
69,,transition_priority,STRUCTURAL_COUNTERFACTUAL_NOT_TIMED_SOLVE,,,65065,,14,512,3,99939840,
69,,parent_plan,STRUCTURAL_COUNTERFACTUAL_NOT_TIMED_SOLVE,,,1301936,,15,512,3,1999773696,
69,,repair_transfer,STRUCTURAL_COUNTERFACTUAL_NOT_TIMED_SOLVE,,,65065,,14,512,3,99939840,
69,,tie_portfolio,STRUCTURAL_COUNTERFACTUAL_NOT_TIMED_SOLVE,,,21129,,11,512,3,32454144,
69,,expanded_portfolio,STRUCTURAL_COUNTERFACTUAL_NOT_TIMED_SOLVE,,,17153,,11,512,3,26347008,
69,,components,STRUCTURAL_ADMISSION,,,295147905179352825858,,,,,,False
69,,variable_elimination,STRUCTURAL_ADMISSION,,,21364,,,,,,False
69,,incremental_boundary,STRUCTURAL_ADMISSION,,,21364,,,,,,False
70,,fresh_min_fill,STRUCTURAL_COUNTERFACTUAL_NOT_TIMED_SOLVE,,,24573,,12,512,3,37744128,
70,,transition_priority,STRUCTURAL_COUNTERFACTUAL_NOT_TIMED_SOLVE,,,24029,,12,512,3,36908544,
70,,parent_plan,STRUCTURAL_COUNTERFACTUAL_NOT_TIMED_SOLVE,,,1334832,,15,512,3,2050301952,
70,,repair_transfer,STRUCTURAL_COUNTERFACTUAL_NOT_TIMED_SOLVE,,,24029,,12,512,3,36908544,
70,,tie_portfolio,STRUCTURAL_COUNTERFACTUAL_NOT_TIMED_SOLVE,,,20421,,12,512,3,31366656,
70,,expanded_portfolio,STRUCTURAL_COUNTERFACTUAL_NOT_TIMED_SOLVE,,,20421,,12,512,3,31366656,
70,,components,STRUCTURAL_ADMISSION,,,590295810358705651714,,,,,,False
70,,variable_elimination,STRUCTURAL_ADMISSION,,,29272,,,,,,False
70,,incremental_boundary,STRUCTURAL_ADMISSION,,,29272,,,,,,False
71,,fresh_min_fill,STRUCTURAL_COUNTERFACTUAL_NOT_TIMED_SOLVE,,,27854,,12,512,3,42783744,
71,,transition_priority,STRUCTURAL_COUNTERFACTUAL_NOT_TIMED_SOLVE,,,28758,,12,512,3,44172288,
71,,parent_plan,STRUCTURAL_COUNTERFACTUAL_NOT_TIMED_SOLVE,,,2450560,,16,512,3,3764060160,
71,,repair_transfer,STRUCTURAL_COUNTERFACTUAL_NOT_TIMED_SOLVE,,,28630,,12,512,3,43975680,
71,,tie_portfolio,STRUCTURAL_COUNTERFACTUAL_NOT_TIMED_SOLVE,,,24782,,11,512,3,38065152,
71,,expanded_portfolio,STRUCTURAL_COUNTERFACTUAL_NOT_TIMED_SOLVE,,,23838,,12,512,3,36615168,
71,,components,STRUCTURAL_ADMISSION,,,2361183241434822606848,,,,,,False
71,,variable_elimination,STRUCTURAL_ADMISSION,,,35145,,,,,,False
71,,incremental_boundary,STRUCTURAL_ADMISSION,,,35145,,,,,,False
91,,fresh_min_fill,STRUCTURAL_COUNTERFACTUAL_NOT_TIMED_SOLVE,,,479690496,,22,1024,4,1964812271616,
91,,transition_priority,STRUCTURAL_COUNTERFACTUAL_NOT_TIMED_SOLVE,,,63801600,,18,1024,4,261331353600,
91,,parent_plan,STRUCTURAL_COUNTERFACTUAL_NOT_TIMED_SOLVE,,,451495040,,21,1024,4,1849323683840,
91,,repair_transfer,STRUCTURAL_COUNTERFACTUAL_NOT_TIMED_SOLVE,,,63801600,,18,1024,4,261331353600,
91,,tie_portfolio,STRUCTURAL_COUNTERFACTUAL_NOT_TIMED_SOLVE,,,63801600,,18,1024,4,261331353600,
91,,expanded_portfolio,STRUCTURAL_COUNTERFACTUAL_NOT_TIMED_SOLVE,,,42360704,,19,1024,4,173509443584,
91,,components,STRUCTURAL_ADMISSION,,,2475880078570760549798248448,,,,,,False
91,,variable_elimination,STRUCTURAL_ADMISSION,,,672986075,,,,,,False
91,,incremental_boundary,STRUCTURAL_ADMISSION,,,672986075,,,,,,False
72,,fresh_min_fill,STRUCTURAL_COUNTERFACTUAL_NOT_TIMED_SOLVE,,,63774,,13,512,3,97956864,
72,,transition_priority,STRUCTURAL_COUNTERFACTUAL_NOT_TIMED_SOLVE,,,76486,,14,512,3,117482496,
72,,parent_plan,STRUCTURAL_COUNTERFACTUAL_NOT_TIMED_SOLVE,,,4713952,,17,512,3,7240630272,
72,,repair_transfer,STRUCTURAL_COUNTERFACTUAL_NOT_TIMED_SOLVE,,,76486,,14,512,3,117482496,
72,,tie_portfolio,STRUCTURAL_COUNTERFACTUAL_NOT_TIMED_SOLVE,,,37446,,13,512,3,57517056,
72,,expanded_portfolio,STRUCTURAL_COUNTERFACTUAL_NOT_TIMED_SOLVE,,,37446,,13,512,3,57517056,
72,,components,STRUCTURAL_ADMISSION,,,4722366482869645213696,,,,,,False
72,,variable_elimination,STRUCTURAL_ADMISSION,,,43537,,,,,,False
72,,incremental_boundary,STRUCTURAL_ADMISSION,,,43537,,,,,,False
72,variants/N72_swap2.json,fresh_min_fill,STRUCTURAL_COUNTERFACTUAL_NOT_TIMED_SOLVE,,,332790,,17,512,3,511165440,
72,variants/N72_swap2.json,transition_priority,STRUCTURAL_COUNTERFACTUAL_NOT_TIMED_SOLVE,,,219078,,16,512,3,336503808,
72,variants/N72_swap2.json,parent_plan,STRUCTURAL_COUNTERFACTUAL_NOT_TIMED_SOLVE,,,239229728,,21,512,3,367456862208,
72,variants/N72_swap2.json,repair_transfer,STRUCTURAL_COUNTERFACTUAL_NOT_TIMED_SOLVE,,,219078,,16,512,3,336503808,
72,variants/N72_swap2.json,tie_portfolio,STRUCTURAL_COUNTERFACTUAL_NOT_TIMED_SOLVE,,,125478,,15,512,3,192734208,
72,variants/N72_swap2.json,expanded_portfolio,STRUCTURAL_COUNTERFACTUAL_NOT_TIMED_SOLVE,,,102262,,14,512,3,157074432,
72,variants/N72_swap2.json,components,STRUCTURAL_ADMISSION,,,4722366482869645213696,,,,,,False
72,variants/N72_swap2.json,variable_elimination,STRUCTURAL_ADMISSION,,,87481,,,,,,False
72,variants/N72_swap2.json,incremental_boundary,STRUCTURAL_ADMISSION,,,87481,,,,,,False
72,variants/N72_swap3.json,fresh_min_fill,STRUCTURAL_COUNTERFACTUAL_NOT_TIMED_SOLVE,,,328566,,17,512,3,504677376,
72,variants/N72_swap3.json,transition_priority,STRUCTURAL_COUNTERFACTUAL_NOT_TIMED_SOLVE,,,132110,,15,512,3,202920960,
72,variants/N72_swap3.json,parent_plan,STRUCTURAL_COUNTERFACTUAL_NOT_TIMED_SOLVE,,,44058400,,19,512,3,67673702400,
72,variants/N72_swap3.json,repair_transfer,STRUCTURAL_COUNTERFACTUAL_NOT_TIMED_SOLVE,,,132110,,15,512,3,202920960,
72,variants/N72_swap3.json,tie_portfolio,STRUCTURAL_COUNTERFACTUAL_NOT_TIMED_SOLVE,,,132110,,15,512,3,202920960,
72,variants/N72_swap3.json,expanded_portfolio,STRUCTURAL_COUNTERFACTUAL_NOT_TIMED_SOLVE,,,103662,,14,512,3,159224832,
72,variants/N72_swap3.json,components,STRUCTURAL_ADMISSION,,,4722366482869645213696,,,,,,False
72,variants/N72_swap3.json,variable_elimination,STRUCTURAL_ADMISSION,,,155625,,,,,,False
72,variants/N72_swap3.json,incremental_boundary,STRUCTURAL_ADMISSION,,,155625,,,,,,False
72,variants/N72_swap1.json,fresh_min_fill,STRUCTURAL_COUNTERFACTUAL_NOT_TIMED_SOLVE,,,181894,,16,512,3,279389184,
72,variants/N72_swap1.json,transition_priority,STRUCTURAL_COUNTERFACTUAL_NOT_TIMED_SOLVE,,,181894,,16,512,3,279389184,
72,variants/N72_swap1.json,parent_plan,STRUCTURAL_COUNTERFACTUAL_NOT_TIMED_SOLVE,,,181894,,16,512,3,279389184,
72,variants/N72_swap1.json,repair_transfer,STRUCTURAL_COUNTERFACTUAL_NOT_TIMED_SOLVE,,,181894,,16,512,3,279389184,
72,variants/N72_swap1.json,tie_portfolio,STRUCTURAL_COUNTERFACTUAL_NOT_TIMED_SOLVE,,,181886,,16,512,3,279376896,
72,variants/N72_swap1.json,expanded_portfolio,STRUCTURAL_COUNTERFACTUAL_NOT_TIMED_SOLVE,,,181886,,16,512,3,279376896,
72,variants/N72_swap1.json,components,STRUCTURAL_ADMISSION,,,4722366482869645213696,,,,,,False
72,variants/N72_swap1.json,variable_elimination,STRUCTURAL_ADMISSION,,,118185,,,,,,False
72,variants/N72_swap1.json,incremental_boundary,STRUCTURAL_ADMISSION,,,118185,,,,,,False
73,,fresh_min_fill,STRUCTURAL_COUNTERFACTUAL_NOT_TIMED_SOLVE,,,70606,,14,512,3,108450816,
73,,transition_priority,STRUCTURAL_COUNTERFACTUAL_NOT_TIMED_SOLVE,,,70606,,14,512,3,108450816,
73,,parent_plan,STRUCTURAL_COUNTERFACTUAL_NOT_TIMED_SOLVE,,,5504672,,17,512,3,8455176192,
73,,repair_transfer,STRUCTURAL_COUNTERFACTUAL_NOT_TIMED_SOLVE,,,70606,,14,512,3,108450816,
73,,tie_portfolio,STRUCTURAL_COUNTERFACTUAL_NOT_TIMED_SOLVE,,,58454,,13,512,3,89785344,
73,,expanded_portfolio,STRUCTURAL_COUNTERFACTUAL_NOT_TIMED_SOLVE,,,56478,,13,512,3,86750208,
73,,components,STRUCTURAL_ADMISSION,,,9444732965739290427392,,,,,,False
73,,variable_elimination,STRUCTURAL_ADMISSION,,,71541,,,,,,False
73,,incremental_boundary,STRUCTURAL_ADMISSION,,,71541,,,,,,False
74,,fresh_min_fill,STRUCTURAL_COUNTERFACTUAL_NOT_TIMED_SOLVE,,,77106,,14,512,3,118434816,
74,,transition_priority,STRUCTURAL_COUNTERFACTUAL_NOT_TIMED_SOLVE,,,56826,,13,512,3,87284736,
74,,parent_plan,STRUCTURAL_COUNTERFACTUAL_NOT_TIMED_SOLVE,,,5861344,,17,512,3,9003024384,
74,,repair_transfer,STRUCTURAL_COUNTERFACTUAL_NOT_TIMED_SOLVE,,,52730,,13,512,3,80993280,
74,,tie_portfolio,STRUCTURAL_COUNTERFACTUAL_NOT_TIMED_SOLVE,,,56826,,13,512,3,87284736,
74,,expanded_portfolio,STRUCTURAL_COUNTERFACTUAL_NOT_TIMED_SOLVE,,,56826,,13,512,3,87284736,
74,,components,STRUCTURAL_ADMISSION,,,18889465931478580854784,,,,,,False
74,,variable_elimination,STRUCTURAL_ADMISSION,,,68761,,,,,,False
74,,incremental_boundary,STRUCTURAL_ADMISSION,,,68761,,,,,,False
75,,fresh_min_fill,STRUCTURAL_COUNTERFACTUAL_NOT_TIMED_SOLVE,,,146892,,15,512,3,225626112,
75,,transition_priority,STRUCTURAL_COUNTERFACTUAL_NOT_TIMED_SOLVE,,,142732,,15,512,3,219236352,
75,,parent_plan,STRUCTURAL_COUNTERFACTUAL_NOT_TIMED_SOLVE,,,6960192,,17,512,3,10690854912,
75,,repair_transfer,STRUCTURAL_COUNTERFACTUAL_NOT_TIMED_SOLVE,,,142732,,15,512,3,219236352,
75,,tie_portfolio,STRUCTURAL_COUNTERFACTUAL_NOT_TIMED_SOLVE,,,142732,,15,512,3,219236352,
75,,expanded_portfolio,STRUCTURAL_COUNTERFACTUAL_NOT_TIMED_SOLVE,,,142732,,15,512,3,219236352,
75,,components,STRUCTURAL_ADMISSION,,,37778931862957161709568,,,,,,False
75,,variable_elimination,STRUCTURAL_ADMISSION,,,152915,,,,,,False
75,,incremental_boundary,STRUCTURAL_ADMISSION,,,152915,,,,,,False
76,,fresh_min_fill,STRUCTURAL_COUNTERFACTUAL_NOT_TIMED_SOLVE,,,178388,,15,512,3,274003968,
76,,transition_priority,STRUCTURAL_COUNTERFACTUAL_NOT_TIMED_SOLVE,,,187156,,15,512,3,287471616,
76,,parent_plan,STRUCTURAL_COUNTERFACTUAL_NOT_TIMED_SOLVE,,,8656704,,17,512,3,13296697344,
76,,repair_transfer,STRUCTURAL_COUNTERFACTUAL_NOT_TIMED_SOLVE,,,187156,,15,512,3,287471616,
76,,tie_portfolio,STRUCTURAL_COUNTERFACTUAL_NOT_TIMED_SOLVE,,,178388,,15,512,3,274003968,
76,,expanded_portfolio,STRUCTURAL_COUNTERFACTUAL_NOT_TIMED_SOLVE,,,178388,,15,512,3,274003968,
76,,components,STRUCTURAL_ADMISSION,,,75557863725914323419136,,,,,,False
76,,variable_elimination,STRUCTURAL_ADMISSION,,,156843,,,,,,False
76,,incremental_boundary,STRUCTURAL_ADMISSION,,,156843,,,,,,False
77,,fresh_min_fill,STRUCTURAL_COUNTERFACTUAL_NOT_TIMED_SOLVE,,,610692,,17,512,3,938022912,
77,,transition_priority,STRUCTURAL_COUNTERFACTUAL_NOT_TIMED_SOLVE,,,251364,,15,512,3,386095104,
77,,parent_plan,STRUCTURAL_COUNTERFACTUAL_NOT_TIMED_SOLVE,,,16264896,,18,512,3,24982880256,
77,,repair_transfer,STRUCTURAL_COUNTERFACTUAL_NOT_TIMED_SOLVE,,,251364,,15,512,3,386095104,
77,,tie_portfolio,STRUCTURAL_COUNTERFACTUAL_NOT_TIMED_SOLVE,,,251364,,15,512,3,386095104,
77,,expanded_portfolio,STRUCTURAL_COUNTERFACTUAL_NOT_TIMED_SOLVE,,,251364,,15,512,3,386095104,
77,,components,STRUCTURAL_ADMISSION,,,151115727451828646838272,,,,,,False
77,,variable_elimination,STRUCTURAL_ADMISSION,,,192891,,,,,,False
77,,incremental_boundary,STRUCTURAL_ADMISSION,,,192891,,,,,,False
78,,fresh_min_fill,STRUCTURAL_COUNTERFACTUAL_NOT_TIMED_SOLVE,,,689832,,18,512,3,1059581952,
78,,transition_priority,STRUCTURAL_COUNTERFACTUAL_NOT_TIMED_SOLVE,,,688808,,18,512,3,1058009088,
78,,parent_plan,STRUCTURAL_COUNTERFACTUAL_NOT_TIMED_SOLVE,,,16273920,,18,512,3,24996741120,
78,,repair_transfer,STRUCTURAL_COUNTERFACTUAL_NOT_TIMED_SOLVE,,,688808,,18,512,3,1058009088,
78,,tie_portfolio,STRUCTURAL_COUNTERFACTUAL_NOT_TIMED_SOLVE,,,688808,,18,512,3,1058009088,
78,,expanded_portfolio,STRUCTURAL_COUNTERFACTUAL_NOT_TIMED_SOLVE,,,688808,,18,512,3,1058009088,
78,,components,STRUCTURAL_ADMISSION,,,302231454903657293676544,,,,,,False
78,,variable_elimination,STRUCTURAL_ADMISSION,,,948847,,,,,,False
78,,incremental_boundary,STRUCTURAL_ADMISSION,,,948847,,,,,,False
79,,fresh_min_fill,STRUCTURAL_COUNTERFACTUAL_NOT_TIMED_SOLVE,,,1177136,,18,512,3,1808080896,
79,,transition_priority,STRUCTURAL_COUNTERFACTUAL_NOT_TIMED_SOLVE,,,672928,,17,512,3,1033617408,
79,,parent_plan,STRUCTURAL_COUNTERFACTUAL_NOT_TIMED_SOLVE,,,23001728,,18,512,3,35330654208,
79,,repair_transfer,STRUCTURAL_COUNTERFACTUAL_NOT_TIMED_SOLVE,,,656544,,17,512,3,1008451584,
79,,tie_portfolio,STRUCTURAL_COUNTERFACTUAL_NOT_TIMED_SOLVE,,,672928,,17,512,3,1033617408,
79,,expanded_portfolio,STRUCTURAL_COUNTERFACTUAL_NOT_TIMED_SOLVE,,,672928,,17,512,3,1033617408,
79,,components,STRUCTURAL_ADMISSION,,,604462909807314587353088,,,,,,False
79,,variable_elimination,STRUCTURAL_ADMISSION,,,2931343,,,,,,False
79,,incremental_boundary,STRUCTURAL_ADMISSION,,,2931343,,,,,,False
80,,fresh_min_fill,STRUCTURAL_COUNTERFACTUAL_NOT_TIMED_SOLVE,,,1576072,,19,512,3,2420846592,
80,,transition_priority,STRUCTURAL_COUNTERFACTUAL_NOT_TIMED_SOLVE,,,1576072,,19,512,3,2420846592,
80,,parent_plan,STRUCTURAL_COUNTERFACTUAL_NOT_TIMED_SOLVE,,,25099520,,18,512,3,38552862720,
80,,repair_transfer,STRUCTURAL_COUNTERFACTUAL_NOT_TIMED_SOLVE,,,1576072,,19,512,3,2420846592,
80,,tie_portfolio,STRUCTURAL_COUNTERFACTUAL_NOT_TIMED_SOLVE,,,672760,,17,512,3,1033359360,
80,,expanded_portfolio,STRUCTURAL_COUNTERFACTUAL_NOT_TIMED_SOLVE,,,672760,,17,512,3,1033359360,
80,,components,STRUCTURAL_ADMISSION,,,1208925819614629174706176,,,,,,False
80,,variable_elimination,STRUCTURAL_ADMISSION,,,3325231,,,,,,False
80,,incremental_boundary,STRUCTURAL_ADMISSION,,,3325231,,,,,,False
81,,fresh_min_fill,STRUCTURAL_COUNTERFACTUAL_NOT_TIMED_SOLVE,,,3014468,,20,512,3,4630222848,
81,,transition_priority,STRUCTURAL_COUNTERFACTUAL_NOT_TIMED_SOLVE,,,3652228,,20,512,3,5609822208,
81,,parent_plan,STRUCTURAL_COUNTERFACTUAL_NOT_TIMED_SOLVE,,,45950016,,19,512,3,70579224576,
81,,repair_transfer,STRUCTURAL_COUNTERFACTUAL_NOT_TIMED_SOLVE,,,3652228,,20,512,3,5609822208,
81,,tie_portfolio,STRUCTURAL_COUNTERFACTUAL_NOT_TIMED_SOLVE,,,2157892,,19,512,3,3314522112,
81,,expanded_portfolio,STRUCTURAL_COUNTERFACTUAL_NOT_TIMED_SOLVE,,,1218532,,18,512,3,1871665152,
81,,components,STRUCTURAL_ADMISSION,,,2417851639229258349412352,,,,,,False
81,,variable_elimination,STRUCTURAL_ADMISSION,,,6647851,,,,,,False
81,,incremental_boundary,STRUCTURAL_ADMISSION,,,6647851,,,,,,False
120,,fresh_min_fill,STRUCTURAL_COUNTERFACTUAL_NOT_TIMED_SOLVE,,,621065601296,,37,1024,5,3179855878635520,
120,,transition_priority,STRUCTURAL_COUNTERFACTUAL_NOT_TIMED_SOLVE,,,621065601296,,37,1024,5,3179855878635520,
120,,parent_plan,STRUCTURAL_COUNTERFACTUAL_NOT_TIMED_SOLVE,,,621065601296,,37,1024,5,3179855878635520,
120,,repair_transfer,STRUCTURAL_COUNTERFACTUAL_NOT_TIMED_SOLVE,,,621065601296,,37,1024,5,3179855878635520,
120,,tie_portfolio,STRUCTURAL_COUNTERFACTUAL_NOT_TIMED_SOLVE,,,621065601296,,37,1024,5,3179855878635520,
120,,expanded_portfolio,STRUCTURAL_COUNTERFACTUAL_NOT_TIMED_SOLVE,,,621065601296,,37,1024,5,3179855878635520,
120,,components,STRUCTURAL_ADMISSION,,,1329227995784915872903807060280344576,,,,,,False
120,,variable_elimination,STRUCTURAL_ADMISSION,,,3788471786719,,,,,,False
120,,incremental_boundary,STRUCTURAL_ADMISSION,,,3788471786719,,,,,,False
120,variants/N120_swap2.json,fresh_min_fill,STRUCTURAL_COUNTERFACTUAL_NOT_TIMED_SOLVE,,,1882630373504,,34,1024,5,9639067512340480,
120,variants/N120_swap2.json,transition_priority,STRUCTURAL_COUNTERFACTUAL_NOT_TIMED_SOLVE,,,1882630373504,,34,1024,5,9639067512340480,
120,variants/N120_swap2.json,parent_plan,STRUCTURAL_COUNTERFACTUAL_NOT_TIMED_SOLVE,,,1882630373504,,34,1024,5,9639067512340480,
120,variants/N120_swap2.json,repair_transfer,STRUCTURAL_COUNTERFACTUAL_NOT_TIMED_SOLVE,,,1882630373504,,34,1024,5,9639067512340480,
120,variants/N120_swap2.json,tie_portfolio,STRUCTURAL_COUNTERFACTUAL_NOT_TIMED_SOLVE,,,1882630373504,,34,1024,5,9639067512340480,
120,variants/N120_swap2.json,expanded_portfolio,STRUCTURAL_COUNTERFACTUAL_NOT_TIMED_SOLVE,,,1882630373504,,34,1024,5,9639067512340480,
120,variants/N120_swap2.json,components,STRUCTURAL_ADMISSION,,,1329227995784915872903807060280344576,,,,,,False
120,variants/N120_swap2.json,variable_elimination,STRUCTURAL_ADMISSION,,,7973013738015,,,,,,False
120,variants/N120_swap2.json,incremental_boundary,STRUCTURAL_ADMISSION,,,7973013738015,,,,,,False
120,variants/N120_swap1.json,fresh_min_fill,STRUCTURAL_COUNTERFACTUAL_NOT_TIMED_SOLVE,,,249698315440,,36,1024,5,1278455375052800,
120,variants/N120_swap1.json,transition_priority,STRUCTURAL_COUNTERFACTUAL_NOT_TIMED_SOLVE,,,249698315440,,36,1024,5,1278455375052800,
120,variants/N120_swap1.json,parent_plan,STRUCTURAL_COUNTERFACTUAL_NOT_TIMED_SOLVE,,,249698315440,,36,1024,5,1278455375052800,
120,variants/N120_swap1.json,repair_transfer,STRUCTURAL_COUNTERFACTUAL_NOT_TIMED_SOLVE,,,249698315440,,36,1024,5,1278455375052800,
120,variants/N120_swap1.json,tie_portfolio,STRUCTURAL_COUNTERFACTUAL_NOT_TIMED_SOLVE,,,249698315440,,36,1024,5,1278455375052800,
120,variants/N120_swap1.json,expanded_portfolio,STRUCTURAL_COUNTERFACTUAL_NOT_TIMED_SOLVE,,,249698315440,,36,1024,5,1278455375052800,
120,variants/N120_swap1.json,components,STRUCTURAL_ADMISSION,,,1329227995784915872903807060280344576,,,,,,False
120,variants/N120_swap1.json,variable_elimination,STRUCTURAL_ADMISSION,,,730569863999,,,,,,False
120,variants/N120_swap1.json,incremental_boundary,STRUCTURAL_ADMISSION,,,730569863999,,,,,,False
120,variants/N120_swap3.json,fresh_min_fill,STRUCTURAL_COUNTERFACTUAL_NOT_TIMED_SOLVE,,,9210667441904,,42,1024,5,47158617302548480,
120,variants/N120_swap3.json,transition_priority,STRUCTURAL_COUNTERFACTUAL_NOT_TIMED_SOLVE,,,9210667441904,,42,1024,5,47158617302548480,
120,variants/N120_swap3.json,parent_plan,STRUCTURAL_COUNTERFACTUAL_NOT_TIMED_SOLVE,,,9210667441904,,42,1024,5,47158617302548480,
120,variants/N120_swap3.json,repair_transfer,STRUCTURAL_COUNTERFACTUAL_NOT_TIMED_SOLVE,,,9210667441904,,42,1024,5,47158617302548480,
120,variants/N120_swap3.json,tie_portfolio,STRUCTURAL_COUNTERFACTUAL_NOT_TIMED_SOLVE,,,9210667441904,,42,1024,5,47158617302548480,
120,variants/N120_swap3.json,expanded_portfolio,STRUCTURAL_COUNTERFACTUAL_NOT_TIMED_SOLVE,,,9210667441904,,42,1024,5,47158617302548480,
120,variants/N120_swap3.json,components,STRUCTURAL_ADMISSION,,,1329227995784915872903807060280344576,,,,,,False
120,variants/N120_swap3.json,variable_elimination,STRUCTURAL_ADMISSION,,,889110487167,,,,,,False
120,variants/N120_swap3.json,incremental_boundary,STRUCTURAL_ADMISSION,,,889110487167,,,,,,False
119,,fresh_min_fill,STRUCTURAL_COUNTERFACTUAL_NOT_TIMED_SOLVE,,,173007562736,,34,1024,5,885798721208320,
119,,transition_priority,STRUCTURAL_COUNTERFACTUAL_NOT_TIMED_SOLVE,,,173007562736,,34,1024,5,885798721208320,
119,,parent_plan,STRUCTURAL_COUNTERFACTUAL_NOT_TIMED_SOLVE,,,173007562736,,34,1024,5,885798721208320,
119,,repair_transfer,STRUCTURAL_COUNTERFACTUAL_NOT_TIMED_SOLVE,,,173007562736,,34,1024,5,885798721208320,
119,,tie_portfolio,STRUCTURAL_COUNTERFACTUAL_NOT_TIMED_SOLVE,,,173007562736,,34,1024,5,885798721208320,
119,,expanded_portfolio,STRUCTURAL_COUNTERFACTUAL_NOT_TIMED_SOLVE,,,173007562736,,34,1024,5,885798721208320,
119,,components,STRUCTURAL_ADMISSION,,,664613997892457936451903530140172288,,,,,,False
119,,variable_elimination,STRUCTURAL_ADMISSION,,,779008494015,,,,,,False
119,,incremental_boundary,STRUCTURAL_ADMISSION,,,779008494015,,,,,,False
92,,fresh_min_fill,STRUCTURAL_COUNTERFACTUAL_NOT_TIMED_SOLVE,,,433732736,,22,1024,4,1776569286656,
92,,transition_priority,STRUCTURAL_COUNTERFACTUAL_NOT_TIMED_SOLVE,,,74167936,,18,1024,4,303791865856,
92,,parent_plan,STRUCTURAL_COUNTERFACTUAL_NOT_TIMED_SOLVE,,,452030336,,21,1024,4,1851516256256,
92,,repair_transfer,STRUCTURAL_COUNTERFACTUAL_NOT_TIMED_SOLVE,,,74167936,,18,1024,4,303791865856,
92,,tie_portfolio,STRUCTURAL_COUNTERFACTUAL_NOT_TIMED_SOLVE,,,74167936,,18,1024,4,303791865856,
92,,expanded_portfolio,STRUCTURAL_COUNTERFACTUAL_NOT_TIMED_SOLVE,,,56670784,,19,1024,4,232123531264,
92,,components,STRUCTURAL_ADMISSION,,,4951760157141521099596496896,,,,,,False
92,,variable_elimination,STRUCTURAL_ADMISSION,,,369382079,,,,,,False
92,,incremental_boundary,STRUCTURAL_ADMISSION,,,369382079,,,,,,False
93,,fresh_min_fill,STRUCTURAL_COUNTERFACTUAL_NOT_TIMED_SOLVE,,,477200512,,21,1024,4,1954613297152,
93,,transition_priority,STRUCTURAL_COUNTERFACTUAL_NOT_TIMED_SOLVE,,,477200512,,21,1024,4,1954613297152,
93,,parent_plan,STRUCTURAL_COUNTERFACTUAL_NOT_TIMED_SOLVE,,,477200512,,21,1024,4,1954613297152,
93,,repair_transfer,STRUCTURAL_COUNTERFACTUAL_NOT_TIMED_SOLVE,,,443646080,,21,1024,4,1817174343680,
93,,tie_portfolio,STRUCTURAL_COUNTERFACTUAL_NOT_TIMED_SOLVE,,,256825984,,21,1024,4,1051959230464,
93,,expanded_portfolio,STRUCTURAL_COUNTERFACTUAL_NOT_TIMED_SOLVE,,,91523392,,19,1024,4,374879813632,
93,,components,STRUCTURAL_ADMISSION,,,9903520314283042199192993792,,,,,,False
93,,variable_elimination,STRUCTURAL_ADMISSION,,,1093014815,,,,,,False
93,,incremental_boundary,STRUCTURAL_ADMISSION,,,1093014815,,,,,,False
94,,fresh_min_fill,STRUCTURAL_COUNTERFACTUAL_NOT_TIMED_SOLVE,,,679097984,,22,1024,4,2781585342464,
94,,transition_priority,STRUCTURAL_COUNTERFACTUAL_NOT_TIMED_SOLVE,,,679097984,,22,1024,4,2781585342464,
94,,parent_plan,STRUCTURAL_COUNTERFACTUAL_NOT_TIMED_SOLVE,,,679097984,,22,1024,4,2781585342464,
94,,repair_transfer,STRUCTURAL_COUNTERFACTUAL_NOT_TIMED_SOLVE,,,645543552,,22,1024,4,2644146388992,
94,,tie_portfolio,STRUCTURAL_COUNTERFACTUAL_NOT_TIMED_SOLVE,,,505460352,,21,1024,4,2070365601792,
94,,expanded_portfolio,STRUCTURAL_COUNTERFACTUAL_NOT_TIMED_SOLVE,,,252830272,,22,1024,4,1035592794112,
94,,components,STRUCTURAL_ADMISSION,,,19807040628566084398385987584,,,,,,False
94,,variable_elimination,STRUCTURAL_ADMISSION,,,706263199,,,,,,False
94,,incremental_boundary,STRUCTURAL_ADMISSION,,,706263199,,,,,,False
95,,fresh_min_fill,STRUCTURAL_COUNTERFACTUAL_NOT_TIMED_SOLVE,,,513524864,,21,1024,4,2103397842944,
95,,transition_priority,STRUCTURAL_COUNTERFACTUAL_NOT_TIMED_SOLVE,,,775725696,,22,1024,4,3177372450816,
95,,parent_plan,STRUCTURAL_COUNTERFACTUAL_NOT_TIMED_SOLVE,,,813320320,,22,1024,4,3331360030720,
95,,repair_transfer,STRUCTURAL_COUNTERFACTUAL_NOT_TIMED_SOLVE,,,775725696,,22,1024,4,3177372450816,
95,,tie_portfolio,STRUCTURAL_COUNTERFACTUAL_NOT_TIMED_SOLVE,,,513524864,,21,1024,4,2103397842944,
95,,expanded_portfolio,STRUCTURAL_COUNTERFACTUAL_NOT_TIMED_SOLVE,,,249085248,,21,1024,4,1020253175808,
95,,components,STRUCTURAL_ADMISSION,,,39614081257132168796771975168,,,,,,False
95,,variable_elimination,STRUCTURAL_ADMISSION,,,743029935,,,,,,False
95,,incremental_boundary,STRUCTURAL_ADMISSION,,,743029935,,,,,,False
96,,fresh_min_fill,STRUCTURAL_COUNTERFACTUAL_NOT_TIMED_SOLVE,,,641754752,,22,1024,4,2628627464192,
96,,transition_priority,STRUCTURAL_COUNTERFACTUAL_NOT_TIMED_SOLVE,,,486585984,,21,1024,4,1993056190464,
96,,parent_plan,STRUCTURAL_COUNTERFACTUAL_NOT_TIMED_SOLVE,,,814475904,,22,1024,4,3336093302784,
96,,repair_transfer,STRUCTURAL_COUNTERFACTUAL_NOT_TIMED_SOLVE,,,486585984,,21,1024,4,1993056190464,
96,,tie_portfolio,STRUCTURAL_COUNTERFACTUAL_NOT_TIMED_SOLVE,,,430070400,,21,1024,4,1761568358400,
96,,expanded_portfolio,STRUCTURAL_COUNTERFACTUAL_NOT_TIMED_SOLVE,,,203956800,,21,1024,4,835407052800,
96,,components,STRUCTURAL_ADMISSION,,,79228162514264337593543950336,,,,,,False
96,,variable_elimination,STRUCTURAL_ADMISSION,,,16698150047,,,,,,False
96,,incremental_boundary,STRUCTURAL_ADMISSION,,,16698150047,,,,,,False
96,variants/N96_swap3.json,fresh_min_fill,STRUCTURAL_COUNTERFACTUAL_NOT_TIMED_SOLVE,,,10369075792,,31,1024,4,42471734444032,
96,variants/N96_swap3.json,transition_priority,STRUCTURAL_COUNTERFACTUAL_NOT_TIMED_SOLVE,,,10369075792,,31,1024,4,42471734444032,
96,variants/N96_swap3.json,parent_plan,STRUCTURAL_COUNTERFACTUAL_NOT_TIMED_SOLVE,,,10369075792,,31,1024,4,42471734444032,
96,variants/N96_swap3.json,repair_transfer,STRUCTURAL_COUNTERFACTUAL_NOT_TIMED_SOLVE,,,10369075792,,31,1024,4,42471734444032,
96,variants/N96_swap3.json,tie_portfolio,STRUCTURAL_COUNTERFACTUAL_NOT_TIMED_SOLVE,,,10369075792,,31,1024,4,42471734444032,
96,variants/N96_swap3.json,expanded_portfolio,STRUCTURAL_COUNTERFACTUAL_NOT_TIMED_SOLVE,,,783025408,,22,1024,4,3207272071168,
96,variants/N96_swap3.json,components,STRUCTURAL_ADMISSION,,,79228162514264337593543950336,,,,,,False
96,variants/N96_swap3.json,variable_elimination,STRUCTURAL_ADMISSION,,,4972533823,,,,,,False
96,variants/N96_swap3.json,incremental_boundary,STRUCTURAL_ADMISSION,,,4972533823,,,,,,False
96,variants/N96_swap1.json,fresh_min_fill,STRUCTURAL_COUNTERFACTUAL_NOT_TIMED_SOLVE,,,4949426176,,25,1024,4,20272849616896,
96,variants/N96_swap1.json,transition_priority,STRUCTURAL_COUNTERFACTUAL_NOT_TIMED_SOLVE,,,4949426176,,25,1024,4,20272849616896,
96,variants/N96_swap1.json,parent_plan,STRUCTURAL_COUNTERFACTUAL_NOT_TIMED_SOLVE,,,4949426176,,25,1024,4,20272849616896,
96,variants/N96_swap1.json,repair_transfer,STRUCTURAL_COUNTERFACTUAL_NOT_TIMED_SOLVE,,,4949426176,,25,1024,4,20272849616896,
96,variants/N96_swap1.json,tie_portfolio,STRUCTURAL_COUNTERFACTUAL_NOT_TIMED_SOLVE,,,4949426176,,25,1024,4,20272849616896,
96,variants/N96_swap1.json,expanded_portfolio,STRUCTURAL_COUNTERFACTUAL_NOT_TIMED_SOLVE,,,617919360,,22,1024,4,2530997698560,
96,variants/N96_swap1.json,components,STRUCTURAL_ADMISSION,,,79228162514264337593543950336,,,,,,False
96,variants/N96_swap1.json,variable_elimination,STRUCTURAL_ADMISSION,,,10054562495,,,,,,False
96,variants/N96_swap1.json,incremental_boundary,STRUCTURAL_ADMISSION,,,10054562495,,,,,,False
96,variants/N96_swap2.json,fresh_min_fill,STRUCTURAL_COUNTERFACTUAL_NOT_TIMED_SOLVE,,,12368522608,,32,1024,4,50661468602368,
96,variants/N96_swap2.json,transition_priority,STRUCTURAL_COUNTERFACTUAL_NOT_TIMED_SOLVE,,,12368522608,,32,1024,4,50661468602368,
96,variants/N96_swap2.json,parent_plan,STRUCTURAL_COUNTERFACTUAL_NOT_TIMED_SOLVE,,,12368522608,,32,1024,4,50661468602368,
96,variants/N96_swap2.json,repair_transfer,STRUCTURAL_COUNTERFACTUAL_NOT_TIMED_SOLVE,,,12368522608,,32,1024,4,50661468602368,
96,variants/N96_swap2.json,tie_portfolio,STRUCTURAL_COUNTERFACTUAL_NOT_TIMED_SOLVE,,,12368522608,,32,1024,4,50661468602368,
96,variants/N96_swap2.json,expanded_portfolio,STRUCTURAL_COUNTERFACTUAL_NOT_TIMED_SOLVE,,,12368522608,,32,1024,4,50661468602368,
96,variants/N96_swap2.json,components,STRUCTURAL_ADMISSION,,,79228162514264337593543950336,,,,,,False
96,variants/N96_swap2.json,variable_elimination,STRUCTURAL_ADMISSION,,,11266436095,,,,,,False
96,variants/N96_swap2.json,incremental_boundary,STRUCTURAL_ADMISSION,,,11266436095,,,,,,False
97,,fresh_min_fill,STRUCTURAL_COUNTERFACTUAL_NOT_TIMED_SOLVE,,,495774784,,22,1024,4,2030693515264,
97,,transition_priority,STRUCTURAL_COUNTERFACTUAL_NOT_TIMED_SOLVE,,,152329280,,20,1024,4,623940730880,
97,,parent_plan,STRUCTURAL_COUNTERFACTUAL_NOT_TIMED_SOLVE,,,152329280,,20,1024,4,623940730880,
97,,repair_transfer,STRUCTURAL_COUNTERFACTUAL_NOT_TIMED_SOLVE,,,152329280,,20,1024,4,623940730880,
97,,tie_portfolio,STRUCTURAL_COUNTERFACTUAL_NOT_TIMED_SOLVE,,,146177600,,20,1024,4,598743449600,
97,,expanded_portfolio,STRUCTURAL_COUNTERFACTUAL_NOT_TIMED_SOLVE,,,112763744,,20,1024,4,461880295424,
97,,components,STRUCTURAL_ADMISSION,,,158456325028528675187087900672,,,,,,False
97,,variable_elimination,STRUCTURAL_ADMISSION,,,232004305,,,,,,False
97,,incremental_boundary,STRUCTURAL_ADMISSION,,,232004305,,,,,,False
98,,fresh_min_fill,STRUCTURAL_COUNTERFACTUAL_NOT_TIMED_SOLVE,,,495774848,,22,1024,4,2030693777408,
98,,transition_priority,STRUCTURAL_COUNTERFACTUAL_NOT_TIMED_SOLVE,,,152329344,,20,1024,4,623940993024,
98,,parent_plan,STRUCTURAL_COUNTERFACTUAL_NOT_TIMED_SOLVE,,,152329344,,20,1024,4,623940993024,
98,,repair_transfer,STRUCTURAL_COUNTERFACTUAL_NOT_TIMED_SOLVE,,,152329344,,20,1024,4,623940993024,
98,,tie_portfolio,STRUCTURAL_COUNTERFACTUAL_NOT_TIMED_SOLVE,,,146177664,,20,1024,4,598743711744,
98,,expanded_portfolio,STRUCTURAL_COUNTERFACTUAL_NOT_TIMED_SOLVE,,,112763776,,20,1024,4,461880426496,
98,,components,STRUCTURAL_ADMISSION,,,316912650057057350374175801344,,,,,,False
98,,variable_elimination,STRUCTURAL_ADMISSION,,,232004307,,,,,,False
98,,incremental_boundary,STRUCTURAL_ADMISSION,,,232004307,,,,,,False
99,,fresh_min_fill,STRUCTURAL_COUNTERFACTUAL_NOT_TIMED_SOLVE,,,495774912,,22,1024,4,2030694039552,
99,,transition_priority,STRUCTURAL_COUNTERFACTUAL_NOT_TIMED_SOLVE,,,152329408,,20,1024,4,623941255168,
99,,parent_plan,STRUCTURAL_COUNTERFACTUAL_NOT_TIMED_SOLVE,,,152329408,,20,1024,4,623941255168,
99,,repair_transfer,STRUCTURAL_COUNTERFACTUAL_NOT_TIMED_SOLVE,,,152329408,,20,1024,4,623941255168,
99,,tie_portfolio,STRUCTURAL_COUNTERFACTUAL_NOT_TIMED_SOLVE,,,146177728,,20,1024,4,598743973888,
99,,expanded_portfolio,STRUCTURAL_COUNTERFACTUAL_NOT_TIMED_SOLVE,,,112763808,,20,1024,4,461880557568,
99,,components,STRUCTURAL_ADMISSION,,,633825300114114700748351602688,,,,,,False
99,,variable_elimination,STRUCTURAL_ADMISSION,,,232004309,,,,,,False
99,,incremental_boundary,STRUCTURAL_ADMISSION,,,232004309,,,,,,False
100,,fresh_min_fill,STRUCTURAL_COUNTERFACTUAL_NOT_TIMED_SOLVE,,,2160,,5,512,4,4423680,
100,,transition_priority,STRUCTURAL_COUNTERFACTUAL_NOT_TIMED_SOLVE,,,2160,,5,512,4,4423680,
100,,parent_plan,STRUCTURAL_COUNTERFACTUAL_NOT_TIMED_SOLVE,,,200192,,9,512,4,409993216,
100,,repair_transfer,STRUCTURAL_COUNTERFACTUAL_NOT_TIMED_SOLVE,,,2160,,5,512,4,4423680,
100,,tie_portfolio,STRUCTURAL_COUNTERFACTUAL_NOT_TIMED_SOLVE,,,2160,,5,512,4,4423680,
100,,expanded_portfolio,STRUCTURAL_COUNTERFACTUAL_NOT_TIMED_SOLVE,,,2160,,5,512,4,4423680,
100,,components,STRUCTURAL_ADMISSION,,,165920,,,,,,True
100,,variable_elimination,STRUCTURAL_ADMISSION,,,2168,,,,,,False
100,,incremental_boundary,STRUCTURAL_ADMISSION,,,2168,,,,,,False
100,variants/N100_swap1.json,fresh_min_fill,STRUCTURAL_COUNTERFACTUAL_NOT_TIMED_SOLVE,,,2641,,6,512,4,5408768,
100,variants/N100_swap1.json,transition_priority,STRUCTURAL_COUNTERFACTUAL_NOT_TIMED_SOLVE,,,2609,,6,512,4,5343232,
100,variants/N100_swap1.json,parent_plan,STRUCTURAL_COUNTERFACTUAL_NOT_TIMED_SOLVE,,,2609,,6,512,4,5343232,
100,variants/N100_swap1.json,repair_transfer,STRUCTURAL_COUNTERFACTUAL_NOT_TIMED_SOLVE,,,2609,,6,512,4,5343232,
100,variants/N100_swap1.json,tie_portfolio,STRUCTURAL_COUNTERFACTUAL_NOT_TIMED_SOLVE,,,2609,,6,512,4,5343232,
100,variants/N100_swap1.json,expanded_portfolio,STRUCTURAL_COUNTERFACTUAL_NOT_TIMED_SOLVE,,,2609,,6,512,4,5343232,
100,variants/N100_swap1.json,components,STRUCTURAL_ADMISSION,,,1152921504607897600,,,,,,False
100,variants/N100_swap1.json,variable_elimination,STRUCTURAL_ADMISSION,,,2576,,,,,,False
100,variants/N100_swap1.json,incremental_boundary,STRUCTURAL_ADMISSION,,,2576,,,,,,False
100,variants/N100_swap3.json,fresh_min_fill,STRUCTURAL_COUNTERFACTUAL_NOT_TIMED_SOLVE,,,2458,,6,512,4,5033984,
100,variants/N100_swap3.json,transition_priority,STRUCTURAL_COUNTERFACTUAL_NOT_TIMED_SOLVE,,,2482,,6,512,4,5083136,
100,variants/N100_swap3.json,parent_plan,STRUCTURAL_COUNTERFACTUAL_NOT_TIMED_SOLVE,,,135848000,,20,512,4,278216704000,
100,variants/N100_swap3.json,repair_transfer,STRUCTURAL_COUNTERFACTUAL_NOT_TIMED_SOLVE,,,2482,,6,512,4,5083136,
100,variants/N100_swap3.json,tie_portfolio,STRUCTURAL_COUNTERFACTUAL_NOT_TIMED_SOLVE,,,2450,,6,512,4,5017600,
100,variants/N100_swap3.json,expanded_portfolio,STRUCTURAL_COUNTERFACTUAL_NOT_TIMED_SOLVE,,,2450,,6,512,4,5017600,
100,variants/N100_swap3.json,components,STRUCTURAL_ADMISSION,,,1180591620717411368960,,,,,,False
100,variants/N100_swap3.json,variable_elimination,STRUCTURAL_ADMISSION,,,2213,,,,,,False
100,variants/N100_swap3.json,incremental_boundary,STRUCTURAL_ADMISSION,,,2213,,,,,,False
100,variants/N100_swap2.json,fresh_min_fill,STRUCTURAL_COUNTERFACTUAL_NOT_TIMED_SOLVE,,,2518,,6,512,4,5156864,
100,variants/N100_swap2.json,transition_priority,STRUCTURAL_COUNTERFACTUAL_NOT_TIMED_SOLVE,,,2510,,6,512,4,5140480,
100,variants/N100_swap2.json,parent_plan,STRUCTURAL_COUNTERFACTUAL_NOT_TIMED_SOLVE,,,53284800,,19,512,4,109127270400,
100,variants/N100_swap2.json,repair_transfer,STRUCTURAL_COUNTERFACTUAL_NOT_TIMED_SOLVE,,,2510,,6,512,4,5140480,
100,variants/N100_swap2.json,tie_portfolio,STRUCTURAL_COUNTERFACTUAL_NOT_TIMED_SOLVE,,,2482,,6,512,4,5083136,
100,variants/N100_swap2.json,expanded_portfolio,STRUCTURAL_COUNTERFACTUAL_NOT_TIMED_SOLVE,,,2474,,6,512,4,5066752,
100,variants/N100_swap2.json,components,STRUCTURAL_ADMISSION,,,38685626227668133590598688,,,,,,False
100,variants/N100_swap2.json,variable_elimination,STRUCTURAL_ADMISSION,,,2229,,,,,,False
100,variants/N100_swap2.json,incremental_boundary,STRUCTURAL_ADMISSION,,,2229,,,,,,False
100,variants/N100_bridge.json,fresh_min_fill,STRUCTURAL_COUNTERFACTUAL_NOT_TIMED_SOLVE,,,2160,,5,512,4,4423680,
100,variants/N100_bridge.json,transition_priority,STRUCTURAL_COUNTERFACTUAL_NOT_TIMED_SOLVE,,,2160,,5,512,4,4423680,
100,variants/N100_bridge.json,parent_plan,STRUCTURAL_COUNTERFACTUAL_NOT_TIMED_SOLVE,,,200192,,9,512,4,409993216,
100,variants/N100_bridge.json,repair_transfer,STRUCTURAL_COUNTERFACTUAL_NOT_TIMED_SOLVE,,,2160,,5,512,4,4423680,
100,variants/N100_bridge.json,tie_portfolio,STRUCTURAL_COUNTERFACTUAL_NOT_TIMED_SOLVE,,,2160,,5,512,4,4423680,
100,variants/N100_bridge.json,expanded_portfolio,STRUCTURAL_COUNTERFACTUAL_NOT_TIMED_SOLVE,,,2160,,5,512,4,4423680,
100,variants/N100_bridge.json,components,STRUCTURAL_ADMISSION,,,1073842208,,,,,,False
100,variants/N100_bridge.json,variable_elimination,STRUCTURAL_ADMISSION,,,2169,,,,,,False
100,variants/N100_bridge.json,incremental_boundary,STRUCTURAL_ADMISSION,,,2169,,,,,,False
101,,fresh_min_fill,STRUCTURAL_COUNTERFACTUAL_NOT_TIMED_SOLVE,,,648869312,,22,1024,4,2657768701952,
101,,transition_priority,STRUCTURAL_COUNTERFACTUAL_NOT_TIMED_SOLVE,,,461090240,,22,1024,4,1888625623040,
101,,parent_plan,STRUCTURAL_COUNTERFACTUAL_NOT_TIMED_SOLVE,,,461090240,,22,1024,4,1888625623040,
101,,repair_transfer,STRUCTURAL_COUNTERFACTUAL_NOT_TIMED_SOLVE,,,461090240,,22,1024,4,1888625623040,
101,,tie_portfolio,STRUCTURAL_COUNTERFACTUAL_NOT_TIMED_SOLVE,,,148277184,,20,1024,4,607343345664,
101,,expanded_portfolio,STRUCTURAL_COUNTERFACTUAL_NOT_TIMED_SOLVE,,,120111648,,20,1024,4,491977310208,
101,,components,STRUCTURAL_ADMISSION,,,2535301200456458802993406410752,,,,,,False
101,,variable_elimination,STRUCTURAL_ADMISSION,,,311309149,,,,,,False
101,,incremental_boundary,STRUCTURAL_ADMISSION,,,311309149,,,,,,False
102,,fresh_min_fill,STRUCTURAL_COUNTERFACTUAL_NOT_TIMED_SOLVE,,,761452864,,22,1024,4,3118910930944,
102,,transition_priority,STRUCTURAL_COUNTERFACTUAL_NOT_TIMED_SOLVE,,,761452864,,22,1024,4,3118910930944,
102,,parent_plan,STRUCTURAL_COUNTERFACTUAL_NOT_TIMED_SOLVE,,,761452864,,22,1024,4,3118910930944,
102,,repair_transfer,STRUCTURAL_COUNTERFACTUAL_NOT_TIMED_SOLVE,,,761452864,,22,1024,4,3118910930944,
102,,tie_portfolio,STRUCTURAL_COUNTERFACTUAL_NOT_TIMED_SOLVE,,,296020800,,21,1024,4,1212501196800,
102,,expanded_portfolio,STRUCTURAL_COUNTERFACTUAL_NOT_TIMED_SOLVE,,,243441632,,22,1024,4,997136924672,
102,,components,STRUCTURAL_ADMISSION,,,5070602400912917605986812821504,,,,,,False
102,,variable_elimination,STRUCTURAL_ADMISSION,,,1121360329,,,,,,False
102,,incremental_boundary,STRUCTURAL_ADMISSION,,,1121360329,,,,,,False
103,,fresh_min_fill,STRUCTURAL_COUNTERFACTUAL_NOT_TIMED_SOLVE,,,699369408,,22,1024,4,2864617095168,
103,,transition_priority,STRUCTURAL_COUNTERFACTUAL_NOT_TIMED_SOLVE,,,699369408,,22,1024,4,2864617095168,
103,,parent_plan,STRUCTURAL_COUNTERFACTUAL_NOT_TIMED_SOLVE,,,699369408,,22,1024,4,2864617095168,
103,,repair_transfer,STRUCTURAL_COUNTERFACTUAL_NOT_TIMED_SOLVE,,,699369408,,22,1024,4,2864617095168,
103,,tie_portfolio,STRUCTURAL_COUNTERFACTUAL_NOT_TIMED_SOLVE,,,631997888,,22,1024,4,2588663349248,
103,,expanded_portfolio,STRUCTURAL_COUNTERFACTUAL_NOT_TIMED_SOLVE,,,499406496,,22,1024,4,2045569007616,
103,,components,STRUCTURAL_ADMISSION,,,10141204801825835211973625643008,,,,,,False
103,,variable_elimination,STRUCTURAL_ADMISSION,,,9345927029,,,,,,False
103,,incremental_boundary,STRUCTURAL_ADMISSION,,,9345927029,,,,,,False
104,,fresh_min_fill,STRUCTURAL_COUNTERFACTUAL_NOT_TIMED_SOLVE,,,699369472,,22,1024,4,2864617357312,
104,,transition_priority,STRUCTURAL_COUNTERFACTUAL_NOT_TIMED_SOLVE,,,699369472,,22,1024,4,2864617357312,
104,,parent_plan,STRUCTURAL_COUNTERFACTUAL_NOT_TIMED_SOLVE,,,699369472,,22,1024,4,2864617357312,
104,,repair_transfer,STRUCTURAL_COUNTERFACTUAL_NOT_TIMED_SOLVE,,,699369472,,22,1024,4,2864617357312,
104,,tie_portfolio,STRUCTURAL_COUNTERFACTUAL_NOT_TIMED_SOLVE,,,631997952,,22,1024,4,2588663611392,
104,,expanded_portfolio,STRUCTURAL_COUNTERFACTUAL_NOT_TIMED_SOLVE,,,499406528,,22,1024,4,2045569138688,
104,,components,STRUCTURAL_ADMISSION,,,20282409603651670423947251286016,,,,,,False
104,,variable_elimination,STRUCTURAL_ADMISSION,,,9345927031,,,,,,False
104,,incremental_boundary,STRUCTURAL_ADMISSION,,,9345927031,,,,,,False
105,,fresh_min_fill,STRUCTURAL_COUNTERFACTUAL_NOT_TIMED_SOLVE,,,2320,,5,512,4,4751360,
105,,transition_priority,STRUCTURAL_COUNTERFACTUAL_NOT_TIMED_SOLVE,,,2320,,5,512,4,4751360,
105,,parent_plan,STRUCTURAL_COUNTERFACTUAL_NOT_TIMED_SOLVE,,,205312,,9,512,4,420478976,
105,,repair_transfer,STRUCTURAL_COUNTERFACTUAL_NOT_TIMED_SOLVE,,,2320,,5,512,4,4751360,
105,,tie_portfolio,STRUCTURAL_COUNTERFACTUAL_NOT_TIMED_SOLVE,,,2320,,5,512,4,4751360,
105,,expanded_portfolio,STRUCTURAL_COUNTERFACTUAL_NOT_TIMED_SOLVE,,,2320,,5,512,4,4751360,
105,,components,STRUCTURAL_ADMISSION,,,166912,,,,,,True
105,,variable_elimination,STRUCTURAL_ADMISSION,,,2328,,,,,,False
105,,incremental_boundary,STRUCTURAL_ADMISSION,,,2328,,,,,,False
105,variants/N105_swap1.json,fresh_min_fill,STRUCTURAL_COUNTERFACTUAL_NOT_TIMED_SOLVE,,,3757,,8,512,4,7694336,
105,variants/N105_swap1.json,transition_priority,STRUCTURAL_COUNTERFACTUAL_NOT_TIMED_SOLVE,,,3517,,7,512,4,7202816,
105,variants/N105_swap1.json,parent_plan,STRUCTURAL_COUNTERFACTUAL_NOT_TIMED_SOLVE,,,3517,,7,512,4,7202816,
105,variants/N105_swap1.json,repair_transfer,STRUCTURAL_COUNTERFACTUAL_NOT_TIMED_SOLVE,,,3517,,7,512,4,7202816,
105,variants/N105_swap1.json,tie_portfolio,STRUCTURAL_COUNTERFACTUAL_NOT_TIMED_SOLVE,,,3485,,7,512,4,7137280,
105,variants/N105_swap1.json,expanded_portfolio,STRUCTURAL_COUNTERFACTUAL_NOT_TIMED_SOLVE,,,3469,,7,512,4,7104512,
105,variants/N105_swap1.json,components,STRUCTURAL_ADMISSION,,,37778931862957161712640,,,,,,False
105,variants/N105_swap1.json,variable_elimination,STRUCTURAL_ADMISSION,,,3116,,,,,,False
105,variants/N105_swap1.json,incremental_boundary,STRUCTURAL_ADMISSION,,,3116,,,,,,False
105,variants/N105_swap3.json,fresh_min_fill,STRUCTURAL_COUNTERFACTUAL_NOT_TIMED_SOLVE,,,2666,,6,512,4,5459968,
105,variants/N105_swap3.json,transition_priority,STRUCTURAL_COUNTERFACTUAL_NOT_TIMED_SOLVE,,,2650,,6,512,4,5427200,
105,variants/N105_swap3.json,parent_plan,STRUCTURAL_COUNTERFACTUAL_NOT_TIMED_SOLVE,,,2115488,,14,512,4,4332519424,
105,variants/N105_swap3.json,repair_transfer,STRUCTURAL_COUNTERFACTUAL_NOT_TIMED_SOLVE,,,2650,,6,512,4,5427200,
105,variants/N105_swap3.json,tie_portfolio,STRUCTURAL_COUNTERFACTUAL_NOT_TIMED_SOLVE,,,2650,,6,512,4,5427200,
105,variants/N105_swap3.json,expanded_portfolio,STRUCTURAL_COUNTERFACTUAL_NOT_TIMED_SOLVE,,,2650,,6,512,4,5427200,
105,variants/N105_swap3.json,components,STRUCTURAL_ADMISSION,,,1152921505680621568,,,,,,False
105,variants/N105_swap3.json,variable_elimination,STRUCTURAL_ADMISSION,,,2353,,,,,,False
105,variants/N105_swap3.json,incremental_boundary,STRUCTURAL_ADMISSION,,,2353,,,,,,False
105,variants/N105_swap2.json,fresh_min_fill,STRUCTURAL_COUNTERFACTUAL_NOT_TIMED_SOLVE,,,2370,,5,512,4,4853760,
105,variants/N105_swap2.json,transition_priority,STRUCTURAL_COUNTERFACTUAL_NOT_TIMED_SOLVE,,,2418,,5,512,4,4952064,
105,variants/N105_swap2.json,parent_plan,STRUCTURAL_COUNTERFACTUAL_NOT_TIMED_SOLVE,,,5695744,,15,512,4,11664883712,
105,variants/N105_swap2.json,repair_transfer,STRUCTURAL_COUNTERFACTUAL_NOT_TIMED_SOLVE,,,2418,,5,512,4,4952064,
105,variants/N105_swap2.json,tie_portfolio,STRUCTURAL_COUNTERFACTUAL_NOT_TIMED_SOLVE,,,2370,,5,512,4,4853760,
105,variants/N105_swap2.json,expanded_portfolio,STRUCTURAL_COUNTERFACTUAL_NOT_TIMED_SOLVE,,,2370,,5,512,4,4853760,
105,variants/N105_swap2.json,components,STRUCTURAL_ADMISSION,,,36893488148492846080,,,,,,False
105,variants/N105_swap2.json,variable_elimination,STRUCTURAL_ADMISSION,,,2417,,,,,,False
105,variants/N105_swap2.json,incremental_boundary,STRUCTURAL_ADMISSION,,,2417,,,,,,False
105,variants/N105_bridge.json,fresh_min_fill,STRUCTURAL_COUNTERFACTUAL_NOT_TIMED_SOLVE,,,2320,,5,512,4,4751360,
105,variants/N105_bridge.json,transition_priority,STRUCTURAL_COUNTERFACTUAL_NOT_TIMED_SOLVE,,,2320,,5,512,4,4751360,
105,variants/N105_bridge.json,parent_plan,STRUCTURAL_COUNTERFACTUAL_NOT_TIMED_SOLVE,,,205312,,9,512,4,420478976,
105,variants/N105_bridge.json,repair_transfer,STRUCTURAL_COUNTERFACTUAL_NOT_TIMED_SOLVE,,,2320,,5,512,4,4751360,
105,variants/N105_bridge.json,tie_portfolio,STRUCTURAL_COUNTERFACTUAL_NOT_TIMED_SOLVE,,,2320,,5,512,4,4751360,
105,variants/N105_bridge.json,expanded_portfolio,STRUCTURAL_COUNTERFACTUAL_NOT_TIMED_SOLVE,,,2320,,5,512,4,4751360,
105,variants/N105_bridge.json,components,STRUCTURAL_ADMISSION,,,1073843200,,,,,,False
105,variants/N105_bridge.json,variable_elimination,STRUCTURAL_ADMISSION,,,2329,,,,,,False
105,variants/N105_bridge.json,incremental_boundary,STRUCTURAL_ADMISSION,,,2329,,,,,,False
106,,fresh_min_fill,STRUCTURAL_COUNTERFACTUAL_NOT_TIMED_SOLVE,,,3525235200,,24,1024,4,14439363379200,
106,,transition_priority,STRUCTURAL_COUNTERFACTUAL_NOT_TIMED_SOLVE,,,3525235200,,24,1024,4,14439363379200,
106,,parent_plan,STRUCTURAL_COUNTERFACTUAL_NOT_TIMED_SOLVE,,,3525235200,,24,1024,4,14439363379200,
106,,repair_transfer,STRUCTURAL_COUNTERFACTUAL_NOT_TIMED_SOLVE,,,3525235200,,24,1024,4,14439363379200,
106,,tie_portfolio,STRUCTURAL_COUNTERFACTUAL_NOT_TIMED_SOLVE,,,524361216,,21,1024,4,2147783540736,
106,,expanded_portfolio,STRUCTURAL_COUNTERFACTUAL_NOT_TIMED_SOLVE,,,524244480,,22,1024,4,2147305390080,
106,,components,STRUCTURAL_ADMISSION,,,81129638414606681695789005144064,,,,,,False
106,,variable_elimination,STRUCTURAL_ADMISSION,,,13824894343,,,,,,False
106,,incremental_boundary,STRUCTURAL_ADMISSION,,,13824894343,,,,,,False
107,,fresh_min_fill,STRUCTURAL_COUNTERFACTUAL_NOT_TIMED_SOLVE,,,2031721472,,24,1024,4,8321931149312,
107,,transition_priority,STRUCTURAL_COUNTERFACTUAL_NOT_TIMED_SOLVE,,,2031721472,,24,1024,4,8321931149312,
107,,parent_plan,STRUCTURAL_COUNTERFACTUAL_NOT_TIMED_SOLVE,,,2031721472,,24,1024,4,8321931149312,
107,,repair_transfer,STRUCTURAL_COUNTERFACTUAL_NOT_TIMED_SOLVE,,,2031721472,,24,1024,4,8321931149312,
107,,tie_portfolio,STRUCTURAL_COUNTERFACTUAL_NOT_TIMED_SOLVE,,,2031721472,,24,1024,4,8321931149312,
107,,expanded_portfolio,STRUCTURAL_COUNTERFACTUAL_NOT_TIMED_SOLVE,,,538051328,,22,1024,4,2203858239488,
107,,components,STRUCTURAL_ADMISSION,,,162259276829213363391578010288128,,,,,,False
107,,variable_elimination,STRUCTURAL_ADMISSION,,,21015208423,,,,,,False
107,,incremental_boundary,STRUCTURAL_ADMISSION,,,21015208423,,,,,,False
108,,fresh_min_fill,STRUCTURAL_COUNTERFACTUAL_NOT_TIMED_SOLVE,,,2120267904,,29,1024,4,8684617334784,
108,,transition_priority,STRUCTURAL_COUNTERFACTUAL_NOT_TIMED_SOLVE,,,2120267904,,29,1024,4,8684617334784,
108,,parent_plan,STRUCTURAL_COUNTERFACTUAL_NOT_TIMED_SOLVE,,,2120267904,,29,1024,4,8684617334784,
108,,repair_transfer,STRUCTURAL_COUNTERFACTUAL_NOT_TIMED_SOLVE,,,2120267904,,29,1024,4,8684617334784,
108,,tie_portfolio,STRUCTURAL_COUNTERFACTUAL_NOT_TIMED_SOLVE,,,2120267904,,29,1024,4,8684617334784,
108,,expanded_portfolio,STRUCTURAL_COUNTERFACTUAL_NOT_TIMED_SOLVE,,,2120267904,,29,1024,4,8684617334784,
108,,components,STRUCTURAL_ADMISSION,,,324518553658426726783156020576256,,,,,,False
108,,variable_elimination,STRUCTURAL_ADMISSION,,,15731312687,,,,,,False
108,,incremental_boundary,STRUCTURAL_ADMISSION,,,15731312687,,,,,,False
108,variants/N108_swap2.json,fresh_min_fill,STRUCTURAL_COUNTERFACTUAL_NOT_TIMED_SOLVE,,,1777632000,,24,1024,4,7281180672000,
108,variants/N108_swap2.json,transition_priority,STRUCTURAL_COUNTERFACTUAL_NOT_TIMED_SOLVE,,,1777632000,,24,1024,4,7281180672000,
108,variants/N108_swap2.json,parent_plan,STRUCTURAL_COUNTERFACTUAL_NOT_TIMED_SOLVE,,,1777632000,,24,1024,4,7281180672000,
108,variants/N108_swap2.json,repair_transfer,STRUCTURAL_COUNTERFACTUAL_NOT_TIMED_SOLVE,,,1777632000,,24,1024,4,7281180672000,
108,variants/N108_swap2.json,tie_portfolio,STRUCTURAL_COUNTERFACTUAL_NOT_TIMED_SOLVE,,,1777632000,,24,1024,4,7281180672000,
108,variants/N108_swap2.json,expanded_portfolio,STRUCTURAL_COUNTERFACTUAL_NOT_TIMED_SOLVE,,,1777632000,,24,1024,4,7281180672000,
108,variants/N108_swap2.json,components,STRUCTURAL_ADMISSION,,,324518553658426726783156020576256,,,,,,False
108,variants/N108_swap2.json,variable_elimination,STRUCTURAL_ADMISSION,,,32776858399,,,,,,False
108,variants/N108_swap2.json,incremental_boundary,STRUCTURAL_ADMISSION,,,32776858399,,,,,,False
108,variants/N108_swap1.json,fresh_min_fill,STRUCTURAL_COUNTERFACTUAL_NOT_TIMED_SOLVE,,,9158513856,,31,1024,4,37513272754176,
108,variants/N108_swap1.json,transition_priority,STRUCTURAL_COUNTERFACTUAL_NOT_TIMED_SOLVE,,,9158513856,,31,1024,4,37513272754176,
108,variants/N108_swap1.json,parent_plan,STRUCTURAL_COUNTERFACTUAL_NOT_TIMED_SOLVE,,,9158513856,,31,1024,4,37513272754176,
108,variants/N108_swap1.json,repair_transfer,STRUCTURAL_COUNTERFACTUAL_NOT_TIMED_SOLVE,,,9158513856,,31,1024,4,37513272754176,
108,variants/N108_swap1.json,tie_portfolio,STRUCTURAL_COUNTERFACTUAL_NOT_TIMED_SOLVE,,,9158513856,,31,1024,4,37513272754176,
108,variants/N108_swap1.json,expanded_portfolio,STRUCTURAL_COUNTERFACTUAL_NOT_TIMED_SOLVE,,,9158513856,,31,1024,4,37513272754176,
108,variants/N108_swap1.json,components,STRUCTURAL_ADMISSION,,,324518553658426726783156020576256,,,,,,False
108,variants/N108_swap1.json,variable_elimination,STRUCTURAL_ADMISSION,,,73452879759,,,,,,False
108,variants/N108_swap1.json,incremental_boundary,STRUCTURAL_ADMISSION,,,73452879759,,,,,,False
108,variants/N108_swap3.json,fresh_min_fill,STRUCTURAL_COUNTERFACTUAL_NOT_TIMED_SOLVE,,,7553155968,,31,1024,4,30937726844928,
108,variants/N108_swap3.json,transition_priority,STRUCTURAL_COUNTERFACTUAL_NOT_TIMED_SOLVE,,,7553155968,,31,1024,4,30937726844928,
108,variants/N108_swap3.json,parent_plan,STRUCTURAL_COUNTERFACTUAL_NOT_TIMED_SOLVE,,,7553155968,,31,1024,4,30937726844928,
108,variants/N108_swap3.json,repair_transfer,STRUCTURAL_COUNTERFACTUAL_NOT_TIMED_SOLVE,,,7553155968,,31,1024,4,30937726844928,
108,variants/N108_swap3.json,tie_portfolio,STRUCTURAL_COUNTERFACTUAL_NOT_TIMED_SOLVE,,,7553155968,,31,1024,4,30937726844928,
108,variants/N108_swap3.json,expanded_portfolio,STRUCTURAL_COUNTERFACTUAL_NOT_TIMED_SOLVE,,,7553155968,,31,1024,4,30937726844928,
108,variants/N108_swap3.json,components,STRUCTURAL_ADMISSION,,,324518553658426726783156020576256,,,,,,False
108,variants/N108_swap3.json,variable_elimination,STRUCTURAL_ADMISSION,,,23700034095,,,,,,False
108,variants/N108_swap3.json,incremental_boundary,STRUCTURAL_ADMISSION,,,23700034095,,,,,,False
109,,fresh_min_fill,STRUCTURAL_COUNTERFACTUAL_NOT_TIMED_SOLVE,,,5177415296,,25,1024,4,21206693052416,
109,,transition_priority,STRUCTURAL_COUNTERFACTUAL_NOT_TIMED_SOLVE,,,5177415296,,25,1024,4,21206693052416,
109,,parent_plan,STRUCTURAL_COUNTERFACTUAL_NOT_TIMED_SOLVE,,,5177415296,,25,1024,4,21206693052416,
109,,repair_transfer,STRUCTURAL_COUNTERFACTUAL_NOT_TIMED_SOLVE,,,5177415296,,25,1024,4,21206693052416,
109,,tie_portfolio,STRUCTURAL_COUNTERFACTUAL_NOT_TIMED_SOLVE,,,5177415296,,25,1024,4,21206693052416,
109,,expanded_portfolio,STRUCTURAL_COUNTERFACTUAL_NOT_TIMED_SOLVE,,,5177415296,,25,1024,4,21206693052416,
109,,components,STRUCTURAL_ADMISSION,,,649037107316853453566312041152512,,,,,,False
109,,variable_elimination,STRUCTURAL_ADMISSION,,,10883000571,,,,,,False
109,,incremental_boundary,STRUCTURAL_ADMISSION,,,10883000571,,,,,,False
24,,variable_elimination,NEWLY_EXECUTED_EXACT,0.2504547329735942,1363263,686,True,,,,,
20,,components,NEWLY_EXECUTED_EXACT,0.26117018901277333,1162323,642,True,,,,,
24,,components,NEWLY_EXECUTED_EXACT,0.257492003031075,1698640,1206,True,,,,,
20,,variable_elimination,NEWLY_EXECUTED_EXACT,0.24592779198428616,1163402,602,True,,,,,
110,,fresh_min_fill,STRUCTURAL_COUNTERFACTUAL_NOT_TIMED_SOLVE,,,8387892720,,31,1024,4,34356808581120,
110,,transition_priority,STRUCTURAL_COUNTERFACTUAL_NOT_TIMED_SOLVE,,,8387892720,,31,1024,4,34356808581120,
110,,parent_plan,STRUCTURAL_COUNTERFACTUAL_NOT_TIMED_SOLVE,,,8387892720,,31,1024,4,34356808581120,
110,,repair_transfer,STRUCTURAL_COUNTERFACTUAL_NOT_TIMED_SOLVE,,,8387892720,,31,1024,4,34356808581120,
110,,tie_portfolio,STRUCTURAL_COUNTERFACTUAL_NOT_TIMED_SOLVE,,,8387892720,,31,1024,4,34356808581120,
110,,expanded_portfolio,STRUCTURAL_COUNTERFACTUAL_NOT_TIMED_SOLVE,,,8387892720,,31,1024,4,34356808581120,
110,,components,STRUCTURAL_ADMISSION,,,1298074214633706907132624082305024,,,,,,False
110,,variable_elimination,STRUCTURAL_ADMISSION,,,13062366943,,,,,,False
110,,incremental_boundary,STRUCTURAL_ADMISSION,,,13062366943,,,,,,False
111,,fresh_min_fill,STRUCTURAL_COUNTERFACTUAL_NOT_TIMED_SOLVE,,,4213556736,,24,1024,4,17258728390656,
111,,transition_priority,STRUCTURAL_COUNTERFACTUAL_NOT_TIMED_SOLVE,,,4213556736,,24,1024,4,17258728390656,
111,,parent_plan,STRUCTURAL_COUNTERFACTUAL_NOT_TIMED_SOLVE,,,4213556736,,24,1024,4,17258728390656,
111,,repair_transfer,STRUCTURAL_COUNTERFACTUAL_NOT_TIMED_SOLVE,,,4213556736,,24,1024,4,17258728390656,
111,,tie_portfolio,STRUCTURAL_COUNTERFACTUAL_NOT_TIMED_SOLVE,,,4213556736,,24,1024,4,17258728390656,
111,,expanded_portfolio,STRUCTURAL_COUNTERFACTUAL_NOT_TIMED_SOLVE,,,4213556736,,24,1024,4,17258728390656,
111,,components,STRUCTURAL_ADMISSION,,,2596148429267413814265248164610048,,,,,,False
111,,variable_elimination,STRUCTURAL_ADMISSION,,,13062432487,,,,,,False
111,,incremental_boundary,STRUCTURAL_ADMISSION,,,13062432487,,,,,,False
112,,fresh_min_fill,STRUCTURAL_COUNTERFACTUAL_NOT_TIMED_SOLVE,,,6843891712,,25,1024,4,28032580452352,
112,,transition_priority,STRUCTURAL_COUNTERFACTUAL_NOT_TIMED_SOLVE,,,6843891712,,25,1024,4,28032580452352,
112,,parent_plan,STRUCTURAL_COUNTERFACTUAL_NOT_TIMED_SOLVE,,,6843891712,,25,1024,4,28032580452352,
112,,repair_transfer,STRUCTURAL_COUNTERFACTUAL_NOT_TIMED_SOLVE,,,6843891712,,25,1024,4,28032580452352,
112,,tie_portfolio,STRUCTURAL_COUNTERFACTUAL_NOT_TIMED_SOLVE,,,6843891712,,25,1024,4,28032580452352,
112,,expanded_portfolio,STRUCTURAL_COUNTERFACTUAL_NOT_TIMED_SOLVE,,,6843891712,,25,1024,4,28032580452352,
112,,components,STRUCTURAL_ADMISSION,,,5192296858534827628530496329220096,,,,,,False
112,,variable_elimination,STRUCTURAL_ADMISSION,,,39804586111,,,,,,False
112,,incremental_boundary,STRUCTURAL_ADMISSION,,,39804586111,,,,,,False
113,,fresh_min_fill,STRUCTURAL_COUNTERFACTUAL_NOT_TIMED_SOLVE,,,8454506624,,26,1024,4,34629659131904,
113,,transition_priority,STRUCTURAL_COUNTERFACTUAL_NOT_TIMED_SOLVE,,,8454506624,,26,1024,4,34629659131904,
113,,parent_plan,STRUCTURAL_COUNTERFACTUAL_NOT_TIMED_SOLVE,,,8454506624,,26,1024,4,34629659131904,
113,,repair_transfer,STRUCTURAL_COUNTERFACTUAL_NOT_TIMED_SOLVE,,,8454506624,,26,1024,4,34629659131904,
113,,tie_portfolio,STRUCTURAL_COUNTERFACTUAL_NOT_TIMED_SOLVE,,,8454506624,,26,1024,4,34629659131904,
113,,expanded_portfolio,STRUCTURAL_COUNTERFACTUAL_NOT_TIMED_SOLVE,,,8454506624,,26,1024,4,34629659131904,
113,,components,STRUCTURAL_ADMISSION,,,10384593717069655257060992658440192,,,,,,False
113,,variable_elimination,STRUCTURAL_ADMISSION,,,29807611187,,,,,,False
113,,incremental_boundary,STRUCTURAL_ADMISSION,,,29807611187,,,,,,False
114,,fresh_min_fill,STRUCTURAL_COUNTERFACTUAL_NOT_TIMED_SOLVE,,,29635986176,,28,1024,4,121388999376896,
114,,transition_priority,STRUCTURAL_COUNTERFACTUAL_NOT_TIMED_SOLVE,,,29635986176,,28,1024,4,121388999376896,
114,,parent_plan,STRUCTURAL_COUNTERFACTUAL_NOT_TIMED_SOLVE,,,29635986176,,28,1024,4,121388999376896,
114,,repair_transfer,STRUCTURAL_COUNTERFACTUAL_NOT_TIMED_SOLVE,,,29635986176,,28,1024,4,121388999376896,
114,,tie_portfolio,STRUCTURAL_COUNTERFACTUAL_NOT_TIMED_SOLVE,,,29635986176,,28,1024,4,121388999376896,
114,,expanded_portfolio,STRUCTURAL_COUNTERFACTUAL_NOT_TIMED_SOLVE,,,29635986176,,28,1024,4,121388999376896,
114,,components,STRUCTURAL_ADMISSION,,,20769187434139310514121985316880384,,,,,,False
114,,variable_elimination,STRUCTURAL_ADMISSION,,,106067419367,,,,,,False
114,,incremental_boundary,STRUCTURAL_ADMISSION,,,106067419367,,,,,,False
115,,fresh_min_fill,STRUCTURAL_COUNTERFACTUAL_NOT_TIMED_SOLVE,,,81189147520,,29,1024,4,332550748241920,
115,,transition_priority,STRUCTURAL_COUNTERFACTUAL_NOT_TIMED_SOLVE,,,81189147520,,29,1024,4,332550748241920,
115,,parent_plan,STRUCTURAL_COUNTERFACTUAL_NOT_TIMED_SOLVE,,,81189147520,,29,1024,4,332550748241920,
115,,repair_transfer,STRUCTURAL_COUNTERFACTUAL_NOT_TIMED_SOLVE,,,81189147520,,29,1024,4,332550748241920,
115,,tie_portfolio,STRUCTURAL_COUNTERFACTUAL_NOT_TIMED_SOLVE,,,81189147520,,29,1024,4,332550748241920,
115,,expanded_portfolio,STRUCTURAL_COUNTERFACTUAL_NOT_TIMED_SOLVE,,,81189147520,,29,1024,4,332550748241920,
115,,components,STRUCTURAL_ADMISSION,,,41538374868278621028243970633760768,,,,,,False
115,,variable_elimination,STRUCTURAL_ADMISSION,,,529398471483,,,,,,False
115,,incremental_boundary,STRUCTURAL_ADMISSION,,,529398471483,,,,,,False
116,,fresh_min_fill,STRUCTURAL_COUNTERFACTUAL_NOT_TIMED_SOLVE,,,75005747968,,29,1024,5,384029429596160,
116,,transition_priority,STRUCTURAL_COUNTERFACTUAL_NOT_TIMED_SOLVE,,,75005747968,,29,1024,5,384029429596160,
116,,parent_plan,STRUCTURAL_COUNTERFACTUAL_NOT_TIMED_SOLVE,,,75005747968,,29,1024,5,384029429596160,
116,,repair_transfer,STRUCTURAL_COUNTERFACTUAL_NOT_TIMED_SOLVE,,,75005747968,,29,1024,5,384029429596160,
116,,tie_portfolio,STRUCTURAL_COUNTERFACTUAL_NOT_TIMED_SOLVE,,,75005747968,,29,1024,5,384029429596160,
116,,expanded_portfolio,STRUCTURAL_COUNTERFACTUAL_NOT_TIMED_SOLVE,,,75005747968,,29,1024,5,384029429596160,
116,,components,STRUCTURAL_ADMISSION,,,83076749736557242056487941267521536,,,,,,False
116,,variable_elimination,STRUCTURAL_ADMISSION,,,156974803735,,,,,,False
116,,incremental_boundary,STRUCTURAL_ADMISSION,,,156974803735,,,,,,False
117,,fresh_min_fill,STRUCTURAL_COUNTERFACTUAL_NOT_TIMED_SOLVE,,,585440942592,,32,1024,5,2997457626071040,
117,,transition_priority,STRUCTURAL_COUNTERFACTUAL_NOT_TIMED_SOLVE,,,585440942592,,32,1024,5,2997457626071040,
117,,parent_plan,STRUCTURAL_COUNTERFACTUAL_NOT_TIMED_SOLVE,,,585440942592,,32,1024,5,2997457626071040,
117,,repair_transfer,STRUCTURAL_COUNTERFACTUAL_NOT_TIMED_SOLVE,,,585440942592,,32,1024,5,2997457626071040,
117,,tie_portfolio,STRUCTURAL_COUNTERFACTUAL_NOT_TIMED_SOLVE,,,585440942592,,32,1024,5,2997457626071040,
117,,expanded_portfolio,STRUCTURAL_COUNTERFACTUAL_NOT_TIMED_SOLVE,,,585440942592,,32,1024,5,2997457626071040,
117,,components,STRUCTURAL_ADMISSION,,,166153499473114484112975882535043072,,,,,,False
117,,variable_elimination,STRUCTURAL_ADMISSION,,,313913846799,,,,,,False
117,,incremental_boundary,STRUCTURAL_ADMISSION,,,313913846799,,,,,,False
118,,fresh_min_fill,STRUCTURAL_COUNTERFACTUAL_NOT_TIMED_SOLVE,,,984877690624,,33,1024,5,5042573775994880,
118,,transition_priority,STRUCTURAL_COUNTERFACTUAL_NOT_TIMED_SOLVE,,,984877690624,,33,1024,5,5042573775994880,
118,,parent_plan,STRUCTURAL_COUNTERFACTUAL_NOT_TIMED_SOLVE,,,984877690624,,33,1024,5,5042573775994880,
118,,repair_transfer,STRUCTURAL_COUNTERFACTUAL_NOT_TIMED_SOLVE,,,984877690624,,33,1024,5,5042573775994880,
118,,tie_portfolio,STRUCTURAL_COUNTERFACTUAL_NOT_TIMED_SOLVE,,,984877690624,,33,1024,5,5042573775994880,
118,,expanded_portfolio,STRUCTURAL_COUNTERFACTUAL_NOT_TIMED_SOLVE,,,984877690624,,33,1024,5,5042573775994880,
118,,components,STRUCTURAL_ADMISSION,,,332306998946228968225951765070086144,,,,,,False
118,,variable_elimination,STRUCTURAL_ADMISSION,,,1234077445927,,,,,,False
118,,incremental_boundary,STRUCTURAL_ADMISSION,,,1234077445927,,,,,,False
