N,source,method,arithmetic_median_seconds,cv,question
100,bafaacd30c59609ae0ac04c3372e9dab23f907d1b35dafef7de411c07e20b975,variable_elimination,0.031608024,0.0030138866004403887,127e0035288c9d8202e24f36
100,bafaacd30c59609ae0ac04c3372e9dab23f907d1b35dafef7de411c07e20b975,conditional_components,0.454919172,0.008703000980578563,127e0035288c9d8202e24f36
105,c278dd4936917fc51b10b2a8e7b383499eca70582cf22161740d867bb4505c33,variable_elimination,0.033872057,0.0013544792983786649,bae460fadd34fd8cea4c59c8
105,c278dd4936917fc51b10b2a8e7b383499eca70582cf22161740d867bb4505c33,conditional_components,0.461327669,0.0081878050111059,bae460fadd34fd8cea4c59c8
43,4dc694e405d37c095a7721150fea6c348c3ea23d965dac444d34de35653793ff,variable_elimination,0.005762054,0.06901931151634473,38990ed76e96e67f5d034992
43,4dc694e405d37c095a7721150fea6c348c3ea23d965dac444d34de35653793ff,conditional_components,0.9502075809999999,0.0005443452676473665,38990ed76e96e67f5d034992
44,bbdc2283c4e0846f8cebd83971833ffab40bb1a5c3d90700649557e48ab4909d,variable_elimination,0.006253585000000001,0.050132044259412784,bc33c0f1a88ec9a314395d9a
44,bbdc2283c4e0846f8cebd83971833ffab40bb1a5c3d90700649557e48ab4909d,conditional_components,0.5061062860000001,0.010801367521445924,bc33c0f1a88ec9a314395d9a
53,fe50db07119e098811e3bf1a0bda5ff57037dc4801afedb72a7d2ef1bf6db25b,variable_elimination,0.010495537,0.00034871965102880855,209445b44a5373d547f96fb1
53,fe50db07119e098811e3bf1a0bda5ff57037dc4801afedb72a7d2ef1bf6db25b,conditional_components,6.534889346,0.00785453559843648,209445b44a5373d547f96fb1
43,9182fb5ef9d1c36c73009a750b6f2507f61f42cac51ed943acac59d9f5e0d7d0,variable_elimination,0.005602907000000001,0.06857565188927817,09bb3859802511e16ce66b08
43,9182fb5ef9d1c36c73009a750b6f2507f61f42cac51ed943acac59d9f5e0d7d0,conditional_components,10.4961856205,6.430359793577419e-05,09bb3859802511e16ce66b08
44,4e1432c612b90f3cae691af35a2725b2cc687947e6a9d4acfbb6da9d2933fb8e,variable_elimination,0.005852443000000001,0.08068442529042995,2e31fb0d4e55912aee7eaa76
44,4e1432c612b90f3cae691af35a2725b2cc687947e6a9d4acfbb6da9d2933fb8e,conditional_components,11.716967581999999,0.008729562344879411,2e31fb0d4e55912aee7eaa76
36,a470e9fe95f078c81eae0af49572b59da39d14b48b55cb9646ecbfdcf1971707,variable_elimination,0.0039223325,0.03057173250865396,d0911fd889f2442ca3a9b7f5
36,a470e9fe95f078c81eae0af49572b59da39d14b48b55cb9646ecbfdcf1971707,conditional_components,11.179556051999999,0.0010469374584786463,d0911fd889f2442ca3a9b7f5
43,35fc9f29dea1ba756b8196b1588726347c6c7c4df60b7f994410ff3859aaac85,variable_elimination,0.005811773,0.10247113918592483,e5c0b57050839d66f19c5cbe
43,35fc9f29dea1ba756b8196b1588726347c6c7c4df60b7f994410ff3859aaac85,conditional_components,20.372805020999998,0.01155745621465941,e5c0b57050839d66f19c5cbe
42,059838fce86e1cee51b7f2dde9d6630cefae240f4d2e843c04523a9ab8820b53,variable_elimination,0.004929999,0.02070548087332274,a1250ba82e8aa7f979558611
42,059838fce86e1cee51b7f2dde9d6630cefae240f4d2e843c04523a9ab8820b53,conditional_components,11.793837783499999,0.01005958591918094,a1250ba82e8aa7f979558611
44,8920f9183b23875fd7a0a94ce71f10d92664f2682d61bab546eb6e911e9f1fdc,variable_elimination,0.0059417615,0.07608879959251134,ab8cdf7d352cf3151c352dfa
44,8920f9183b23875fd7a0a94ce71f10d92664f2682d61bab546eb6e911e9f1fdc,conditional_components,22.682633291,0.004299707170185455,ab8cdf7d352cf3151c352dfa
33,989a8a397cf6deb01ced3803dc7487fd3e9ce1e5c79898d3a2df69672b6a6430,variable_elimination,0.0036679729999999997,0.041027292185629546,1c5ede76c42763a50df58861
33,989a8a397cf6deb01ced3803dc7487fd3e9ce1e5c79898d3a2df69672b6a6430,conditional_components,21.222252570000002,0.009301615148952043,1c5ede76c42763a50df58861
34,6b73a8770c0a458466ed67e4aa5c9dda42be395289a41ba8fd68d1cb6fc01197,variable_elimination,0.003542875,0.014620611791271197,ade536998a2b253522e38193
34,6b73a8770c0a458466ed67e4aa5c9dda42be395289a41ba8fd68d1cb6fc01197,conditional_components,21.033015264,0.0035703430087141524,ade536998a2b253522e38193
44,3daaba8913ff135324dca697b75c367c581695cade43b13385261f0d33f2c597,variable_elimination,0.005939481,0.0729427369159023,9afa4a2b0f622e017c57ef67
44,3daaba8913ff135324dca697b75c367c581695cade43b13385261f0d33f2c597,conditional_components,38.975953481000005,0.010461507996174318,9afa4a2b0f622e017c57ef67
35,8ceefe88ac7270921fe84dee58fba091b56e44ccfe058e706582a237eff90cf3,variable_elimination,0.0035926689999999997,0.021784361431570788,a684542aeedd14b5c69782d6
35,8ceefe88ac7270921fe84dee58fba091b56e44ccfe058e706582a237eff90cf3,conditional_components,21.255738504500002,0.003091058750374113,a684542aeedd14b5c69782d6
41,2cf6590f82409c5e6d023730de2af9dec71c71018036e5d9c14ed75e33f7636d,variable_elimination,0.0052866435,0.01593799544077447,5a3aacc19b073512d4323754
41,2cf6590f82409c5e6d023730de2af9dec71c71018036e5d9c14ed75e33f7636d,conditional_components,20.799132014,0.004715680776196837,5a3aacc19b073512d4323754
38,c3230ca712a324bb74bbbc79980cf5535c3e92afeee83319902e1f4c29ca30c9,variable_elimination,0.004083635,0.014180748279412741,a300e1e9d2f857b676098db7
38,c3230ca712a324bb74bbbc79980cf5535c3e92afeee83319902e1f4c29ca30c9,conditional_components,11.858806305,0.0009692382778149904,a300e1e9d2f857b676098db7
43,7646b782ab2d829e4f497d2bd429520d685853ffe98452031335b04cfd530e0c,variable_elimination,0.0060577735,0.07588043692950887,20c2b2879b3c4b2777ff7787
43,7646b782ab2d829e4f497d2bd429520d685853ffe98452031335b04cfd530e0c,conditional_components,45.4392687525,0.006254457945790891,20c2b2879b3c4b2777ff7787
38,e9b72553fc0bb40cb79a12a87e6d45267aa9949e00f76f1b8854a894eb459780,variable_elimination,0.004122169,0.011354216675735544,1cb49d90b305badcd01525af
38,e9b72553fc0bb40cb79a12a87e6d45267aa9949e00f76f1b8854a894eb459780,conditional_components,5.858560665,0.003356221796501604,1cb49d90b305badcd01525af
37,442a3e2f4beee0364f026d3ae5008a05da773de302be31d6786be8985c72514f,variable_elimination,0.0038889435000000003,0.02436741495473006,b210cc83a985bb564b00673d
37,442a3e2f4beee0364f026d3ae5008a05da773de302be31d6786be8985c72514f,conditional_components,22.977324125000003,0.0028500003152564755,b210cc83a985bb564b00673d
42,ed1787193b8c079daf372b87fd86263a0e3599a16b54e81f2a206d0f51b8c749,variable_elimination,0.0051823295,0.017309493732499976,23f502d40989603b6ffa4406
42,ed1787193b8c079daf372b87fd86263a0e3599a16b54e81f2a206d0f51b8c749,conditional_components,3.030953788,0.005750902263508888,23f502d40989603b6ffa4406
41,979308f2bed93a4082c5f2d446c0cbc470c59687d0655b6b56a855058396abc3,variable_elimination,0.005170679500000001,0.004679172244189593,10d908625cd8651200d43789
41,979308f2bed93a4082c5f2d446c0cbc470c59687d0655b6b56a855058396abc3,conditional_components,5.790430432,0.0015596524483034815,10d908625cd8651200d43789
100,727e3c99207deea9f87e1edb6fa11a78cb3ba7a27639deff8cdacb716103fda8,variable_elimination,0.03343591,0.000679957566580345,5dddf5ad7bee9a6c178eb3a7
100,727e3c99207deea9f87e1edb6fa11a78cb3ba7a27639deff8cdacb716103fda8,conditional_components,4.3763034495,0.003991979464311582,5dddf5ad7bee9a6c178eb3a7
100,24700a5ed49b645c5cd195d559e3515e94709d8e20df682ed9956d82644b35e4,variable_elimination,0.035838276,0.032961490669919546,139f809ae9bd70cfb1990098
100,24700a5ed49b645c5cd195d559e3515e94709d8e20df682ed9956d82644b35e4,conditional_components,5.1063688225,0.009784606877561684,139f809ae9bd70cfb1990098
100,454b7974bf2156fdae2248c165a8aa5e0265f28b3343a540b2cb5cce3cc4414d,variable_elimination,0.034459551,0.0020343851839509284,b0de5e482288b30db1582b1f
100,454b7974bf2156fdae2248c165a8aa5e0265f28b3343a540b2cb5cce3cc4414d,conditional_components,8.094439955,0.0016990628229324937,b0de5e482288b30db1582b1f
105,92126ca253e31fb7ff76194f31706e6156d5b312773868daff839c3e942478ab,variable_elimination,0.036462775,0.009511042426145522,26072c7b7c28240d6a861d76
105,92126ca253e31fb7ff76194f31706e6156d5b312773868daff839c3e942478ab,conditional_components,8.138065877999999,0.00108277422818875,26072c7b7c28240d6a861d76
100,04d5851fe7921e6fe599a9fc59af051cf9f7c8913934f73a9a8accb7729e7548,variable_elimination,0.03400792,0.0026085982324117645,f7df91157d2d8221ddb6ee3e
100,04d5851fe7921e6fe599a9fc59af051cf9f7c8913934f73a9a8accb7729e7548,conditional_components,2.6812013085000004,0.004216021551296347,f7df91157d2d8221ddb6ee3e
38,8232de448e12c34b11af037949e0aa425ebf231b56ce272983b5780b203d6adc,variable_elimination,0.0047631975,0.11928846116500522,5f00fa28867760d276c67fb4
38,8232de448e12c34b11af037949e0aa425ebf231b56ce272983b5780b203d6adc,conditional_components,22.9180639335,0.01847586042733125,5f00fa28867760d276c67fb4
100,dab83e58929a88386d31bd9daced32442df212073c6e035c44c3b069392679ec,variable_elimination,0.035566971,0.006093321806908988,49a0ff66a272d41f792772e9
100,dab83e58929a88386d31bd9daced32442df212073c6e035c44c3b069392679ec,conditional_components,6.2172193215,0.002467991992326594,49a0ff66a272d41f792772e9
105,7c95ca442b039a2d96f3f27d83d2e5b6a4a70f52cfc03cc192593cd6ad5d40f6,variable_elimination,0.036140691,0.015263819941904263,119082461b915c67fba47ac6
105,7c95ca442b039a2d96f3f27d83d2e5b6a4a70f52cfc03cc192593cd6ad5d40f6,conditional_components,8.612034759,0.014449523310383095,119082461b915c67fba47ac6
105,94795746b0e3b8738a96f3a6bfa600e578061992a5783f52d4cb83ba8f1508eb,variable_elimination,0.037102178,0.007603192459483095,d567d697481e072aff7d3538
105,94795746b0e3b8738a96f3a6bfa600e578061992a5783f52d4cb83ba8f1508eb,conditional_components,16.635220219,0.00553880620677101,d567d697481e072aff7d3538
100,d46e6460bb10ef538ac341ef35feb0113f769bbb9578f826e7b194d3dd908703,variable_elimination,0.0339998755,0.003732587197267789,f2c493b0f9f0a79f6212de0e
100,d46e6460bb10ef538ac341ef35feb0113f769bbb9578f826e7b194d3dd908703,conditional_components,2.700577312,0.007208396483781164,f2c493b0f9f0a79f6212de0e
105,f1d7333ee520c065dfb1d62264fca8befd55a4e41a6f4663549d672744d35774,variable_elimination,0.042288168,0.0027133594437101292,b9545448620338aec0489fc3
105,f1d7333ee520c065dfb1d62264fca8befd55a4e41a6f4663549d672744d35774,conditional_components,8.663213463,0.005439419702776345,b9545448620338aec0489fc3
100,2abafa9db6eda6d967c317eb21a3a595231b9ecef6c3b6b57f880274440ba464,variable_elimination,0.040890613000000006,0.00021875436301235654,ff3f35a3576438a0c6f478bf
100,2abafa9db6eda6d967c317eb21a3a595231b9ecef6c3b6b57f880274440ba464,conditional_components,1.6555330245,0.003945713799320242,ff3f35a3576438a0c6f478bf
100,d5e2437aa4587e11dead423ab84e9e90c0cb921181ce9e3864413b57484edbb7,variable_elimination,0.0343530985,0.005503914006475997,191f44c7ac5d996d729f3483
100,d5e2437aa4587e11dead423ab84e9e90c0cb921181ce9e3864413b57484edbb7,conditional_components,4.013528904499999,0.0025947635479399997,191f44c7ac5d996d729f3483
105,6906926e2b6fa597f0bfd43b348bd7e59fa2b36fd348488a8d160aea4f281033,variable_elimination,0.038788701999999994,0.032231859679140606,d1e9a30e46412cdf20c1cd04
105,6906926e2b6fa597f0bfd43b348bd7e59fa2b36fd348488a8d160aea4f281033,conditional_components,16.836201394,0.016147810936550426,d1e9a30e46412cdf20c1cd04
100,e3236f06e69f0dc8eafb856db912dcee194c96f4efbe0e2878ea24c18931e02c,variable_elimination,0.0358031715,0.038586372159795955,583e5f35d05c992a9bfc8248
100,e3236f06e69f0dc8eafb856db912dcee194c96f4efbe0e2878ea24c18931e02c,conditional_components,2.5558405225,0.018838927576319442,583e5f35d05c992a9bfc8248
100,5c777a330529845fee448035487619367242aa0b988914fe8a26424b4ee10d55,variable_elimination,0.033156891,0.01770187078155191,3a99fa2e4891c41db4d7f60c
100,5c777a330529845fee448035487619367242aa0b988914fe8a26424b4ee10d55,conditional_components,1.3680837245,0.003323335712996394,3a99fa2e4891c41db4d7f60c
100,e185bc034149d157de54b55193189afac902fb39858d92b6281ecfa63a08e0f1,variable_elimination,0.0364598545,0.00481136039640536,bf3a626ceb423d6bb11d120c
100,e185bc034149d157de54b55193189afac902fb39858d92b6281ecfa63a08e0f1,conditional_components,16.421181834,0.010902481064384534,bf3a626ceb423d6bb11d120c
100,83c34cb09cb249140c1ac0a38d01cbec4e7497eb8c8de28b450d4398333ff01f,variable_elimination,0.039647596,0.010800074738453201,1c322135980ad016467656c5
100,83c34cb09cb249140c1ac0a38d01cbec4e7497eb8c8de28b450d4398333ff01f,conditional_components,8.264007557500001,0.005866216017191784,1c322135980ad016467656c5
100,f4f512facb6a5b46acbf03543c91d6653cb961b30ea9f2a1c1af33255bb1aa0b,variable_elimination,0.031258765,0.003338878596824107,ca74f975df6d9efc61eed86e
100,f4f512facb6a5b46acbf03543c91d6653cb961b30ea9f2a1c1af33255bb1aa0b,components,0.272204885,0.008678036611672869,ca74f975df6d9efc61eed86e
42,86c32d3a3233bd69a24285e7853073d719ef40a186158946dcf20c1f0a4c76ca,variable_elimination,0.005253703,0.0233107962136421,a4fde992e71e5c73683a500a
42,86c32d3a3233bd69a24285e7853073d719ef40a186158946dcf20c1f0a4c76ca,conditional_components,45.188389865,0.007384600911803237,a4fde992e71e5c73683a500a
105,5776b29715e9a50cd9f500c1b53e676b5e8d4ed040d40ac02cad5f3eb90e7774,variable_elimination,0.033461495,0.005199908657139087,c3d3b3b77b18ffba6488673b
105,5776b29715e9a50cd9f500c1b53e676b5e8d4ed040d40ac02cad5f3eb90e7774,components,0.275160601,0.008631154513331546,c3d3b3b77b18ffba6488673b
100,6d43be99a4507f763b4aefb62ff79ccc08704b7e8f63d57927b61fdcb73c6079,variable_elimination,0.031102308,0.0046642221325519815,53aef6d4fc5df88e3be2a380
100,6d43be99a4507f763b4aefb62ff79ccc08704b7e8f63d57927b61fdcb73c6079,memo_components,0.123902443,0.004116208708554829,53aef6d4fc5df88e3be2a380
100,f4f512facb6a5b46acbf03543c91d6653cb961b30ea9f2a1c1af33255bb1aa0b,variable_elimination,0.026425214,0.006330105372167433,8c6c8aa8625c79705d424006
100,f4f512facb6a5b46acbf03543c91d6653cb961b30ea9f2a1c1af33255bb1aa0b,memo_components,0.057166309,0.009925987114426384,8c6c8aa8625c79705d424006
100,f4f512facb6a5b46acbf03543c91d6653cb961b30ea9f2a1c1af33255bb1aa0b,warm_components,0.002102831,1.2719312479564084,8c6c8aa8625c79705d424006
100,f4f512facb6a5b46acbf03543c91d6653cb961b30ea9f2a1c1af33255bb1aa0b,variable_elimination,0.026698989,0.0018360055475353633,f9e2ca107c8a5abb1b3a252f
100,f4f512facb6a5b46acbf03543c91d6653cb961b30ea9f2a1c1af33255bb1aa0b,memo_components,0.111051119,0.009677374310984805,f9e2ca107c8a5abb1b3a252f
100,f4f512facb6a5b46acbf03543c91d6653cb961b30ea9f2a1c1af33255bb1aa0b,warm_components,0.00326874,1.3013562739125661,f9e2ca107c8a5abb1b3a252f
100,f4f512facb6a5b46acbf03543c91d6653cb961b30ea9f2a1c1af33255bb1aa0b,variable_elimination,0.027931017,0.0255711234071688,bdf56d7b14a29deccd3a0373
100,f4f512facb6a5b46acbf03543c91d6653cb961b30ea9f2a1c1af33255bb1aa0b,memo_components,0.114335988,0.009273856525360417,bdf56d7b14a29deccd3a0373
100,f4f512facb6a5b46acbf03543c91d6653cb961b30ea9f2a1c1af33255bb1aa0b,warm_components,0.004765993,1.252436388410434,bdf56d7b14a29deccd3a0373
105,2f0ee1908f70cfacdcaa935c9cf068812f88091fc3f555e3c77266b9746ed299,variable_elimination,0.035844921,0.03717152021194815,11f1d20fb3dab15941573839
105,2f0ee1908f70cfacdcaa935c9cf068812f88091fc3f555e3c77266b9746ed299,memo_components,0.128328671,0.003075986242068686,11f1d20fb3dab15941573839
105,5776b29715e9a50cd9f500c1b53e676b5e8d4ed040d40ac02cad5f3eb90e7774,variable_elimination,0.028427877,0.003468062769881544,deb3dd21b3686f6f754837c1
105,5776b29715e9a50cd9f500c1b53e676b5e8d4ed040d40ac02cad5f3eb90e7774,memo_components,0.058292278,0.011369388872744012,deb3dd21b3686f6f754837c1
105,5776b29715e9a50cd9f500c1b53e676b5e8d4ed040d40ac02cad5f3eb90e7774,warm_components,0.00218293,1.2688094086306378,deb3dd21b3686f6f754837c1
105,5776b29715e9a50cd9f500c1b53e676b5e8d4ed040d40ac02cad5f3eb90e7774,variable_elimination,0.028540795,0.003591458636374109,adc6578f52b61bee8cdba909
105,5776b29715e9a50cd9f500c1b53e676b5e8d4ed040d40ac02cad5f3eb90e7774,memo_components,0.114581964,0.005858114743141969,adc6578f52b61bee8cdba909
105,5776b29715e9a50cd9f500c1b53e676b5e8d4ed040d40ac02cad5f3eb90e7774,warm_components,0.003708892,1.2915579067648217,adc6578f52b61bee8cdba909
105,5776b29715e9a50cd9f500c1b53e676b5e8d4ed040d40ac02cad5f3eb90e7774,variable_elimination,0.030875422,0.04885300003616575,b3619fb4e5905d710858186b
105,5776b29715e9a50cd9f500c1b53e676b5e8d4ed040d40ac02cad5f3eb90e7774,memo_components,0.116117026,0.004534895478948331,b3619fb4e5905d710858186b
105,5776b29715e9a50cd9f500c1b53e676b5e8d4ed040d40ac02cad5f3eb90e7774,warm_components,0.00491134,1.2522995922135955,b3619fb4e5905d710858186b
100,f4f512facb6a5b46acbf03543c91d6653cb961b30ea9f2a1c1af33255bb1aa0b,variable_elimination,0.031291374,0.10131330551887817,ffdc1b334a3b2f0dd767901d
100,f4f512facb6a5b46acbf03543c91d6653cb961b30ea9f2a1c1af33255bb1aa0b,memo_components,0.125504982,0.002931997744346242,ffdc1b334a3b2f0dd767901d
100,f4f512facb6a5b46acbf03543c91d6653cb961b30ea9f2a1c1af33255bb1aa0b,warm_components,0.015049783,1.1848855584776026,ffdc1b334a3b2f0dd767901d
41,8c79a6768a64fbd2b05a04f2ba371dd034dc676640bbe8e791d865facf25aaef,variable_elimination,0.0050907415,0.015909961250242285,29c390d5a0ba26a7b36d6d0a
41,8c79a6768a64fbd2b05a04f2ba371dd034dc676640bbe8e791d865facf25aaef,conditional_components,47.3575207575,0.0022518378875041023,29c390d5a0ba26a7b36d6d0a
105,5776b29715e9a50cd9f500c1b53e676b5e8d4ed040d40ac02cad5f3eb90e7774,variable_elimination,0.033772259,0.09595646336280639,082eb4762434593279070de1
105,5776b29715e9a50cd9f500c1b53e676b5e8d4ed040d40ac02cad5f3eb90e7774,memo_components,0.127884639,0.004925228401619953,082eb4762434593279070de1
105,5776b29715e9a50cd9f500c1b53e676b5e8d4ed040d40ac02cad5f3eb90e7774,warm_components,0.015589383,1.1799312637252297,082eb4762434593279070de1
100,6d43be99a4507f763b4aefb62ff79ccc08704b7e8f63d57927b61fdcb73c6079,variable_elimination,0.031056139,0.0021187635195716956,26031c50ae812c761579e3b3
100,6d43be99a4507f763b4aefb62ff79ccc08704b7e8f63d57927b61fdcb73c6079,memo_components,0.125426094,0.00199575786290321,26031c50ae812c761579e3b3
100,f4f512facb6a5b46acbf03543c91d6653cb961b30ea9f2a1c1af33255bb1aa0b,variable_elimination,0.027119271,0.016555238376191668,a1762e59124afda36ef80231
100,f4f512facb6a5b46acbf03543c91d6653cb961b30ea9f2a1c1af33255bb1aa0b,memo_components,0.056632189,0.006820702474028874,a1762e59124afda36ef80231
100,f4f512facb6a5b46acbf03543c91d6653cb961b30ea9f2a1c1af33255bb1aa0b,warm_components,0.002093632,1.2746703096446172,a1762e59124afda36ef80231
100,f4f512facb6a5b46acbf03543c91d6653cb961b30ea9f2a1c1af33255bb1aa0b,variable_elimination,0.026809717,0.0004048920171865866,9776cf2248492e93e0fe6fe3
100,f4f512facb6a5b46acbf03543c91d6653cb961b30ea9f2a1c1af33255bb1aa0b,memo_components,0.110358421,0.010201532734344461,9776cf2248492e93e0fe6fe3
100,f4f512facb6a5b46acbf03543c91d6653cb961b30ea9f2a1c1af33255bb1aa0b,warm_components,0.00325035,1.3020403240677474,9776cf2248492e93e0fe6fe3
100,f4f512facb6a5b46acbf03543c91d6653cb961b30ea9f2a1c1af33255bb1aa0b,variable_elimination,0.027239519,0.004090908570183566,e2f109b63e48ad7009af37cf
100,f4f512facb6a5b46acbf03543c91d6653cb961b30ea9f2a1c1af33255bb1aa0b,memo_components,0.114295559,0.0014525392346228473,e2f109b63e48ad7009af37cf
100,f4f512facb6a5b46acbf03543c91d6653cb961b30ea9f2a1c1af33255bb1aa0b,warm_components,0.004762372,1.2533517339196198,e2f109b63e48ad7009af37cf
105,2f0ee1908f70cfacdcaa935c9cf068812f88091fc3f555e3c77266b9746ed299,variable_elimination,0.034088963,0.009639451900230361,a74e9c50b482ae2e0b18e1e0
105,2f0ee1908f70cfacdcaa935c9cf068812f88091fc3f555e3c77266b9746ed299,memo_components,0.128969729,0.007654719718500863,a74e9c50b482ae2e0b18e1e0
105,5776b29715e9a50cd9f500c1b53e676b5e8d4ed040d40ac02cad5f3eb90e7774,variable_elimination,0.029060456,0.027055984759827584,0df50026fc97c9a71bc70f71
105,5776b29715e9a50cd9f500c1b53e676b5e8d4ed040d40ac02cad5f3eb90e7774,memo_components,0.058599443,0.013720514122889785,0df50026fc97c9a71bc70f71
105,5776b29715e9a50cd9f500c1b53e676b5e8d4ed040d40ac02cad5f3eb90e7774,warm_components,0.002273259,1.2670232274396689,0df50026fc97c9a71bc70f71
105,5776b29715e9a50cd9f500c1b53e676b5e8d4ed040d40ac02cad5f3eb90e7774,variable_elimination,0.029098595,0.011526196449747573,ffb6feef2d295501604db837
105,5776b29715e9a50cd9f500c1b53e676b5e8d4ed040d40ac02cad5f3eb90e7774,memo_components,0.113289087,0.0007994908126743536,ffb6feef2d295501604db837
105,5776b29715e9a50cd9f500c1b53e676b5e8d4ed040d40ac02cad5f3eb90e7774,warm_components,0.003089673,1.3044589554176753,ffb6feef2d295501604db837
105,5776b29715e9a50cd9f500c1b53e676b5e8d4ed040d40ac02cad5f3eb90e7774,variable_elimination,0.029661015,0.003974829384277354,6be15ae6a73eb35f0e87b9b1
105,5776b29715e9a50cd9f500c1b53e676b5e8d4ed040d40ac02cad5f3eb90e7774,memo_components,0.115143813,0.01423643073779396,6be15ae6a73eb35f0e87b9b1
105,5776b29715e9a50cd9f500c1b53e676b5e8d4ed040d40ac02cad5f3eb90e7774,warm_components,0.00489496,1.2460052159248434,6be15ae6a73eb35f0e87b9b1
105,5776b29715e9a50cd9f500c1b53e676b5e8d4ed040d40ac02cad5f3eb90e7774,variable_elimination,0.034027034,0.11236470908646727,80b1b07b6d7f4fae31f56774
105,5776b29715e9a50cd9f500c1b53e676b5e8d4ed040d40ac02cad5f3eb90e7774,memo_components,0.128608075,0.009737391880627246,80b1b07b6d7f4fae31f56774
105,5776b29715e9a50cd9f500c1b53e676b5e8d4ed040d40ac02cad5f3eb90e7774,warm_components,0.015648032,1.1791546445470562,80b1b07b6d7f4fae31f56774
100,f4f512facb6a5b46acbf03543c91d6653cb961b30ea9f2a1c1af33255bb1aa0b,variable_elimination,0.031160487,0.10062660415904161,b05a3105805022f4ffb30b12
100,f4f512facb6a5b46acbf03543c91d6653cb961b30ea9f2a1c1af33255bb1aa0b,memo_components,0.125615431,0.00810037092856038,b05a3105805022f4ffb30b12
100,f4f512facb6a5b46acbf03543c91d6653cb961b30ea9f2a1c1af33255bb1aa0b,warm_components,0.015160971,1.1775523224966344,b05a3105805022f4ffb30b12
100,f4f512facb6a5b46acbf03543c91d6653cb961b30ea9f2a1c1af33255bb1aa0b,variable_elimination,0.031512401,0.08355673918358346,a52f48d94ae5ac2766b2dd1f
100,f4f512facb6a5b46acbf03543c91d6653cb961b30ea9f2a1c1af33255bb1aa0b,memo_components,0.126365587,0.00805421208123923,a52f48d94ae5ac2766b2dd1f
100,f4f512facb6a5b46acbf03543c91d6653cb961b30ea9f2a1c1af33255bb1aa0b,warm_components,0.014974395,1.2528476661876264,a52f48d94ae5ac2766b2dd1f
105,5776b29715e9a50cd9f500c1b53e676b5e8d4ed040d40ac02cad5f3eb90e7774,variable_elimination,0.03427289,0.08247417532489382,197eeba29873fd5539f767ac
105,5776b29715e9a50cd9f500c1b53e676b5e8d4ed040d40ac02cad5f3eb90e7774,memo_components,0.129088267,0.006975489816771374,197eeba29873fd5539f767ac
105,5776b29715e9a50cd9f500c1b53e676b5e8d4ed040d40ac02cad5f3eb90e7774,warm_components,0.015648682,1.2260655130872884,197eeba29873fd5539f767ac
105,5776b29715e9a50cd9f500c1b53e676b5e8d4ed040d40ac02cad5f3eb90e7774,variable_elimination,0.033699731,0.09983249554440647,89808cc18f7dec7e8700628b
105,5776b29715e9a50cd9f500c1b53e676b5e8d4ed040d40ac02cad5f3eb90e7774,memo_components,0.128000966,0.00979361799767805,89808cc18f7dec7e8700628b
105,5776b29715e9a50cd9f500c1b53e676b5e8d4ed040d40ac02cad5f3eb90e7774,warm_components,0.01581608,1.1725919107858866,89808cc18f7dec7e8700628b
105,2f0ee1908f70cfacdcaa935c9cf068812f88091fc3f555e3c77266b9746ed299,variable_elimination,0.033833978,0.021813868038711305,397fad82acaafa53e795039c
105,2f0ee1908f70cfacdcaa935c9cf068812f88091fc3f555e3c77266b9746ed299,memo_components,0.127360538,0.00705179479610049,397fad82acaafa53e795039c
100,6d43be99a4507f763b4aefb62ff79ccc08704b7e8f63d57927b61fdcb73c6079,variable_elimination,0.031530621,0.019093610532442525,5db5c43ce414049b729b3279
100,6d43be99a4507f763b4aefb62ff79ccc08704b7e8f63d57927b61fdcb73c6079,memo_components,0.124185547,0.011841979167264375,5db5c43ce414049b729b3279
105,5776b29715e9a50cd9f500c1b53e676b5e8d4ed040d40ac02cad5f3eb90e7774,variable_elimination,0.02828093,0.05298503956191106,a84684738ff60688f418e7ff
105,5776b29715e9a50cd9f500c1b53e676b5e8d4ed040d40ac02cad5f3eb90e7774,memo_components,0.058985845,0.0076119198588785525,a84684738ff60688f418e7ff
105,5776b29715e9a50cd9f500c1b53e676b5e8d4ed040d40ac02cad5f3eb90e7774,warm_components,0.002590443,1.256736022703259,a84684738ff60688f418e7ff
105,5776b29715e9a50cd9f500c1b53e676b5e8d4ed040d40ac02cad5f3eb90e7774,variable_elimination,0.028377538,0.0021782514241423874,9e124e7cef31280c3ff4a577
105,5776b29715e9a50cd9f500c1b53e676b5e8d4ed040d40ac02cad5f3eb90e7774,memo_components,0.110655956,0.004704860326501329,9e124e7cef31280c3ff4a577
105,5776b29715e9a50cd9f500c1b53e676b5e8d4ed040d40ac02cad5f3eb90e7774,warm_components,0.003080643,1.303676868806274,9e124e7cef31280c3ff4a577
100,f4f512facb6a5b46acbf03543c91d6653cb961b30ea9f2a1c1af33255bb1aa0b,variable_elimination,0.02660139,0.040763033471824195,d2e31bde2d579ad5d64f70e7
100,f4f512facb6a5b46acbf03543c91d6653cb961b30ea9f2a1c1af33255bb1aa0b,memo_components,0.056631159,0.005690970805204099,d2e31bde2d579ad5d64f70e7
100,f4f512facb6a5b46acbf03543c91d6653cb961b30ea9f2a1c1af33255bb1aa0b,warm_components,0.002111751,1.2698238463378233,d2e31bde2d579ad5d64f70e7
100,f4f512facb6a5b46acbf03543c91d6653cb961b30ea9f2a1c1af33255bb1aa0b,variable_elimination,0.026980344,0.0029286385266938434,48ab8007b8c67677ebc0067e
100,f4f512facb6a5b46acbf03543c91d6653cb961b30ea9f2a1c1af33255bb1aa0b,memo_components,0.111910633,0.007520209451218605,48ab8007b8c67677ebc0067e
100,f4f512facb6a5b46acbf03543c91d6653cb961b30ea9f2a1c1af33255bb1aa0b,warm_components,0.00327005,1.303428745462924,48ab8007b8c67677ebc0067e
105,5776b29715e9a50cd9f500c1b53e676b5e8d4ed040d40ac02cad5f3eb90e7774,variable_elimination,0.031163108,0.02797148458334887,c13abf2040b94f4be931532b
105,5776b29715e9a50cd9f500c1b53e676b5e8d4ed040d40ac02cad5f3eb90e7774,memo_components,0.115710323,0.0066496131007837906,c13abf2040b94f4be931532b
105,5776b29715e9a50cd9f500c1b53e676b5e8d4ed040d40ac02cad5f3eb90e7774,warm_components,0.00492459,1.2497909843073567,c13abf2040b94f4be931532b
105,2f0ee1908f70cfacdcaa935c9cf068812f88091fc3f555e3c77266b9746ed299,variable_elimination,0.033620082,0.003529850085866547,f692ff9b0d95262afefe9e64
105,2f0ee1908f70cfacdcaa935c9cf068812f88091fc3f555e3c77266b9746ed299,memo_components,0.126518974,0.00803489327195211,f692ff9b0d95262afefe9e64
105,5776b29715e9a50cd9f500c1b53e676b5e8d4ed040d40ac02cad5f3eb90e7774,variable_elimination,0.028424377,0.004950851636514311,8ddf6ae855f4a3b127d07e27
105,5776b29715e9a50cd9f500c1b53e676b5e8d4ed040d40ac02cad5f3eb90e7774,memo_components,0.059826131,0.014509659995385346,8ddf6ae855f4a3b127d07e27
105,5776b29715e9a50cd9f500c1b53e676b5e8d4ed040d40ac02cad5f3eb90e7774,warm_components,0.00216643,1.2705540515838687,8ddf6ae855f4a3b127d07e27
100,f4f512facb6a5b46acbf03543c91d6653cb961b30ea9f2a1c1af33255bb1aa0b,variable_elimination,0.02824407,0.02654577281105254,441f8d012e8c37060e509471
100,f4f512facb6a5b46acbf03543c91d6653cb961b30ea9f2a1c1af33255bb1aa0b,memo_components,0.115251481,0.005100669124233055,441f8d012e8c37060e509471
100,f4f512facb6a5b46acbf03543c91d6653cb961b30ea9f2a1c1af33255bb1aa0b,warm_components,0.004728913,1.2544825670444115,441f8d012e8c37060e509471
105,5776b29715e9a50cd9f500c1b53e676b5e8d4ed040d40ac02cad5f3eb90e7774,variable_elimination,0.028602155,0.003596623270421831,4e3e49695bc6fae660d047c6
105,5776b29715e9a50cd9f500c1b53e676b5e8d4ed040d40ac02cad5f3eb90e7774,memo_components,0.112266236,0.0030278055832866292,4e3e49695bc6fae660d047c6
105,5776b29715e9a50cd9f500c1b53e676b5e8d4ed040d40ac02cad5f3eb90e7774,warm_components,0.003129012,1.3023715670498464,4e3e49695bc6fae660d047c6
105,5776b29715e9a50cd9f500c1b53e676b5e8d4ed040d40ac02cad5f3eb90e7774,variable_elimination,0.029652725,0.0016618179476075344,1ef18e5ebe4dfe9000c66b66
105,5776b29715e9a50cd9f500c1b53e676b5e8d4ed040d40ac02cad5f3eb90e7774,memo_components,0.114332058,0.0051765286287940495,1ef18e5ebe4dfe9000c66b66
105,5776b29715e9a50cd9f500c1b53e676b5e8d4ed040d40ac02cad5f3eb90e7774,warm_components,0.004965819,1.245070624333793,1ef18e5ebe4dfe9000c66b66
100,f4f512facb6a5b46acbf03543c91d6653cb961b30ea9f2a1c1af33255bb1aa0b,variable_elimination,0.031346204,0.10077937343543573,8aa23760bc71e936c1856c9a
100,f4f512facb6a5b46acbf03543c91d6653cb961b30ea9f2a1c1af33255bb1aa0b,memo_components,0.127099384,0.00693012665228993,8aa23760bc71e936c1856c9a
100,f4f512facb6a5b46acbf03543c91d6653cb961b30ea9f2a1c1af33255bb1aa0b,warm_components,0.015142041,1.1866357180686,8aa23760bc71e936c1856c9a
100,f4f512facb6a5b46acbf03543c91d6653cb961b30ea9f2a1c1af33255bb1aa0b,variable_elimination,0.031781526,0.07625205245410008,a66341ce4b9160a40157c2ab
100,f4f512facb6a5b46acbf03543c91d6653cb961b30ea9f2a1c1af33255bb1aa0b,memo_components,0.128864071,0.013815707173232567,a66341ce4b9160a40157c2ab
100,f4f512facb6a5b46acbf03543c91d6653cb961b30ea9f2a1c1af33255bb1aa0b,warm_components,0.01524507,1.2677880270626027,a66341ce4b9160a40157c2ab
105,5776b29715e9a50cd9f500c1b53e676b5e8d4ed040d40ac02cad5f3eb90e7774,variable_elimination,0.034195081,0.1122639660546451,de034955a0551ad58c27f88b
105,5776b29715e9a50cd9f500c1b53e676b5e8d4ed040d40ac02cad5f3eb90e7774,memo_components,0.128590716,0.014779621694135997,de034955a0551ad58c27f88b
105,5776b29715e9a50cd9f500c1b53e676b5e8d4ed040d40ac02cad5f3eb90e7774,warm_components,0.015936567,1.1792325768099252,de034955a0551ad58c27f88b
105,5776b29715e9a50cd9f500c1b53e676b5e8d4ed040d40ac02cad5f3eb90e7774,variable_elimination,0.033672401,0.07952268905592436,90917521fe3a4df38091d7be
105,5776b29715e9a50cd9f500c1b53e676b5e8d4ed040d40ac02cad5f3eb90e7774,memo_components,0.129318532,0.010722945074498794,90917521fe3a4df38091d7be
105,5776b29715e9a50cd9f500c1b53e676b5e8d4ed040d40ac02cad5f3eb90e7774,warm_components,0.015644233,1.2473674178374694,90917521fe3a4df38091d7be
105,5776b29715e9a50cd9f500c1b53e676b5e8d4ed040d40ac02cad5f3eb90e7774,variable_elimination,0.034065034,0.09159090599984226,b0befa080129efef54df7803
105,5776b29715e9a50cd9f500c1b53e676b5e8d4ed040d40ac02cad5f3eb90e7774,memo_components,0.12944015,0.016995426555536382,b0befa080129efef54df7803
105,5776b29715e9a50cd9f500c1b53e676b5e8d4ed040d40ac02cad5f3eb90e7774,warm_components,0.015908807,1.2433063199321235,b0befa080129efef54df7803
105,5776b29715e9a50cd9f500c1b53e676b5e8d4ed040d40ac02cad5f3eb90e7774,variable_elimination,0.036117236,0.0910311036046637,f91a79c791e854d826e4920f
105,5776b29715e9a50cd9f500c1b53e676b5e8d4ed040d40ac02cad5f3eb90e7774,memo_components,0.128721593,0.009548508315248092,f91a79c791e854d826e4920f
105,5776b29715e9a50cd9f500c1b53e676b5e8d4ed040d40ac02cad5f3eb90e7774,warm_components,0.015717451,1.1847750358634248,f91a79c791e854d826e4920f
100,f4f512facb6a5b46acbf03543c91d6653cb961b30ea9f2a1c1af33255bb1aa0b,variable_elimination,0.033099212,0.09068447389432176,df67c2e43abc65db2dbba4b8
100,f4f512facb6a5b46acbf03543c91d6653cb961b30ea9f2a1c1af33255bb1aa0b,memo_components,0.126272989,0.0066862924217734755,df67c2e43abc65db2dbba4b8
100,f4f512facb6a5b46acbf03543c91d6653cb961b30ea9f2a1c1af33255bb1aa0b,warm_components,0.015300369,1.180236855684042,df67c2e43abc65db2dbba4b8
100,f4f512facb6a5b46acbf03543c91d6653cb961b30ea9f2a1c1af33255bb1aa0b,variable_elimination,0.031457702,0.0938683552427857,dd9394510f394c178d2a2e55
100,f4f512facb6a5b46acbf03543c91d6653cb961b30ea9f2a1c1af33255bb1aa0b,memo_components,0.12675433,0.013538538306189712,dd9394510f394c178d2a2e55
100,f4f512facb6a5b46acbf03543c91d6653cb961b30ea9f2a1c1af33255bb1aa0b,warm_components,0.015298079,1.230151520423111,dd9394510f394c178d2a2e55
100,6d43be99a4507f763b4aefb62ff79ccc08704b7e8f63d57927b61fdcb73c6079,variable_elimination,0.031036289,0.006403305246349884,490377176e51fba20483268b
100,6d43be99a4507f763b4aefb62ff79ccc08704b7e8f63d57927b61fdcb73c6079,memo_components,0.124689177,0.002505099490286146,490377176e51fba20483268b
105,2f0ee1908f70cfacdcaa935c9cf068812f88091fc3f555e3c77266b9746ed299,variable_elimination,0.033502134,0.0026822760139060403,e6e6d6c57292d0e1be081aec
105,2f0ee1908f70cfacdcaa935c9cf068812f88091fc3f555e3c77266b9746ed299,memo_components,0.127240461,0.005514427343794123,e6e6d6c57292d0e1be081aec
100,f4f512facb6a5b46acbf03543c91d6653cb961b30ea9f2a1c1af33255bb1aa0b,variable_elimination,0.026496963,0.004212935752168233,9a145705fc76b3223a0fb2b6
100,f4f512facb6a5b46acbf03543c91d6653cb961b30ea9f2a1c1af33255bb1aa0b,memo_components,0.057320146,0.002629164748950002,9a145705fc76b3223a0fb2b6
100,f4f512facb6a5b46acbf03543c91d6653cb961b30ea9f2a1c1af33255bb1aa0b,warm_components,0.002139311,1.2705652625447235,9a145705fc76b3223a0fb2b6
100,f4f512facb6a5b46acbf03543c91d6653cb961b30ea9f2a1c1af33255bb1aa0b,variable_elimination,0.028853769,0.030422125091138938,6a0e20e1c70bfed8d4835e7c
100,f4f512facb6a5b46acbf03543c91d6653cb961b30ea9f2a1c1af33255bb1aa0b,memo_components,0.111928672,0.017319462337040112,6a0e20e1c70bfed8d4835e7c
100,f4f512facb6a5b46acbf03543c91d6653cb961b30ea9f2a1c1af33255bb1aa0b,warm_components,0.00327522,1.3033054374460844,6a0e20e1c70bfed8d4835e7c
100,f4f512facb6a5b46acbf03543c91d6653cb961b30ea9f2a1c1af33255bb1aa0b,variable_elimination,0.02720981,0.0049707783592992695,3f0811009639e55f9dff6305
100,f4f512facb6a5b46acbf03543c91d6653cb961b30ea9f2a1c1af33255bb1aa0b,memo_components,0.114365138,0.010603972491674295,3f0811009639e55f9dff6305
100,f4f512facb6a5b46acbf03543c91d6653cb961b30ea9f2a1c1af33255bb1aa0b,warm_components,0.004693584,1.2537370768554161,3f0811009639e55f9dff6305
105,2f0ee1908f70cfacdcaa935c9cf068812f88091fc3f555e3c77266b9746ed299,variable_elimination,0.033415825,0.0024164106965761226,f31bcbd5d1a5faca84ea56b2
105,2f0ee1908f70cfacdcaa935c9cf068812f88091fc3f555e3c77266b9746ed299,memo_components,0.127070014,0.0065703999947621,f31bcbd5d1a5faca84ea56b2
100,6d43be99a4507f763b4aefb62ff79ccc08704b7e8f63d57927b61fdcb73c6079,variable_elimination,0.031255275,0.02490400396209145,4c2f9a12e85411cae4b1a253
100,6d43be99a4507f763b4aefb62ff79ccc08704b7e8f63d57927b61fdcb73c6079,memo_components,0.128014257,0.00807871777732494,4c2f9a12e85411cae4b1a253
105,5776b29715e9a50cd9f500c1b53e676b5e8d4ed040d40ac02cad5f3eb90e7774,variable_elimination,0.02826699,0.006942403949489708,90ee0607452de85f8cd8e84a
105,5776b29715e9a50cd9f500c1b53e676b5e8d4ed040d40ac02cad5f3eb90e7774,memo_components,0.058719461,0.013592524703346166,90ee0607452de85f8cd8e84a
105,5776b29715e9a50cd9f500c1b53e676b5e8d4ed040d40ac02cad5f3eb90e7774,warm_components,0.002160281,1.2724233670115654,90ee0607452de85f8cd8e84a
100,f4f512facb6a5b46acbf03543c91d6653cb961b30ea9f2a1c1af33255bb1aa0b,variable_elimination,0.026445954,0.0046778494795271875,eb539aa50795ed011499d91b
100,f4f512facb6a5b46acbf03543c91d6653cb961b30ea9f2a1c1af33255bb1aa0b,memo_components,0.056323374,0.004944402818564927,eb539aa50795ed011499d91b
100,f4f512facb6a5b46acbf03543c91d6653cb961b30ea9f2a1c1af33255bb1aa0b,warm_components,0.002079641,1.2710847609011995,eb539aa50795ed011499d91b
105,5776b29715e9a50cd9f500c1b53e676b5e8d4ed040d40ac02cad5f3eb90e7774,variable_elimination,0.028479086,0.005892191659407264,de4f36111df156b18b71cbf0
105,5776b29715e9a50cd9f500c1b53e676b5e8d4ed040d40ac02cad5f3eb90e7774,memo_components,0.114304919,0.00701241453306467,de4f36111df156b18b71cbf0
105,5776b29715e9a50cd9f500c1b53e676b5e8d4ed040d40ac02cad5f3eb90e7774,warm_components,0.003092673,1.3067170107596529,de4f36111df156b18b71cbf0
105,5776b29715e9a50cd9f500c1b53e676b5e8d4ed040d40ac02cad5f3eb90e7774,variable_elimination,0.029578187,0.005500189897672582,4e25ff43f911ff683964d4b5
105,5776b29715e9a50cd9f500c1b53e676b5e8d4ed040d40ac02cad5f3eb90e7774,memo_components,0.115053654,0.007720505709388247,4e25ff43f911ff683964d4b5
105,5776b29715e9a50cd9f500c1b53e676b5e8d4ed040d40ac02cad5f3eb90e7774,warm_components,0.00490341,1.2469151341779983,4e25ff43f911ff683964d4b5
100,f4f512facb6a5b46acbf03543c91d6653cb961b30ea9f2a1c1af33255bb1aa0b,variable_elimination,0.026853217,0.0018055312092867932,574bf6ca34ddba423085f99f
100,f4f512facb6a5b46acbf03543c91d6653cb961b30ea9f2a1c1af33255bb1aa0b,memo_components,0.110765184,0.00775303566054953,574bf6ca34ddba423085f99f
100,f4f512facb6a5b46acbf03543c91d6653cb961b30ea9f2a1c1af33255bb1aa0b,warm_components,0.00325006,1.3021244411105453,574bf6ca34ddba423085f99f
100,f4f512facb6a5b46acbf03543c91d6653cb961b30ea9f2a1c1af33255bb1aa0b,variable_elimination,0.028216151,0.028920998513470422,d5ab49973bfd207cf716d655
100,f4f512facb6a5b46acbf03543c91d6653cb961b30ea9f2a1c1af33255bb1aa0b,memo_components,0.115445028,0.0015041469086149954,d5ab49973bfd207cf716d655
100,f4f512facb6a5b46acbf03543c91d6653cb961b30ea9f2a1c1af33255bb1aa0b,warm_components,0.004750382,1.2538073927008357,d5ab49973bfd207cf716d655
105,5776b29715e9a50cd9f500c1b53e676b5e8d4ed040d40ac02cad5f3eb90e7774,variable_elimination,0.033920386,0.09599648507037055,5533db99bfb72d51288d85dd
105,5776b29715e9a50cd9f500c1b53e676b5e8d4ed040d40ac02cad5f3eb90e7774,memo_components,0.129061957,0.012363692756533338,5533db99bfb72d51288d85dd
105,5776b29715e9a50cd9f500c1b53e676b5e8d4ed040d40ac02cad5f3eb90e7774,warm_components,0.01576412,1.1812565177990355,5533db99bfb72d51288d85dd
100,f4f512facb6a5b46acbf03543c91d6653cb961b30ea9f2a1c1af33255bb1aa0b,variable_elimination,0.031236675,0.10134003430739874,5ea548a535c6da8e3f049bb0
100,f4f512facb6a5b46acbf03543c91d6653cb961b30ea9f2a1c1af33255bb1aa0b,memo_components,0.126212079,0.011615380038772388,5ea548a535c6da8e3f049bb0
100,f4f512facb6a5b46acbf03543c91d6653cb961b30ea9f2a1c1af33255bb1aa0b,warm_components,0.014993454,1.1873196446167766,5ea548a535c6da8e3f049bb0
105,5776b29715e9a50cd9f500c1b53e676b5e8d4ed040d40ac02cad5f3eb90e7774,variable_elimination,0.034542695,0.07443789056812265,d500f2372ac9b3a7a4a770dd
105,5776b29715e9a50cd9f500c1b53e676b5e8d4ed040d40ac02cad5f3eb90e7774,memo_components,0.129581737,0.009940636603415624,d500f2372ac9b3a7a4a770dd
105,5776b29715e9a50cd9f500c1b53e676b5e8d4ed040d40ac02cad5f3eb90e7774,warm_components,0.015842919,1.257253685232137,d500f2372ac9b3a7a4a770dd
100,f4f512facb6a5b46acbf03543c91d6653cb961b30ea9f2a1c1af33255bb1aa0b,variable_elimination,0.031970793,0.07791496364548035,3a74356c858104e1ed118951
100,f4f512facb6a5b46acbf03543c91d6653cb961b30ea9f2a1c1af33255bb1aa0b,memo_components,0.126940047,0.01251064474854529,3a74356c858104e1ed118951
100,f4f512facb6a5b46acbf03543c91d6653cb961b30ea9f2a1c1af33255bb1aa0b,warm_components,0.015235,1.2629490709920486,3a74356c858104e1ed118951
105,5776b29715e9a50cd9f500c1b53e676b5e8d4ed040d40ac02cad5f3eb90e7774,variable_elimination,0.033779878,0.09921843605390646,6ac2e178cc68c23bbe07a599
105,5776b29715e9a50cd9f500c1b53e676b5e8d4ed040d40ac02cad5f3eb90e7774,memo_components,0.128152714,0.005648322827478593,6ac2e178cc68c23bbe07a599
105,5776b29715e9a50cd9f500c1b53e676b5e8d4ed040d40ac02cad5f3eb90e7774,warm_components,0.01572761,1.1765621872366014,6ac2e178cc68c23bbe07a599
100,f4f512facb6a5b46acbf03543c91d6653cb961b30ea9f2a1c1af33255bb1aa0b,variable_elimination,0.032035411,0.09801024088701199,8a041c43fc866c816b2d4cac
100,f4f512facb6a5b46acbf03543c91d6653cb961b30ea9f2a1c1af33255bb1aa0b,memo_components,0.128106445,0.008361250683651981,8a041c43fc866c816b2d4cac
100,f4f512facb6a5b46acbf03543c91d6653cb961b30ea9f2a1c1af33255bb1aa0b,warm_components,0.015344548,1.1897262976537888,8a041c43fc866c816b2d4cac
100,f4f512facb6a5b46acbf03543c91d6653cb961b30ea9f2a1c1af33255bb1aa0b,variable_elimination,0.032867375,0.08893471179047965,5a27701019cb46ea257e9f4c
100,f4f512facb6a5b46acbf03543c91d6653cb961b30ea9f2a1c1af33255bb1aa0b,memo_components,0.126144651,0.013847672491010155,5a27701019cb46ea257e9f4c
100,f4f512facb6a5b46acbf03543c91d6653cb961b30ea9f2a1c1af33255bb1aa0b,warm_components,0.015064843,1.2520220997742058,5a27701019cb46ea257e9f4c
105,5776b29715e9a50cd9f500c1b53e676b5e8d4ed040d40ac02cad5f3eb90e7774,variable_elimination,0.03374787,0.085979472133855,5227a268fb7256e1ecad3127
105,5776b29715e9a50cd9f500c1b53e676b5e8d4ed040d40ac02cad5f3eb90e7774,memo_components,0.132233869,0.008612540189653756,5227a268fb7256e1ecad3127
105,5776b29715e9a50cd9f500c1b53e676b5e8d4ed040d40ac02cad5f3eb90e7774,warm_components,0.015933127,1.2492490778606862,5227a268fb7256e1ecad3127
105,2f0ee1908f70cfacdcaa935c9cf068812f88091fc3f555e3c77266b9746ed299,variable_elimination,0.033588713,0.006014137890037395,ac7aaf597a0a96ca38345a0d
105,2f0ee1908f70cfacdcaa935c9cf068812f88091fc3f555e3c77266b9746ed299,memo_components,0.127691933,0.0024635762968466444,ac7aaf597a0a96ca38345a0d
100,6d43be99a4507f763b4aefb62ff79ccc08704b7e8f63d57927b61fdcb73c6079,variable_elimination,0.031417403,0.005833726235439931,755a807e8ef0f1c0c2737a11
100,6d43be99a4507f763b4aefb62ff79ccc08704b7e8f63d57927b61fdcb73c6079,memo_components,0.124745137,0.002140075576857975,755a807e8ef0f1c0c2737a11
105,5776b29715e9a50cd9f500c1b53e676b5e8d4ed040d40ac02cad5f3eb90e7774,variable_elimination,0.033885197,0.0039172088680360295,14b0bb21d57661994338603a
105,5776b29715e9a50cd9f500c1b53e676b5e8d4ed040d40ac02cad5f3eb90e7774,memo_components,0.059658673,0.005087580261804245,14b0bb21d57661994338603a
105,5776b29715e9a50cd9f500c1b53e676b5e8d4ed040d40ac02cad5f3eb90e7774,warm_components,0.002246289,1.2667940139542415,14b0bb21d57661994338603a
100,f4f512facb6a5b46acbf03543c91d6653cb961b30ea9f2a1c1af33255bb1aa0b,variable_elimination,0.026562151,0.011426073693030296,999e2740fa47a5befe87405a
100,f4f512facb6a5b46acbf03543c91d6653cb961b30ea9f2a1c1af33255bb1aa0b,memo_components,0.056809415,0.0069099547022791466,999e2740fa47a5befe87405a
100,f4f512facb6a5b46acbf03543c91d6653cb961b30ea9f2a1c1af33255bb1aa0b,warm_components,0.002123841,1.2690750724566529,999e2740fa47a5befe87405a
105,5776b29715e9a50cd9f500c1b53e676b5e8d4ed040d40ac02cad5f3eb90e7774,variable_elimination,0.029076386,0.01236363206114294,202777da811fe7b3c82151f8
105,5776b29715e9a50cd9f500c1b53e676b5e8d4ed040d40ac02cad5f3eb90e7774,memo_components,0.113568312,0.007399189014166268,202777da811fe7b3c82151f8
105,5776b29715e9a50cd9f500c1b53e676b5e8d4ed040d40ac02cad5f3eb90e7774,warm_components,0.003113093,1.3058072905154996,202777da811fe7b3c82151f8
105,5776b29715e9a50cd9f500c1b53e676b5e8d4ed040d40ac02cad5f3eb90e7774,variable_elimination,0.029773832,0.005316783077420809,a5a46cab3aa24182fb30c79a
105,5776b29715e9a50cd9f500c1b53e676b5e8d4ed040d40ac02cad5f3eb90e7774,memo_components,0.11475527,0.004213059855688662,a5a46cab3aa24182fb30c79a
105,5776b29715e9a50cd9f500c1b53e676b5e8d4ed040d40ac02cad5f3eb90e7774,warm_components,0.0049044,1.2472254986697364,a5a46cab3aa24182fb30c79a
100,f4f512facb6a5b46acbf03543c91d6653cb961b30ea9f2a1c1af33255bb1aa0b,variable_elimination,0.026785317,0.003309633525354326,0e6f5ba6195826f28be78c54
100,f4f512facb6a5b46acbf03543c91d6653cb961b30ea9f2a1c1af33255bb1aa0b,memo_components,0.110740415,0.010205705491984256,0e6f5ba6195826f28be78c54
100,f4f512facb6a5b46acbf03543c91d6653cb961b30ea9f2a1c1af33255bb1aa0b,warm_components,0.0032545,1.301370346274199,0e6f5ba6195826f28be78c54
100,f4f512facb6a5b46acbf03543c91d6653cb961b30ea9f2a1c1af33255bb1aa0b,variable_elimination,0.027464965,0.008232447332696966,a7ffa2185e513440edba3c1f
100,f4f512facb6a5b46acbf03543c91d6653cb961b30ea9f2a1c1af33255bb1aa0b,memo_components,0.113926866,0.00753731809023099,a7ffa2185e513440edba3c1f
100,f4f512facb6a5b46acbf03543c91d6653cb961b30ea9f2a1c1af33255bb1aa0b,warm_components,0.004747642,1.251917624202826,a7ffa2185e513440edba3c1f
100,f4f512facb6a5b46acbf03543c91d6653cb961b30ea9f2a1c1af33255bb1aa0b,variable_elimination,0.031828865,0.11456138464600354,c08824e28f6b5715f57f48f1
100,f4f512facb6a5b46acbf03543c91d6653cb961b30ea9f2a1c1af33255bb1aa0b,memo_components,0.129283613,0.01453214547620917,c08824e28f6b5715f57f48f1
100,f4f512facb6a5b46acbf03543c91d6653cb961b30ea9f2a1c1af33255bb1aa0b,warm_components,0.015058783,1.191295873937544,c08824e28f6b5715f57f48f1
105,5776b29715e9a50cd9f500c1b53e676b5e8d4ed040d40ac02cad5f3eb90e7774,variable_elimination,0.033668571,0.09673332705136126,378de31233c94ac53203de4c
105,5776b29715e9a50cd9f500c1b53e676b5e8d4ed040d40ac02cad5f3eb90e7774,memo_components,0.128116755,0.009685687064353979,378de31233c94ac53203de4c
105,5776b29715e9a50cd9f500c1b53e676b5e8d4ed040d40ac02cad5f3eb90e7774,warm_components,0.015544524,1.1721744150845914,378de31233c94ac53203de4c
100,f4f512facb6a5b46acbf03543c91d6653cb961b30ea9f2a1c1af33255bb1aa0b,variable_elimination,0.031841905,0.07668305653205064,9998038691d944a59bc69ec5
100,f4f512facb6a5b46acbf03543c91d6653cb961b30ea9f2a1c1af33255bb1aa0b,memo_components,0.129170115,0.013600000861379928,9998038691d944a59bc69ec5
100,f4f512facb6a5b46acbf03543c91d6653cb961b30ea9f2a1c1af33255bb1aa0b,warm_components,0.015184131,1.277285085672007,9998038691d944a59bc69ec5
105,5776b29715e9a50cd9f500c1b53e676b5e8d4ed040d40ac02cad5f3eb90e7774,variable_elimination,0.033903496,0.07630710237878559,6fec7012ca5b47faa8e0e4fe
105,5776b29715e9a50cd9f500c1b53e676b5e8d4ed040d40ac02cad5f3eb90e7774,memo_components,0.12889495,0.011372724078936124,6fec7012ca5b47faa8e0e4fe
105,5776b29715e9a50cd9f500c1b53e676b5e8d4ed040d40ac02cad5f3eb90e7774,warm_components,0.01579668,1.2525342662202434,6fec7012ca5b47faa8e0e4fe
105,5776b29715e9a50cd9f500c1b53e676b5e8d4ed040d40ac02cad5f3eb90e7774,variable_elimination,0.036062257,0.11639891464264045,e3f46c636d121e3ae0aa98a1
105,5776b29715e9a50cd9f500c1b53e676b5e8d4ed040d40ac02cad5f3eb90e7774,memo_components,0.128575966,0.010526406717974985,e3f46c636d121e3ae0aa98a1
105,5776b29715e9a50cd9f500c1b53e676b5e8d4ed040d40ac02cad5f3eb90e7774,warm_components,0.017295812,1.1456317316622404,e3f46c636d121e3ae0aa98a1
100,f4f512facb6a5b46acbf03543c91d6653cb961b30ea9f2a1c1af33255bb1aa0b,variable_elimination,0.031254346,0.1022023705746025,ac6df07e107da955044694d3
100,f4f512facb6a5b46acbf03543c91d6653cb961b30ea9f2a1c1af33255bb1aa0b,memo_components,0.126621392,0.010997848338076825,ac6df07e107da955044694d3
100,f4f512facb6a5b46acbf03543c91d6653cb961b30ea9f2a1c1af33255bb1aa0b,warm_components,0.015168831,1.1839503359416814,ac6df07e107da955044694d3
100,f4f512facb6a5b46acbf03543c91d6653cb961b30ea9f2a1c1af33255bb1aa0b,variable_elimination,0.031575279,0.08944789451415433,41f8952fed4fb63227ced30a
100,f4f512facb6a5b46acbf03543c91d6653cb961b30ea9f2a1c1af33255bb1aa0b,memo_components,0.125454613,0.010454316713367792,41f8952fed4fb63227ced30a
100,f4f512facb6a5b46acbf03543c91d6653cb961b30ea9f2a1c1af33255bb1aa0b,warm_components,0.015469236,1.2230050573117561,41f8952fed4fb63227ced30a
105,5776b29715e9a50cd9f500c1b53e676b5e8d4ed040d40ac02cad5f3eb90e7774,variable_elimination,0.034393718,0.08262240007912663,e571efffbfa5507d82c49746
105,5776b29715e9a50cd9f500c1b53e676b5e8d4ed040d40ac02cad5f3eb90e7774,memo_components,0.129031007,0.010096455600948795,e571efffbfa5507d82c49746
105,5776b29715e9a50cd9f500c1b53e676b5e8d4ed040d40ac02cad5f3eb90e7774,warm_components,0.015851869,1.235759655190098,e571efffbfa5507d82c49746
100,6d43be99a4507f763b4aefb62ff79ccc08704b7e8f63d57927b61fdcb73c6079,variable_elimination,0.031279405,0.0050203821161152,beed67601dbf7e9070e0f2c9
100,6d43be99a4507f763b4aefb62ff79ccc08704b7e8f63d57927b61fdcb73c6079,memo_components,0.12400426,0.007870065539394308,beed67601dbf7e9070e0f2c9
105,2f0ee1908f70cfacdcaa935c9cf068812f88091fc3f555e3c77266b9746ed299,variable_elimination,0.033461335,0.0011333677741824503,a53bd969a182c79cc600d886
105,2f0ee1908f70cfacdcaa935c9cf068812f88091fc3f555e3c77266b9746ed299,memo_components,0.131047241,0.00797772903800565,a53bd969a182c79cc600d886
100,f4f512facb6a5b46acbf03543c91d6653cb961b30ea9f2a1c1af33255bb1aa0b,variable_elimination,0.02721367,0.007364236574371926,3d9d7245f6bcacb43026fb85
100,f4f512facb6a5b46acbf03543c91d6653cb961b30ea9f2a1c1af33255bb1aa0b,memo_components,0.056725387,0.0054031323732766715,3d9d7245f6bcacb43026fb85
100,f4f512facb6a5b46acbf03543c91d6653cb961b30ea9f2a1c1af33255bb1aa0b,warm_components,0.00217077,1.2654145994175086,3d9d7245f6bcacb43026fb85
100,f4f512facb6a5b46acbf03543c91d6653cb961b30ea9f2a1c1af33255bb1aa0b,variable_elimination,0.027088992,0.011866766462814362,ad133fd9577b6f1e219695eb
100,f4f512facb6a5b46acbf03543c91d6653cb961b30ea9f2a1c1af33255bb1aa0b,memo_components,0.111642617,0.004803600190141507,ad133fd9577b6f1e219695eb
100,f4f512facb6a5b46acbf03543c91d6653cb961b30ea9f2a1c1af33255bb1aa0b,warm_components,0.003219711,1.303452703496764,ad133fd9577b6f1e219695eb
105,2f0ee1908f70cfacdcaa935c9cf068812f88091fc3f555e3c77266b9746ed299,variable_elimination,0.033518814,0.0016034445086243,b9ef282a43fbe5a6ec94f7f3
105,2f0ee1908f70cfacdcaa935c9cf068812f88091fc3f555e3c77266b9746ed299,memo_components,0.126999145,0.0044277814071066795,b9ef282a43fbe5a6ec94f7f3
100,6d43be99a4507f763b4aefb62ff79ccc08704b7e8f63d57927b61fdcb73c6079,variable_elimination,0.031313435,0.004620420507161555,21c90ab369dc1830ea7bd788
100,6d43be99a4507f763b4aefb62ff79ccc08704b7e8f63d57927b61fdcb73c6079,memo_components,0.126432926,0.003825560203641354,21c90ab369dc1830ea7bd788
105,5776b29715e9a50cd9f500c1b53e676b5e8d4ed040d40ac02cad5f3eb90e7774,variable_elimination,0.028341689,0.026408436807769057,15325a1407162217d85d8ef4
105,5776b29715e9a50cd9f500c1b53e676b5e8d4ed040d40ac02cad5f3eb90e7774,memo_components,0.057863567,0.0054557196606034334,15325a1407162217d85d8ef4
105,5776b29715e9a50cd9f500c1b53e676b5e8d4ed040d40ac02cad5f3eb90e7774,warm_components,0.00216661,1.2716059399154456,15325a1407162217d85d8ef4
100,f4f512facb6a5b46acbf03543c91d6653cb961b30ea9f2a1c1af33255bb1aa0b,variable_elimination,0.026687259,0.008937272704871525,3484d50776c1c1c879fc1296
100,f4f512facb6a5b46acbf03543c91d6653cb961b30ea9f2a1c1af33255bb1aa0b,memo_components,0.057013272,0.009065912668257087,3484d50776c1c1c879fc1296
100,f4f512facb6a5b46acbf03543c91d6653cb961b30ea9f2a1c1af33255bb1aa0b,warm_components,0.002109641,1.2740136568008071,3484d50776c1c1c879fc1296
100,f4f512facb6a5b46acbf03543c91d6653cb961b30ea9f2a1c1af33255bb1aa0b,variable_elimination,0.027538513,0.003607412534811097,c1b1798edde62be8ab598b0a
100,f4f512facb6a5b46acbf03543c91d6653cb961b30ea9f2a1c1af33255bb1aa0b,memo_components,0.113055412,0.016265166686746147,c1b1798edde62be8ab598b0a
100,f4f512facb6a5b46acbf03543c91d6653cb961b30ea9f2a1c1af33255bb1aa0b,warm_components,0.004721673,1.2573221472912435,c1b1798edde62be8ab598b0a
105,5776b29715e9a50cd9f500c1b53e676b5e8d4ed040d40ac02cad5f3eb90e7774,variable_elimination,0.030066597,0.0039333555883787836,856568654408d37efe5958ed
105,5776b29715e9a50cd9f500c1b53e676b5e8d4ed040d40ac02cad5f3eb90e7774,memo_components,0.112930404,0.004926037298280961,856568654408d37efe5958ed
105,5776b29715e9a50cd9f500c1b53e676b5e8d4ed040d40ac02cad5f3eb90e7774,warm_components,0.003112923,1.304395390653738,856568654408d37efe5958ed
105,5776b29715e9a50cd9f500c1b53e676b5e8d4ed040d40ac02cad5f3eb90e7774,variable_elimination,0.029760813,0.0033039794422825056,8bb4c7cc0d4d87139eb5044b
105,5776b29715e9a50cd9f500c1b53e676b5e8d4ed040d40ac02cad5f3eb90e7774,memo_components,0.114170031,0.0025548246881108073,8bb4c7cc0d4d87139eb5044b
105,5776b29715e9a50cd9f500c1b53e676b5e8d4ed040d40ac02cad5f3eb90e7774,warm_components,0.00491274,1.2488438978266134,8bb4c7cc0d4d87139eb5044b
100,f4f512facb6a5b46acbf03543c91d6653cb961b30ea9f2a1c1af33255bb1aa0b,variable_elimination,0.026744628,0.00896409264756162,e81e06d172baea33bd6e98d7
100,f4f512facb6a5b46acbf03543c91d6653cb961b30ea9f2a1c1af33255bb1aa0b,memo_components,0.110909331,0.008821852222320644,e81e06d172baea33bd6e98d7
100,f4f512facb6a5b46acbf03543c91d6653cb961b30ea9f2a1c1af33255bb1aa0b,warm_components,0.003222331,1.304316697616865,e81e06d172baea33bd6e98d7
105,5776b29715e9a50cd9f500c1b53e676b5e8d4ed040d40ac02cad5f3eb90e7774,variable_elimination,0.033929637,0.10098125958311063,983ad97661a98a386924faac
105,5776b29715e9a50cd9f500c1b53e676b5e8d4ed040d40ac02cad5f3eb90e7774,memo_components,0.128738633,0.012176059342477098,983ad97661a98a386924faac
105,5776b29715e9a50cd9f500c1b53e676b5e8d4ed040d40ac02cad5f3eb90e7774,warm_components,0.016003336,1.166005824703627,983ad97661a98a386924faac
100,f4f512facb6a5b46acbf03543c91d6653cb961b30ea9f2a1c1af33255bb1aa0b,variable_elimination,0.031100038,0.10112978235168783,05893f86308cca55592e54e6
100,f4f512facb6a5b46acbf03543c91d6653cb961b30ea9f2a1c1af33255bb1aa0b,memo_components,0.126318338,0.013943660720459288,05893f86308cca55592e54e6
100,f4f512facb6a5b46acbf03543c91d6653cb961b30ea9f2a1c1af33255bb1aa0b,warm_components,0.015148681,1.1805134091655485,05893f86308cca55592e54e6
105,5776b29715e9a50cd9f500c1b53e676b5e8d4ed040d40ac02cad5f3eb90e7774,variable_elimination,0.034413277,0.09267685856125746,fb2787f913ed3a770a8677a3
105,5776b29715e9a50cd9f500c1b53e676b5e8d4ed040d40ac02cad5f3eb90e7774,memo_components,0.130732987,0.011099008746032901,fb2787f913ed3a770a8677a3
105,5776b29715e9a50cd9f500c1b53e676b5e8d4ed040d40ac02cad5f3eb90e7774,warm_components,0.015991916,1.242637533006889,fb2787f913ed3a770a8677a3
100,f4f512facb6a5b46acbf03543c91d6653cb961b30ea9f2a1c1af33255bb1aa0b,variable_elimination,0.031820435,0.08141403439442421,59a7da18e2aad3e35d0429e1
100,f4f512facb6a5b46acbf03543c91d6653cb961b30ea9f2a1c1af33255bb1aa0b,memo_components,0.128548217,0.014841096980335927,59a7da18e2aad3e35d0429e1
100,f4f512facb6a5b46acbf03543c91d6653cb961b30ea9f2a1c1af33255bb1aa0b,warm_components,0.015183961,1.2680639463076866,59a7da18e2aad3e35d0429e1
105,5776b29715e9a50cd9f500c1b53e676b5e8d4ed040d40ac02cad5f3eb90e7774,variable_elimination,0.033850807,0.09500872106058929,8b979ab57161f0d1e1968edc
105,5776b29715e9a50cd9f500c1b53e676b5e8d4ed040d40ac02cad5f3eb90e7774,memo_components,0.128435799,0.005104647344352073,8b979ab57161f0d1e1968edc
105,5776b29715e9a50cd9f500c1b53e676b5e8d4ed040d40ac02cad5f3eb90e7774,warm_components,0.015682901,1.1816011930554478,8b979ab57161f0d1e1968edc
100,f4f512facb6a5b46acbf03543c91d6653cb961b30ea9f2a1c1af33255bb1aa0b,variable_elimination,0.031289545,0.10371485142659591,f3c9b67ae7a2cbe3f69c87d3
100,f4f512facb6a5b46acbf03543c91d6653cb961b30ea9f2a1c1af33255bb1aa0b,memo_components,0.125478123,0.012040580329456,f3c9b67ae7a2cbe3f69c87d3
100,f4f512facb6a5b46acbf03543c91d6653cb961b30ea9f2a1c1af33255bb1aa0b,warm_components,0.015348008,1.1831341827012984,f3c9b67ae7a2cbe3f69c87d3
100,f4f512facb6a5b46acbf03543c91d6653cb961b30ea9f2a1c1af33255bb1aa0b,variable_elimination,0.031415502,0.08638428722288412,1fcba860dd8b96ee7f4738c3
100,f4f512facb6a5b46acbf03543c91d6653cb961b30ea9f2a1c1af33255bb1aa0b,memo_components,0.125555232,0.006212337999149201,1fcba860dd8b96ee7f4738c3
100,f4f512facb6a5b46acbf03543c91d6653cb961b30ea9f2a1c1af33255bb1aa0b,warm_components,0.01525719,1.2456076874933306,1fcba860dd8b96ee7f4738c3
105,5776b29715e9a50cd9f500c1b53e676b5e8d4ed040d40ac02cad5f3eb90e7774,variable_elimination,0.035033176,0.08029068574675702,3c9bfa19067c1c43abd74397
105,5776b29715e9a50cd9f500c1b53e676b5e8d4ed040d40ac02cad5f3eb90e7774,memo_components,0.132533054,0.006300069421593517,3c9bfa19067c1c43abd74397
105,5776b29715e9a50cd9f500c1b53e676b5e8d4ed040d40ac02cad5f3eb90e7774,warm_components,0.016241871,1.239791373799846,3c9bfa19067c1c43abd74397
105,2f0ee1908f70cfacdcaa935c9cf068812f88091fc3f555e3c77266b9746ed299,variable_elimination,0.03370741,0.002985070917919046,deb32bc10cde769d8e1030ea
105,2f0ee1908f70cfacdcaa935c9cf068812f88091fc3f555e3c77266b9746ed299,memo_components,0.128779522,0.009135680435480081,deb32bc10cde769d8e1030ea
100,6d43be99a4507f763b4aefb62ff79ccc08704b7e8f63d57927b61fdcb73c6079,variable_elimination,0.031404622,0.03812876306044952,c4261e763077e0b1ec9ea218
100,6d43be99a4507f763b4aefb62ff79ccc08704b7e8f63d57927b61fdcb73c6079,memo_components,0.127424207,0.003236423347093582,c4261e763077e0b1ec9ea218
105,5776b29715e9a50cd9f500c1b53e676b5e8d4ed040d40ac02cad5f3eb90e7774,variable_elimination,0.029063286,0.002375840902983417,063c80b207704d5b065fe47b
105,5776b29715e9a50cd9f500c1b53e676b5e8d4ed040d40ac02cad5f3eb90e7774,memo_components,0.058971386,0.0068044483296741,063c80b207704d5b065fe47b
105,5776b29715e9a50cd9f500c1b53e676b5e8d4ed040d40ac02cad5f3eb90e7774,warm_components,0.00219866,1.269497161653361,063c80b207704d5b065fe47b
105,5776b29715e9a50cd9f500c1b53e676b5e8d4ed040d40ac02cad5f3eb90e7774,variable_elimination,0.028939758,0.009150502263032507,2da63ceec2d99fd104194de2
105,5776b29715e9a50cd9f500c1b53e676b5e8d4ed040d40ac02cad5f3eb90e7774,memo_components,0.113616892,0.004967670676826677,2da63ceec2d99fd104194de2
105,5776b29715e9a50cd9f500c1b53e676b5e8d4ed040d40ac02cad5f3eb90e7774,warm_components,0.003054364,1.306811620294561,2da63ceec2d99fd104194de2
105,2f0ee1908f70cfacdcaa935c9cf068812f88091fc3f555e3c77266b9746ed299,variable_elimination,0.035096205,0.022409253204069727,b796904c07706fabc7f8a915
105,2f0ee1908f70cfacdcaa935c9cf068812f88091fc3f555e3c77266b9746ed299,memo_components,0.128458468,0.0032940406426294356,b796904c07706fabc7f8a915
100,6d43be99a4507f763b4aefb62ff79ccc08704b7e8f63d57927b61fdcb73c6079,variable_elimination,0.031354374,0.004604969752370416,6e8289bd33dcb3905658d9d3
100,6d43be99a4507f763b4aefb62ff79ccc08704b7e8f63d57927b61fdcb73c6079,memo_components,0.127352749,0.007711537374821402,6e8289bd33dcb3905658d9d3
100,f4f512facb6a5b46acbf03543c91d6653cb961b30ea9f2a1c1af33255bb1aa0b,variable_elimination,0.027862377,0.026663728980337167,a22bd4cbfc635aee1a6cc692
100,f4f512facb6a5b46acbf03543c91d6653cb961b30ea9f2a1c1af33255bb1aa0b,memo_components,0.056173067,0.005082623058414455,a22bd4cbfc635aee1a6cc692
100,f4f512facb6a5b46acbf03543c91d6653cb961b30ea9f2a1c1af33255bb1aa0b,warm_components,0.002399086,1.2643957310429292,a22bd4cbfc635aee1a6cc692
105,5776b29715e9a50cd9f500c1b53e676b5e8d4ed040d40ac02cad5f3eb90e7774,variable_elimination,0.028989137,0.0329679826596351,f43a5e84965d59178f485285
105,5776b29715e9a50cd9f500c1b53e676b5e8d4ed040d40ac02cad5f3eb90e7774,memo_components,0.058296528,0.015477975044232402,f43a5e84965d59178f485285
105,5776b29715e9a50cd9f500c1b53e676b5e8d4ed040d40ac02cad5f3eb90e7774,warm_components,0.00216568,1.2705552777463955,f43a5e84965d59178f485285
105,5776b29715e9a50cd9f500c1b53e676b5e8d4ed040d40ac02cad5f3eb90e7774,variable_elimination,0.030026278,0.03887381321817472,da1e15565aa4f01260c1c9d1
105,5776b29715e9a50cd9f500c1b53e676b5e8d4ed040d40ac02cad5f3eb90e7774,memo_components,0.117003649,0.0044993306185639815,da1e15565aa4f01260c1c9d1
105,5776b29715e9a50cd9f500c1b53e676b5e8d4ed040d40ac02cad5f3eb90e7774,warm_components,0.00491199,1.2475074258784042,da1e15565aa4f01260c1c9d1
100,f4f512facb6a5b46acbf03543c91d6653cb961b30ea9f2a1c1af33255bb1aa0b,variable_elimination,0.026809147,0.003134774605342349,b8bab67366720af252a9a2a6
100,f4f512facb6a5b46acbf03543c91d6653cb961b30ea9f2a1c1af33255bb1aa0b,memo_components,0.111065508,0.005707897415496897,b8bab67366720af252a9a2a6
100,f4f512facb6a5b46acbf03543c91d6653cb961b30ea9f2a1c1af33255bb1aa0b,warm_components,0.003224061,1.3030162414899862,b8bab67366720af252a9a2a6
100,f4f512facb6a5b46acbf03543c91d6653cb961b30ea9f2a1c1af33255bb1aa0b,variable_elimination,0.027814599,0.004280568850279646,99c012729ddeb09a6b5ae6ae
100,f4f512facb6a5b46acbf03543c91d6653cb961b30ea9f2a1c1af33255bb1aa0b,memo_components,0.113321017,0.0037859466047755847,99c012729ddeb09a6b5ae6ae
100,f4f512facb6a5b46acbf03543c91d6653cb961b30ea9f2a1c1af33255bb1aa0b,warm_components,0.004747393,1.2514959455846613,99c012729ddeb09a6b5ae6ae
105,5776b29715e9a50cd9f500c1b53e676b5e8d4ed040d40ac02cad5f3eb90e7774,variable_elimination,0.028797721,0.004813595362762136,5c5c9bbd7e8871700870a97f
105,5776b29715e9a50cd9f500c1b53e676b5e8d4ed040d40ac02cad5f3eb90e7774,memo_components,0.115496027,0.009975484016444104,5c5c9bbd7e8871700870a97f
105,5776b29715e9a50cd9f500c1b53e676b5e8d4ed040d40ac02cad5f3eb90e7774,warm_components,0.003172001,1.3047083411054974,5c5c9bbd7e8871700870a97f
105,5776b29715e9a50cd9f500c1b53e676b5e8d4ed040d40ac02cad5f3eb90e7774,variable_elimination,0.033593572,0.09661770517768171,89ba7ff2c4c62c7c77b14659
105,5776b29715e9a50cd9f500c1b53e676b5e8d4ed040d40ac02cad5f3eb90e7774,memo_components,0.128029506,0.010672266794771146,89ba7ff2c4c62c7c77b14659
105,5776b29715e9a50cd9f500c1b53e676b5e8d4ed040d40ac02cad5f3eb90e7774,warm_components,0.015697042,1.178500290160901,89ba7ff2c4c62c7c77b14659
100,f4f512facb6a5b46acbf03543c91d6653cb961b30ea9f2a1c1af33255bb1aa0b,variable_elimination,0.031404293,0.09926196101742782,c351196bf44c995698a142dd
100,f4f512facb6a5b46acbf03543c91d6653cb961b30ea9f2a1c1af33255bb1aa0b,memo_components,0.125441474,0.007445001812475619,c351196bf44c995698a142dd
100,f4f512facb6a5b46acbf03543c91d6653cb961b30ea9f2a1c1af33255bb1aa0b,warm_components,0.015187441,1.1811928548337147,c351196bf44c995698a142dd
100,f4f512facb6a5b46acbf03543c91d6653cb961b30ea9f2a1c1af33255bb1aa0b,variable_elimination,0.032363275,0.07742245209719857,9c22c2ddc139b568a2212c4e
100,f4f512facb6a5b46acbf03543c91d6653cb961b30ea9f2a1c1af33255bb1aa0b,memo_components,0.125848806,0.007338644292749667,9c22c2ddc139b568a2212c4e
100,f4f512facb6a5b46acbf03543c91d6653cb961b30ea9f2a1c1af33255bb1aa0b,warm_components,0.0152243,1.2542807660585296,9c22c2ddc139b568a2212c4e
105,5776b29715e9a50cd9f500c1b53e676b5e8d4ed040d40ac02cad5f3eb90e7774,variable_elimination,0.033979006,0.07414561909609525,8230adbeb2fb282b281df7a2
105,5776b29715e9a50cd9f500c1b53e676b5e8d4ed040d40ac02cad5f3eb90e7774,memo_components,0.130822745,0.017368620242926996,8230adbeb2fb282b281df7a2
105,5776b29715e9a50cd9f500c1b53e676b5e8d4ed040d40ac02cad5f3eb90e7774,warm_components,0.015668202,1.234458518261215,8230adbeb2fb282b281df7a2
100,f4f512facb6a5b46acbf03543c91d6653cb961b30ea9f2a1c1af33255bb1aa0b,variable_elimination,0.031395703,0.10168233771614463,ac352cf410d12a0749470b84
100,f4f512facb6a5b46acbf03543c91d6653cb961b30ea9f2a1c1af33255bb1aa0b,memo_components,0.126619022,0.009968753113656524,ac352cf410d12a0749470b84
100,f4f512facb6a5b46acbf03543c91d6653cb961b30ea9f2a1c1af33255bb1aa0b,warm_components,0.015111812,1.18445840822422,ac352cf410d12a0749470b84
105,5776b29715e9a50cd9f500c1b53e676b5e8d4ed040d40ac02cad5f3eb90e7774,variable_elimination,0.033818329,0.12747659657057472,e802d5c547bc33de68d12528
105,5776b29715e9a50cd9f500c1b53e676b5e8d4ed040d40ac02cad5f3eb90e7774,memo_components,0.127167752,0.007555046548771105,e802d5c547bc33de68d12528
105,5776b29715e9a50cd9f500c1b53e676b5e8d4ed040d40ac02cad5f3eb90e7774,warm_components,0.015698541,1.1726407544588355,e802d5c547bc33de68d12528
100,f4f512facb6a5b46acbf03543c91d6653cb961b30ea9f2a1c1af33255bb1aa0b,variable_elimination,0.031262855,0.08817708723042358,51afc34792cfe9d2e21fbbee
100,f4f512facb6a5b46acbf03543c91d6653cb961b30ea9f2a1c1af33255bb1aa0b,memo_components,0.125905935,0.008052611172677228,51afc34792cfe9d2e21fbbee
100,f4f512facb6a5b46acbf03543c91d6653cb961b30ea9f2a1c1af33255bb1aa0b,warm_components,0.014983045,1.2451905390202958,51afc34792cfe9d2e21fbbee
105,5776b29715e9a50cd9f500c1b53e676b5e8d4ed040d40ac02cad5f3eb90e7774,variable_elimination,0.034007555,0.08215157544394427,4283b532ca68326c4873808a
105,5776b29715e9a50cd9f500c1b53e676b5e8d4ed040d40ac02cad5f3eb90e7774,memo_components,0.12946961,0.01534656726081917,4283b532ca68326c4873808a
105,5776b29715e9a50cd9f500c1b53e676b5e8d4ed040d40ac02cad5f3eb90e7774,warm_components,0.015948037,1.2079187675082463,4283b532ca68326c4873808a
105,2f0ee1908f70cfacdcaa935c9cf068812f88091fc3f555e3c77266b9746ed299,variable_elimination,0.035304381,0.032024459222024126,1db6d01148960fff0c2ac78c
105,2f0ee1908f70cfacdcaa935c9cf068812f88091fc3f555e3c77266b9746ed299,memo_components,0.131000092,0.006801230798406018,1db6d01148960fff0c2ac78c
100,6d43be99a4507f763b4aefb62ff79ccc08704b7e8f63d57927b61fdcb73c6079,variable_elimination,0.031353453,0.009645069850858631,cbed74fbac52ae3390edb2db
100,6d43be99a4507f763b4aefb62ff79ccc08704b7e8f63d57927b61fdcb73c6079,memo_components,0.124159648,0.003815678393932891,cbed74fbac52ae3390edb2db
105,5776b29715e9a50cd9f500c1b53e676b5e8d4ed040d40ac02cad5f3eb90e7774,variable_elimination,0.028234491,0.005906293433303604,fb58698a0cf13cbd0eeeb602
105,5776b29715e9a50cd9f500c1b53e676b5e8d4ed040d40ac02cad5f3eb90e7774,memo_components,0.057907366,0.008499827520298757,fb58698a0cf13cbd0eeeb602
105,5776b29715e9a50cd9f500c1b53e676b5e8d4ed040d40ac02cad5f3eb90e7774,warm_components,0.002160501,1.2680496387519848,fb58698a0cf13cbd0eeeb602
105,5776b29715e9a50cd9f500c1b53e676b5e8d4ed040d40ac02cad5f3eb90e7774,variable_elimination,0.028465686,0.012824726150808393,571b46ddb3e638bc1cda71f0
105,5776b29715e9a50cd9f500c1b53e676b5e8d4ed040d40ac02cad5f3eb90e7774,memo_components,0.113772349,0.005461961591024938,571b46ddb3e638bc1cda71f0
105,5776b29715e9a50cd9f500c1b53e676b5e8d4ed040d40ac02cad5f3eb90e7774,warm_components,0.003100513,1.307241723554129,571b46ddb3e638bc1cda71f0
100,6d43be99a4507f763b4aefb62ff79ccc08704b7e8f63d57927b61fdcb73c6079,variable_elimination,0.031324834,0.0038860666475151063,6d3a76728a61b02c81b53369
100,6d43be99a4507f763b4aefb62ff79ccc08704b7e8f63d57927b61fdcb73c6079,memo_components,0.127783861,0.0016347176280597968,6d3a76728a61b02c81b53369
105,2f0ee1908f70cfacdcaa935c9cf068812f88091fc3f555e3c77266b9746ed299,variable_elimination,0.033482914,0.0023677264746704064,c26ea975a3fc7ff9ad59c5fe
105,2f0ee1908f70cfacdcaa935c9cf068812f88091fc3f555e3c77266b9746ed299,memo_components,0.128878511,0.013702378073850711,c26ea975a3fc7ff9ad59c5fe
100,f4f512facb6a5b46acbf03543c91d6653cb961b30ea9f2a1c1af33255bb1aa0b,variable_elimination,0.026952504,0.025170897299259826,a85427c3d250bd6066e18261
100,f4f512facb6a5b46acbf03543c91d6653cb961b30ea9f2a1c1af33255bb1aa0b,memo_components,0.056104408,0.011488365890345348,a85427c3d250bd6066e18261
100,f4f512facb6a5b46acbf03543c91d6653cb961b30ea9f2a1c1af33255bb1aa0b,warm_components,0.002085192,1.2739397201130171,a85427c3d250bd6066e18261
100,f4f512facb6a5b46acbf03543c91d6653cb961b30ea9f2a1c1af33255bb1aa0b,variable_elimination,0.026754188,0.0027523329774980206,8de8782cdf02833e55c9e8f5
100,f4f512facb6a5b46acbf03543c91d6653cb961b30ea9f2a1c1af33255bb1aa0b,memo_components,0.11202924,0.010574073909662194,8de8782cdf02833e55c9e8f5
100,f4f512facb6a5b46acbf03543c91d6653cb961b30ea9f2a1c1af33255bb1aa0b,warm_components,0.003241021,1.302230751351044,8de8782cdf02833e55c9e8f5
105,5776b29715e9a50cd9f500c1b53e676b5e8d4ed040d40ac02cad5f3eb90e7774,variable_elimination,0.028415947,0.013869740616449933,0ec78284c7a3d13cb416ce4b
105,5776b29715e9a50cd9f500c1b53e676b5e8d4ed040d40ac02cad5f3eb90e7774,memo_components,0.061282624,0.01388433911360327,0ec78284c7a3d13cb416ce4b
105,5776b29715e9a50cd9f500c1b53e676b5e8d4ed040d40ac02cad5f3eb90e7774,warm_components,0.002673371,1.2578006085254272,0ec78284c7a3d13cb416ce4b
105,5776b29715e9a50cd9f500c1b53e676b5e8d4ed040d40ac02cad5f3eb90e7774,variable_elimination,0.030805764,0.06783281638605484,b28121de6693392c105408bd
105,5776b29715e9a50cd9f500c1b53e676b5e8d4ed040d40ac02cad5f3eb90e7774,memo_components,0.11803578,0.014620544228601075,b28121de6693392c105408bd
105,5776b29715e9a50cd9f500c1b53e676b5e8d4ed040d40ac02cad5f3eb90e7774,warm_components,0.00491214,1.253083898894692,b28121de6693392c105408bd
100,f4f512facb6a5b46acbf03543c91d6653cb961b30ea9f2a1c1af33255bb1aa0b,variable_elimination,0.027333287,0.005557100939914043,586344eb111afa027ec84f04
100,f4f512facb6a5b46acbf03543c91d6653cb961b30ea9f2a1c1af33255bb1aa0b,memo_components,0.113529913,0.008801856155844752,586344eb111afa027ec84f04
100,f4f512facb6a5b46acbf03543c91d6653cb961b30ea9f2a1c1af33255bb1aa0b,warm_components,0.004771732,1.2521197402391415,586344eb111afa027ec84f04
105,5776b29715e9a50cd9f500c1b53e676b5e8d4ed040d40ac02cad5f3eb90e7774,variable_elimination,0.028783971,0.005492951361884641,508c1d22ba681e080e938f23
105,5776b29715e9a50cd9f500c1b53e676b5e8d4ed040d40ac02cad5f3eb90e7774,memo_components,0.114106352,0.0022970009636688066,508c1d22ba681e080e938f23
105,5776b29715e9a50cd9f500c1b53e676b5e8d4ed040d40ac02cad5f3eb90e7774,warm_components,0.003096743,1.3049184047800575,508c1d22ba681e080e938f23
100,f4f512facb6a5b46acbf03543c91d6653cb961b30ea9f2a1c1af33255bb1aa0b,variable_elimination,0.0326304,0.09400664855475435,3ebf5b9cdf339aeca15a156a
100,f4f512facb6a5b46acbf03543c91d6653cb961b30ea9f2a1c1af33255bb1aa0b,memo_components,0.126137851,0.010209616029383927,3ebf5b9cdf339aeca15a156a
100,f4f512facb6a5b46acbf03543c91d6653cb961b30ea9f2a1c1af33255bb1aa0b,warm_components,0.01524478,1.1771515429944344,3ebf5b9cdf339aeca15a156a
105,5776b29715e9a50cd9f500c1b53e676b5e8d4ed040d40ac02cad5f3eb90e7774,variable_elimination,0.033901116,0.09184550313135084,babf0f17197ee62e53cda7e0
105,5776b29715e9a50cd9f500c1b53e676b5e8d4ed040d40ac02cad5f3eb90e7774,memo_components,0.129748375,0.008030705174484197,babf0f17197ee62e53cda7e0
105,5776b29715e9a50cd9f500c1b53e676b5e8d4ed040d40ac02cad5f3eb90e7774,warm_components,0.015628603,1.182815099086591,babf0f17197ee62e53cda7e0
100,f4f512facb6a5b46acbf03543c91d6653cb961b30ea9f2a1c1af33255bb1aa0b,variable_elimination,0.03154711,0.07978575215893255,0ec5d093f6fe92ea60b7b890
100,f4f512facb6a5b46acbf03543c91d6653cb961b30ea9f2a1c1af33255bb1aa0b,memo_components,0.12891248,0.012345008122756712,0ec5d093f6fe92ea60b7b890
100,f4f512facb6a5b46acbf03543c91d6653cb961b30ea9f2a1c1af33255bb1aa0b,warm_components,0.015099412,1.2685524043133127,0ec5d093f6fe92ea60b7b890
105,5776b29715e9a50cd9f500c1b53e676b5e8d4ed040d40ac02cad5f3eb90e7774,variable_elimination,0.033813059,0.07460479554113462,b267aced9e6c2b6b02a841b9
105,5776b29715e9a50cd9f500c1b53e676b5e8d4ed040d40ac02cad5f3eb90e7774,memo_components,0.130362793,0.008840106651548389,b267aced9e6c2b6b02a841b9
105,5776b29715e9a50cd9f500c1b53e676b5e8d4ed040d40ac02cad5f3eb90e7774,warm_components,0.015728101,1.2382484536761609,b267aced9e6c2b6b02a841b9
100,f4f512facb6a5b46acbf03543c91d6653cb961b30ea9f2a1c1af33255bb1aa0b,variable_elimination,0.03153932,0.08876454446340845,dbb77a144813286e7650ad0f
100,f4f512facb6a5b46acbf03543c91d6653cb961b30ea9f2a1c1af33255bb1aa0b,memo_components,0.126038213,0.008401527636904106,dbb77a144813286e7650ad0f
100,f4f512facb6a5b46acbf03543c91d6653cb961b30ea9f2a1c1af33255bb1aa0b,warm_components,0.015015754,1.2465318500816498,dbb77a144813286e7650ad0f
105,5776b29715e9a50cd9f500c1b53e676b5e8d4ed040d40ac02cad5f3eb90e7774,variable_elimination,0.034025784,0.09479752908040157,3012c4f883787a88edd7474a
105,5776b29715e9a50cd9f500c1b53e676b5e8d4ed040d40ac02cad5f3eb90e7774,memo_components,0.129080497,0.009382064555442484,3012c4f883787a88edd7474a
105,5776b29715e9a50cd9f500c1b53e676b5e8d4ed040d40ac02cad5f3eb90e7774,warm_components,0.015661582,1.1764561027357097,3012c4f883787a88edd7474a
100,f4f512facb6a5b46acbf03543c91d6653cb961b30ea9f2a1c1af33255bb1aa0b,variable_elimination,0.031585819,0.12951258063663204,c9961a4d4f2a64c521983361
100,f4f512facb6a5b46acbf03543c91d6653cb961b30ea9f2a1c1af33255bb1aa0b,memo_components,0.131790077,0.007560393432235696,c9961a4d4f2a64c521983361
100,f4f512facb6a5b46acbf03543c91d6653cb961b30ea9f2a1c1af33255bb1aa0b,warm_components,0.015250749,1.1988273147200783,c9961a4d4f2a64c521983361
105,5776b29715e9a50cd9f500c1b53e676b5e8d4ed040d40ac02cad5f3eb90e7774,variable_elimination,0.033585942,0.08878697524748771,5ac4c5242c0cf31b6810a3a3
105,5776b29715e9a50cd9f500c1b53e676b5e8d4ed040d40ac02cad5f3eb90e7774,memo_components,0.129117736,0.010126141540947107,5ac4c5242c0cf31b6810a3a3
105,5776b29715e9a50cd9f500c1b53e676b5e8d4ed040d40ac02cad5f3eb90e7774,warm_components,0.01576521,1.2772269115458292,5ac4c5242c0cf31b6810a3a3
100,6d43be99a4507f763b4aefb62ff79ccc08704b7e8f63d57927b61fdcb73c6079,variable_elimination,0.031075409,0.006945074407538368,61ec9d586faa008fbee32442
100,6d43be99a4507f763b4aefb62ff79ccc08704b7e8f63d57927b61fdcb73c6079,memo_components,0.124444392,0.004738532597184225,61ec9d586faa008fbee32442
105,2f0ee1908f70cfacdcaa935c9cf068812f88091fc3f555e3c77266b9746ed299,variable_elimination,0.033391926,0.002686905303377234,dc41cb1043f212a9cf245e2a
105,2f0ee1908f70cfacdcaa935c9cf068812f88091fc3f555e3c77266b9746ed299,memo_components,0.127489846,0.004442698910778574,dc41cb1043f212a9cf245e2a
100,f4f512facb6a5b46acbf03543c91d6653cb961b30ea9f2a1c1af33255bb1aa0b,variable_elimination,0.02665909,0.005585524555636808,fdf12867d0d79c5aa233c9c3
100,f4f512facb6a5b46acbf03543c91d6653cb961b30ea9f2a1c1af33255bb1aa0b,memo_components,0.05711767,0.004934368787163866,fdf12867d0d79c5aa233c9c3
100,f4f512facb6a5b46acbf03543c91d6653cb961b30ea9f2a1c1af33255bb1aa0b,warm_components,0.002111671,1.2712838378538274,fdf12867d0d79c5aa233c9c3
100,f4f512facb6a5b46acbf03543c91d6653cb961b30ea9f2a1c1af33255bb1aa0b,variable_elimination,0.02665789,0.003413185648576966,be1796ba79b3403727ae121f
100,f4f512facb6a5b46acbf03543c91d6653cb961b30ea9f2a1c1af33255bb1aa0b,memo_components,0.110715415,0.012092582856567093,be1796ba79b3403727ae121f
100,f4f512facb6a5b46acbf03543c91d6653cb961b30ea9f2a1c1af33255bb1aa0b,warm_components,0.003224441,1.3021834212560353,be1796ba79b3403727ae121f
100,f4f512facb6a5b46acbf03543c91d6653cb961b30ea9f2a1c1af33255bb1aa0b,variable_elimination,0.027496874,0.006388658652038516,7c7a36143db4816c91243124
100,f4f512facb6a5b46acbf03543c91d6653cb961b30ea9f2a1c1af33255bb1aa0b,memo_components,0.112795986,0.0040451884600581425,7c7a36143db4816c91243124
100,f4f512facb6a5b46acbf03543c91d6653cb961b30ea9f2a1c1af33255bb1aa0b,warm_components,0.004752643,1.2513099019436196,7c7a36143db4816c91243124
105,2f0ee1908f70cfacdcaa935c9cf068812f88091fc3f555e3c77266b9746ed299,variable_elimination,0.035037436,0.029796949958530626,0abb047f3e6364aa20951491
105,2f0ee1908f70cfacdcaa935c9cf068812f88091fc3f555e3c77266b9746ed299,memo_components,0.127789881,0.007621250392450537,0abb047f3e6364aa20951491
100,6d43be99a4507f763b4aefb62ff79ccc08704b7e8f63d57927b61fdcb73c6079,variable_elimination,0.031155287,0.0055916532262135455,569159a9962c3446131d6d55
100,6d43be99a4507f763b4aefb62ff79ccc08704b7e8f63d57927b61fdcb73c6079,memo_components,0.125792617,0.0035579162049097705,569159a9962c3446131d6d55
105,5776b29715e9a50cd9f500c1b53e676b5e8d4ed040d40ac02cad5f3eb90e7774,variable_elimination,0.028521715,0.006509753359046853,51b52848ed0b93bf338d334b
105,5776b29715e9a50cd9f500c1b53e676b5e8d4ed040d40ac02cad5f3eb90e7774,memo_components,0.059515826,0.007435645046504713,51b52848ed0b93bf338d334b
105,5776b29715e9a50cd9f500c1b53e676b5e8d4ed040d40ac02cad5f3eb90e7774,warm_components,0.002644011,1.2565373594583533,51b52848ed0b93bf338d334b
105,5776b29715e9a50cd9f500c1b53e676b5e8d4ed040d40ac02cad5f3eb90e7774,variable_elimination,0.028713612,0.00842552669997514,307ebffcb8367dbb095885ef
105,5776b29715e9a50cd9f500c1b53e676b5e8d4ed040d40ac02cad5f3eb90e7774,memo_components,0.114803189,0.010099816130454235,307ebffcb8367dbb095885ef
105,5776b29715e9a50cd9f500c1b53e676b5e8d4ed040d40ac02cad5f3eb90e7774,warm_components,0.003107583,1.3053205977321876,307ebffcb8367dbb095885ef
105,5776b29715e9a50cd9f500c1b53e676b5e8d4ed040d40ac02cad5f3eb90e7774,variable_elimination,0.029637226,0.005464112404864238,3710a39f4b45258a719c3bbe
105,5776b29715e9a50cd9f500c1b53e676b5e8d4ed040d40ac02cad5f3eb90e7774,memo_components,0.11693112,0.00443210329740529,3710a39f4b45258a719c3bbe
105,5776b29715e9a50cd9f500c1b53e676b5e8d4ed040d40ac02cad5f3eb90e7774,warm_components,0.005046927,1.2489937585758226,3710a39f4b45258a719c3bbe
100,f4f512facb6a5b46acbf03543c91d6653cb961b30ea9f2a1c1af33255bb1aa0b,variable_elimination,0.02665883,0.00895764812351687,1f0ab58203b642f4378181d3
100,f4f512facb6a5b46acbf03543c91d6653cb961b30ea9f2a1c1af33255bb1aa0b,memo_components,0.056798566,0.007281641764857323,1f0ab58203b642f4378181d3
100,f4f512facb6a5b46acbf03543c91d6653cb961b30ea9f2a1c1af33255bb1aa0b,warm_components,0.002102561,1.2704424593163628,1f0ab58203b642f4378181d3
100,f4f512facb6a5b46acbf03543c91d6653cb961b30ea9f2a1c1af33255bb1aa0b,variable_elimination,0.02667466,0.0030118590728993077,d2a87d28e78faa2643fb2535
100,f4f512facb6a5b46acbf03543c91d6653cb961b30ea9f2a1c1af33255bb1aa0b,memo_components,0.110637836,0.0065659131936273585,d2a87d28e78faa2643fb2535
100,f4f512facb6a5b46acbf03543c91d6653cb961b30ea9f2a1c1af33255bb1aa0b,warm_components,0.003240521,1.3017621390487515,d2a87d28e78faa2643fb2535
100,f4f512facb6a5b46acbf03543c91d6653cb961b30ea9f2a1c1af33255bb1aa0b,variable_elimination,0.02720149,0.004851895396463422,718a60ae0752b998f2c9fb0d
100,f4f512facb6a5b46acbf03543c91d6653cb961b30ea9f2a1c1af33255bb1aa0b,memo_components,0.113249508,0.005394759631920712,718a60ae0752b998f2c9fb0d
100,f4f512facb6a5b46acbf03543c91d6653cb961b30ea9f2a1c1af33255bb1aa0b,warm_components,0.004740303,1.2539512435709192,718a60ae0752b998f2c9fb0d
105,5776b29715e9a50cd9f500c1b53e676b5e8d4ed040d40ac02cad5f3eb90e7774,variable_elimination,0.033980775,0.08279326919778078,2aab3eded2c841ad3f7a3d61
105,5776b29715e9a50cd9f500c1b53e676b5e8d4ed040d40ac02cad5f3eb90e7774,memo_components,0.131440933,0.013793755808774143,2aab3eded2c841ad3f7a3d61
105,5776b29715e9a50cd9f500c1b53e676b5e8d4ed040d40ac02cad5f3eb90e7774,warm_components,0.015870259,1.2478351940601788,2aab3eded2c841ad3f7a3d61
100,f4f512facb6a5b46acbf03543c91d6653cb961b30ea9f2a1c1af33255bb1aa0b,variable_elimination,0.031356264,0.1011477096902317,5fb6385cfbda1dad83ee0e35
100,f4f512facb6a5b46acbf03543c91d6653cb961b30ea9f2a1c1af33255bb1aa0b,memo_components,0.125092841,0.007436127304804862,5fb6385cfbda1dad83ee0e35
100,f4f512facb6a5b46acbf03543c91d6653cb961b30ea9f2a1c1af33255bb1aa0b,warm_components,0.015077052,1.180440147294007,5fb6385cfbda1dad83ee0e35
105,5776b29715e9a50cd9f500c1b53e676b5e8d4ed040d40ac02cad5f3eb90e7774,variable_elimination,0.033781299,0.09805186004494122,52770617234b5d77e6c739ad
105,5776b29715e9a50cd9f500c1b53e676b5e8d4ed040d40ac02cad5f3eb90e7774,memo_components,0.128827932,0.010308208236890586,52770617234b5d77e6c739ad
105,5776b29715e9a50cd9f500c1b53e676b5e8d4ed040d40ac02cad5f3eb90e7774,warm_components,0.015595693,1.1792364078771422,52770617234b5d77e6c739ad
100,f4f512facb6a5b46acbf03543c91d6653cb961b30ea9f2a1c1af33255bb1aa0b,variable_elimination,0.031353624,0.07920093950404271,0f6a31d10cb1b323c388fc2e
100,f4f512facb6a5b46acbf03543c91d6653cb961b30ea9f2a1c1af33255bb1aa0b,memo_components,0.127429467,0.017124864941085144,0f6a31d10cb1b323c388fc2e
100,f4f512facb6a5b46acbf03543c91d6653cb961b30ea9f2a1c1af33255bb1aa0b,warm_components,0.015333548,1.2581995274154094,0f6a31d10cb1b323c388fc2e
105,5776b29715e9a50cd9f500c1b53e676b5e8d4ed040d40ac02cad5f3eb90e7774,variable_elimination,0.033762429,0.0819906387535373,2973f44190d518067e081628
105,5776b29715e9a50cd9f500c1b53e676b5e8d4ed040d40ac02cad5f3eb90e7774,memo_components,0.127376899,0.011315616966108588,2973f44190d518067e081628
105,5776b29715e9a50cd9f500c1b53e676b5e8d4ed040d40ac02cad5f3eb90e7774,warm_components,0.015617663,1.237920333287443,2973f44190d518067e081628
100,f4f512facb6a5b46acbf03543c91d6653cb961b30ea9f2a1c1af33255bb1aa0b,variable_elimination,0.031500481,0.08983516063502858,7b8b734348c9698caf9d97da
100,f4f512facb6a5b46acbf03543c91d6653cb961b30ea9f2a1c1af33255bb1aa0b,memo_components,0.127255641,0.011396076987054717,7b8b734348c9698caf9d97da
100,f4f512facb6a5b46acbf03543c91d6653cb961b30ea9f2a1c1af33255bb1aa0b,warm_components,0.015377868,1.2470722223034274,7b8b734348c9698caf9d97da
105,2f0ee1908f70cfacdcaa935c9cf068812f88091fc3f555e3c77266b9746ed299,variable_elimination,0.033325697,0.0032361360661047134,cab32bb4f658cfc9f23c70e4
105,2f0ee1908f70cfacdcaa935c9cf068812f88091fc3f555e3c77266b9746ed299,memo_components,0.125660289,0.007660457887715612,cab32bb4f658cfc9f23c70e4
100,6d43be99a4507f763b4aefb62ff79ccc08704b7e8f63d57927b61fdcb73c6079,variable_elimination,0.031051789,0.004016942288535352,a4a4e43cec2740bcf88f36ba
100,6d43be99a4507f763b4aefb62ff79ccc08704b7e8f63d57927b61fdcb73c6079,memo_components,0.125165859,0.010267580566709008,a4a4e43cec2740bcf88f36ba
105,5776b29715e9a50cd9f500c1b53e676b5e8d4ed040d40ac02cad5f3eb90e7774,variable_elimination,0.028391628,0.0016580497661800814,4508160020c49b7803eceab5
105,5776b29715e9a50cd9f500c1b53e676b5e8d4ed040d40ac02cad5f3eb90e7774,memo_components,0.058256129,0.018577476996252375,4508160020c49b7803eceab5
105,5776b29715e9a50cd9f500c1b53e676b5e8d4ed040d40ac02cad5f3eb90e7774,warm_components,0.00218125,1.2675224605016193,4508160020c49b7803eceab5
100,f4f512facb6a5b46acbf03543c91d6653cb961b30ea9f2a1c1af33255bb1aa0b,variable_elimination,0.026768017,0.009098946975349484,b7dac1c480cd5277524c1c40
100,f4f512facb6a5b46acbf03543c91d6653cb961b30ea9f2a1c1af33255bb1aa0b,memo_components,0.056260575,0.005288345010702048,b7dac1c480cd5277524c1c40
100,f4f512facb6a5b46acbf03543c91d6653cb961b30ea9f2a1c1af33255bb1aa0b,warm_components,0.002108371,1.2687182291111403,b7dac1c480cd5277524c1c40
105,5776b29715e9a50cd9f500c1b53e676b5e8d4ed040d40ac02cad5f3eb90e7774,variable_elimination,0.028930348,0.0063552153501529795,80098c762b5e2133779dec7b
105,5776b29715e9a50cd9f500c1b53e676b5e8d4ed040d40ac02cad5f3eb90e7774,memo_components,0.113337686,0.003678817949835639,80098c762b5e2133779dec7b
105,5776b29715e9a50cd9f500c1b53e676b5e8d4ed040d40ac02cad5f3eb90e7774,warm_components,0.003094453,1.3037436318805795,80098c762b5e2133779dec7b
105,5776b29715e9a50cd9f500c1b53e676b5e8d4ed040d40ac02cad5f3eb90e7774,variable_elimination,0.029742353,0.0045712494927080205,b986954345d0249901918b76
105,5776b29715e9a50cd9f500c1b53e676b5e8d4ed040d40ac02cad5f3eb90e7774,memo_components,0.114101192,0.010844235950306117,b986954345d0249901918b76
105,5776b29715e9a50cd9f500c1b53e676b5e8d4ed040d40ac02cad5f3eb90e7774,warm_components,0.00490879,1.246241455783932,b986954345d0249901918b76
100,f4f512facb6a5b46acbf03543c91d6653cb961b30ea9f2a1c1af33255bb1aa0b,variable_elimination,0.026792777,0.004459126441819468,073e0ce5ec641cff0ae993ae
100,f4f512facb6a5b46acbf03543c91d6653cb961b30ea9f2a1c1af33255bb1aa0b,memo_components,0.111373683,0.01566487667243635,073e0ce5ec641cff0ae993ae
100,f4f512facb6a5b46acbf03543c91d6653cb961b30ea9f2a1c1af33255bb1aa0b,warm_components,0.003529475,1.292005880628453,073e0ce5ec641cff0ae993ae
100,f4f512facb6a5b46acbf03543c91d6653cb961b30ea9f2a1c1af33255bb1aa0b,variable_elimination,0.027342657,0.004157574867166607,894bb63ce4d24ab68eb0a623
100,f4f512facb6a5b46acbf03543c91d6653cb961b30ea9f2a1c1af33255bb1aa0b,memo_components,0.112383744,0.018594016156277562,894bb63ce4d24ab68eb0a623
100,f4f512facb6a5b46acbf03543c91d6653cb961b30ea9f2a1c1af33255bb1aa0b,warm_components,0.00488617,1.2499216050666662,894bb63ce4d24ab68eb0a623
100,f4f512facb6a5b46acbf03543c91d6653cb961b30ea9f2a1c1af33255bb1aa0b,variable_elimination,0.031625279,0.18809659208471757,7bb4ca54e2f9f20d9e572d6a
100,f4f512facb6a5b46acbf03543c91d6653cb961b30ea9f2a1c1af33255bb1aa0b,memo_components,0.125889246,0.007206138419608745,7bb4ca54e2f9f20d9e572d6a
100,f4f512facb6a5b46acbf03543c91d6653cb961b30ea9f2a1c1af33255bb1aa0b,warm_components,0.015104892,1.181791372010843,7bb4ca54e2f9f20d9e572d6a
105,5776b29715e9a50cd9f500c1b53e676b5e8d4ed040d40ac02cad5f3eb90e7774,variable_elimination,0.034005415,0.09189866645619343,a481f59f1182cee169a5da76
105,5776b29715e9a50cd9f500c1b53e676b5e8d4ed040d40ac02cad5f3eb90e7774,memo_components,0.128485408,0.004784308175690902,a481f59f1182cee169a5da76
105,5776b29715e9a50cd9f500c1b53e676b5e8d4ed040d40ac02cad5f3eb90e7774,warm_components,0.015567413,1.1795959408562178,a481f59f1182cee169a5da76
105,5776b29715e9a50cd9f500c1b53e676b5e8d4ed040d40ac02cad5f3eb90e7774,variable_elimination,0.033622602,0.09707036072482535,c976b3bf7ecb1713c4122a37
105,5776b29715e9a50cd9f500c1b53e676b5e8d4ed040d40ac02cad5f3eb90e7774,memo_components,0.128976989,0.029858923086916428,c976b3bf7ecb1713c4122a37
105,5776b29715e9a50cd9f500c1b53e676b5e8d4ed040d40ac02cad5f3eb90e7774,warm_components,0.015682911,1.1766515832555675,c976b3bf7ecb1713c4122a37
100,f4f512facb6a5b46acbf03543c91d6653cb961b30ea9f2a1c1af33255bb1aa0b,variable_elimination,0.031360284,0.10251200824945221,907a4d89e5e020f7ef032d91
100,f4f512facb6a5b46acbf03543c91d6653cb961b30ea9f2a1c1af33255bb1aa0b,memo_components,0.125345096,0.008319336723593376,907a4d89e5e020f7ef032d91
100,f4f512facb6a5b46acbf03543c91d6653cb961b30ea9f2a1c1af33255bb1aa0b,warm_components,0.015149821,1.1868400466773767,907a4d89e5e020f7ef032d91
100,f4f512facb6a5b46acbf03543c91d6653cb961b30ea9f2a1c1af33255bb1aa0b,variable_elimination,0.031390892,0.07939244941027022,b3918fe2d30555d018516f5d
100,f4f512facb6a5b46acbf03543c91d6653cb961b30ea9f2a1c1af33255bb1aa0b,memo_components,0.125774817,0.009828471726443286,b3918fe2d30555d018516f5d
100,f4f512facb6a5b46acbf03543c91d6653cb961b30ea9f2a1c1af33255bb1aa0b,warm_components,0.015021584,1.2574657531632751,b3918fe2d30555d018516f5d
105,5776b29715e9a50cd9f500c1b53e676b5e8d4ed040d40ac02cad5f3eb90e7774,variable_elimination,0.03373629,0.07332402922680577,503fd44fec6830a05ecb20b9
105,5776b29715e9a50cd9f500c1b53e676b5e8d4ed040d40ac02cad5f3eb90e7774,memo_components,0.128666095,0.013667549948385083,503fd44fec6830a05ecb20b9
105,5776b29715e9a50cd9f500c1b53e676b5e8d4ed040d40ac02cad5f3eb90e7774,warm_components,0.015696152,1.2527104239944264,503fd44fec6830a05ecb20b9
100,6d43be99a4507f763b4aefb62ff79ccc08704b7e8f63d57927b61fdcb73c6079,variable_elimination,0.031297194,0.0061665302960038785,473d944f292a95dd8cf70cc9
100,6d43be99a4507f763b4aefb62ff79ccc08704b7e8f63d57927b61fdcb73c6079,memo_components,0.126385766,0.013422622657783172,473d944f292a95dd8cf70cc9
105,2f0ee1908f70cfacdcaa935c9cf068812f88091fc3f555e3c77266b9746ed299,variable_elimination,0.033396736,0.0007405496016021832,5aee4aecaf8db650d372f9a7
105,2f0ee1908f70cfacdcaa935c9cf068812f88091fc3f555e3c77266b9746ed299,memo_components,0.126818919,0.013891123907685876,5aee4aecaf8db650d372f9a7
105,2f0ee1908f70cfacdcaa935c9cf068812f88091fc3f555e3c77266b9746ed299,variable_elimination,0.033475605,0.0006348636749392314,df418bf153e670d10a7c28ec
105,2f0ee1908f70cfacdcaa935c9cf068812f88091fc3f555e3c77266b9746ed299,memo_components,0.126987236,0.009435317991435415,df418bf153e670d10a7c28ec
100,6d43be99a4507f763b4aefb62ff79ccc08704b7e8f63d57927b61fdcb73c6079,variable_elimination,0.031302224,0.007449833806179627,1be71e7a898554db487d198d
100,6d43be99a4507f763b4aefb62ff79ccc08704b7e8f63d57927b61fdcb73c6079,memo_components,0.126583663,0.0034522212521691394,1be71e7a898554db487d198d
100,f4f512facb6a5b46acbf03543c91d6653cb961b30ea9f2a1c1af33255bb1aa0b,variable_elimination,0.027306908,0.01057193766571174,c3f680f01a6a5227b2a5c7f8
100,f4f512facb6a5b46acbf03543c91d6653cb961b30ea9f2a1c1af33255bb1aa0b,memo_components,0.056957673,0.005613131716110614,c3f680f01a6a5227b2a5c7f8
100,f4f512facb6a5b46acbf03543c91d6653cb961b30ea9f2a1c1af33255bb1aa0b,warm_components,0.002113651,1.2712964381666436,c3f680f01a6a5227b2a5c7f8
100,f4f512facb6a5b46acbf03543c91d6653cb961b30ea9f2a1c1af33255bb1aa0b,variable_elimination,0.026732428,0.007443302599494084,ba0ca2372205f96931ce2ba1
100,f4f512facb6a5b46acbf03543c91d6653cb961b30ea9f2a1c1af33255bb1aa0b,memo_components,0.110513569,0.010156020613986794,ba0ca2372205f96931ce2ba1
100,f4f512facb6a5b46acbf03543c91d6653cb961b30ea9f2a1c1af33255bb1aa0b,warm_components,0.003242841,1.3016373259408094,ba0ca2372205f96931ce2ba1
105,5776b29715e9a50cd9f500c1b53e676b5e8d4ed040d40ac02cad5f3eb90e7774,variable_elimination,0.028143283,0.0015508925982882984,664c27325e482abd3bf1eed5
105,5776b29715e9a50cd9f500c1b53e676b5e8d4ed040d40ac02cad5f3eb90e7774,memo_components,0.058474345,0.0039849493164855355,664c27325e482abd3bf1eed5
105,5776b29715e9a50cd9f500c1b53e676b5e8d4ed040d40ac02cad5f3eb90e7774,warm_components,0.00219774,1.2676433470597688,664c27325e482abd3bf1eed5
100,f4f512facb6a5b46acbf03543c91d6653cb961b30ea9f2a1c1af33255bb1aa0b,variable_elimination,0.027183061,0.003196384448185152,854fbb078a1b04ad4ceb7a9c
100,f4f512facb6a5b46acbf03543c91d6653cb961b30ea9f2a1c1af33255bb1aa0b,memo_components,0.113225218,0.009759138754810315,854fbb078a1b04ad4ceb7a9c
100,f4f512facb6a5b46acbf03543c91d6653cb961b30ea9f2a1c1af33255bb1aa0b,warm_components,0.004790242,1.2504523746485836,854fbb078a1b04ad4ceb7a9c
105,5776b29715e9a50cd9f500c1b53e676b5e8d4ed040d40ac02cad5f3eb90e7774,variable_elimination,0.028598824,0.024564541878409167,484b357865b2294bda1f8edd
105,5776b29715e9a50cd9f500c1b53e676b5e8d4ed040d40ac02cad5f3eb90e7774,memo_components,0.112731508,0.002759387489169573,484b357865b2294bda1f8edd
105,5776b29715e9a50cd9f500c1b53e676b5e8d4ed040d40ac02cad5f3eb90e7774,warm_components,0.003096823,1.304545760390846,484b357865b2294bda1f8edd
105,5776b29715e9a50cd9f500c1b53e676b5e8d4ed040d40ac02cad5f3eb90e7774,variable_elimination,0.029666024,0.006982728250188996,c0e2997ec9dcefd0c6f2c862
105,5776b29715e9a50cd9f500c1b53e676b5e8d4ed040d40ac02cad5f3eb90e7774,memo_components,0.116017908,0.0033848618997656507,c0e2997ec9dcefd0c6f2c862
105,5776b29715e9a50cd9f500c1b53e676b5e8d4ed040d40ac02cad5f3eb90e7774,warm_components,0.004961889,1.2479654773363462,c0e2997ec9dcefd0c6f2c862
100,f4f512facb6a5b46acbf03543c91d6653cb961b30ea9f2a1c1af33255bb1aa0b,variable_elimination,0.031284704,0.10275820941088229,a829de4373bf2295e0bb2498
100,f4f512facb6a5b46acbf03543c91d6653cb961b30ea9f2a1c1af33255bb1aa0b,memo_components,0.125783538,0.006830490817900078,a829de4373bf2295e0bb2498
100,f4f512facb6a5b46acbf03543c91d6653cb961b30ea9f2a1c1af33255bb1aa0b,warm_components,0.015159421,1.1803080393384018,a829de4373bf2295e0bb2498
105,5776b29715e9a50cd9f500c1b53e676b5e8d4ed040d40ac02cad5f3eb90e7774,variable_elimination,0.03484144,0.08822074946141725,5a2b77b53e084ac1d15a3b01
105,5776b29715e9a50cd9f500c1b53e676b5e8d4ed040d40ac02cad5f3eb90e7774,memo_components,0.12890997,0.005037933467590955,5a2b77b53e084ac1d15a3b01
105,5776b29715e9a50cd9f500c1b53e676b5e8d4ed040d40ac02cad5f3eb90e7774,warm_components,0.015924077,1.172440262459353,5a2b77b53e084ac1d15a3b01
100,f4f512facb6a5b46acbf03543c91d6653cb961b30ea9f2a1c1af33255bb1aa0b,variable_elimination,0.031284405,0.08847800492258583,289f70209a183eb558e3b7b3
100,f4f512facb6a5b46acbf03543c91d6653cb961b30ea9f2a1c1af33255bb1aa0b,memo_components,0.125171699,0.007805407064561483,289f70209a183eb558e3b7b3
100,f4f512facb6a5b46acbf03543c91d6653cb961b30ea9f2a1c1af33255bb1aa0b,warm_components,0.015301839,1.2380138891782433,289f70209a183eb558e3b7b3
53,2cf40efd4eedaf4e1289908d85f9e91f0029bb96db6f0728084b18509d700fac,variable_elimination,0.014967655,0.01845110799887916,6de96c6e5fd037695e4b00f3
53,2cf40efd4eedaf4e1289908d85f9e91f0029bb96db6f0728084b18509d700fac,conditional_components,5.814077773,0.00829229647177615,6de96c6e5fd037695e4b00f3
105,5776b29715e9a50cd9f500c1b53e676b5e8d4ed040d40ac02cad5f3eb90e7774,variable_elimination,0.033780269,0.0985667367299009,863628968ff27ac259d9c4a0
105,5776b29715e9a50cd9f500c1b53e676b5e8d4ed040d40ac02cad5f3eb90e7774,memo_components,0.130255245,0.006422514886248162,863628968ff27ac259d9c4a0
105,5776b29715e9a50cd9f500c1b53e676b5e8d4ed040d40ac02cad5f3eb90e7774,warm_components,0.01577224,1.1791367436029996,863628968ff27ac259d9c4a0
100,f4f512facb6a5b46acbf03543c91d6653cb961b30ea9f2a1c1af33255bb1aa0b,variable_elimination,0.031315655,0.10000919592147256,5211c1644bfc6b2bf7d3a045
100,f4f512facb6a5b46acbf03543c91d6653cb961b30ea9f2a1c1af33255bb1aa0b,memo_components,0.128969169,0.011604928097411888,5211c1644bfc6b2bf7d3a045
100,f4f512facb6a5b46acbf03543c91d6653cb961b30ea9f2a1c1af33255bb1aa0b,warm_components,0.015007494,1.1981668539726276,5211c1644bfc6b2bf7d3a045
105,5776b29715e9a50cd9f500c1b53e676b5e8d4ed040d40ac02cad5f3eb90e7774,variable_elimination,0.033926676,0.08196404807448462,f5219259cdb56235eae64797
105,5776b29715e9a50cd9f500c1b53e676b5e8d4ed040d40ac02cad5f3eb90e7774,memo_components,0.130911183,0.012314869090095602,f5219259cdb56235eae64797
105,5776b29715e9a50cd9f500c1b53e676b5e8d4ed040d40ac02cad5f3eb90e7774,warm_components,0.015992896,1.2310817591677201,f5219259cdb56235eae64797
100,6d43be99a4507f763b4aefb62ff79ccc08704b7e8f63d57927b61fdcb73c6079,variable_elimination,0.031268435,0.013275099128587816,134e9dfe76d82e06b4942c92
100,6d43be99a4507f763b4aefb62ff79ccc08704b7e8f63d57927b61fdcb73c6079,memo_components,0.12561775,0.0028466456699986205,134e9dfe76d82e06b4942c92
105,2f0ee1908f70cfacdcaa935c9cf068812f88091fc3f555e3c77266b9746ed299,variable_elimination,0.033473635,0.00337491291863358,a85f366ea3f36aad5c3f13e8
105,2f0ee1908f70cfacdcaa935c9cf068812f88091fc3f555e3c77266b9746ed299,memo_components,0.125743858,0.0059903676852239435,a85f366ea3f36aad5c3f13e8
100,f4f512facb6a5b46acbf03543c91d6653cb961b30ea9f2a1c1af33255bb1aa0b,variable_elimination,0.02663106,0.0015596762478698888,28ba948f97dbb8e3f57a94c6
100,f4f512facb6a5b46acbf03543c91d6653cb961b30ea9f2a1c1af33255bb1aa0b,memo_components,0.058150681,0.006488387762103761,28ba948f97dbb8e3f57a94c6
100,f4f512facb6a5b46acbf03543c91d6653cb961b30ea9f2a1c1af33255bb1aa0b,warm_components,0.002090492,1.2730559320424468,28ba948f97dbb8e3f57a94c6
105,2f0ee1908f70cfacdcaa935c9cf068812f88091fc3f555e3c77266b9746ed299,variable_elimination,0.034413168,0.013720546203884569,8e0f5081fa7054313f1b61b2
105,2f0ee1908f70cfacdcaa935c9cf068812f88091fc3f555e3c77266b9746ed299,memo_components,0.132342107,0.011063930259645855,8e0f5081fa7054313f1b61b2
100,6d43be99a4507f763b4aefb62ff79ccc08704b7e8f63d57927b61fdcb73c6079,variable_elimination,0.031057459,0.007241671827464351,2b058e9343aaca53f9ee77bb
100,6d43be99a4507f763b4aefb62ff79ccc08704b7e8f63d57927b61fdcb73c6079,memo_components,0.125453993,0.00746896913080905,2b058e9343aaca53f9ee77bb
100,f4f512facb6a5b46acbf03543c91d6653cb961b30ea9f2a1c1af33255bb1aa0b,variable_elimination,0.026783037,0.002766146689602713,85545c0d22e63a3f334fcb48
100,f4f512facb6a5b46acbf03543c91d6653cb961b30ea9f2a1c1af33255bb1aa0b,memo_components,0.112334625,0.01615263830564575,85545c0d22e63a3f334fcb48
100,f4f512facb6a5b46acbf03543c91d6653cb961b30ea9f2a1c1af33255bb1aa0b,warm_components,0.00321849,1.3011943143446212,85545c0d22e63a3f334fcb48
105,5776b29715e9a50cd9f500c1b53e676b5e8d4ed040d40ac02cad5f3eb90e7774,variable_elimination,0.028450267,0.021268103077077907,14d5649d4bb663cdfa798564
105,5776b29715e9a50cd9f500c1b53e676b5e8d4ed040d40ac02cad5f3eb90e7774,memo_components,0.059001505,0.008489109185202529,14d5649d4bb663cdfa798564
105,5776b29715e9a50cd9f500c1b53e676b5e8d4ed040d40ac02cad5f3eb90e7774,warm_components,0.00217,1.267487442667234,14d5649d4bb663cdfa798564
100,f4f512facb6a5b46acbf03543c91d6653cb961b30ea9f2a1c1af33255bb1aa0b,variable_elimination,0.027494585,0.01466977637958824,e9264326b99eead3907b092f
100,f4f512facb6a5b46acbf03543c91d6653cb961b30ea9f2a1c1af33255bb1aa0b,memo_components,0.114828789,0.001747829944727207,e9264326b99eead3907b092f
100,f4f512facb6a5b46acbf03543c91d6653cb961b30ea9f2a1c1af33255bb1aa0b,warm_components,0.004763172,1.2519682219104036,e9264326b99eead3907b092f
105,5776b29715e9a50cd9f500c1b53e676b5e8d4ed040d40ac02cad5f3eb90e7774,variable_elimination,0.028741022,0.004918420665482402,7cc18af5eb8f436e2f4acd74
105,5776b29715e9a50cd9f500c1b53e676b5e8d4ed040d40ac02cad5f3eb90e7774,memo_components,0.113841817,0.003095319107473665,7cc18af5eb8f436e2f4acd74
105,5776b29715e9a50cd9f500c1b53e676b5e8d4ed040d40ac02cad5f3eb90e7774,warm_components,0.003093883,1.3042159504116637,7cc18af5eb8f436e2f4acd74
105,5776b29715e9a50cd9f500c1b53e676b5e8d4ed040d40ac02cad5f3eb90e7774,variable_elimination,0.030234404,0.020935273264349637,7d95e21a40b0b215c605462b
105,5776b29715e9a50cd9f500c1b53e676b5e8d4ed040d40ac02cad5f3eb90e7774,memo_components,0.116273102,0.0035675900334984144,7d95e21a40b0b215c605462b
105,5776b29715e9a50cd9f500c1b53e676b5e8d4ed040d40ac02cad5f3eb90e7774,warm_components,0.004926849,1.2500023677580865,7d95e21a40b0b215c605462b
100,f4f512facb6a5b46acbf03543c91d6653cb961b30ea9f2a1c1af33255bb1aa0b,variable_elimination,0.026837397,0.008410770117072908,0a2fc78e637f1ffcb6f639db
100,f4f512facb6a5b46acbf03543c91d6653cb961b30ea9f2a1c1af33255bb1aa0b,memo_components,0.056819175,0.0043024949523482415,0a2fc78e637f1ffcb6f639db
100,f4f512facb6a5b46acbf03543c91d6653cb961b30ea9f2a1c1af33255bb1aa0b,warm_components,0.002102801,1.2714500368557098,0a2fc78e637f1ffcb6f639db
100,f4f512facb6a5b46acbf03543c91d6653cb961b30ea9f2a1c1af33255bb1aa0b,variable_elimination,0.031417472,0.10040479786953262,488e8c4eb5c210b05110fbae
100,f4f512facb6a5b46acbf03543c91d6653cb961b30ea9f2a1c1af33255bb1aa0b,memo_components,0.126226919,0.006674306975371986,488e8c4eb5c210b05110fbae
100,f4f512facb6a5b46acbf03543c91d6653cb961b30ea9f2a1c1af33255bb1aa0b,warm_components,0.015071503,1.185809950007959,488e8c4eb5c210b05110fbae
105,5776b29715e9a50cd9f500c1b53e676b5e8d4ed040d40ac02cad5f3eb90e7774,variable_elimination,0.034000605,0.09685463858285691,6c48b42a05d19bed27f3b7cd
105,5776b29715e9a50cd9f500c1b53e676b5e8d4ed040d40ac02cad5f3eb90e7774,memo_components,0.129286723,0.009880280977093168,6c48b42a05d19bed27f3b7cd
105,5776b29715e9a50cd9f500c1b53e676b5e8d4ed040d40ac02cad5f3eb90e7774,warm_components,0.015693562,1.1704270619740862,6c48b42a05d19bed27f3b7cd
100,f4f512facb6a5b46acbf03543c91d6653cb961b30ea9f2a1c1af33255bb1aa0b,variable_elimination,0.031667047,0.08194569684817422,af9e900388d65a6cd0489d5d
100,f4f512facb6a5b46acbf03543c91d6653cb961b30ea9f2a1c1af33255bb1aa0b,memo_components,0.127534736,0.016681795890499784,af9e900388d65a6cd0489d5d
100,f4f512facb6a5b46acbf03543c91d6653cb961b30ea9f2a1c1af33255bb1aa0b,warm_components,0.015140412,1.2747198703085663,af9e900388d65a6cd0489d5d
105,5776b29715e9a50cd9f500c1b53e676b5e8d4ed040d40ac02cad5f3eb90e7774,variable_elimination,0.033829178,0.09222571086234425,324a0a0c1ec068630844abad
105,5776b29715e9a50cd9f500c1b53e676b5e8d4ed040d40ac02cad5f3eb90e7774,memo_components,0.131044781,0.01935905681095795,324a0a0c1ec068630844abad
105,5776b29715e9a50cd9f500c1b53e676b5e8d4ed040d40ac02cad5f3eb90e7774,warm_components,0.016050255,1.184917768518338,324a0a0c1ec068630844abad
100,f4f512facb6a5b46acbf03543c91d6653cb961b30ea9f2a1c1af33255bb1aa0b,variable_elimination,0.031321334,0.10079101835977762,f70668390f7bca5b1418e713
100,f4f512facb6a5b46acbf03543c91d6653cb961b30ea9f2a1c1af33255bb1aa0b,memo_components,0.12511667,0.0069641046030035365,f70668390f7bca5b1418e713
100,f4f512facb6a5b46acbf03543c91d6653cb961b30ea9f2a1c1af33255bb1aa0b,warm_components,0.015077193,1.1836869583061804,f70668390f7bca5b1418e713
105,5776b29715e9a50cd9f500c1b53e676b5e8d4ed040d40ac02cad5f3eb90e7774,variable_elimination,0.033672521,0.07837384338138752,5a2d07d67c6f9f9050530fa8
105,5776b29715e9a50cd9f500c1b53e676b5e8d4ed040d40ac02cad5f3eb90e7774,memo_components,0.130082779,0.012038378043930632,5a2d07d67c6f9f9050530fa8
105,5776b29715e9a50cd9f500c1b53e676b5e8d4ed040d40ac02cad5f3eb90e7774,warm_components,0.01580323,1.253295460119964,5a2d07d67c6f9f9050530fa8
100,f4f512facb6a5b46acbf03543c91d6653cb961b30ea9f2a1c1af33255bb1aa0b,variable_elimination,0.031808285,0.08112886047041493,97764414feabefcd78ea663c
100,f4f512facb6a5b46acbf03543c91d6653cb961b30ea9f2a1c1af33255bb1aa0b,memo_components,0.127991127,0.011059174678461549,97764414feabefcd78ea663c
100,f4f512facb6a5b46acbf03543c91d6653cb961b30ea9f2a1c1af33255bb1aa0b,warm_components,0.015315569,1.240065573116646,97764414feabefcd78ea663c
100,6d43be99a4507f763b4aefb62ff79ccc08704b7e8f63d57927b61fdcb73c6079,variable_elimination,0.031210086,0.0052130465176913185,b0b6e9798df96e62ff0f4457
100,6d43be99a4507f763b4aefb62ff79ccc08704b7e8f63d57927b61fdcb73c6079,memo_components,0.124740587,0.005765853652181832,b0b6e9798df96e62ff0f4457
105,2f0ee1908f70cfacdcaa935c9cf068812f88091fc3f555e3c77266b9746ed299,variable_elimination,0.033642042,0.0018590355969850384,7df4fce5fb666fb46fbf4fc1
105,2f0ee1908f70cfacdcaa935c9cf068812f88091fc3f555e3c77266b9746ed299,memo_components,0.127108573,0.008709617266029234,7df4fce5fb666fb46fbf4fc1
100,f4f512facb6a5b46acbf03543c91d6653cb961b30ea9f2a1c1af33255bb1aa0b,variable_elimination,0.026577091,0.005321493472757684,8b30bc0bc9f864c04b65540f
100,f4f512facb6a5b46acbf03543c91d6653cb961b30ea9f2a1c1af33255bb1aa0b,memo_components,0.056475392,0.007376808990050232,8b30bc0bc9f864c04b65540f
100,f4f512facb6a5b46acbf03543c91d6653cb961b30ea9f2a1c1af33255bb1aa0b,warm_components,0.002079492,1.2710438887453035,8b30bc0bc9f864c04b65540f
105,2f0ee1908f70cfacdcaa935c9cf068812f88091fc3f555e3c77266b9746ed299,variable_elimination,0.033918167,0.02499550463314369,ce6423cdbdf6f8c9fd2d31a7
105,2f0ee1908f70cfacdcaa935c9cf068812f88091fc3f555e3c77266b9746ed299,memo_components,0.125629111,0.008803123649706037,ce6423cdbdf6f8c9fd2d31a7
100,6d43be99a4507f763b4aefb62ff79ccc08704b7e8f63d57927b61fdcb73c6079,variable_elimination,0.03101862,0.00801560487513699,921a94d4e4c5b7778769c2ca
100,6d43be99a4507f763b4aefb62ff79ccc08704b7e8f63d57927b61fdcb73c6079,memo_components,0.125268277,0.006318399419048069,921a94d4e4c5b7778769c2ca
100,f4f512facb6a5b46acbf03543c91d6653cb961b30ea9f2a1c1af33255bb1aa0b,variable_elimination,0.027098452,0.026153707551520612,ba7bff8e38eeea22df4abf6f
100,f4f512facb6a5b46acbf03543c91d6653cb961b30ea9f2a1c1af33255bb1aa0b,memo_components,0.112892105,0.010049849427749643,ba7bff8e38eeea22df4abf6f
100,f4f512facb6a5b46acbf03543c91d6653cb961b30ea9f2a1c1af33255bb1aa0b,warm_components,0.00325656,1.3035671942820313,ba7bff8e38eeea22df4abf6f
105,5776b29715e9a50cd9f500c1b53e676b5e8d4ed040d40ac02cad5f3eb90e7774,variable_elimination,0.028785151,0.02209432896677747,354ebc646fc62843cebd24ae
105,5776b29715e9a50cd9f500c1b53e676b5e8d4ed040d40ac02cad5f3eb90e7774,memo_components,0.059365439,0.011380586321069803,354ebc646fc62843cebd24ae
105,5776b29715e9a50cd9f500c1b53e676b5e8d4ed040d40ac02cad5f3eb90e7774,warm_components,0.002522083,1.2591620033636053,354ebc646fc62843cebd24ae
100,f4f512facb6a5b46acbf03543c91d6653cb961b30ea9f2a1c1af33255bb1aa0b,variable_elimination,0.027470845,0.007012599000724974,27ff171f3e42c5a2c3b9b1ca
100,f4f512facb6a5b46acbf03543c91d6653cb961b30ea9f2a1c1af33255bb1aa0b,memo_components,0.113310907,0.003811717130962756,27ff171f3e42c5a2c3b9b1ca
100,f4f512facb6a5b46acbf03543c91d6653cb961b30ea9f2a1c1af33255bb1aa0b,warm_components,0.00491714,1.2502666973523282,27ff171f3e42c5a2c3b9b1ca
105,5776b29715e9a50cd9f500c1b53e676b5e8d4ed040d40ac02cad5f3eb90e7774,variable_elimination,0.02933629,0.02456759701500196,091bb2c755c7eff3c3dce943
105,5776b29715e9a50cd9f500c1b53e676b5e8d4ed040d40ac02cad5f3eb90e7774,memo_components,0.113324277,0.005040540265224078,091bb2c755c7eff3c3dce943
105,5776b29715e9a50cd9f500c1b53e676b5e8d4ed040d40ac02cad5f3eb90e7774,warm_components,0.003103983,1.304226170897399,091bb2c755c7eff3c3dce943
105,5776b29715e9a50cd9f500c1b53e676b5e8d4ed040d40ac02cad5f3eb90e7774,variable_elimination,0.029697754,0.006439607194065898,d8a31f5b586f022ccbae4633
105,5776b29715e9a50cd9f500c1b53e676b5e8d4ed040d40ac02cad5f3eb90e7774,memo_components,0.115423688,0.0023656730171996085,d8a31f5b586f022ccbae4633
105,5776b29715e9a50cd9f500c1b53e676b5e8d4ed040d40ac02cad5f3eb90e7774,warm_components,0.004945389,1.24501755745056,d8a31f5b586f022ccbae4633
100,f4f512facb6a5b46acbf03543c91d6653cb961b30ea9f2a1c1af33255bb1aa0b,variable_elimination,0.026759798,0.007243435554591582,5afcf3d395893d8847e7b919
100,f4f512facb6a5b46acbf03543c91d6653cb961b30ea9f2a1c1af33255bb1aa0b,memo_components,0.056631919,0.010694096639289706,5afcf3d395893d8847e7b919
100,f4f512facb6a5b46acbf03543c91d6653cb961b30ea9f2a1c1af33255bb1aa0b,warm_components,0.002098171,1.2688449154774042,5afcf3d395893d8847e7b919
100,f4f512facb6a5b46acbf03543c91d6653cb961b30ea9f2a1c1af33255bb1aa0b,variable_elimination,0.031459941,0.12740712072895638,5c1858ec8daa50f07c090573
100,f4f512facb6a5b46acbf03543c91d6653cb961b30ea9f2a1c1af33255bb1aa0b,memo_components,0.127787121,0.01209258931804956,5c1858ec8daa50f07c090573
100,f4f512facb6a5b46acbf03543c91d6653cb961b30ea9f2a1c1af33255bb1aa0b,warm_components,0.014946745,1.186358367797196,5c1858ec8daa50f07c090573
105,5776b29715e9a50cd9f500c1b53e676b5e8d4ed040d40ac02cad5f3eb90e7774,variable_elimination,0.034342699,0.08852612799236294,da955945eb95e3a6500ca7d0
105,5776b29715e9a50cd9f500c1b53e676b5e8d4ed040d40ac02cad5f3eb90e7774,memo_components,0.131320416,0.01237659134291471,da955945eb95e3a6500ca7d0
105,5776b29715e9a50cd9f500c1b53e676b5e8d4ed040d40ac02cad5f3eb90e7774,warm_components,0.015872539,1.185587976648759,da955945eb95e3a6500ca7d0
100,f4f512facb6a5b46acbf03543c91d6653cb961b30ea9f2a1c1af33255bb1aa0b,variable_elimination,0.031702207,0.07848424606502477,fb69956430cef01a020e847e
100,f4f512facb6a5b46acbf03543c91d6653cb961b30ea9f2a1c1af33255bb1aa0b,memo_components,0.126323987,0.009206324790490647,fb69956430cef01a020e847e
100,f4f512facb6a5b46acbf03543c91d6653cb961b30ea9f2a1c1af33255bb1aa0b,warm_components,0.01523283,1.2495802013159965,fb69956430cef01a020e847e
105,5776b29715e9a50cd9f500c1b53e676b5e8d4ed040d40ac02cad5f3eb90e7774,variable_elimination,0.033502964,0.09659664957094555,b25d8fab3139ab4875740b11
105,5776b29715e9a50cd9f500c1b53e676b5e8d4ed040d40ac02cad5f3eb90e7774,memo_components,0.126605082,0.0057717703784741425,b25d8fab3139ab4875740b11
105,5776b29715e9a50cd9f500c1b53e676b5e8d4ed040d40ac02cad5f3eb90e7774,warm_components,0.015551734,1.1739851528327183,b25d8fab3139ab4875740b11
100,f4f512facb6a5b46acbf03543c91d6653cb961b30ea9f2a1c1af33255bb1aa0b,variable_elimination,0.031933953,0.09615424018307793,77c8f185e2c77895383ddd6a
100,f4f512facb6a5b46acbf03543c91d6653cb961b30ea9f2a1c1af33255bb1aa0b,memo_components,0.127488806,0.009906936857342511,77c8f185e2c77895383ddd6a
100,f4f512facb6a5b46acbf03543c91d6653cb961b30ea9f2a1c1af33255bb1aa0b,warm_components,0.015057664,1.1947044005470038,77c8f185e2c77895383ddd6a
100,f4f512facb6a5b46acbf03543c91d6653cb961b30ea9f2a1c1af33255bb1aa0b,variable_elimination,0.031307224,0.08905823411552236,6479781ef1bc9aa6e1b7521d
100,f4f512facb6a5b46acbf03543c91d6653cb961b30ea9f2a1c1af33255bb1aa0b,memo_components,0.124527821,0.008080894901507613,6479781ef1bc9aa6e1b7521d
100,f4f512facb6a5b46acbf03543c91d6653cb961b30ea9f2a1c1af33255bb1aa0b,warm_components,0.015023824,1.2456958204901323,6479781ef1bc9aa6e1b7521d
105,5776b29715e9a50cd9f500c1b53e676b5e8d4ed040d40ac02cad5f3eb90e7774,variable_elimination,0.033943956,0.10222812518893294,e123ea61ec4db6a6bddb7a09
105,5776b29715e9a50cd9f500c1b53e676b5e8d4ed040d40ac02cad5f3eb90e7774,memo_components,0.130161517,0.010510682655338686,e123ea61ec4db6a6bddb7a09
105,5776b29715e9a50cd9f500c1b53e676b5e8d4ed040d40ac02cad5f3eb90e7774,warm_components,0.015987446,1.2285153694353854,e123ea61ec4db6a6bddb7a09
100,6d43be99a4507f763b4aefb62ff79ccc08704b7e8f63d57927b61fdcb73c6079,variable_elimination,0.031258325,0.012701898808828039,8e896bb966a71718b06c87c3
100,6d43be99a4507f763b4aefb62ff79ccc08704b7e8f63d57927b61fdcb73c6079,memo_components,0.12617325,0.0067262223794586585,8e896bb966a71718b06c87c3
105,2f0ee1908f70cfacdcaa935c9cf068812f88091fc3f555e3c77266b9746ed299,variable_elimination,0.033969866,0.02243000407800659,e897cdeb48dd461f4991f051
105,2f0ee1908f70cfacdcaa935c9cf068812f88091fc3f555e3c77266b9746ed299,memo_components,0.126983626,0.006419249378573046,e897cdeb48dd461f4991f051
100,f4f512facb6a5b46acbf03543c91d6653cb961b30ea9f2a1c1af33255bb1aa0b,variable_elimination,0.026443784,0.005887693039794169,f8fba700a19ec6ff958e54dc
100,f4f512facb6a5b46acbf03543c91d6653cb961b30ea9f2a1c1af33255bb1aa0b,memo_components,0.05712066,0.00831816771869379,f8fba700a19ec6ff958e54dc
100,f4f512facb6a5b46acbf03543c91d6653cb961b30ea9f2a1c1af33255bb1aa0b,warm_components,0.002086412,1.2717137905410842,f8fba700a19ec6ff958e54dc
105,2f0ee1908f70cfacdcaa935c9cf068812f88091fc3f555e3c77266b9746ed299,variable_elimination,0.033626222,0.0017814269669893942,45eadf073d8db5dec0beb009
105,2f0ee1908f70cfacdcaa935c9cf068812f88091fc3f555e3c77266b9746ed299,memo_components,0.128064405,0.0034172608782210095,45eadf073d8db5dec0beb009
100,6d43be99a4507f763b4aefb62ff79ccc08704b7e8f63d57927b61fdcb73c6079,variable_elimination,0.033409606,0.03197801023674754,d54975c91ca16966eec2e506
100,6d43be99a4507f763b4aefb62ff79ccc08704b7e8f63d57927b61fdcb73c6079,memo_components,0.125844337,0.0018945362912561369,d54975c91ca16966eec2e506
100,f4f512facb6a5b46acbf03543c91d6653cb961b30ea9f2a1c1af33255bb1aa0b,variable_elimination,0.026991384,0.007055357598804806,aef02d8d7f81a1b4102af6d9
100,f4f512facb6a5b46acbf03543c91d6653cb961b30ea9f2a1c1af33255bb1aa0b,memo_components,0.114535704,0.01728954535553697,aef02d8d7f81a1b4102af6d9
100,f4f512facb6a5b46acbf03543c91d6653cb961b30ea9f2a1c1af33255bb1aa0b,warm_components,0.003315909,1.3028171013000123,aef02d8d7f81a1b4102af6d9
105,5776b29715e9a50cd9f500c1b53e676b5e8d4ed040d40ac02cad5f3eb90e7774,variable_elimination,0.029293852,0.03395957890158451,fba90702bb655d17f27e3fe4
105,5776b29715e9a50cd9f500c1b53e676b5e8d4ed040d40ac02cad5f3eb90e7774,memo_components,0.059054375,0.016511164359669366,fba90702bb655d17f27e3fe4
105,5776b29715e9a50cd9f500c1b53e676b5e8d4ed040d40ac02cad5f3eb90e7774,warm_components,0.00217513,1.2753629451759336,fba90702bb655d17f27e3fe4
100,f4f512facb6a5b46acbf03543c91d6653cb961b30ea9f2a1c1af33255bb1aa0b,variable_elimination,0.027342847,0.006969130781662471,be050b314a85ed41c6b867c3
100,f4f512facb6a5b46acbf03543c91d6653cb961b30ea9f2a1c1af33255bb1aa0b,memo_components,0.115299361,0.004522176762932549,be050b314a85ed41c6b867c3
100,f4f512facb6a5b46acbf03543c91d6653cb961b30ea9f2a1c1af33255bb1aa0b,warm_components,0.004781462,1.253960641444713,be050b314a85ed41c6b867c3
105,5776b29715e9a50cd9f500c1b53e676b5e8d4ed040d40ac02cad5f3eb90e7774,variable_elimination,0.029259762,0.028146220435047328,6180db40b47120c83e058868
105,5776b29715e9a50cd9f500c1b53e676b5e8d4ed040d40ac02cad5f3eb90e7774,memo_components,0.115495937,0.0034989073084516964,6180db40b47120c83e058868
105,5776b29715e9a50cd9f500c1b53e676b5e8d4ed040d40ac02cad5f3eb90e7774,warm_components,0.003081414,1.3062337978694645,6180db40b47120c83e058868
105,5776b29715e9a50cd9f500c1b53e676b5e8d4ed040d40ac02cad5f3eb90e7774,variable_elimination,0.030327422,0.003959572403078351,757a3f17818445bce5da79b4
105,5776b29715e9a50cd9f500c1b53e676b5e8d4ed040d40ac02cad5f3eb90e7774,memo_components,0.114573083,0.006152327896797413,757a3f17818445bce5da79b4
105,5776b29715e9a50cd9f500c1b53e676b5e8d4ed040d40ac02cad5f3eb90e7774,warm_components,0.004873961,1.2484088774235973,757a3f17818445bce5da79b4
100,f4f512facb6a5b46acbf03543c91d6653cb961b30ea9f2a1c1af33255bb1aa0b,variable_elimination,0.026747238,0.036859943770361066,ad89b3ce1dfa6cc70988a5a9
100,f4f512facb6a5b46acbf03543c91d6653cb961b30ea9f2a1c1af33255bb1aa0b,memo_components,0.056439782,0.017055140179171827,ad89b3ce1dfa6cc70988a5a9
100,f4f512facb6a5b46acbf03543c91d6653cb961b30ea9f2a1c1af33255bb1aa0b,warm_components,0.002450685,1.2591917138935582,ad89b3ce1dfa6cc70988a5a9
105,5776b29715e9a50cd9f500c1b53e676b5e8d4ed040d40ac02cad5f3eb90e7774,variable_elimination,0.033853127,0.09495988429727717,9e4afe33fcb0b522d13f6f1c
105,5776b29715e9a50cd9f500c1b53e676b5e8d4ed040d40ac02cad5f3eb90e7774,memo_components,0.129612498,0.006809274131433951,9e4afe33fcb0b522d13f6f1c
105,5776b29715e9a50cd9f500c1b53e676b5e8d4ed040d40ac02cad5f3eb90e7774,warm_components,0.015679262,1.1851804259273937,9e4afe33fcb0b522d13f6f1c
100,f4f512facb6a5b46acbf03543c91d6653cb961b30ea9f2a1c1af33255bb1aa0b,variable_elimination,0.031315654,0.09820112253848946,5896f54e677621c7693e88ff
100,f4f512facb6a5b46acbf03543c91d6653cb961b30ea9f2a1c1af33255bb1aa0b,memo_components,0.125725449,0.006117570650991759,5896f54e677621c7693e88ff
100,f4f512facb6a5b46acbf03543c91d6653cb961b30ea9f2a1c1af33255bb1aa0b,warm_components,0.015344278,1.1815698090320674,5896f54e677621c7693e88ff
100,f4f512facb6a5b46acbf03543c91d6653cb961b30ea9f2a1c1af33255bb1aa0b,variable_elimination,0.031564799,0.07987541189372935,43a2d885d5d5c001924d1a0c
100,f4f512facb6a5b46acbf03543c91d6653cb961b30ea9f2a1c1af33255bb1aa0b,memo_components,0.125830606,0.011377565050669017,43a2d885d5d5c001924d1a0c
100,f4f512facb6a5b46acbf03543c91d6653cb961b30ea9f2a1c1af33255bb1aa0b,warm_components,0.015087863,1.2646145283041952,43a2d885d5d5c001924d1a0c
105,5776b29715e9a50cd9f500c1b53e676b5e8d4ed040d40ac02cad5f3eb90e7774,variable_elimination,0.033864868,0.09770438072549019,88ddea2660aafa27d9905587
105,5776b29715e9a50cd9f500c1b53e676b5e8d4ed040d40ac02cad5f3eb90e7774,memo_components,0.128732983,0.008558534497858851,88ddea2660aafa27d9905587
105,5776b29715e9a50cd9f500c1b53e676b5e8d4ed040d40ac02cad5f3eb90e7774,warm_components,0.015596863,1.1776536292363704,88ddea2660aafa27d9905587
100,f4f512facb6a5b46acbf03543c91d6653cb961b30ea9f2a1c1af33255bb1aa0b,variable_elimination,0.032133659,0.09443915474628022,41e1c71535b55c7a641e194b
100,f4f512facb6a5b46acbf03543c91d6653cb961b30ea9f2a1c1af33255bb1aa0b,memo_components,0.12727394,0.014431452579537414,41e1c71535b55c7a641e194b
100,f4f512facb6a5b46acbf03543c91d6653cb961b30ea9f2a1c1af33255bb1aa0b,warm_components,0.015508645,1.180097024517645,41e1c71535b55c7a641e194b
105,5776b29715e9a50cd9f500c1b53e676b5e8d4ed040d40ac02cad5f3eb90e7774,variable_elimination,0.034199281,0.07524324365961242,d099b06e677b0bf100ceb8fc
105,5776b29715e9a50cd9f500c1b53e676b5e8d4ed040d40ac02cad5f3eb90e7774,memo_components,0.131708449,0.02102114513119312,d099b06e677b0bf100ceb8fc
105,5776b29715e9a50cd9f500c1b53e676b5e8d4ed040d40ac02cad5f3eb90e7774,warm_components,0.015664932,1.2720668495724272,d099b06e677b0bf100ceb8fc
100,f4f512facb6a5b46acbf03543c91d6653cb961b30ea9f2a1c1af33255bb1aa0b,variable_elimination,0.031739626,0.08632964840526149,967ab1a96f3b69b82cb768e5
100,f4f512facb6a5b46acbf03543c91d6653cb961b30ea9f2a1c1af33255bb1aa0b,memo_components,0.127122733,0.0072146545290156724,967ab1a96f3b69b82cb768e5
100,f4f512facb6a5b46acbf03543c91d6653cb961b30ea9f2a1c1af33255bb1aa0b,warm_components,0.015315318,1.2421413646593453,967ab1a96f3b69b82cb768e5
105,2f0ee1908f70cfacdcaa935c9cf068812f88091fc3f555e3c77266b9746ed299,variable_elimination,0.033355087,0.000655463701675901,f7f7e52a05253ecf9df6cfa8
105,2f0ee1908f70cfacdcaa935c9cf068812f88091fc3f555e3c77266b9746ed299,memo_components,0.127390448,0.005609624986772549,f7f7e52a05253ecf9df6cfa8
100,6d43be99a4507f763b4aefb62ff79ccc08704b7e8f63d57927b61fdcb73c6079,variable_elimination,0.031266155,0.009328351468349186,7c2e8b025d51c90d60c49a33
100,6d43be99a4507f763b4aefb62ff79ccc08704b7e8f63d57927b61fdcb73c6079,memo_components,0.127757812,0.0022056766268944857,7c2e8b025d51c90d60c49a33
105,5776b29715e9a50cd9f500c1b53e676b5e8d4ed040d40ac02cad5f3eb90e7774,variable_elimination,0.029326011,0.034585473152116596,00d1203c1d63a77a1b4e1a9c
105,5776b29715e9a50cd9f500c1b53e676b5e8d4ed040d40ac02cad5f3eb90e7774,memo_components,0.057809527,0.013139084286402446,00d1203c1d63a77a1b4e1a9c
105,5776b29715e9a50cd9f500c1b53e676b5e8d4ed040d40ac02cad5f3eb90e7774,warm_components,0.002651071,1.2582151775001602,00d1203c1d63a77a1b4e1a9c
105,2f0ee1908f70cfacdcaa935c9cf068812f88091fc3f555e3c77266b9746ed299,variable_elimination,0.033584333,0.03906318594990125,5ec0aba8ea39d4c1ea57d7cb
105,2f0ee1908f70cfacdcaa935c9cf068812f88091fc3f555e3c77266b9746ed299,memo_components,0.125033822,0.010641206772608162,5ec0aba8ea39d4c1ea57d7cb
100,6d43be99a4507f763b4aefb62ff79ccc08704b7e8f63d57927b61fdcb73c6079,variable_elimination,0.03103906,0.008022651536792099,5c9b1f83b368cea337d313e4
100,6d43be99a4507f763b4aefb62ff79ccc08704b7e8f63d57927b61fdcb73c6079,memo_components,0.12406361,0.007912115192661098,5c9b1f83b368cea337d313e4
105,5776b29715e9a50cd9f500c1b53e676b5e8d4ed040d40ac02cad5f3eb90e7774,variable_elimination,0.028898209,0.006567648103547419,92fd9b25973c0a0bee1e2f1a
105,5776b29715e9a50cd9f500c1b53e676b5e8d4ed040d40ac02cad5f3eb90e7774,memo_components,0.114560084,0.00978353123641748,92fd9b25973c0a0bee1e2f1a
105,5776b29715e9a50cd9f500c1b53e676b5e8d4ed040d40ac02cad5f3eb90e7774,warm_components,0.003101843,1.3045769201202657,92fd9b25973c0a0bee1e2f1a
100,f4f512facb6a5b46acbf03543c91d6653cb961b30ea9f2a1c1af33255bb1aa0b,variable_elimination,0.026634131,0.0033959887339996605,514a128a8dfbd14f7a38f7f1
100,f4f512facb6a5b46acbf03543c91d6653cb961b30ea9f2a1c1af33255bb1aa0b,memo_components,0.057261908,0.00648596055132177,514a128a8dfbd14f7a38f7f1
100,f4f512facb6a5b46acbf03543c91d6653cb961b30ea9f2a1c1af33255bb1aa0b,warm_components,0.002116541,1.2735291335671428,514a128a8dfbd14f7a38f7f1
100,f4f512facb6a5b46acbf03543c91d6653cb961b30ea9f2a1c1af33255bb1aa0b,variable_elimination,0.026714679,0.0037419375739842498,02d4d76c38704ecd3b1013b7
100,f4f512facb6a5b46acbf03543c91d6653cb961b30ea9f2a1c1af33255bb1aa0b,memo_components,0.110564728,0.006117722194648193,02d4d76c38704ecd3b1013b7
100,f4f512facb6a5b46acbf03543c91d6653cb961b30ea9f2a1c1af33255bb1aa0b,warm_components,0.00324384,1.3021205064342372,02d4d76c38704ecd3b1013b7
105,5776b29715e9a50cd9f500c1b53e676b5e8d4ed040d40ac02cad5f3eb90e7774,variable_elimination,0.030048828,0.026531839164685673,056e6792d9ac8bea13ff8815
105,5776b29715e9a50cd9f500c1b53e676b5e8d4ed040d40ac02cad5f3eb90e7774,memo_components,0.115638004,0.0117838558858421,056e6792d9ac8bea13ff8815
105,5776b29715e9a50cd9f500c1b53e676b5e8d4ed040d40ac02cad5f3eb90e7774,warm_components,0.004949849,1.2451166634516124,056e6792d9ac8bea13ff8815
100,f4f512facb6a5b46acbf03543c91d6653cb961b30ea9f2a1c1af33255bb1aa0b,variable_elimination,0.027518444,0.005565854613523402,0a0a797dc9c66b2fddcae041
100,f4f512facb6a5b46acbf03543c91d6653cb961b30ea9f2a1c1af33255bb1aa0b,memo_components,0.113822288,0.004896538225271456,0a0a797dc9c66b2fddcae041
100,f4f512facb6a5b46acbf03543c91d6653cb961b30ea9f2a1c1af33255bb1aa0b,warm_components,0.00486344,1.2476609510627457,0a0a797dc9c66b2fddcae041
105,5776b29715e9a50cd9f500c1b53e676b5e8d4ed040d40ac02cad5f3eb90e7774,variable_elimination,0.028391618,0.003393619393927316,80e74d8b8e1539ce012ad77c
105,5776b29715e9a50cd9f500c1b53e676b5e8d4ed040d40ac02cad5f3eb90e7774,memo_components,0.059967088,0.01579638545574892,80e74d8b8e1539ce012ad77c
105,5776b29715e9a50cd9f500c1b53e676b5e8d4ed040d40ac02cad5f3eb90e7774,warm_components,0.002159941,1.270728274057863,80e74d8b8e1539ce012ad77c
100,f4f512facb6a5b46acbf03543c91d6653cb961b30ea9f2a1c1af33255bb1aa0b,variable_elimination,0.032007552,0.09598179268493355,52d8ade7a23a725303663fa9
100,f4f512facb6a5b46acbf03543c91d6653cb961b30ea9f2a1c1af33255bb1aa0b,memo_components,0.127426707,0.007916233220160926,52d8ade7a23a725303663fa9
100,f4f512facb6a5b46acbf03543c91d6653cb961b30ea9f2a1c1af33255bb1aa0b,warm_components,0.015049864,1.194249474850428,52d8ade7a23a725303663fa9
105,5776b29715e9a50cd9f500c1b53e676b5e8d4ed040d40ac02cad5f3eb90e7774,variable_elimination,0.033888907,0.11311273231070508,a233116f463a5a529974026d
105,5776b29715e9a50cd9f500c1b53e676b5e8d4ed040d40ac02cad5f3eb90e7774,memo_components,0.128319181,0.011669336463018787,a233116f463a5a529974026d
105,5776b29715e9a50cd9f500c1b53e676b5e8d4ed040d40ac02cad5f3eb90e7774,warm_components,0.015905568,1.165127963268768,a233116f463a5a529974026d
100,f4f512facb6a5b46acbf03543c91d6653cb961b30ea9f2a1c1af33255bb1aa0b,variable_elimination,0.033534913,0.09705316572123569,c6c88713f03b752fa81b1a28
100,f4f512facb6a5b46acbf03543c91d6653cb961b30ea9f2a1c1af33255bb1aa0b,memo_components,0.132540873,0.022122636466085834,c6c88713f03b752fa81b1a28
100,f4f512facb6a5b46acbf03543c91d6653cb961b30ea9f2a1c1af33255bb1aa0b,warm_components,0.015491215,1.2498116073789618,c6c88713f03b752fa81b1a28
105,5776b29715e9a50cd9f500c1b53e676b5e8d4ed040d40ac02cad5f3eb90e7774,variable_elimination,0.033608442,0.08539398711902588,992085abeeb47c54bfa88750
105,5776b29715e9a50cd9f500c1b53e676b5e8d4ed040d40ac02cad5f3eb90e7774,memo_components,0.129826313,0.01279754457317728,992085abeeb47c54bfa88750
105,5776b29715e9a50cd9f500c1b53e676b5e8d4ed040d40ac02cad5f3eb90e7774,warm_components,0.015531575,1.2171144698572238,992085abeeb47c54bfa88750
100,f4f512facb6a5b46acbf03543c91d6653cb961b30ea9f2a1c1af33255bb1aa0b,variable_elimination,0.031681688,0.09400210067048995,341920091e9af0b59cd0ec7c
100,f4f512facb6a5b46acbf03543c91d6653cb961b30ea9f2a1c1af33255bb1aa0b,memo_components,0.130617749,0.0065377409578985315,341920091e9af0b59cd0ec7c
100,f4f512facb6a5b46acbf03543c91d6653cb961b30ea9f2a1c1af33255bb1aa0b,warm_components,0.015426087,1.1917792140675494,341920091e9af0b59cd0ec7c
105,5776b29715e9a50cd9f500c1b53e676b5e8d4ed040d40ac02cad5f3eb90e7774,variable_elimination,0.034098363,0.09237664649732857,091cfb97771f2d9de5e8159c
105,5776b29715e9a50cd9f500c1b53e676b5e8d4ed040d40ac02cad5f3eb90e7774,memo_components,0.130016239,0.009052622570057447,091cfb97771f2d9de5e8159c
105,5776b29715e9a50cd9f500c1b53e676b5e8d4ed040d40ac02cad5f3eb90e7774,warm_components,0.015901307,1.1715287956959242,091cfb97771f2d9de5e8159c
100,f4f512facb6a5b46acbf03543c91d6653cb961b30ea9f2a1c1af33255bb1aa0b,variable_elimination,0.032014982,0.08669020287646714,4c2ef2f1d52f9233db5d52e6
100,f4f512facb6a5b46acbf03543c91d6653cb961b30ea9f2a1c1af33255bb1aa0b,memo_components,0.128089015,0.007705013926821373,4c2ef2f1d52f9233db5d52e6
100,f4f512facb6a5b46acbf03543c91d6653cb961b30ea9f2a1c1af33255bb1aa0b,warm_components,0.015299719,1.2419195626307555,4c2ef2f1d52f9233db5d52e6
100,6d43be99a4507f763b4aefb62ff79ccc08704b7e8f63d57927b61fdcb73c6079,variable_elimination,0.031371753,0.007873466427594655,9b98de25a0ca1e84694ad7ad
100,6d43be99a4507f763b4aefb62ff79ccc08704b7e8f63d57927b61fdcb73c6079,memo_components,0.124966523,0.014864238144302303,9b98de25a0ca1e84694ad7ad
105,2f0ee1908f70cfacdcaa935c9cf068812f88091fc3f555e3c77266b9746ed299,variable_elimination,0.034658743,0.018529022291623766,8bc460d14eb8bacc8d5b79af
105,2f0ee1908f70cfacdcaa935c9cf068812f88091fc3f555e3c77266b9746ed299,memo_components,0.127665923,0.003714356782821406,8bc460d14eb8bacc8d5b79af
100,f4f512facb6a5b46acbf03543c91d6653cb961b30ea9f2a1c1af33255bb1aa0b,variable_elimination,0.026408314,0.02132507330117428,645e83fbd30aeb61a2d20084
100,f4f512facb6a5b46acbf03543c91d6653cb961b30ea9f2a1c1af33255bb1aa0b,memo_components,0.056601589,0.0008775687901772308,645e83fbd30aeb61a2d20084
100,f4f512facb6a5b46acbf03543c91d6653cb961b30ea9f2a1c1af33255bb1aa0b,warm_components,0.002111411,1.2694756399777722,645e83fbd30aeb61a2d20084
100,f4f512facb6a5b46acbf03543c91d6653cb961b30ea9f2a1c1af33255bb1aa0b,variable_elimination,0.026880415,0.004872271297383607,9a213d3fc8ade5377bcf81fa
100,f4f512facb6a5b46acbf03543c91d6653cb961b30ea9f2a1c1af33255bb1aa0b,memo_components,0.113744559,0.012467087871954786,9a213d3fc8ade5377bcf81fa
100,f4f512facb6a5b46acbf03543c91d6653cb961b30ea9f2a1c1af33255bb1aa0b,warm_components,0.00324827,1.3028605571983864,9a213d3fc8ade5377bcf81fa
100,d29058d8b9af220046711d898d37629965426acfd5b604f663f36e7a24e4ff47,variable_elimination,0.031732277,0.013742478743482337,245f4a595b09f8a79ca93324
100,d29058d8b9af220046711d898d37629965426acfd5b604f663f36e7a24e4ff47,conditional_components,0.636761755,0.0071920900567643605,245f4a595b09f8a79ca93324
105,27e9f049bc4fe9f2206af3a79e75600df39e5994b4915a5666ac74d1f58675e6,variable_elimination,0.033542893,0.02397127664383279,b313fb14f36f688d71aa23b8
105,27e9f049bc4fe9f2206af3a79e75600df39e5994b4915a5666ac74d1f58675e6,conditional_components,0.660426281,0.005951564783543854,b313fb14f36f688d71aa23b8
56,6fc10065c9b57c2f5be05aec0ba4638fc0db4ee81f662aa98b05fe0539df56e8,variable_elimination,0.019754137,0.6410196606216904,16741abeb30829864fc25567
56,6fc10065c9b57c2f5be05aec0ba4638fc0db4ee81f662aa98b05fe0539df56e8,conditional_components,30.026640501,0.023360817309945384,16741abeb30829864fc25567
49,f48f595ee6300e1a762892c3901a5cdbdd34dc3f4a1918d3fcd6256a9cdbb470,variable_elimination,0.008976555,0.007860507707192743,c4260d5e7461db320281e50d
49,f48f595ee6300e1a762892c3901a5cdbdd34dc3f4a1918d3fcd6256a9cdbb470,conditional_components,1.431155665,0.002087991956129221,c4260d5e7461db320281e50d
50,74f368fe65ec3d8387e8cd243404539c3c287f763bfbfd46c435d530a47b9fab,variable_elimination,0.00981877,0.016513452314716594,bfff235a7ce9042e5c11875f
50,74f368fe65ec3d8387e8cd243404539c3c287f763bfbfd46c435d530a47b9fab,conditional_components,6.119903741,0.007789902062145877,bfff235a7ce9042e5c11875f
51,cfdd759755b2d60351e63ebdc6875c791497bfc0e1686dbe55ffe1f48651658d,variable_elimination,0.009988917,0.023740736412511596,41db9b35c04121d15dbbc150
51,cfdd759755b2d60351e63ebdc6875c791497bfc0e1686dbe55ffe1f48651658d,conditional_components,2.975430539,0.00046713264295281744,41db9b35c04121d15dbbc150
52,d10d4421867be101a537f7cf9db57b5abd274305a5390973cd768b29d59a05b9,variable_elimination,0.010078675,0.007698912301353952,c9b5f2a2d351e3a87a5aeb5d
52,d10d4421867be101a537f7cf9db57b5abd274305a5390973cd768b29d59a05b9,conditional_components,3.004081333,0.0035511888343357847,c9b5f2a2d351e3a87a5aeb5d
54,64302b2b4851bc4ad2c318c30f809495867eb812d8e6f8ed38ae1a61c00047d5,variable_elimination,0.01465031,0.03710216739146195,5205abc847b18d8914c35667
54,64302b2b4851bc4ad2c318c30f809495867eb812d8e6f8ed38ae1a61c00047d5,conditional_components,5.208281437,0.0035839607294751736,5205abc847b18d8914c35667
