run,N,variant,method,observation,cost_seconds,arithmetic_ns,work,full_density_verified,width,roots,primes,predicted_cost_class,admitted,source,arithmetic_median_seconds,cv,question
workstation1,105,,variable_elimination,NEWLY_EXECUTED_EXACT,0.3070583770168014,24148362,28866,True,,,,,,,,,
workstation1,105,,components,NEWLY_EXECUTED_EXACT,0.4513129740371369,159260071,167040,True,,,,,,,,,
workstation1,100,,components,NEWLY_EXECUTED_EXACT,0.46268267498817295,162051484,166048,True,,,,,,,,,
workstation1,100,,variable_elimination,NEWLY_EXECUTED_EXACT,0.31013861898100004,20060981,26978,True,,,,,,,,,
workstation1,1,,fresh_min_fill,STRUCTURAL_COUNTERFACTUAL_NOT_TIMED_SOLVE,,,0,,0,2,1,0,,,,,
workstation1,1,,transition_priority,STRUCTURAL_COUNTERFACTUAL_NOT_TIMED_SOLVE,,,0,,0,2,1,0,,,,,
workstation1,1,,parent_plan,STRUCTURAL_COUNTERFACTUAL_NOT_TIMED_SOLVE,,,0,,0,2,1,0,,,,,
workstation1,1,,repair_transfer,STRUCTURAL_COUNTERFACTUAL_NOT_TIMED_SOLVE,,,0,,0,2,1,0,,,,,
workstation1,1,,tie_portfolio,STRUCTURAL_COUNTERFACTUAL_NOT_TIMED_SOLVE,,,0,,0,2,1,0,,,,,
workstation1,1,,expanded_portfolio,STRUCTURAL_COUNTERFACTUAL_NOT_TIMED_SOLVE,,,0,,0,2,1,0,,,,,
workstation1,1,,components,STRUCTURAL_ADMISSION,,,2,,,,,,True,,,,
workstation1,1,,variable_elimination,STRUCTURAL_ADMISSION,,,1,,,,,,True,,,,
workstation1,1,,incremental_boundary,STRUCTURAL_ADMISSION,,,1,,,,,,True,,,,
workstation1,12,,fresh_min_fill,STRUCTURAL_COUNTERFACTUAL_NOT_TIMED_SOLVE,,,35,,3,64,1,2240,,,,,
workstation1,12,,transition_priority,STRUCTURAL_COUNTERFACTUAL_NOT_TIMED_SOLVE,,,35,,3,64,1,2240,,,,,
workstation1,12,,parent_plan,STRUCTURAL_COUNTERFACTUAL_NOT_TIMED_SOLVE,,,57,,4,64,1,3648,,,,,
workstation1,12,,repair_transfer,STRUCTURAL_COUNTERFACTUAL_NOT_TIMED_SOLVE,,,35,,3,64,1,2240,,,,,
workstation1,12,,tie_portfolio,STRUCTURAL_COUNTERFACTUAL_NOT_TIMED_SOLVE,,,35,,3,64,1,2240,,,,,
workstation1,12,,expanded_portfolio,STRUCTURAL_COUNTERFACTUAL_NOT_TIMED_SOLVE,,,35,,3,64,1,2240,,,,,
workstation1,12,,components,STRUCTURAL_ADMISSION,,,264,,,,,,True,,,,
workstation1,12,,variable_elimination,STRUCTURAL_ADMISSION,,,41,,,,,,True,,,,
workstation1,12,,incremental_boundary,STRUCTURAL_ADMISSION,,,41,,,,,,True,,,,
workstation1,24,,fresh_min_fill,STRUCTURAL_COUNTERFACTUAL_NOT_TIMED_SOLVE,,,53,,3,64,1,3392,,,,,
workstation1,24,,transition_priority,STRUCTURAL_COUNTERFACTUAL_NOT_TIMED_SOLVE,,,53,,3,64,1,3392,,,,,
workstation1,24,,parent_plan,STRUCTURAL_COUNTERFACTUAL_NOT_TIMED_SOLVE,,,83,,4,64,1,5312,,,,,
workstation1,24,,repair_transfer,STRUCTURAL_COUNTERFACTUAL_NOT_TIMED_SOLVE,,,53,,3,64,1,3392,,,,,
workstation1,24,,tie_portfolio,STRUCTURAL_COUNTERFACTUAL_NOT_TIMED_SOLVE,,,53,,3,64,1,3392,,,,,
workstation1,24,,expanded_portfolio,STRUCTURAL_COUNTERFACTUAL_NOT_TIMED_SOLVE,,,53,,3,64,1,3392,,,,,
workstation1,24,,components,STRUCTURAL_ADMISSION,,,1074,,,,,,True,,,,
workstation1,24,,variable_elimination,STRUCTURAL_ADMISSION,,,59,,,,,,False,,,,
workstation1,24,,incremental_boundary,STRUCTURAL_ADMISSION,,,59,,,,,,False,,,,
workstation1,21,,fresh_min_fill,STRUCTURAL_COUNTERFACTUAL_NOT_TIMED_SOLVE,,,49,,3,64,1,3136,,,,,
workstation1,21,,transition_priority,STRUCTURAL_COUNTERFACTUAL_NOT_TIMED_SOLVE,,,49,,3,64,1,3136,,,,,
workstation1,21,,parent_plan,STRUCTURAL_COUNTERFACTUAL_NOT_TIMED_SOLVE,,,71,,4,64,1,4544,,,,,
workstation1,21,,repair_transfer,STRUCTURAL_COUNTERFACTUAL_NOT_TIMED_SOLVE,,,49,,3,64,1,3136,,,,,
workstation1,21,,tie_portfolio,STRUCTURAL_COUNTERFACTUAL_NOT_TIMED_SOLVE,,,49,,3,64,1,3136,,,,,
workstation1,21,,expanded_portfolio,STRUCTURAL_COUNTERFACTUAL_NOT_TIMED_SOLVE,,,49,,3,64,1,3136,,,,,
workstation1,21,,components,STRUCTURAL_ADMISSION,,,558,,,,,,True,,,,
workstation1,21,,variable_elimination,STRUCTURAL_ADMISSION,,,55,,,,,,False,,,,
workstation1,21,,incremental_boundary,STRUCTURAL_ADMISSION,,,55,,,,,,False,,,,
workstation1,28,,fresh_min_fill,STRUCTURAL_COUNTERFACTUAL_NOT_TIMED_SOLVE,,,69,,3,128,1,8832,,,,,
workstation1,28,,transition_priority,STRUCTURAL_COUNTERFACTUAL_NOT_TIMED_SOLVE,,,69,,3,128,1,8832,,,,,
workstation1,28,,parent_plan,STRUCTURAL_COUNTERFACTUAL_NOT_TIMED_SOLVE,,,165,,5,128,1,21120,,,,,
workstation1,28,,repair_transfer,STRUCTURAL_COUNTERFACTUAL_NOT_TIMED_SOLVE,,,69,,3,128,1,8832,,,,,
workstation1,28,,tie_portfolio,STRUCTURAL_COUNTERFACTUAL_NOT_TIMED_SOLVE,,,69,,3,128,1,8832,,,,,
workstation1,28,,expanded_portfolio,STRUCTURAL_COUNTERFACTUAL_NOT_TIMED_SOLVE,,,69,,3,128,1,8832,,,,,
workstation1,28,,components,STRUCTURAL_ADMISSION,,,131116,,,,,,True,,,,
workstation1,28,,variable_elimination,STRUCTURAL_ADMISSION,,,69,,,,,,False,,,,
workstation1,28,,incremental_boundary,STRUCTURAL_ADMISSION,,,69,,,,,,False,,,,
workstation1,22,,fresh_min_fill,STRUCTURAL_COUNTERFACTUAL_NOT_TIMED_SOLVE,,,51,,3,64,1,3264,,,,,
workstation1,22,,transition_priority,STRUCTURAL_COUNTERFACTUAL_NOT_TIMED_SOLVE,,,51,,3,64,1,3264,,,,,
workstation1,22,,parent_plan,STRUCTURAL_COUNTERFACTUAL_NOT_TIMED_SOLVE,,,81,,4,64,1,5184,,,,,
workstation1,22,,repair_transfer,STRUCTURAL_COUNTERFACTUAL_NOT_TIMED_SOLVE,,,51,,3,64,1,3264,,,,,
workstation1,22,,tie_portfolio,STRUCTURAL_COUNTERFACTUAL_NOT_TIMED_SOLVE,,,51,,3,64,1,3264,,,,,
workstation1,22,,expanded_portfolio,STRUCTURAL_COUNTERFACTUAL_NOT_TIMED_SOLVE,,,51,,3,64,1,3264,,,,,
workstation1,22,,components,STRUCTURAL_ADMISSION,,,1070,,,,,,True,,,,
workstation1,22,,variable_elimination,STRUCTURAL_ADMISSION,,,57,,,,,,False,,,,
workstation1,22,,incremental_boundary,STRUCTURAL_ADMISSION,,,57,,,,,,False,,,,
workstation1,15,,fresh_min_fill,STRUCTURAL_COUNTERFACTUAL_NOT_TIMED_SOLVE,,,39,,3,64,1,2496,,,,,
workstation1,15,,transition_priority,STRUCTURAL_COUNTERFACTUAL_NOT_TIMED_SOLVE,,,39,,3,64,1,2496,,,,,
workstation1,15,,parent_plan,STRUCTURAL_COUNTERFACTUAL_NOT_TIMED_SOLVE,,,61,,4,64,1,3904,,,,,
workstation1,15,,repair_transfer,STRUCTURAL_COUNTERFACTUAL_NOT_TIMED_SOLVE,,,39,,3,64,1,2496,,,,,
workstation1,15,,tie_portfolio,STRUCTURAL_COUNTERFACTUAL_NOT_TIMED_SOLVE,,,39,,3,64,1,2496,,,,,
workstation1,15,,expanded_portfolio,STRUCTURAL_COUNTERFACTUAL_NOT_TIMED_SOLVE,,,39,,3,64,1,2496,,,,,
workstation1,15,,components,STRUCTURAL_ADMISSION,,,272,,,,,,True,,,,
workstation1,15,,variable_elimination,STRUCTURAL_ADMISSION,,,45,,,,,,True,,,,
workstation1,15,,incremental_boundary,STRUCTURAL_ADMISSION,,,45,,,,,,True,,,,
workstation1,29,,fresh_min_fill,STRUCTURAL_COUNTERFACTUAL_NOT_TIMED_SOLVE,,,72,,3,128,1,9216,,,,,
workstation1,29,,transition_priority,STRUCTURAL_COUNTERFACTUAL_NOT_TIMED_SOLVE,,,72,,3,128,1,9216,,,,,
workstation1,29,,parent_plan,STRUCTURAL_COUNTERFACTUAL_NOT_TIMED_SOLVE,,,330,,5,128,1,42240,,,,,
workstation1,29,,repair_transfer,STRUCTURAL_COUNTERFACTUAL_NOT_TIMED_SOLVE,,,72,,3,128,1,9216,,,,,
workstation1,29,,tie_portfolio,STRUCTURAL_COUNTERFACTUAL_NOT_TIMED_SOLVE,,,72,,3,128,1,9216,,,,,
workstation1,29,,expanded_portfolio,STRUCTURAL_COUNTERFACTUAL_NOT_TIMED_SOLVE,,,72,,3,128,1,9216,,,,,
workstation1,29,,components,STRUCTURAL_ADMISSION,,,8388620,,,,,,False,,,,
workstation1,29,,variable_elimination,STRUCTURAL_ADMISSION,,,72,,,,,,False,,,,
workstation1,29,,incremental_boundary,STRUCTURAL_ADMISSION,,,72,,,,,,False,,,,
workstation1,26,,fresh_min_fill,STRUCTURAL_COUNTERFACTUAL_NOT_TIMED_SOLVE,,,58,,3,128,1,7424,,,,,
workstation1,26,,transition_priority,STRUCTURAL_COUNTERFACTUAL_NOT_TIMED_SOLVE,,,58,,3,128,1,7424,,,,,
workstation1,26,,parent_plan,STRUCTURAL_COUNTERFACTUAL_NOT_TIMED_SOLVE,,,96,,4,128,1,12288,,,,,
workstation1,26,,repair_transfer,STRUCTURAL_COUNTERFACTUAL_NOT_TIMED_SOLVE,,,58,,3,128,1,7424,,,,,
workstation1,26,,tie_portfolio,STRUCTURAL_COUNTERFACTUAL_NOT_TIMED_SOLVE,,,58,,3,128,1,7424,,,,,
workstation1,26,,expanded_portfolio,STRUCTURAL_COUNTERFACTUAL_NOT_TIMED_SOLVE,,,58,,3,128,1,7424,,,,,
workstation1,26,,components,STRUCTURAL_ADMISSION,,,1100,,,,,,True,,,,
workstation1,26,,variable_elimination,STRUCTURAL_ADMISSION,,,64,,,,,,False,,,,
workstation1,26,,incremental_boundary,STRUCTURAL_ADMISSION,,,64,,,,,,False,,,,
workstation1,19,,fresh_min_fill,STRUCTURAL_COUNTERFACTUAL_NOT_TIMED_SOLVE,,,45,,3,64,1,2880,,,,,
workstation1,19,,transition_priority,STRUCTURAL_COUNTERFACTUAL_NOT_TIMED_SOLVE,,,45,,3,64,1,2880,,,,,
workstation1,19,,parent_plan,STRUCTURAL_COUNTERFACTUAL_NOT_TIMED_SOLVE,,,67,,4,64,1,4288,,,,,
workstation1,19,,repair_transfer,STRUCTURAL_COUNTERFACTUAL_NOT_TIMED_SOLVE,,,45,,3,64,1,2880,,,,,
workstation1,19,,tie_portfolio,STRUCTURAL_COUNTERFACTUAL_NOT_TIMED_SOLVE,,,45,,3,64,1,2880,,,,,
workstation1,19,,expanded_portfolio,STRUCTURAL_COUNTERFACTUAL_NOT_TIMED_SOLVE,,,45,,3,64,1,2880,,,,,
workstation1,19,,components,STRUCTURAL_ADMISSION,,,286,,,,,,True,,,,
workstation1,19,,variable_elimination,STRUCTURAL_ADMISSION,,,51,,,,,,True,,,,
workstation1,19,,incremental_boundary,STRUCTURAL_ADMISSION,,,51,,,,,,False,,,,
workstation1,13,,fresh_min_fill,STRUCTURAL_COUNTERFACTUAL_NOT_TIMED_SOLVE,,,36,,3,64,1,2304,,,,,
workstation1,13,,transition_priority,STRUCTURAL_COUNTERFACTUAL_NOT_TIMED_SOLVE,,,36,,3,64,1,2304,,,,,
workstation1,13,,parent_plan,STRUCTURAL_COUNTERFACTUAL_NOT_TIMED_SOLVE,,,58,,4,64,1,3712,,,,,
workstation1,13,,repair_transfer,STRUCTURAL_COUNTERFACTUAL_NOT_TIMED_SOLVE,,,36,,3,64,1,2304,,,,,
workstation1,13,,tie_portfolio,STRUCTURAL_COUNTERFACTUAL_NOT_TIMED_SOLVE,,,36,,3,64,1,2304,,,,,
workstation1,13,,expanded_portfolio,STRUCTURAL_COUNTERFACTUAL_NOT_TIMED_SOLVE,,,36,,3,64,1,2304,,,,,
workstation1,13,,components,STRUCTURAL_ADMISSION,,,266,,,,,,True,,,,
workstation1,13,,variable_elimination,STRUCTURAL_ADMISSION,,,42,,,,,,True,,,,
workstation1,13,,incremental_boundary,STRUCTURAL_ADMISSION,,,42,,,,,,True,,,,
workstation1,18,,fresh_min_fill,STRUCTURAL_COUNTERFACTUAL_NOT_TIMED_SOLVE,,,44,,3,64,1,2816,,,,,
workstation1,18,,transition_priority,STRUCTURAL_COUNTERFACTUAL_NOT_TIMED_SOLVE,,,44,,3,64,1,2816,,,,,
workstation1,18,,parent_plan,STRUCTURAL_COUNTERFACTUAL_NOT_TIMED_SOLVE,,,66,,4,64,1,4224,,,,,
workstation1,18,,repair_transfer,STRUCTURAL_COUNTERFACTUAL_NOT_TIMED_SOLVE,,,44,,3,64,1,2816,,,,,
workstation1,18,,tie_portfolio,STRUCTURAL_COUNTERFACTUAL_NOT_TIMED_SOLVE,,,44,,3,64,1,2816,,,,,
workstation1,18,,expanded_portfolio,STRUCTURAL_COUNTERFACTUAL_NOT_TIMED_SOLVE,,,44,,3,64,1,2816,,,,,
workstation1,18,,components,STRUCTURAL_ADMISSION,,,284,,,,,,True,,,,
workstation1,18,,variable_elimination,STRUCTURAL_ADMISSION,,,50,,,,,,True,,,,
workstation1,18,,incremental_boundary,STRUCTURAL_ADMISSION,,,50,,,,,,True,,,,
workstation1,19,,parent_plan,NEWLY_EXECUTED_EXACT,0.27243578096386045,2449052,824,True,,,,,,,,,
workstation1,18,,expanded_portfolio,NEWLY_EXECUTED_EXACT,0.26786410599015653,2341697,568,True,,,,,,,,,
workstation1,19,,repair_transfer,NEWLY_EXECUTED_EXACT,0.26214593497570604,2242072,588,True,,,,,,,,,
workstation1,13,,transition_priority,NEWLY_EXECUTED_EXACT,0.2817406410467811,1824554,458,True,,,,,,,,,
workstation1,15,,parent_plan,NEWLY_EXECUTED_EXACT,0.37293006002437323,2495108,742,True,,,,,,,,,
workstation1,12,,fresh_min_fill,NEWLY_EXECUTED_EXACT,0.28498951299116015,2588064,438,True,,,,,,,,,
workstation1,12,,expanded_portfolio,NEWLY_EXECUTED_EXACT,0.2897699580062181,2080531,438,True,,,,,,,,,
workstation1,1,,tie_portfolio,NEWLY_EXECUTED_EXACT,0.26872389198979363,678833,2,True,,,,,,,,,
workstation1,15,,tie_portfolio,NEWLY_EXECUTED_EXACT,0.36459730396745726,2049602,506,True,,,,,,,,,
workstation1,1,,repair_transfer,NEWLY_EXECUTED_EXACT,0.29268922499613836,697796,2,True,,,,,,,,,
workstation1,18,,fresh_min_fill,NEWLY_EXECUTED_EXACT,0.2866427669650875,2539256,568,True,,,,,,,,,
workstation1,15,,fresh_min_fill,NEWLY_EXECUTED_EXACT,0.3799362449790351,2860312,506,True,,,,,,,,,
workstation1,13,,fresh_min_fill,NEWLY_EXECUTED_EXACT,0.3018800279824063,1848067,458,True,,,,,,,,,
workstation1,19,,fresh_min_fill,NEWLY_EXECUTED_EXACT,0.2892941720201634,2269315,588,True,,,,,,,,,
workstation1,18,,tie_portfolio,NEWLY_EXECUTED_EXACT,0.31267583300359547,4056863,568,True,,,,,,,,,
workstation1,15,,expanded_portfolio,NEWLY_EXECUTED_EXACT,0.3613729579956271,2496155,506,True,,,,,,,,,
workstation1,1,,fresh_min_fill,NEWLY_EXECUTED_EXACT,0.28051627503009513,718674,2,True,,,,,,,,,
workstation1,13,,parent_plan,NEWLY_EXECUTED_EXACT,0.2689218180021271,1827720,694,True,,,,,,,,,
workstation1,19,,transition_priority,NEWLY_EXECUTED_EXACT,0.2582020130357705,2178234,588,True,,,,,,,,,
workstation1,13,,repair_transfer,NEWLY_EXECUTED_EXACT,0.28208331199130043,1752305,458,True,,,,,,,,,
workstation1,18,,repair_transfer,NEWLY_EXECUTED_EXACT,0.2567244070232846,2152458,568,True,,,,,,,,,
workstation1,15,,repair_transfer,NEWLY_EXECUTED_EXACT,0.33308448700699955,1920450,506,True,,,,,,,,,
workstation1,12,,repair_transfer,NEWLY_EXECUTED_EXACT,0.2685983620467596,1720675,438,True,,,,,,,,,
workstation1,1,,transition_priority,NEWLY_EXECUTED_EXACT,0.2558077650028281,647946,2,True,,,,,,,,,
workstation1,12,,transition_priority,NEWLY_EXECUTED_EXACT,0.2731472629820928,1722052,438,True,,,,,,,,,
workstation1,15,,transition_priority,NEWLY_EXECUTED_EXACT,0.32324882800458,1949321,506,True,,,,,,,,,
workstation1,18,,transition_priority,NEWLY_EXECUTED_EXACT,0.27150548400823027,2465577,568,True,,,,,,,,,
workstation1,1,,parent_plan,NEWLY_EXECUTED_EXACT,0.24792320100823417,648031,2,True,,,,,,,,,
workstation1,12,,parent_plan,NEWLY_EXECUTED_EXACT,0.26287020999006927,1827470,674,True,,,,,,,,,
workstation1,18,,parent_plan,NEWLY_EXECUTED_EXACT,0.2596499269711785,2215676,804,True,,,,,,,,,
workstation1,1,,expanded_portfolio,NEWLY_EXECUTED_EXACT,0.2510999609949067,649090,2,True,,,,,,,,,
workstation1,13,,expanded_portfolio,NEWLY_EXECUTED_EXACT,0.2727268350427039,1775923,458,True,,,,,,,,,
workstation1,19,,expanded_portfolio,NEWLY_EXECUTED_EXACT,0.259228109032847,2206189,588,True,,,,,,,,,
workstation1,12,,tie_portfolio,NEWLY_EXECUTED_EXACT,0.2675670739845373,1730552,438,True,,,,,,,,,
workstation1,13,,tie_portfolio,NEWLY_EXECUTED_EXACT,0.2672606850392185,1712074,458,True,,,,,,,,,
workstation1,19,,tie_portfolio,NEWLY_EXECUTED_EXACT,0.24975314200855792,2201588,588,True,,,,,,,,,
workstation1,17,,fresh_min_fill,STRUCTURAL_COUNTERFACTUAL_NOT_TIMED_SOLVE,,,42,,3,64,1,2688,,,,,
workstation1,17,,transition_priority,STRUCTURAL_COUNTERFACTUAL_NOT_TIMED_SOLVE,,,42,,3,64,1,2688,,,,,
workstation1,17,,parent_plan,STRUCTURAL_COUNTERFACTUAL_NOT_TIMED_SOLVE,,,64,,4,64,1,4096,,,,,
workstation1,17,,repair_transfer,STRUCTURAL_COUNTERFACTUAL_NOT_TIMED_SOLVE,,,42,,3,64,1,2688,,,,,
workstation1,17,,tie_portfolio,STRUCTURAL_COUNTERFACTUAL_NOT_TIMED_SOLVE,,,42,,3,64,1,2688,,,,,
workstation1,17,,expanded_portfolio,STRUCTURAL_COUNTERFACTUAL_NOT_TIMED_SOLVE,,,42,,3,64,1,2688,,,,,
workstation1,17,,components,STRUCTURAL_ADMISSION,,,282,,,,,,True,,,,
workstation1,17,,variable_elimination,STRUCTURAL_ADMISSION,,,48,,,,,,True,,,,
workstation1,17,,incremental_boundary,STRUCTURAL_ADMISSION,,,48,,,,,,True,,,,
workstation1,17,,parent_plan,NEWLY_EXECUTED_EXACT,0.2532938490039669,2110891,790,True,,,,,,,,,
workstation1,17,,transition_priority,NEWLY_EXECUTED_EXACT,0.2553911359864287,2022794,554,True,,,,,,,,,
workstation1,17,,expanded_portfolio,NEWLY_EXECUTED_EXACT,0.26183855097042397,1993906,554,True,,,,,,,,,
workstation1,17,,tie_portfolio,NEWLY_EXECUTED_EXACT,0.2572921409737319,2010768,554,True,,,,,,,,,
workstation1,17,,repair_transfer,NEWLY_EXECUTED_EXACT,0.25165850203484297,1997257,554,True,,,,,,,,,
workstation1,17,,fresh_min_fill,NEWLY_EXECUTED_EXACT,0.2511819200008176,2020198,554,True,,,,,,,,,
workstation1,27,,fresh_min_fill,STRUCTURAL_COUNTERFACTUAL_NOT_TIMED_SOLVE,,,68,,3,128,1,8704,,,,,
workstation1,27,,transition_priority,STRUCTURAL_COUNTERFACTUAL_NOT_TIMED_SOLVE,,,68,,3,128,1,8704,,,,,
workstation1,27,,parent_plan,STRUCTURAL_COUNTERFACTUAL_NOT_TIMED_SOLVE,,,164,,5,128,1,20992,,,,,
workstation1,27,,repair_transfer,STRUCTURAL_COUNTERFACTUAL_NOT_TIMED_SOLVE,,,68,,3,128,1,8704,,,,,
workstation1,27,,tie_portfolio,STRUCTURAL_COUNTERFACTUAL_NOT_TIMED_SOLVE,,,68,,3,128,1,8704,,,,,
workstation1,27,,expanded_portfolio,STRUCTURAL_COUNTERFACTUAL_NOT_TIMED_SOLVE,,,68,,3,128,1,8704,,,,,
workstation1,27,,components,STRUCTURAL_ADMISSION,,,131114,,,,,,True,,,,
workstation1,27,,variable_elimination,STRUCTURAL_ADMISSION,,,68,,,,,,False,,,,
workstation1,27,,incremental_boundary,STRUCTURAL_ADMISSION,,,68,,,,,,False,,,,
workstation1,20,,fresh_min_fill,STRUCTURAL_COUNTERFACTUAL_NOT_TIMED_SOLVE,,,47,,3,64,1,3008,,,,,
workstation1,20,,transition_priority,STRUCTURAL_COUNTERFACTUAL_NOT_TIMED_SOLVE,,,47,,3,64,1,3008,,,,,
workstation1,20,,parent_plan,STRUCTURAL_COUNTERFACTUAL_NOT_TIMED_SOLVE,,,69,,4,64,1,4416,,,,,
workstation1,20,,repair_transfer,STRUCTURAL_COUNTERFACTUAL_NOT_TIMED_SOLVE,,,47,,3,64,1,3008,,,,,
workstation1,20,,tie_portfolio,STRUCTURAL_COUNTERFACTUAL_NOT_TIMED_SOLVE,,,47,,3,64,1,3008,,,,,
workstation1,20,,expanded_portfolio,STRUCTURAL_COUNTERFACTUAL_NOT_TIMED_SOLVE,,,47,,3,64,1,3008,,,,,
workstation1,20,,components,STRUCTURAL_ADMISSION,,,542,,,,,,True,,,,
workstation1,20,,variable_elimination,STRUCTURAL_ADMISSION,,,53,,,,,,True,,,,
workstation1,20,,incremental_boundary,STRUCTURAL_ADMISSION,,,53,,,,,,False,,,,
workstation1,20,,parent_plan,NEWLY_EXECUTED_EXACT,0.25423102895729244,2333043,844,True,,,,,,,,,
workstation1,20,,transition_priority,NEWLY_EXECUTED_EXACT,0.25815221399534494,2291498,602,True,,,,,,,,,
workstation1,20,,expanded_portfolio,NEWLY_EXECUTED_EXACT,0.2530889179906808,2316889,602,True,,,,,,,,,
workstation1,20,,tie_portfolio,NEWLY_EXECUTED_EXACT,0.26157153001986444,2285011,602,True,,,,,,,,,
workstation1,20,,repair_transfer,NEWLY_EXECUTED_EXACT,0.2577545529929921,2291735,602,True,,,,,,,,,
workstation1,20,,fresh_min_fill,NEWLY_EXECUTED_EXACT,0.25708268501330167,2287095,602,True,,,,,,,,,
workstation1,8,,fresh_min_fill,STRUCTURAL_COUNTERFACTUAL_NOT_TIMED_SOLVE,,,11,,2,32,1,352,,,,,
workstation1,8,,transition_priority,STRUCTURAL_COUNTERFACTUAL_NOT_TIMED_SOLVE,,,11,,2,32,1,352,,,,,
workstation1,8,,parent_plan,STRUCTURAL_COUNTERFACTUAL_NOT_TIMED_SOLVE,,,11,,2,32,1,352,,,,,
workstation1,8,,repair_transfer,STRUCTURAL_COUNTERFACTUAL_NOT_TIMED_SOLVE,,,11,,2,32,1,352,,,,,
workstation1,8,,tie_portfolio,STRUCTURAL_COUNTERFACTUAL_NOT_TIMED_SOLVE,,,11,,2,32,1,352,,,,,
workstation1,8,,expanded_portfolio,STRUCTURAL_COUNTERFACTUAL_NOT_TIMED_SOLVE,,,11,,2,32,1,352,,,,,
workstation1,8,,components,STRUCTURAL_ADMISSION,,,24,,,,,,True,,,,
workstation1,8,,variable_elimination,STRUCTURAL_ADMISSION,,,17,,,,,,True,,,,
workstation1,8,,incremental_boundary,STRUCTURAL_ADMISSION,,,17,,,,,,True,,,,
workstation1,8,,parent_plan,NEWLY_EXECUTED_EXACT,0.2647115870495327,1193888,198,True,,,,,,,,,
workstation1,8,,expanded_portfolio,NEWLY_EXECUTED_EXACT,0.2478953970130533,1151269,198,True,,,,,,,,,
workstation1,8,,transition_priority,NEWLY_EXECUTED_EXACT,0.26464627898531035,1161798,198,True,,,,,,,,,
workstation1,8,,tie_portfolio,NEWLY_EXECUTED_EXACT,0.2579537680139765,1188641,198,True,,,,,,,,,
workstation1,8,,fresh_min_fill,NEWLY_EXECUTED_EXACT,0.25858322996646166,1209197,198,True,,,,,,,,,
workstation1,8,,repair_transfer,NEWLY_EXECUTED_EXACT,0.26048981002531946,1182663,198,True,,,,,,,,,
workstation1,14,,fresh_min_fill,STRUCTURAL_COUNTERFACTUAL_NOT_TIMED_SOLVE,,,38,,3,64,1,2432,,,,,
workstation1,14,,transition_priority,STRUCTURAL_COUNTERFACTUAL_NOT_TIMED_SOLVE,,,38,,3,64,1,2432,,,,,
workstation1,14,,parent_plan,STRUCTURAL_COUNTERFACTUAL_NOT_TIMED_SOLVE,,,60,,4,64,1,3840,,,,,
workstation1,14,,repair_transfer,STRUCTURAL_COUNTERFACTUAL_NOT_TIMED_SOLVE,,,38,,3,64,1,2432,,,,,
workstation1,14,,tie_portfolio,STRUCTURAL_COUNTERFACTUAL_NOT_TIMED_SOLVE,,,38,,3,64,1,2432,,,,,
workstation1,14,,expanded_portfolio,STRUCTURAL_COUNTERFACTUAL_NOT_TIMED_SOLVE,,,38,,3,64,1,2432,,,,,
workstation1,14,,components,STRUCTURAL_ADMISSION,,,270,,,,,,True,,,,
workstation1,14,,variable_elimination,STRUCTURAL_ADMISSION,,,44,,,,,,True,,,,
workstation1,14,,incremental_boundary,STRUCTURAL_ADMISSION,,,44,,,,,,True,,,,
workstation1,14,,expanded_portfolio,NEWLY_EXECUTED_EXACT,0.28902419505175203,1880270,486,True,,,,,,,,,
workstation1,14,,parent_plan,NEWLY_EXECUTED_EXACT,0.2843444389873184,1964819,722,True,,,,,,,,,
workstation1,14,,transition_priority,NEWLY_EXECUTED_EXACT,0.30571524100378156,1871605,486,True,,,,,,,,,
workstation1,14,,tie_portfolio,NEWLY_EXECUTED_EXACT,0.2943934760405682,1836518,486,True,,,,,,,,,
workstation1,14,,repair_transfer,NEWLY_EXECUTED_EXACT,0.2973886629915796,1876110,486,True,,,,,,,,,
workstation1,14,,fresh_min_fill,NEWLY_EXECUTED_EXACT,0.2903103769640438,1990320,486,True,,,,,,,,,
workstation1,23,,fresh_min_fill,STRUCTURAL_COUNTERFACTUAL_NOT_TIMED_SOLVE,,,52,,3,64,1,3328,,,,,
workstation1,23,,transition_priority,STRUCTURAL_COUNTERFACTUAL_NOT_TIMED_SOLVE,,,52,,3,64,1,3328,,,,,
workstation1,23,,parent_plan,STRUCTURAL_COUNTERFACTUAL_NOT_TIMED_SOLVE,,,82,,4,64,1,5248,,,,,
workstation1,23,,repair_transfer,STRUCTURAL_COUNTERFACTUAL_NOT_TIMED_SOLVE,,,52,,3,64,1,3328,,,,,
workstation1,23,,tie_portfolio,STRUCTURAL_COUNTERFACTUAL_NOT_TIMED_SOLVE,,,52,,3,64,1,3328,,,,,
workstation1,23,,expanded_portfolio,STRUCTURAL_COUNTERFACTUAL_NOT_TIMED_SOLVE,,,52,,3,64,1,3328,,,,,
workstation1,23,,components,STRUCTURAL_ADMISSION,,,1072,,,,,,True,,,,
workstation1,23,,variable_elimination,STRUCTURAL_ADMISSION,,,58,,,,,,False,,,,
workstation1,23,,incremental_boundary,STRUCTURAL_ADMISSION,,,58,,,,,,False,,,,
workstation1,2,,fresh_min_fill,STRUCTURAL_COUNTERFACTUAL_NOT_TIMED_SOLVE,,,0,,0,4,1,0,,,,,
workstation1,2,,transition_priority,STRUCTURAL_COUNTERFACTUAL_NOT_TIMED_SOLVE,,,0,,0,4,1,0,,,,,
workstation1,2,,parent_plan,STRUCTURAL_COUNTERFACTUAL_NOT_TIMED_SOLVE,,,0,,0,4,1,0,,,,,
workstation1,2,,repair_transfer,STRUCTURAL_COUNTERFACTUAL_NOT_TIMED_SOLVE,,,0,,0,4,1,0,,,,,
workstation1,2,,tie_portfolio,STRUCTURAL_COUNTERFACTUAL_NOT_TIMED_SOLVE,,,0,,0,4,1,0,,,,,
workstation1,2,,expanded_portfolio,STRUCTURAL_COUNTERFACTUAL_NOT_TIMED_SOLVE,,,0,,0,4,1,0,,,,,
workstation1,2,,components,STRUCTURAL_ADMISSION,,,4,,,,,,True,,,,
workstation1,2,,variable_elimination,STRUCTURAL_ADMISSION,,,3,,,,,,True,,,,
workstation1,2,,incremental_boundary,STRUCTURAL_ADMISSION,,,3,,,,,,True,,,,
workstation1,2,,transition_priority,NEWLY_EXECUTED_EXACT,0.25807856797473505,665541,12,True,,,,,,,,,
workstation1,2,,repair_transfer,NEWLY_EXECUTED_EXACT,0.2540797160472721,670035,12,True,,,,,,,,,
workstation1,2,,expanded_portfolio,NEWLY_EXECUTED_EXACT,0.24721188802504912,681797,12,True,,,,,,,,,
workstation1,2,,parent_plan,NEWLY_EXECUTED_EXACT,0.26114520605187863,694684,12,True,,,,,,,,,
workstation1,2,,tie_portfolio,NEWLY_EXECUTED_EXACT,0.25720199901843444,710894,12,True,,,,,,,,,
workstation1,2,,fresh_min_fill,NEWLY_EXECUTED_EXACT,0.24754722299985588,704483,12,True,,,,,,,,,
workstation1,16,,fresh_min_fill,STRUCTURAL_COUNTERFACTUAL_NOT_TIMED_SOLVE,,,41,,3,64,1,2624,,,,,
workstation1,16,,transition_priority,STRUCTURAL_COUNTERFACTUAL_NOT_TIMED_SOLVE,,,41,,3,64,1,2624,,,,,
workstation1,16,,parent_plan,STRUCTURAL_COUNTERFACTUAL_NOT_TIMED_SOLVE,,,63,,4,64,1,4032,,,,,
workstation1,16,,repair_transfer,STRUCTURAL_COUNTERFACTUAL_NOT_TIMED_SOLVE,,,41,,3,64,1,2624,,,,,
workstation1,16,,tie_portfolio,STRUCTURAL_COUNTERFACTUAL_NOT_TIMED_SOLVE,,,41,,3,64,1,2624,,,,,
workstation1,16,,expanded_portfolio,STRUCTURAL_COUNTERFACTUAL_NOT_TIMED_SOLVE,,,41,,3,64,1,2624,,,,,
workstation1,16,,components,STRUCTURAL_ADMISSION,,,280,,,,,,True,,,,
workstation1,16,,variable_elimination,STRUCTURAL_ADMISSION,,,47,,,,,,True,,,,
workstation1,16,,incremental_boundary,STRUCTURAL_ADMISSION,,,47,,,,,,True,,,,
workstation1,16,,expanded_portfolio,NEWLY_EXECUTED_EXACT,0.3879566270043142,1989329,534,True,,,,,,,,,
workstation1,16,,parent_plan,NEWLY_EXECUTED_EXACT,0.4017323239822872,2045633,770,True,,,,,,,,,
workstation1,16,,transition_priority,NEWLY_EXECUTED_EXACT,0.39634581602877006,1960145,534,True,,,,,,,,,
workstation1,16,,tie_portfolio,NEWLY_EXECUTED_EXACT,0.40119180094916373,1897737,534,True,,,,,,,,,
workstation1,16,,repair_transfer,NEWLY_EXECUTED_EXACT,0.40360751398839056,2007099,534,True,,,,,,,,,
workstation1,16,,fresh_min_fill,NEWLY_EXECUTED_EXACT,0.4018376669846475,1897431,534,True,,,,,,,,,
workstation1,5,,fresh_min_fill,STRUCTURAL_COUNTERFACTUAL_NOT_TIMED_SOLVE,,,1,,0,8,1,8,,,,,
workstation1,5,,transition_priority,STRUCTURAL_COUNTERFACTUAL_NOT_TIMED_SOLVE,,,1,,0,8,1,8,,,,,
workstation1,5,,parent_plan,STRUCTURAL_COUNTERFACTUAL_NOT_TIMED_SOLVE,,,1,,0,8,1,8,,,,,
workstation1,5,,repair_transfer,STRUCTURAL_COUNTERFACTUAL_NOT_TIMED_SOLVE,,,1,,0,8,1,8,,,,,
workstation1,5,,tie_portfolio,STRUCTURAL_COUNTERFACTUAL_NOT_TIMED_SOLVE,,,1,,0,8,1,8,,,,,
workstation1,5,,expanded_portfolio,STRUCTURAL_COUNTERFACTUAL_NOT_TIMED_SOLVE,,,1,,0,8,1,8,,,,,
workstation1,5,,components,STRUCTURAL_ADMISSION,,,10,,,,,,True,,,,
workstation1,5,,variable_elimination,STRUCTURAL_ADMISSION,,,7,,,,,,True,,,,
workstation1,5,,incremental_boundary,STRUCTURAL_ADMISSION,,,7,,,,,,True,,,,
workstation1,5,,expanded_portfolio,NEWLY_EXECUTED_EXACT,0.2481134569970891,936186,116,True,,,,,,,,,
workstation1,5,,parent_plan,NEWLY_EXECUTED_EXACT,0.24502494104672223,964808,116,True,,,,,,,,,
workstation1,5,,transition_priority,NEWLY_EXECUTED_EXACT,0.25901951402192935,967205,116,True,,,,,,,,,
workstation1,5,,tie_portfolio,NEWLY_EXECUTED_EXACT,0.2448165339883417,952371,116,True,,,,,,,,,
workstation1,5,,fresh_min_fill,NEWLY_EXECUTED_EXACT,0.2552028969512321,923715,116,True,,,,,,,,,
workstation1,5,,repair_transfer,NEWLY_EXECUTED_EXACT,0.2544709949870594,901015,116,True,,,,,,,,,
workstation1,25,,fresh_min_fill,STRUCTURAL_COUNTERFACTUAL_NOT_TIMED_SOLVE,,,57,,3,128,1,7296,,,,,
workstation1,25,,transition_priority,STRUCTURAL_COUNTERFACTUAL_NOT_TIMED_SOLVE,,,57,,3,128,1,7296,,,,,
workstation1,25,,parent_plan,STRUCTURAL_COUNTERFACTUAL_NOT_TIMED_SOLVE,,,95,,4,128,1,12160,,,,,
workstation1,25,,repair_transfer,STRUCTURAL_COUNTERFACTUAL_NOT_TIMED_SOLVE,,,57,,3,128,1,7296,,,,,
workstation1,25,,tie_portfolio,STRUCTURAL_COUNTERFACTUAL_NOT_TIMED_SOLVE,,,57,,3,128,1,7296,,,,,
workstation1,25,,expanded_portfolio,STRUCTURAL_COUNTERFACTUAL_NOT_TIMED_SOLVE,,,57,,3,128,1,7296,,,,,
workstation1,25,,components,STRUCTURAL_ADMISSION,,,1098,,,,,,True,,,,
workstation1,25,,variable_elimination,STRUCTURAL_ADMISSION,,,63,,,,,,False,,,,
workstation1,25,,incremental_boundary,STRUCTURAL_ADMISSION,,,63,,,,,,False,,,,
workstation1,30,,fresh_min_fill,STRUCTURAL_COUNTERFACTUAL_NOT_TIMED_SOLVE,,,74,,3,128,2,18944,,,,,
workstation1,30,,transition_priority,STRUCTURAL_COUNTERFACTUAL_NOT_TIMED_SOLVE,,,74,,3,128,2,18944,,,,,
workstation1,30,,parent_plan,STRUCTURAL_COUNTERFACTUAL_NOT_TIMED_SOLVE,,,660,,5,128,2,168960,,,,,
workstation1,30,,repair_transfer,STRUCTURAL_COUNTERFACTUAL_NOT_TIMED_SOLVE,,,74,,3,128,2,18944,,,,,
workstation1,30,,tie_portfolio,STRUCTURAL_COUNTERFACTUAL_NOT_TIMED_SOLVE,,,74,,3,128,2,18944,,,,,
workstation1,30,,expanded_portfolio,STRUCTURAL_COUNTERFACTUAL_NOT_TIMED_SOLVE,,,74,,3,128,2,18944,,,,,
workstation1,30,,components,STRUCTURAL_ADMISSION,,,16777228,,,,,,False,,,,
workstation1,30,,variable_elimination,STRUCTURAL_ADMISSION,,,74,,,,,,False,,,,
workstation1,30,,incremental_boundary,STRUCTURAL_ADMISSION,,,74,,,,,,False,,,,
workstation1,9,,fresh_min_fill,STRUCTURAL_COUNTERFACTUAL_NOT_TIMED_SOLVE,,,15,,2,32,1,480,,,,,
workstation1,9,,transition_priority,STRUCTURAL_COUNTERFACTUAL_NOT_TIMED_SOLVE,,,15,,2,32,1,480,,,,,
workstation1,9,,parent_plan,STRUCTURAL_COUNTERFACTUAL_NOT_TIMED_SOLVE,,,15,,2,32,1,480,,,,,
workstation1,9,,repair_transfer,STRUCTURAL_COUNTERFACTUAL_NOT_TIMED_SOLVE,,,15,,2,32,1,480,,,,,
workstation1,9,,tie_portfolio,STRUCTURAL_COUNTERFACTUAL_NOT_TIMED_SOLVE,,,15,,2,32,1,480,,,,,
workstation1,9,,expanded_portfolio,STRUCTURAL_COUNTERFACTUAL_NOT_TIMED_SOLVE,,,15,,2,32,1,480,,,,,
workstation1,9,,components,STRUCTURAL_ADMISSION,,,40,,,,,,True,,,,
workstation1,9,,variable_elimination,STRUCTURAL_ADMISSION,,,21,,,,,,True,,,,
workstation1,9,,incremental_boundary,STRUCTURAL_ADMISSION,,,21,,,,,,True,,,,
workstation1,9,,expanded_portfolio,NEWLY_EXECUTED_EXACT,0.2510952960001305,1245627,238,True,,,,,,,,,
workstation1,9,,parent_plan,NEWLY_EXECUTED_EXACT,0.25934576598228887,1220902,238,True,,,,,,,,,
workstation1,9,,transition_priority,NEWLY_EXECUTED_EXACT,0.25181817199336365,1246053,238,True,,,,,,,,,
workstation1,9,,tie_portfolio,NEWLY_EXECUTED_EXACT,0.26224632398225367,2002105,238,True,,,,,,,,,
workstation1,9,,fresh_min_fill,NEWLY_EXECUTED_EXACT,0.24956837599165738,1248800,238,True,,,,,,,,,
workstation1,9,,repair_transfer,NEWLY_EXECUTED_EXACT,0.2571678060339764,1215216,238,True,,,,,,,,,
workstation1,4,,fresh_min_fill,STRUCTURAL_COUNTERFACTUAL_NOT_TIMED_SOLVE,,,0,,0,8,1,0,,,,,
workstation1,4,,transition_priority,STRUCTURAL_COUNTERFACTUAL_NOT_TIMED_SOLVE,,,0,,0,8,1,0,,,,,
workstation1,4,,parent_plan,STRUCTURAL_COUNTERFACTUAL_NOT_TIMED_SOLVE,,,0,,0,8,1,0,,,,,
workstation1,4,,repair_transfer,STRUCTURAL_COUNTERFACTUAL_NOT_TIMED_SOLVE,,,0,,0,8,1,0,,,,,
workstation1,4,,tie_portfolio,STRUCTURAL_COUNTERFACTUAL_NOT_TIMED_SOLVE,,,0,,0,8,1,0,,,,,
workstation1,4,,expanded_portfolio,STRUCTURAL_COUNTERFACTUAL_NOT_TIMED_SOLVE,,,0,,0,8,1,0,,,,,
workstation1,4,,components,STRUCTURAL_ADMISSION,,,8,,,,,,True,,,,
workstation1,4,,variable_elimination,STRUCTURAL_ADMISSION,,,6,,,,,,True,,,,
workstation1,4,,incremental_boundary,STRUCTURAL_ADMISSION,,,6,,,,,,True,,,,
workstation1,4,,expanded_portfolio,NEWLY_EXECUTED_EXACT,0.24952040304196998,833625,96,True,,,,,,,,,
workstation1,4,,transition_priority,NEWLY_EXECUTED_EXACT,0.2579016169765964,868497,96,True,,,,,,,,,
workstation1,4,,fresh_min_fill,NEWLY_EXECUTED_EXACT,0.26368008699500933,832024,96,True,,,,,,,,,
workstation1,4,,repair_transfer,NEWLY_EXECUTED_EXACT,0.25417705497238785,838715,96,True,,,,,,,,,
workstation1,4,,tie_portfolio,NEWLY_EXECUTED_EXACT,0.2542310659773648,850437,96,True,,,,,,,,,
workstation1,4,,parent_plan,NEWLY_EXECUTED_EXACT,0.2487521090079099,818569,96,True,,,,,,,,,
workstation1,3,,fresh_min_fill,STRUCTURAL_COUNTERFACTUAL_NOT_TIMED_SOLVE,,,0,,0,8,1,0,,,,,
workstation1,3,,transition_priority,STRUCTURAL_COUNTERFACTUAL_NOT_TIMED_SOLVE,,,0,,0,8,1,0,,,,,
workstation1,3,,parent_plan,STRUCTURAL_COUNTERFACTUAL_NOT_TIMED_SOLVE,,,0,,0,8,1,0,,,,,
workstation1,3,,repair_transfer,STRUCTURAL_COUNTERFACTUAL_NOT_TIMED_SOLVE,,,0,,0,8,1,0,,,,,
workstation1,3,,tie_portfolio,STRUCTURAL_COUNTERFACTUAL_NOT_TIMED_SOLVE,,,0,,0,8,1,0,,,,,
workstation1,3,,expanded_portfolio,STRUCTURAL_COUNTERFACTUAL_NOT_TIMED_SOLVE,,,0,,0,8,1,0,,,,,
workstation1,3,,components,STRUCTURAL_ADMISSION,,,6,,,,,,True,,,,
workstation1,3,,variable_elimination,STRUCTURAL_ADMISSION,,,4,,,,,,True,,,,
workstation1,3,,incremental_boundary,STRUCTURAL_ADMISSION,,,4,,,,,,True,,,,
workstation1,3,,parent_plan,NEWLY_EXECUTED_EXACT,0.24912136601051316,774596,32,True,,,,,,,,,
workstation1,3,,expanded_portfolio,NEWLY_EXECUTED_EXACT,0.25120864500058815,798375,32,True,,,,,,,,,
workstation1,3,,tie_portfolio,NEWLY_EXECUTED_EXACT,0.2544958440121263,754931,32,True,,,,,,,,,
workstation1,3,,fresh_min_fill,NEWLY_EXECUTED_EXACT,0.24657076701987535,801729,32,True,,,,,,,,,
workstation1,3,,transition_priority,NEWLY_EXECUTED_EXACT,0.2490010759793222,763293,32,True,,,,,,,,,
workstation1,3,,repair_transfer,NEWLY_EXECUTED_EXACT,0.25753030995838344,720694,32,True,,,,,,,,,
workstation1,10,,fresh_min_fill,STRUCTURAL_COUNTERFACTUAL_NOT_TIMED_SOLVE,,,31,,3,32,1,992,,,,,
workstation1,10,,transition_priority,STRUCTURAL_COUNTERFACTUAL_NOT_TIMED_SOLVE,,,31,,3,32,1,992,,,,,
workstation1,10,,parent_plan,STRUCTURAL_COUNTERFACTUAL_NOT_TIMED_SOLVE,,,31,,3,32,1,992,,,,,
workstation1,10,,repair_transfer,STRUCTURAL_COUNTERFACTUAL_NOT_TIMED_SOLVE,,,31,,3,32,1,992,,,,,
workstation1,10,,tie_portfolio,STRUCTURAL_COUNTERFACTUAL_NOT_TIMED_SOLVE,,,31,,3,32,1,992,,,,,
workstation1,10,,expanded_portfolio,STRUCTURAL_COUNTERFACTUAL_NOT_TIMED_SOLVE,,,31,,3,32,1,992,,,,,
workstation1,10,,components,STRUCTURAL_ADMISSION,,,72,,,,,,True,,,,
workstation1,10,,variable_elimination,STRUCTURAL_ADMISSION,,,37,,,,,,True,,,,
workstation1,10,,incremental_boundary,STRUCTURAL_ADMISSION,,,37,,,,,,True,,,,
workstation1,10,,expanded_portfolio,NEWLY_EXECUTED_EXACT,0.2585284559754655,1444211,406,True,,,,,,,,,
workstation1,10,,parent_plan,NEWLY_EXECUTED_EXACT,0.2568500920315273,1483588,406,True,,,,,,,,,
workstation1,10,,transition_priority,NEWLY_EXECUTED_EXACT,0.2682979659875855,1512708,406,True,,,,,,,,,
workstation1,10,,tie_portfolio,NEWLY_EXECUTED_EXACT,0.2614201310207136,1446174,406,True,,,,,,,,,
workstation1,10,,fresh_min_fill,NEWLY_EXECUTED_EXACT,0.2479506100062281,1447353,406,True,,,,,,,,,
workstation1,10,,repair_transfer,NEWLY_EXECUTED_EXACT,0.25087127200094983,1488523,406,True,,,,,,,,,
workstation1,6,,fresh_min_fill,STRUCTURAL_COUNTERFACTUAL_NOT_TIMED_SOLVE,,,3,,1,16,1,48,,,,,
workstation1,6,,transition_priority,STRUCTURAL_COUNTERFACTUAL_NOT_TIMED_SOLVE,,,3,,1,16,1,48,,,,,
workstation1,6,,parent_plan,STRUCTURAL_COUNTERFACTUAL_NOT_TIMED_SOLVE,,,3,,1,16,1,48,,,,,
workstation1,6,,repair_transfer,STRUCTURAL_COUNTERFACTUAL_NOT_TIMED_SOLVE,,,3,,1,16,1,48,,,,,
workstation1,6,,tie_portfolio,STRUCTURAL_COUNTERFACTUAL_NOT_TIMED_SOLVE,,,3,,1,16,1,48,,,,,
workstation1,6,,expanded_portfolio,STRUCTURAL_COUNTERFACTUAL_NOT_TIMED_SOLVE,,,3,,1,16,1,48,,,,,
workstation1,6,,components,STRUCTURAL_ADMISSION,,,12,,,,,,True,,,,
workstation1,6,,variable_elimination,STRUCTURAL_ADMISSION,,,9,,,,,,True,,,,
workstation1,6,,incremental_boundary,STRUCTURAL_ADMISSION,,,9,,,,,,True,,,,
workstation1,6,,expanded_portfolio,NEWLY_EXECUTED_EXACT,0.26465570100117475,959718,130,True,,,,,,,,,
workstation1,6,,parent_plan,NEWLY_EXECUTED_EXACT,0.261410748003982,1008059,130,True,,,,,,,,,
workstation1,6,,transition_priority,NEWLY_EXECUTED_EXACT,0.2627235960098915,1043446,130,True,,,,,,,,,
workstation1,6,,tie_portfolio,NEWLY_EXECUTED_EXACT,0.2614126739790663,999020,130,True,,,,,,,,,
workstation1,6,,fresh_min_fill,NEWLY_EXECUTED_EXACT,0.26324703299906105,1000703,130,True,,,,,,,,,
workstation1,6,,repair_transfer,NEWLY_EXECUTED_EXACT,0.25299288699170575,1009792,130,True,,,,,,,,,
workstation1,11,,fresh_min_fill,STRUCTURAL_COUNTERFACTUAL_NOT_TIMED_SOLVE,,,33,,3,32,1,1056,,,,,
workstation1,11,,transition_priority,STRUCTURAL_COUNTERFACTUAL_NOT_TIMED_SOLVE,,,33,,3,32,1,1056,,,,,
workstation1,11,,parent_plan,STRUCTURAL_COUNTERFACTUAL_NOT_TIMED_SOLVE,,,55,,4,32,1,1760,,,,,
workstation1,11,,repair_transfer,STRUCTURAL_COUNTERFACTUAL_NOT_TIMED_SOLVE,,,33,,3,32,1,1056,,,,,
workstation1,11,,tie_portfolio,STRUCTURAL_COUNTERFACTUAL_NOT_TIMED_SOLVE,,,33,,3,32,1,1056,,,,,
workstation1,11,,expanded_portfolio,STRUCTURAL_COUNTERFACTUAL_NOT_TIMED_SOLVE,,,33,,3,32,1,1056,,,,,
workstation1,11,,components,STRUCTURAL_ADMISSION,,,136,,,,,,True,,,,
workstation1,11,,variable_elimination,STRUCTURAL_ADMISSION,,,39,,,,,,True,,,,
workstation1,11,,incremental_boundary,STRUCTURAL_ADMISSION,,,39,,,,,,True,,,,
workstation1,11,,expanded_portfolio,NEWLY_EXECUTED_EXACT,0.2685986389988102,1552236,422,True,,,,,,,,,
workstation1,11,,parent_plan,NEWLY_EXECUTED_EXACT,0.27011390100233257,1732148,658,True,,,,,,,,,
workstation1,11,,transition_priority,NEWLY_EXECUTED_EXACT,0.26414907700382173,1637725,422,True,,,,,,,,,
workstation1,11,,tie_portfolio,NEWLY_EXECUTED_EXACT,0.2501974120386876,1544282,422,True,,,,,,,,,
workstation1,11,,fresh_min_fill,NEWLY_EXECUTED_EXACT,0.25537218002136797,1585451,422,True,,,,,,,,,
workstation1,11,,repair_transfer,NEWLY_EXECUTED_EXACT,0.2544859300251119,1656017,422,True,,,,,,,,,
workstation1,7,,fresh_min_fill,STRUCTURAL_COUNTERFACTUAL_NOT_TIMED_SOLVE,,,5,,1,16,1,80,,,,,
workstation1,7,,transition_priority,STRUCTURAL_COUNTERFACTUAL_NOT_TIMED_SOLVE,,,5,,1,16,1,80,,,,,
workstation1,7,,parent_plan,STRUCTURAL_COUNTERFACTUAL_NOT_TIMED_SOLVE,,,5,,1,16,1,80,,,,,
workstation1,7,,repair_transfer,STRUCTURAL_COUNTERFACTUAL_NOT_TIMED_SOLVE,,,5,,1,16,1,80,,,,,
workstation1,7,,tie_portfolio,STRUCTURAL_COUNTERFACTUAL_NOT_TIMED_SOLVE,,,5,,1,16,1,80,,,,,
workstation1,7,,expanded_portfolio,STRUCTURAL_COUNTERFACTUAL_NOT_TIMED_SOLVE,,,5,,1,16,1,80,,,,,
workstation1,7,,components,STRUCTURAL_ADMISSION,,,16,,,,,,True,,,,
workstation1,7,,variable_elimination,STRUCTURAL_ADMISSION,,,11,,,,,,True,,,,
workstation1,7,,incremental_boundary,STRUCTURAL_ADMISSION,,,11,,,,,,True,,,,
workstation1,7,,expanded_portfolio,NEWLY_EXECUTED_EXACT,0.2610568990348838,1101322,146,True,,,,,,,,,
workstation1,7,,parent_plan,NEWLY_EXECUTED_EXACT,0.2573632269632071,1086778,146,True,,,,,,,,,
workstation1,7,,transition_priority,NEWLY_EXECUTED_EXACT,0.25248474697582424,1093004,146,True,,,,,,,,,
workstation1,7,,tie_portfolio,NEWLY_EXECUTED_EXACT,0.25860045896843076,1032056,146,True,,,,,,,,,
workstation1,7,,fresh_min_fill,NEWLY_EXECUTED_EXACT,0.2503363460418768,1052252,146,True,,,,,,,,,
workstation1,7,,repair_transfer,NEWLY_EXECUTED_EXACT,0.24721729499287903,1048445,146,True,,,,,,,,,
workstation1,31,,fresh_min_fill,STRUCTURAL_COUNTERFACTUAL_NOT_TIMED_SOLVE,,,77,,3,128,2,19712,,,,,
workstation1,31,,transition_priority,STRUCTURAL_COUNTERFACTUAL_NOT_TIMED_SOLVE,,,77,,3,128,2,19712,,,,,
workstation1,31,,parent_plan,STRUCTURAL_COUNTERFACTUAL_NOT_TIMED_SOLVE,,,1320,,5,128,2,337920,,,,,
workstation1,31,,repair_transfer,STRUCTURAL_COUNTERFACTUAL_NOT_TIMED_SOLVE,,,77,,3,128,2,19712,,,,,
workstation1,31,,tie_portfolio,STRUCTURAL_COUNTERFACTUAL_NOT_TIMED_SOLVE,,,77,,3,128,2,19712,,,,,
workstation1,31,,expanded_portfolio,STRUCTURAL_COUNTERFACTUAL_NOT_TIMED_SOLVE,,,77,,3,128,2,19712,,,,,
workstation1,31,,components,STRUCTURAL_ADMISSION,,,67108874,,,,,,False,,,,
workstation1,31,,variable_elimination,STRUCTURAL_ADMISSION,,,77,,,,,,False,,,,
workstation1,31,,incremental_boundary,STRUCTURAL_ADMISSION,,,77,,,,,,False,,,,
workstation1,32,,fresh_min_fill,STRUCTURAL_COUNTERFACTUAL_NOT_TIMED_SOLVE,,,78,,3,128,2,19968,,,,,
workstation1,32,,transition_priority,STRUCTURAL_COUNTERFACTUAL_NOT_TIMED_SOLVE,,,78,,3,128,2,19968,,,,,
workstation1,32,,parent_plan,STRUCTURAL_COUNTERFACTUAL_NOT_TIMED_SOLVE,,,1328,,5,128,2,339968,,,,,
workstation1,32,,repair_transfer,STRUCTURAL_COUNTERFACTUAL_NOT_TIMED_SOLVE,,,78,,3,128,2,19968,,,,,
workstation1,32,,tie_portfolio,STRUCTURAL_COUNTERFACTUAL_NOT_TIMED_SOLVE,,,78,,3,128,2,19968,,,,,
workstation1,32,,expanded_portfolio,STRUCTURAL_COUNTERFACTUAL_NOT_TIMED_SOLVE,,,78,,3,128,2,19968,,,,,
workstation1,32,,components,STRUCTURAL_ADMISSION,,,67108876,,,,,,False,,,,
workstation1,32,,variable_elimination,STRUCTURAL_ADMISSION,,,78,,,,,,False,,,,
workstation1,32,,incremental_boundary,STRUCTURAL_ADMISSION,,,78,,,,,,False,,,,
workstation1,33,,fresh_min_fill,STRUCTURAL_COUNTERFACTUAL_NOT_TIMED_SOLVE,,,80,,3,128,2,20480,,,,,
workstation1,33,,transition_priority,STRUCTURAL_COUNTERFACTUAL_NOT_TIMED_SOLVE,,,80,,3,128,2,20480,,,,,
workstation1,33,,parent_plan,STRUCTURAL_COUNTERFACTUAL_NOT_TIMED_SOLVE,,,1344,,5,128,2,344064,,,,,
workstation1,33,,repair_transfer,STRUCTURAL_COUNTERFACTUAL_NOT_TIMED_SOLVE,,,80,,3,128,2,20480,,,,,
workstation1,33,,tie_portfolio,STRUCTURAL_COUNTERFACTUAL_NOT_TIMED_SOLVE,,,80,,3,128,2,20480,,,,,
workstation1,33,,expanded_portfolio,STRUCTURAL_COUNTERFACTUAL_NOT_TIMED_SOLVE,,,80,,3,128,2,20480,,,,,
workstation1,33,,components,STRUCTURAL_ADMISSION,,,134217740,,,,,,False,,,,
workstation1,33,,variable_elimination,STRUCTURAL_ADMISSION,,,80,,,,,,False,,,,
workstation1,33,,incremental_boundary,STRUCTURAL_ADMISSION,,,80,,,,,,False,,,,
workstation1,34,,fresh_min_fill,STRUCTURAL_COUNTERFACTUAL_NOT_TIMED_SOLVE,,,81,,3,128,2,20736,,,,,
workstation1,34,,transition_priority,STRUCTURAL_COUNTERFACTUAL_NOT_TIMED_SOLVE,,,81,,3,128,2,20736,,,,,
workstation1,34,,parent_plan,STRUCTURAL_COUNTERFACTUAL_NOT_TIMED_SOLVE,,,1352,,5,128,2,346112,,,,,
workstation1,34,,repair_transfer,STRUCTURAL_COUNTERFACTUAL_NOT_TIMED_SOLVE,,,81,,3,128,2,20736,,,,,
workstation1,34,,tie_portfolio,STRUCTURAL_COUNTERFACTUAL_NOT_TIMED_SOLVE,,,81,,3,128,2,20736,,,,,
workstation1,34,,expanded_portfolio,STRUCTURAL_COUNTERFACTUAL_NOT_TIMED_SOLVE,,,81,,3,128,2,20736,,,,,
workstation1,34,,components,STRUCTURAL_ADMISSION,,,134217742,,,,,,False,,,,
workstation1,34,,variable_elimination,STRUCTURAL_ADMISSION,,,81,,,,,,False,,,,
workstation1,34,,incremental_boundary,STRUCTURAL_ADMISSION,,,81,,,,,,False,,,,
workstation1,35,,fresh_min_fill,STRUCTURAL_COUNTERFACTUAL_NOT_TIMED_SOLVE,,,82,,3,128,2,20992,,,,,
workstation1,35,,transition_priority,STRUCTURAL_COUNTERFACTUAL_NOT_TIMED_SOLVE,,,82,,3,128,2,20992,,,,,
workstation1,35,,parent_plan,STRUCTURAL_COUNTERFACTUAL_NOT_TIMED_SOLVE,,,1360,,5,128,2,348160,,,,,
workstation1,35,,repair_transfer,STRUCTURAL_COUNTERFACTUAL_NOT_TIMED_SOLVE,,,82,,3,128,2,20992,,,,,
workstation1,35,,tie_portfolio,STRUCTURAL_COUNTERFACTUAL_NOT_TIMED_SOLVE,,,82,,3,128,2,20992,,,,,
workstation1,35,,expanded_portfolio,STRUCTURAL_COUNTERFACTUAL_NOT_TIMED_SOLVE,,,82,,3,128,2,20992,,,,,
workstation1,35,,components,STRUCTURAL_ADMISSION,,,134217744,,,,,,False,,,,
workstation1,35,,variable_elimination,STRUCTURAL_ADMISSION,,,82,,,,,,False,,,,
workstation1,35,,incremental_boundary,STRUCTURAL_ADMISSION,,,82,,,,,,False,,,,
workstation1,36,,fresh_min_fill,STRUCTURAL_COUNTERFACTUAL_NOT_TIMED_SOLVE,,,89,,3,128,2,22784,,,,,
workstation1,36,,transition_priority,STRUCTURAL_COUNTERFACTUAL_NOT_TIMED_SOLVE,,,89,,3,128,2,22784,,,,,
workstation1,36,,parent_plan,STRUCTURAL_COUNTERFACTUAL_NOT_TIMED_SOLVE,,,1416,,5,128,2,362496,,,,,
workstation1,36,,repair_transfer,STRUCTURAL_COUNTERFACTUAL_NOT_TIMED_SOLVE,,,89,,3,128,2,22784,,,,,
workstation1,36,,tie_portfolio,STRUCTURAL_COUNTERFACTUAL_NOT_TIMED_SOLVE,,,89,,3,128,2,22784,,,,,
workstation1,36,,expanded_portfolio,STRUCTURAL_COUNTERFACTUAL_NOT_TIMED_SOLVE,,,89,,3,128,2,22784,,,,,
workstation1,36,,components,STRUCTURAL_ADMISSION,,,536870926,,,,,,False,,,,
workstation1,36,,variable_elimination,STRUCTURAL_ADMISSION,,,93,,,,,,False,,,,
workstation1,36,,incremental_boundary,STRUCTURAL_ADMISSION,,,93,,,,,,False,,,,
workstation1,37,,fresh_min_fill,STRUCTURAL_COUNTERFACTUAL_NOT_TIMED_SOLVE,,,94,,3,128,2,24064,,,,,
workstation1,37,,transition_priority,STRUCTURAL_COUNTERFACTUAL_NOT_TIMED_SOLVE,,,94,,3,128,2,24064,,,,,
workstation1,37,,parent_plan,STRUCTURAL_COUNTERFACTUAL_NOT_TIMED_SOLVE,,,1536,,5,128,2,393216,,,,,
workstation1,37,,repair_transfer,STRUCTURAL_COUNTERFACTUAL_NOT_TIMED_SOLVE,,,94,,3,128,2,24064,,,,,
workstation1,37,,tie_portfolio,STRUCTURAL_COUNTERFACTUAL_NOT_TIMED_SOLVE,,,94,,3,128,2,24064,,,,,
workstation1,37,,expanded_portfolio,STRUCTURAL_COUNTERFACTUAL_NOT_TIMED_SOLVE,,,94,,3,128,2,24064,,,,,
workstation1,37,,components,STRUCTURAL_ADMISSION,,,2147483660,,,,,,False,,,,
workstation1,37,,variable_elimination,STRUCTURAL_ADMISSION,,,98,,,,,,False,,,,
workstation1,37,,incremental_boundary,STRUCTURAL_ADMISSION,,,98,,,,,,False,,,,
workstation1,38,,fresh_min_fill,STRUCTURAL_COUNTERFACTUAL_NOT_TIMED_SOLVE,,,96,,3,128,2,24576,,,,,
workstation1,38,,transition_priority,STRUCTURAL_COUNTERFACTUAL_NOT_TIMED_SOLVE,,,96,,3,128,2,24576,,,,,
workstation1,38,,parent_plan,STRUCTURAL_COUNTERFACTUAL_NOT_TIMED_SOLVE,,,1552,,5,128,2,397312,,,,,
workstation1,38,,repair_transfer,STRUCTURAL_COUNTERFACTUAL_NOT_TIMED_SOLVE,,,96,,3,128,2,24576,,,,,
workstation1,38,,tie_portfolio,STRUCTURAL_COUNTERFACTUAL_NOT_TIMED_SOLVE,,,96,,3,128,2,24576,,,,,
workstation1,38,,expanded_portfolio,STRUCTURAL_COUNTERFACTUAL_NOT_TIMED_SOLVE,,,96,,3,128,2,24576,,,,,
workstation1,38,,components,STRUCTURAL_ADMISSION,,,4294967308,,,,,,False,,,,
workstation1,38,,variable_elimination,STRUCTURAL_ADMISSION,,,100,,,,,,False,,,,
workstation1,38,,incremental_boundary,STRUCTURAL_ADMISSION,,,100,,,,,,False,,,,
workstation1,39,,fresh_min_fill,STRUCTURAL_COUNTERFACTUAL_NOT_TIMED_SOLVE,,,98,,3,128,2,25088,,,,,
workstation1,39,,transition_priority,STRUCTURAL_COUNTERFACTUAL_NOT_TIMED_SOLVE,,,98,,3,128,2,25088,,,,,
workstation1,39,,parent_plan,STRUCTURAL_COUNTERFACTUAL_NOT_TIMED_SOLVE,,,1568,,5,128,2,401408,,,,,
workstation1,39,,repair_transfer,STRUCTURAL_COUNTERFACTUAL_NOT_TIMED_SOLVE,,,98,,3,128,2,25088,,,,,
workstation1,39,,tie_portfolio,STRUCTURAL_COUNTERFACTUAL_NOT_TIMED_SOLVE,,,98,,3,128,2,25088,,,,,
workstation1,39,,expanded_portfolio,STRUCTURAL_COUNTERFACTUAL_NOT_TIMED_SOLVE,,,98,,3,128,2,25088,,,,,
workstation1,39,,components,STRUCTURAL_ADMISSION,,,4294967312,,,,,,False,,,,
workstation1,39,,variable_elimination,STRUCTURAL_ADMISSION,,,102,,,,,,False,,,,
workstation1,39,,incremental_boundary,STRUCTURAL_ADMISSION,,,102,,,,,,False,,,,
workstation1,40,,fresh_min_fill,STRUCTURAL_COUNTERFACTUAL_NOT_TIMED_SOLVE,,,110,,3,128,2,28160,,,,,
workstation1,40,,transition_priority,STRUCTURAL_COUNTERFACTUAL_NOT_TIMED_SOLVE,,,110,,3,128,2,28160,,,,,
workstation1,40,,parent_plan,STRUCTURAL_COUNTERFACTUAL_NOT_TIMED_SOLVE,,,1600,,5,128,2,409600,,,,,
workstation1,40,,repair_transfer,STRUCTURAL_COUNTERFACTUAL_NOT_TIMED_SOLVE,,,110,,3,128,2,28160,,,,,
workstation1,40,,tie_portfolio,STRUCTURAL_COUNTERFACTUAL_NOT_TIMED_SOLVE,,,110,,3,128,2,28160,,,,,
workstation1,40,,expanded_portfolio,STRUCTURAL_COUNTERFACTUAL_NOT_TIMED_SOLVE,,,110,,3,128,2,28160,,,,,
workstation1,40,,components,STRUCTURAL_ADMISSION,,,8589934608,,,,,,False,,,,
workstation1,40,,variable_elimination,STRUCTURAL_ADMISSION,,,112,,,,,,False,,,,
workstation1,40,,incremental_boundary,STRUCTURAL_ADMISSION,,,112,,,,,,False,,,,
workstation1,41,,fresh_min_fill,STRUCTURAL_COUNTERFACTUAL_NOT_TIMED_SOLVE,,,127,,3,256,2,65024,,,,,
workstation1,41,,transition_priority,STRUCTURAL_COUNTERFACTUAL_NOT_TIMED_SOLVE,,,127,,3,256,2,65024,,,,,
workstation1,41,,parent_plan,STRUCTURAL_COUNTERFACTUAL_NOT_TIMED_SOLVE,,,1664,,5,256,2,851968,,,,,
workstation1,41,,repair_transfer,STRUCTURAL_COUNTERFACTUAL_NOT_TIMED_SOLVE,,,127,,3,256,2,65024,,,,,
workstation1,41,,tie_portfolio,STRUCTURAL_COUNTERFACTUAL_NOT_TIMED_SOLVE,,,127,,3,256,2,65024,,,,,
workstation1,41,,expanded_portfolio,STRUCTURAL_COUNTERFACTUAL_NOT_TIMED_SOLVE,,,127,,3,256,2,65024,,,,,
workstation1,41,,components,STRUCTURAL_ADMISSION,,,274877906950,,,,,,False,,,,
workstation1,41,,variable_elimination,STRUCTURAL_ADMISSION,,,116,,,,,,False,,,,
workstation1,41,,incremental_boundary,STRUCTURAL_ADMISSION,,,116,,,,,,False,,,,
workstation1,42,,fresh_min_fill,STRUCTURAL_COUNTERFACTUAL_NOT_TIMED_SOLVE,,,135,,4,256,2,69120,,,,,
workstation1,42,,transition_priority,STRUCTURAL_COUNTERFACTUAL_NOT_TIMED_SOLVE,,,135,,4,256,2,69120,,,,,
workstation1,42,,parent_plan,STRUCTURAL_COUNTERFACTUAL_NOT_TIMED_SOLVE,,,2368,,6,256,2,1212416,,,,,
workstation1,42,,repair_transfer,STRUCTURAL_COUNTERFACTUAL_NOT_TIMED_SOLVE,,,135,,4,256,2,69120,,,,,
workstation1,42,,tie_portfolio,STRUCTURAL_COUNTERFACTUAL_NOT_TIMED_SOLVE,,,135,,4,256,2,69120,,,,,
workstation1,42,,expanded_portfolio,STRUCTURAL_COUNTERFACTUAL_NOT_TIMED_SOLVE,,,135,,4,256,2,69120,,,,,
workstation1,42,,components,STRUCTURAL_ADMISSION,,,549755813894,,,,,,False,,,,
workstation1,42,,variable_elimination,STRUCTURAL_ADMISSION,,,124,,,,,,False,,,,
workstation1,42,,incremental_boundary,STRUCTURAL_ADMISSION,,,124,,,,,,False,,,,
workstation1,16,,incremental_boundary,NEWLY_EXECUTED_EXACT,0.5039884379948489,64375640,65536,True,,,,,,,,,
workstation1,12,,variable_elimination,NEWLY_EXECUTED_EXACT,0.2616499769501388,782807,438,True,,,,,,,,,
workstation1,18,,incremental_boundary,NEWLY_EXECUTED_EXACT,0.7423138049780391,266695706,262144,True,,,,,,,,,
workstation1,12,,incremental_boundary,NEWLY_EXECUTED_EXACT,0.27379246096825227,4131667,4096,True,,,,,,,,,
workstation1,16,,components,NEWLY_EXECUTED_EXACT,0.39511439099442214,803336,348,True,,,,,,,,,
workstation1,8,,variable_elimination,NEWLY_EXECUTED_EXACT,0.25912948104087263,452309,198,True,,,,,,,,,
workstation1,12,,components,NEWLY_EXECUTED_EXACT,0.26675038097891957,683157,300,True,,,,,,,,,
workstation1,18,,components,NEWLY_EXECUTED_EXACT,0.2578866159892641,913018,368,True,,,,,,,,,
workstation1,16,,variable_elimination,NEWLY_EXECUTED_EXACT,0.39729381998768076,984649,534,True,,,,,,,,,
workstation1,8,,components,NEWLY_EXECUTED_EXACT,0.2571851300308481,338649,60,True,,,,,,,,,
workstation1,8,,incremental_boundary,NEWLY_EXECUTED_EXACT,0.2546394509845413,432035,256,True,,,,,,,,,
workstation1,18,,variable_elimination,NEWLY_EXECUTED_EXACT,0.2505737930187024,1058326,568,True,,,,,,,,,
workstation1,43,,fresh_min_fill,STRUCTURAL_COUNTERFACTUAL_NOT_TIMED_SOLVE,,,149,,4,256,2,76288,,,,,
workstation1,43,,transition_priority,STRUCTURAL_COUNTERFACTUAL_NOT_TIMED_SOLVE,,,149,,4,256,2,76288,,,,,
workstation1,43,,parent_plan,STRUCTURAL_COUNTERFACTUAL_NOT_TIMED_SOLVE,,,3776,,7,256,2,1933312,,,,,
workstation1,43,,repair_transfer,STRUCTURAL_COUNTERFACTUAL_NOT_TIMED_SOLVE,,,149,,4,256,2,76288,,,,,
workstation1,43,,tie_portfolio,STRUCTURAL_COUNTERFACTUAL_NOT_TIMED_SOLVE,,,149,,4,256,2,76288,,,,,
workstation1,43,,expanded_portfolio,STRUCTURAL_COUNTERFACTUAL_NOT_TIMED_SOLVE,,,149,,4,256,2,76288,,,,,
workstation1,43,,components,STRUCTURAL_ADMISSION,,,1099511627782,,,,,,False,,,,
workstation1,43,,variable_elimination,STRUCTURAL_ADMISSION,,,148,,,,,,False,,,,
workstation1,43,,incremental_boundary,STRUCTURAL_ADMISSION,,,148,,,,,,False,,,,
workstation1,44,,fresh_min_fill,STRUCTURAL_COUNTERFACTUAL_NOT_TIMED_SOLVE,,,175,,4,256,2,89600,,,,,
workstation1,44,,transition_priority,STRUCTURAL_COUNTERFACTUAL_NOT_TIMED_SOLVE,,,175,,4,256,2,89600,,,,,
workstation1,44,,parent_plan,STRUCTURAL_COUNTERFACTUAL_NOT_TIMED_SOLVE,,,3888,,7,256,2,1990656,,,,,
workstation1,44,,repair_transfer,STRUCTURAL_COUNTERFACTUAL_NOT_TIMED_SOLVE,,,175,,4,256,2,89600,,,,,
workstation1,44,,tie_portfolio,STRUCTURAL_COUNTERFACTUAL_NOT_TIMED_SOLVE,,,175,,4,256,2,89600,,,,,
workstation1,44,,expanded_portfolio,STRUCTURAL_COUNTERFACTUAL_NOT_TIMED_SOLVE,,,175,,4,256,2,89600,,,,,
workstation1,44,,components,STRUCTURAL_ADMISSION,,,2199023255558,,,,,,False,,,,
workstation1,44,,variable_elimination,STRUCTURAL_ADMISSION,,,154,,,,,,False,,,,
workstation1,44,,incremental_boundary,STRUCTURAL_ADMISSION,,,154,,,,,,False,,,,
workstation1,45,,fresh_min_fill,STRUCTURAL_COUNTERFACTUAL_NOT_TIMED_SOLVE,,,191,,4,256,2,97792,,,,,
workstation1,45,,transition_priority,STRUCTURAL_COUNTERFACTUAL_NOT_TIMED_SOLVE,,,191,,4,256,2,97792,,,,,
workstation1,45,,parent_plan,STRUCTURAL_COUNTERFACTUAL_NOT_TIMED_SOLVE,,,3992,,7,256,2,2043904,,,,,
workstation1,45,,repair_transfer,STRUCTURAL_COUNTERFACTUAL_NOT_TIMED_SOLVE,,,191,,4,256,2,97792,,,,,
workstation1,45,,tie_portfolio,STRUCTURAL_COUNTERFACTUAL_NOT_TIMED_SOLVE,,,191,,4,256,2,97792,,,,,
workstation1,45,,expanded_portfolio,STRUCTURAL_COUNTERFACTUAL_NOT_TIMED_SOLVE,,,191,,4,256,2,97792,,,,,
workstation1,45,,components,STRUCTURAL_ADMISSION,,,4398046511110,,,,,,False,,,,
workstation1,45,,variable_elimination,STRUCTURAL_ADMISSION,,,196,,,,,,False,,,,
workstation1,45,,incremental_boundary,STRUCTURAL_ADMISSION,,,196,,,,,,False,,,,
workstation1,46,,fresh_min_fill,STRUCTURAL_COUNTERFACTUAL_NOT_TIMED_SOLVE,,,197,,4,256,2,100864,,,,,
workstation1,46,,transition_priority,STRUCTURAL_COUNTERFACTUAL_NOT_TIMED_SOLVE,,,197,,4,256,2,100864,,,,,
workstation1,46,,parent_plan,STRUCTURAL_COUNTERFACTUAL_NOT_TIMED_SOLVE,,,4040,,7,256,2,2068480,,,,,
workstation1,46,,repair_transfer,STRUCTURAL_COUNTERFACTUAL_NOT_TIMED_SOLVE,,,197,,4,256,2,100864,,,,,
workstation1,46,,tie_portfolio,STRUCTURAL_COUNTERFACTUAL_NOT_TIMED_SOLVE,,,197,,4,256,2,100864,,,,,
workstation1,46,,expanded_portfolio,STRUCTURAL_COUNTERFACTUAL_NOT_TIMED_SOLVE,,,197,,4,256,2,100864,,,,,
workstation1,46,,components,STRUCTURAL_ADMISSION,,,8796093022214,,,,,,False,,,,
workstation1,46,,variable_elimination,STRUCTURAL_ADMISSION,,,202,,,,,,False,,,,
workstation1,46,,incremental_boundary,STRUCTURAL_ADMISSION,,,202,,,,,,False,,,,
workstation1,47,,fresh_min_fill,STRUCTURAL_COUNTERFACTUAL_NOT_TIMED_SOLVE,,,200,,4,256,2,102400,,,,,
workstation1,47,,transition_priority,STRUCTURAL_COUNTERFACTUAL_NOT_TIMED_SOLVE,,,200,,4,256,2,102400,,,,,
workstation1,47,,parent_plan,STRUCTURAL_COUNTERFACTUAL_NOT_TIMED_SOLVE,,,4128,,7,256,2,2113536,,,,,
workstation1,47,,repair_transfer,STRUCTURAL_COUNTERFACTUAL_NOT_TIMED_SOLVE,,,200,,4,256,2,102400,,,,,
workstation1,47,,tie_portfolio,STRUCTURAL_COUNTERFACTUAL_NOT_TIMED_SOLVE,,,200,,4,256,2,102400,,,,,
workstation1,47,,expanded_portfolio,STRUCTURAL_COUNTERFACTUAL_NOT_TIMED_SOLVE,,,200,,4,256,2,102400,,,,,
workstation1,47,,components,STRUCTURAL_ADMISSION,,,35184372088836,,,,,,False,,,,
workstation1,47,,variable_elimination,STRUCTURAL_ADMISSION,,,205,,,,,,False,,,,
workstation1,47,,incremental_boundary,STRUCTURAL_ADMISSION,,,205,,,,,,False,,,,
workstation1,48,,fresh_min_fill,STRUCTURAL_COUNTERFACTUAL_NOT_TIMED_SOLVE,,,236,,4,256,2,120832,,,,,
workstation1,48,,transition_priority,STRUCTURAL_COUNTERFACTUAL_NOT_TIMED_SOLVE,,,236,,4,256,2,120832,,,,,
workstation1,48,,parent_plan,STRUCTURAL_COUNTERFACTUAL_NOT_TIMED_SOLVE,,,4464,,7,256,2,2285568,,,,,
workstation1,48,,repair_transfer,STRUCTURAL_COUNTERFACTUAL_NOT_TIMED_SOLVE,,,236,,4,256,2,120832,,,,,
workstation1,48,,tie_portfolio,STRUCTURAL_COUNTERFACTUAL_NOT_TIMED_SOLVE,,,236,,4,256,2,120832,,,,,
workstation1,48,,expanded_portfolio,STRUCTURAL_COUNTERFACTUAL_NOT_TIMED_SOLVE,,,236,,4,256,2,120832,,,,,
workstation1,48,,components,STRUCTURAL_ADMISSION,,,70368744177668,,,,,,False,,,,
workstation1,48,,variable_elimination,STRUCTURAL_ADMISSION,,,225,,,,,,False,,,,
workstation1,48,,incremental_boundary,STRUCTURAL_ADMISSION,,,225,,,,,,False,,,,
workstation1,49,,fresh_min_fill,STRUCTURAL_COUNTERFACTUAL_NOT_TIMED_SOLVE,,,302,,5,256,2,154624,,,,,
workstation1,49,,transition_priority,STRUCTURAL_COUNTERFACTUAL_NOT_TIMED_SOLVE,,,334,,5,256,2,171008,,,,,
workstation1,49,,parent_plan,STRUCTURAL_COUNTERFACTUAL_NOT_TIMED_SOLVE,,,4480,,7,256,2,2293760,,,,,
workstation1,49,,repair_transfer,STRUCTURAL_COUNTERFACTUAL_NOT_TIMED_SOLVE,,,334,,5,256,2,171008,,,,,
workstation1,49,,tie_portfolio,STRUCTURAL_COUNTERFACTUAL_NOT_TIMED_SOLVE,,,278,,4,256,2,142336,,,,,
workstation1,49,,expanded_portfolio,STRUCTURAL_COUNTERFACTUAL_NOT_TIMED_SOLVE,,,278,,4,256,2,142336,,,,,
workstation1,49,,components,STRUCTURAL_ADMISSION,,,140737488355332,,,,,,False,,,,
workstation1,49,,variable_elimination,STRUCTURAL_ADMISSION,,,281,,,,,,False,,,,
workstation1,49,,incremental_boundary,STRUCTURAL_ADMISSION,,,281,,,,,,False,,,,
workstation1,50,,fresh_min_fill,STRUCTURAL_COUNTERFACTUAL_NOT_TIMED_SOLVE,,,392,,5,256,2,200704,,,,,
workstation1,50,,transition_priority,STRUCTURAL_COUNTERFACTUAL_NOT_TIMED_SOLVE,,,360,,5,256,2,184320,,,,,
workstation1,50,,parent_plan,STRUCTURAL_COUNTERFACTUAL_NOT_TIMED_SOLVE,,,6160,,7,256,2,3153920,,,,,
workstation1,50,,repair_transfer,STRUCTURAL_COUNTERFACTUAL_NOT_TIMED_SOLVE,,,360,,5,256,2,184320,,,,,
workstation1,50,,tie_portfolio,STRUCTURAL_COUNTERFACTUAL_NOT_TIMED_SOLVE,,,360,,5,256,2,184320,,,,,
workstation1,50,,expanded_portfolio,STRUCTURAL_COUNTERFACTUAL_NOT_TIMED_SOLVE,,,360,,5,256,2,184320,,,,,
workstation1,50,,components,STRUCTURAL_ADMISSION,,,281474976710660,,,,,,False,,,,
workstation1,50,,variable_elimination,STRUCTURAL_ADMISSION,,,343,,,,,,False,,,,
workstation1,50,,incremental_boundary,STRUCTURAL_ADMISSION,,,343,,,,,,False,,,,
workstation1,51,,fresh_min_fill,STRUCTURAL_COUNTERFACTUAL_NOT_TIMED_SOLVE,,,400,,5,256,2,204800,,,,,
workstation1,51,,transition_priority,STRUCTURAL_COUNTERFACTUAL_NOT_TIMED_SOLVE,,,400,,5,256,2,204800,,,,,
workstation1,51,,parent_plan,STRUCTURAL_COUNTERFACTUAL_NOT_TIMED_SOLVE,,,6168,,7,256,2,3158016,,,,,
workstation1,51,,repair_transfer,STRUCTURAL_COUNTERFACTUAL_NOT_TIMED_SOLVE,,,400,,5,256,2,204800,,,,,
workstation1,51,,tie_portfolio,STRUCTURAL_COUNTERFACTUAL_NOT_TIMED_SOLVE,,,384,,5,256,2,196608,,,,,
workstation1,51,,expanded_portfolio,STRUCTURAL_COUNTERFACTUAL_NOT_TIMED_SOLVE,,,384,,5,256,2,196608,,,,,
workstation1,51,,components,STRUCTURAL_ADMISSION,,,562949953421316,,,,,,False,,,,
workstation1,51,,variable_elimination,STRUCTURAL_ADMISSION,,,351,,,,,,False,,,,
workstation1,51,,incremental_boundary,STRUCTURAL_ADMISSION,,,351,,,,,,False,,,,
workstation1,52,,fresh_min_fill,STRUCTURAL_COUNTERFACTUAL_NOT_TIMED_SOLVE,,,402,,5,256,2,205824,,,,,
workstation1,52,,transition_priority,STRUCTURAL_COUNTERFACTUAL_NOT_TIMED_SOLVE,,,386,,5,256,2,197632,,,,,
workstation1,52,,parent_plan,STRUCTURAL_COUNTERFACTUAL_NOT_TIMED_SOLVE,,,6248,,7,256,2,3198976,,,,,
workstation1,52,,repair_transfer,STRUCTURAL_COUNTERFACTUAL_NOT_TIMED_SOLVE,,,386,,5,256,2,197632,,,,,
workstation1,52,,tie_portfolio,STRUCTURAL_COUNTERFACTUAL_NOT_TIMED_SOLVE,,,386,,5,256,2,197632,,,,,
workstation1,52,,expanded_portfolio,STRUCTURAL_COUNTERFACTUAL_NOT_TIMED_SOLVE,,,386,,5,256,2,197632,,,,,
workstation1,52,,components,STRUCTURAL_ADMISSION,,,1125899906842628,,,,,,False,,,,
workstation1,52,,variable_elimination,STRUCTURAL_ADMISSION,,,353,,,,,,False,,,,
workstation1,52,,incremental_boundary,STRUCTURAL_ADMISSION,,,353,,,,,,False,,,,
workstation1,53,,fresh_min_fill,STRUCTURAL_COUNTERFACTUAL_NOT_TIMED_SOLVE,,,420,,5,256,2,215040,,,,,
workstation1,53,,transition_priority,STRUCTURAL_COUNTERFACTUAL_NOT_TIMED_SOLVE,,,420,,5,256,2,215040,,,,,
workstation1,53,,parent_plan,STRUCTURAL_COUNTERFACTUAL_NOT_TIMED_SOLVE,,,8296,,7,256,2,4247552,,,,,
workstation1,53,,repair_transfer,STRUCTURAL_COUNTERFACTUAL_NOT_TIMED_SOLVE,,,420,,5,256,2,215040,,,,,
workstation1,53,,tie_portfolio,STRUCTURAL_COUNTERFACTUAL_NOT_TIMED_SOLVE,,,420,,5,256,2,215040,,,,,
workstation1,53,,expanded_portfolio,STRUCTURAL_COUNTERFACTUAL_NOT_TIMED_SOLVE,,,420,,5,256,2,215040,,,,,
workstation1,53,,components,STRUCTURAL_ADMISSION,,,2251799813685252,,,,,,False,,,,
workstation1,53,,variable_elimination,STRUCTURAL_ADMISSION,,,371,,,,,,False,,,,
workstation1,53,,incremental_boundary,STRUCTURAL_ADMISSION,,,371,,,,,,False,,,,
workstation1,54,,fresh_min_fill,STRUCTURAL_COUNTERFACTUAL_NOT_TIMED_SOLVE,,,576,,6,256,2,294912,,,,,
workstation1,54,,transition_priority,STRUCTURAL_COUNTERFACTUAL_NOT_TIMED_SOLVE,,,568,,6,256,2,290816,,,,,
workstation1,54,,parent_plan,STRUCTURAL_COUNTERFACTUAL_NOT_TIMED_SOLVE,,,16424,,9,256,2,8409088,,,,,
workstation1,54,,repair_transfer,STRUCTURAL_COUNTERFACTUAL_NOT_TIMED_SOLVE,,,568,,6,256,2,290816,,,,,
workstation1,54,,tie_portfolio,STRUCTURAL_COUNTERFACTUAL_NOT_TIMED_SOLVE,,,568,,6,256,2,290816,,,,,
workstation1,54,,expanded_portfolio,STRUCTURAL_COUNTERFACTUAL_NOT_TIMED_SOLVE,,,568,,6,256,2,290816,,,,,
workstation1,54,,components,STRUCTURAL_ADMISSION,,,4503599627370500,,,,,,False,,,,
workstation1,54,,variable_elimination,STRUCTURAL_ADMISSION,,,483,,,,,,False,,,,
workstation1,54,,incremental_boundary,STRUCTURAL_ADMISSION,,,483,,,,,,False,,,,
workstation1,55,,fresh_min_fill,STRUCTURAL_COUNTERFACTUAL_NOT_TIMED_SOLVE,,,692,,6,256,2,354304,,,,,
workstation1,55,,transition_priority,STRUCTURAL_COUNTERFACTUAL_NOT_TIMED_SOLVE,,,684,,6,256,2,350208,,,,,
workstation1,55,,parent_plan,STRUCTURAL_COUNTERFACTUAL_NOT_TIMED_SOLVE,,,54984,,11,256,2,28151808,,,,,
workstation1,55,,repair_transfer,STRUCTURAL_COUNTERFACTUAL_NOT_TIMED_SOLVE,,,684,,6,256,2,350208,,,,,
workstation1,55,,tie_portfolio,STRUCTURAL_COUNTERFACTUAL_NOT_TIMED_SOLVE,,,684,,6,256,2,350208,,,,,
workstation1,55,,expanded_portfolio,STRUCTURAL_COUNTERFACTUAL_NOT_TIMED_SOLVE,,,644,,6,256,2,329728,,,,,
workstation1,55,,components,STRUCTURAL_ADMISSION,,,9007199254740996,,,,,,False,,,,
workstation1,55,,variable_elimination,STRUCTURAL_ADMISSION,,,575,,,,,,False,,,,
workstation1,55,,incremental_boundary,STRUCTURAL_ADMISSION,,,575,,,,,,False,,,,
workstation1,56,,fresh_min_fill,STRUCTURAL_COUNTERFACTUAL_NOT_TIMED_SOLVE,,,1002,,7,256,2,513024,,,,,
workstation1,56,,transition_priority,STRUCTURAL_COUNTERFACTUAL_NOT_TIMED_SOLVE,,,986,,7,256,2,504832,,,,,
workstation1,56,,parent_plan,STRUCTURAL_COUNTERFACTUAL_NOT_TIMED_SOLVE,,,55016,,11,256,2,28168192,,,,,
workstation1,56,,repair_transfer,STRUCTURAL_COUNTERFACTUAL_NOT_TIMED_SOLVE,,,986,,7,256,2,504832,,,,,
workstation1,56,,tie_portfolio,STRUCTURAL_COUNTERFACTUAL_NOT_TIMED_SOLVE,,,898,,7,256,2,459776,,,,,
workstation1,56,,expanded_portfolio,STRUCTURAL_COUNTERFACTUAL_NOT_TIMED_SOLVE,,,762,,6,256,2,390144,,,,,
workstation1,56,,components,STRUCTURAL_ADMISSION,,,18014398509481988,,,,,,False,,,,
workstation1,56,,variable_elimination,STRUCTURAL_ADMISSION,,,733,,,,,,False,,,,
workstation1,56,,incremental_boundary,STRUCTURAL_ADMISSION,,,733,,,,,,False,,,,
workstation1,57,,fresh_min_fill,STRUCTURAL_COUNTERFACTUAL_NOT_TIMED_SOLVE,,,1751,,8,256,2,896512,,,,,
workstation1,57,,transition_priority,STRUCTURAL_COUNTERFACTUAL_NOT_TIMED_SOLVE,,,1655,,8,256,2,847360,,,,,
workstation1,57,,parent_plan,STRUCTURAL_COUNTERFACTUAL_NOT_TIMED_SOLVE,,,108112,,12,256,2,55353344,,,,,
workstation1,57,,repair_transfer,STRUCTURAL_COUNTERFACTUAL_NOT_TIMED_SOLVE,,,1655,,8,256,2,847360,,,,,
workstation1,57,,tie_portfolio,STRUCTURAL_COUNTERFACTUAL_NOT_TIMED_SOLVE,,,1471,,7,256,2,753152,,,,,
workstation1,57,,expanded_portfolio,STRUCTURAL_COUNTERFACTUAL_NOT_TIMED_SOLVE,,,1415,,8,256,2,724480,,,,,
workstation1,57,,components,STRUCTURAL_ADMISSION,,,72057594037927938,,,,,,False,,,,
workstation1,57,,variable_elimination,STRUCTURAL_ADMISSION,,,1698,,,,,,False,,,,
workstation1,57,,incremental_boundary,STRUCTURAL_ADMISSION,,,1698,,,,,,False,,,,
workstation1,100,variants/inherited_gap_N100.json,fresh_min_fill,STRUCTURAL_COUNTERFACTUAL_NOT_TIMED_SOLVE,,,495774976,,22,1024,4,2030694301696,,,,,
workstation1,100,variants/inherited_gap_N100.json,transition_priority,STRUCTURAL_COUNTERFACTUAL_NOT_TIMED_SOLVE,,,152329472,,20,1024,4,623941517312,,,,,
workstation1,100,variants/inherited_gap_N100.json,parent_plan,STRUCTURAL_COUNTERFACTUAL_NOT_TIMED_SOLVE,,,152329472,,20,1024,4,623941517312,,,,,
workstation1,100,variants/inherited_gap_N100.json,repair_transfer,STRUCTURAL_COUNTERFACTUAL_NOT_TIMED_SOLVE,,,152329472,,20,1024,4,623941517312,,,,,
workstation1,100,variants/inherited_gap_N100.json,tie_portfolio,STRUCTURAL_COUNTERFACTUAL_NOT_TIMED_SOLVE,,,146177792,,20,1024,4,598744236032,,,,,
workstation1,100,variants/inherited_gap_N100.json,expanded_portfolio,STRUCTURAL_COUNTERFACTUAL_NOT_TIMED_SOLVE,,,112763840,,20,1024,4,461880688640,,,,,
workstation1,100,variants/inherited_gap_N100.json,components,STRUCTURAL_ADMISSION,,,1267650600228229401496703205376,,,,,,False,,,,
workstation1,100,variants/inherited_gap_N100.json,variable_elimination,STRUCTURAL_ADMISSION,,,232004311,,,,,,False,,,,
workstation1,100,variants/inherited_gap_N100.json,incremental_boundary,STRUCTURAL_ADMISSION,,,232004311,,,,,,False,,,,
workstation1,58,,fresh_min_fill,STRUCTURAL_COUNTERFACTUAL_NOT_TIMED_SOLVE,,,2003,,8,256,2,1025536,,,,,
workstation1,58,,transition_priority,STRUCTURAL_COUNTERFACTUAL_NOT_TIMED_SOLVE,,,2275,,8,256,2,1164800,,,,,
workstation1,58,,parent_plan,STRUCTURAL_COUNTERFACTUAL_NOT_TIMED_SOLVE,,,176416,,13,256,2,90324992,,,,,
workstation1,58,,repair_transfer,STRUCTURAL_COUNTERFACTUAL_NOT_TIMED_SOLVE,,,2275,,8,256,2,1164800,,,,,
workstation1,58,,tie_portfolio,STRUCTURAL_COUNTERFACTUAL_NOT_TIMED_SOLVE,,,1803,,8,256,2,923136,,,,,
workstation1,58,,expanded_portfolio,STRUCTURAL_COUNTERFACTUAL_NOT_TIMED_SOLVE,,,1675,,8,256,2,857600,,,,,
workstation1,58,,components,STRUCTURAL_ADMISSION,,,144115188075855874,,,,,,False,,,,
workstation1,58,,variable_elimination,STRUCTURAL_ADMISSION,,,1878,,,,,,False,,,,
workstation1,58,,incremental_boundary,STRUCTURAL_ADMISSION,,,1878,,,,,,False,,,,
workstation1,59,,fresh_min_fill,STRUCTURAL_COUNTERFACTUAL_NOT_TIMED_SOLVE,,,2205,,8,256,2,1128960,,,,,
workstation1,59,,transition_priority,STRUCTURAL_COUNTERFACTUAL_NOT_TIMED_SOLVE,,,2205,,8,256,2,1128960,,,,,
workstation1,59,,parent_plan,STRUCTURAL_COUNTERFACTUAL_NOT_TIMED_SOLVE,,,176480,,13,256,2,90357760,,,,,
workstation1,59,,repair_transfer,STRUCTURAL_COUNTERFACTUAL_NOT_TIMED_SOLVE,,,2077,,8,256,2,1063424,,,,,
workstation1,59,,tie_portfolio,STRUCTURAL_COUNTERFACTUAL_NOT_TIMED_SOLVE,,,1981,,8,256,2,1014272,,,,,
workstation1,59,,expanded_portfolio,STRUCTURAL_COUNTERFACTUAL_NOT_TIMED_SOLVE,,,1821,,8,256,2,932352,,,,,
workstation1,59,,components,STRUCTURAL_ADMISSION,,,288230376151711746,,,,,,False,,,,
workstation1,59,,variable_elimination,STRUCTURAL_ADMISSION,,,2256,,,,,,False,,,,
workstation1,59,,incremental_boundary,STRUCTURAL_ADMISSION,,,2256,,,,,,False,,,,
workstation1,60,,fresh_min_fill,STRUCTURAL_COUNTERFACTUAL_NOT_TIMED_SOLVE,,,2661,,9,256,3,2043648,,,,,
workstation1,60,,transition_priority,STRUCTURAL_COUNTERFACTUAL_NOT_TIMED_SOLVE,,,2661,,9,256,3,2043648,,,,,
workstation1,60,,parent_plan,STRUCTURAL_COUNTERFACTUAL_NOT_TIMED_SOLVE,,,352960,,13,256,3,271073280,,,,,
workstation1,60,,repair_transfer,STRUCTURAL_COUNTERFACTUAL_NOT_TIMED_SOLVE,,,2661,,9,256,3,2043648,,,,,
workstation1,60,,tie_portfolio,STRUCTURAL_COUNTERFACTUAL_NOT_TIMED_SOLVE,,,2661,,9,256,3,2043648,,,,,
workstation1,60,,expanded_portfolio,STRUCTURAL_COUNTERFACTUAL_NOT_TIMED_SOLVE,,,2661,,9,256,3,2043648,,,,,
workstation1,60,,components,STRUCTURAL_ADMISSION,,,576460752303423490,,,,,,False,,,,
workstation1,60,,variable_elimination,STRUCTURAL_ADMISSION,,,2936,,,,,,False,,,,
workstation1,60,,incremental_boundary,STRUCTURAL_ADMISSION,,,2936,,,,,,False,,,,
workstation1,105,variants/inherited_gap_N105.json,fresh_min_fill,STRUCTURAL_COUNTERFACTUAL_NOT_TIMED_SOLVE,,,390869870,,26,1024,4,1601002987520,,,,,
workstation1,105,variants/inherited_gap_N105.json,transition_priority,STRUCTURAL_COUNTERFACTUAL_NOT_TIMED_SOLVE,,,390869870,,26,1024,4,1601002987520,,,,,
workstation1,105,variants/inherited_gap_N105.json,parent_plan,STRUCTURAL_COUNTERFACTUAL_NOT_TIMED_SOLVE,,,390869870,,26,1024,4,1601002987520,,,,,
workstation1,105,variants/inherited_gap_N105.json,repair_transfer,STRUCTURAL_COUNTERFACTUAL_NOT_TIMED_SOLVE,,,390869870,,26,1024,4,1601002987520,,,,,
workstation1,105,variants/inherited_gap_N105.json,tie_portfolio,STRUCTURAL_COUNTERFACTUAL_NOT_TIMED_SOLVE,,,390869870,,26,1024,4,1601002987520,,,,,
workstation1,105,variants/inherited_gap_N105.json,expanded_portfolio,STRUCTURAL_COUNTERFACTUAL_NOT_TIMED_SOLVE,,,390500640,,22,1024,4,1599490621440,,,,,
workstation1,105,variants/inherited_gap_N105.json,components,STRUCTURAL_ADMISSION,,,40564819207303340847894502572032,,,,,,False,,,,
workstation1,105,variants/inherited_gap_N105.json,variable_elimination,STRUCTURAL_ADMISSION,,,6912463677,,,,,,False,,,,
workstation1,105,variants/inherited_gap_N105.json,incremental_boundary,STRUCTURAL_ADMISSION,,,6912463677,,,,,,False,,,,
workstation1,61,,fresh_min_fill,STRUCTURAL_COUNTERFACTUAL_NOT_TIMED_SOLVE,,,7327,,11,256,3,5627136,,,,,
workstation1,61,,transition_priority,STRUCTURAL_COUNTERFACTUAL_NOT_TIMED_SOLVE,,,7327,,11,256,3,5627136,,,,,
workstation1,61,,parent_plan,STRUCTURAL_COUNTERFACTUAL_NOT_TIMED_SOLVE,,,625504,,14,256,3,480387072,,,,,
workstation1,61,,repair_transfer,STRUCTURAL_COUNTERFACTUAL_NOT_TIMED_SOLVE,,,7327,,11,256,3,5627136,,,,,
workstation1,61,,tie_portfolio,STRUCTURAL_COUNTERFACTUAL_NOT_TIMED_SOLVE,,,4495,,10,256,3,3452160,,,,,
workstation1,61,,expanded_portfolio,STRUCTURAL_COUNTERFACTUAL_NOT_TIMED_SOLVE,,,3599,,9,256,3,2764032,,,,,
workstation1,61,,components,STRUCTURAL_ADMISSION,,,1152921504606846978,,,,,,False,,,,
workstation1,61,,variable_elimination,STRUCTURAL_ADMISSION,,,4050,,,,,,False,,,,
workstation1,61,,incremental_boundary,STRUCTURAL_ADMISSION,,,4050,,,,,,False,,,,
workstation1,62,,fresh_min_fill,STRUCTURAL_COUNTERFACTUAL_NOT_TIMED_SOLVE,,,7539,,11,512,3,11579904,,,,,
workstation1,62,,transition_priority,STRUCTURAL_COUNTERFACTUAL_NOT_TIMED_SOLVE,,,7539,,11,512,3,11579904,,,,,
workstation1,62,,parent_plan,STRUCTURAL_COUNTERFACTUAL_NOT_TIMED_SOLVE,,,665712,,14,512,3,1022533632,,,,,
workstation1,62,,repair_transfer,STRUCTURAL_COUNTERFACTUAL_NOT_TIMED_SOLVE,,,7539,,11,512,3,11579904,,,,,
workstation1,62,,tie_portfolio,STRUCTURAL_COUNTERFACTUAL_NOT_TIMED_SOLVE,,,4707,,10,512,3,7229952,,,,,
workstation1,62,,expanded_portfolio,STRUCTURAL_COUNTERFACTUAL_NOT_TIMED_SOLVE,,,4707,,10,512,3,7229952,,,,,
workstation1,62,,components,STRUCTURAL_ADMISSION,,,2305843009213693954,,,,,,False,,,,
workstation1,62,,variable_elimination,STRUCTURAL_ADMISSION,,,4390,,,,,,False,,,,
workstation1,62,,incremental_boundary,STRUCTURAL_ADMISSION,,,4390,,,,,,False,,,,
workstation1,87,,fresh_min_fill,STRUCTURAL_COUNTERFACTUAL_NOT_TIMED_SOLVE,,,43268928,,19,512,3,66461073408,,,,,
workstation1,87,,transition_priority,STRUCTURAL_COUNTERFACTUAL_NOT_TIMED_SOLVE,,,18483260,,21,512,3,28390287360,,,,,
workstation1,87,,parent_plan,STRUCTURAL_COUNTERFACTUAL_NOT_TIMED_SOLVE,,,116608192,,20,512,3,179110182912,,,,,
workstation1,87,,repair_transfer,STRUCTURAL_COUNTERFACTUAL_NOT_TIMED_SOLVE,,,18483260,,21,512,3,28390287360,,,,,
workstation1,87,,tie_portfolio,STRUCTURAL_COUNTERFACTUAL_NOT_TIMED_SOLVE,,,9111100,,20,512,3,13994649600,,,,,
workstation1,87,,expanded_portfolio,STRUCTURAL_COUNTERFACTUAL_NOT_TIMED_SOLVE,,,6424736,,17,512,3,9868394496,,,,,
workstation1,87,,components,STRUCTURAL_ADMISSION,,,154742504910672534362390528,,,,,,False,,,,
workstation1,87,,variable_elimination,STRUCTURAL_ADMISSION,,,166450211,,,,,,False,,,,
workstation1,87,,incremental_boundary,STRUCTURAL_ADMISSION,,,166450211,,,,,,False,,,,
workstation1,63,,fresh_min_fill,STRUCTURAL_COUNTERFACTUAL_NOT_TIMED_SOLVE,,,7543,,11,512,3,11586048,,,,,
workstation1,63,,transition_priority,STRUCTURAL_COUNTERFACTUAL_NOT_TIMED_SOLVE,,,7543,,11,512,3,11586048,,,,,
workstation1,63,,parent_plan,STRUCTURAL_COUNTERFACTUAL_NOT_TIMED_SOLVE,,,665776,,14,512,3,1022631936,,,,,
workstation1,63,,repair_transfer,STRUCTURAL_COUNTERFACTUAL_NOT_TIMED_SOLVE,,,7543,,11,512,3,11586048,,,,,
workstation1,63,,tie_portfolio,STRUCTURAL_COUNTERFACTUAL_NOT_TIMED_SOLVE,,,4711,,10,512,3,7236096,,,,,
workstation1,63,,expanded_portfolio,STRUCTURAL_COUNTERFACTUAL_NOT_TIMED_SOLVE,,,4711,,10,512,3,7236096,,,,,
workstation1,63,,components,STRUCTURAL_ADMISSION,,,4611686018427387906,,,,,,False,,,,
workstation1,63,,variable_elimination,STRUCTURAL_ADMISSION,,,4394,,,,,,False,,,,
workstation1,63,,incremental_boundary,STRUCTURAL_ADMISSION,,,4394,,,,,,False,,,,
workstation1,89,,fresh_min_fill,STRUCTURAL_COUNTERFACTUAL_NOT_TIMED_SOLVE,,,29439616,,18,512,4,60292333568,,,,,
workstation1,89,,transition_priority,STRUCTURAL_COUNTERFACTUAL_NOT_TIMED_SOLVE,,,29439616,,18,512,4,60292333568,,,,,
workstation1,89,,parent_plan,STRUCTURAL_COUNTERFACTUAL_NOT_TIMED_SOLVE,,,225678144,,21,512,4,462188838912,,,,,
workstation1,89,,repair_transfer,STRUCTURAL_COUNTERFACTUAL_NOT_TIMED_SOLVE,,,29439616,,18,512,4,60292333568,,,,,
workstation1,89,,tie_portfolio,STRUCTURAL_COUNTERFACTUAL_NOT_TIMED_SOLVE,,,29439616,,18,512,4,60292333568,,,,,
workstation1,89,,expanded_portfolio,STRUCTURAL_COUNTERFACTUAL_NOT_TIMED_SOLVE,,,13347648,,18,512,4,27335983104,,,,,
workstation1,89,,components,STRUCTURAL_ADMISSION,,,618970019642690137449562112,,,,,,False,,,,
workstation1,89,,variable_elimination,STRUCTURAL_ADMISSION,,,291639163,,,,,,False,,,,
workstation1,89,,incremental_boundary,STRUCTURAL_ADMISSION,,,291639163,,,,,,False,,,,
workstation1,82,,fresh_min_fill,STRUCTURAL_COUNTERFACTUAL_NOT_TIMED_SOLVE,,,3092596,,19,512,3,4750227456,,,,,
workstation1,82,,transition_priority,STRUCTURAL_COUNTERFACTUAL_NOT_TIMED_SOLVE,,,2158500,,18,512,3,3315456000,,,,,
workstation1,82,,parent_plan,STRUCTURAL_COUNTERFACTUAL_NOT_TIMED_SOLVE,,,46020800,,19,512,3,70687948800,,,,,
workstation1,82,,repair_transfer,STRUCTURAL_COUNTERFACTUAL_NOT_TIMED_SOLVE,,,2158500,,18,512,3,3315456000,,,,,
workstation1,82,,tie_portfolio,STRUCTURAL_COUNTERFACTUAL_NOT_TIMED_SOLVE,,,2158500,,18,512,3,3315456000,,,,,
workstation1,82,,expanded_portfolio,STRUCTURAL_COUNTERFACTUAL_NOT_TIMED_SOLVE,,,1984964,,18,512,3,3048904704,,,,,
workstation1,82,,components,STRUCTURAL_ADMISSION,,,4835703278458516698824704,,,,,,False,,,,
workstation1,82,,variable_elimination,STRUCTURAL_ADMISSION,,,6826107,,,,,,False,,,,
workstation1,82,,incremental_boundary,STRUCTURAL_ADMISSION,,,6826107,,,,,,False,,,,
workstation1,64,,fresh_min_fill,STRUCTURAL_COUNTERFACTUAL_NOT_TIMED_SOLVE,,,5483,,10,512,3,8421888,,,,,
workstation1,64,,transition_priority,STRUCTURAL_COUNTERFACTUAL_NOT_TIMED_SOLVE,,,5491,,10,512,3,8434176,,,,,
workstation1,64,,parent_plan,STRUCTURAL_COUNTERFACTUAL_NOT_TIMED_SOLVE,,,665840,,14,512,3,1022730240,,,,,
workstation1,64,,repair_transfer,STRUCTURAL_COUNTERFACTUAL_NOT_TIMED_SOLVE,,,5491,,10,512,3,8434176,,,,,
workstation1,64,,tie_portfolio,STRUCTURAL_COUNTERFACTUAL_NOT_TIMED_SOLVE,,,5483,,10,512,3,8421888,,,,,
workstation1,64,,expanded_portfolio,STRUCTURAL_COUNTERFACTUAL_NOT_TIMED_SOLVE,,,5483,,10,512,3,8421888,,,,,
workstation1,64,,components,STRUCTURAL_ADMISSION,,,9223372036854775810,,,,,,False,,,,
workstation1,64,,variable_elimination,STRUCTURAL_ADMISSION,,,5110,,,,,,False,,,,
workstation1,64,,incremental_boundary,STRUCTURAL_ADMISSION,,,5110,,,,,,False,,,,
workstation1,83,,fresh_min_fill,STRUCTURAL_COUNTERFACTUAL_NOT_TIMED_SOLVE,,,3558052,,19,512,3,5465167872,,,,,
workstation1,83,,transition_priority,STRUCTURAL_COUNTERFACTUAL_NOT_TIMED_SOLVE,,,4820740,,20,512,3,7404656640,,,,,
workstation1,83,,parent_plan,STRUCTURAL_COUNTERFACTUAL_NOT_TIMED_SOLVE,,,46021952,,19,512,3,70689718272,,,,,
workstation1,83,,repair_transfer,STRUCTURAL_COUNTERFACTUAL_NOT_TIMED_SOLVE,,,4820740,,20,512,3,7404656640,,,,,
workstation1,83,,tie_portfolio,STRUCTURAL_COUNTERFACTUAL_NOT_TIMED_SOLVE,,,3179716,,19,512,3,4884043776,,,,,
workstation1,83,,expanded_portfolio,STRUCTURAL_COUNTERFACTUAL_NOT_TIMED_SOLVE,,,2628064,,16,512,3,4036706304,,,,,
workstation1,83,,components,STRUCTURAL_ADMISSION,,,9671406556917033397649408,,,,,,False,,,,
workstation1,83,,variable_elimination,STRUCTURAL_ADMISSION,,,9958635,,,,,,False,,,,
workstation1,83,,incremental_boundary,STRUCTURAL_ADMISSION,,,9958635,,,,,,False,,,,
workstation1,84,,fresh_min_fill,STRUCTURAL_COUNTERFACTUAL_NOT_TIMED_SOLVE,,,16985708,,22,512,3,26090047488,,,,,
workstation1,84,,transition_priority,STRUCTURAL_COUNTERFACTUAL_NOT_TIMED_SOLVE,,,15661356,,22,512,3,24055842816,,,,,
workstation1,84,,parent_plan,STRUCTURAL_COUNTERFACTUAL_NOT_TIMED_SOLVE,,,87725632,,20,512,3,134746570752,,,,,
workstation1,84,,repair_transfer,STRUCTURAL_COUNTERFACTUAL_NOT_TIMED_SOLVE,,,14350636,,22,512,3,22042576896,,,,,
workstation1,84,,tie_portfolio,STRUCTURAL_COUNTERFACTUAL_NOT_TIMED_SOLVE,,,7767628,,21,512,3,11931076608,,,,,
workstation1,84,,expanded_portfolio,STRUCTURAL_COUNTERFACTUAL_NOT_TIMED_SOLVE,,,4066208,,16,512,3,6245695488,,,,,
workstation1,84,,components,STRUCTURAL_ADMISSION,,,19342813113834066795298816,,,,,,False,,,,
workstation1,84,,variable_elimination,STRUCTURAL_ADMISSION,,,15123219,,,,,,False,,,,
workstation1,84,,incremental_boundary,STRUCTURAL_ADMISSION,,,15123219,,,,,,False,,,,
workstation1,84,variants/N84_swap2.json,fresh_min_fill,STRUCTURAL_COUNTERFACTUAL_NOT_TIMED_SOLVE,,,10196284,,21,512,3,15661492224,,,,,
workstation1,84,variants/N84_swap2.json,transition_priority,STRUCTURAL_COUNTERFACTUAL_NOT_TIMED_SOLVE,,,40225984,,19,512,3,61787111424,,,,,
workstation1,84,variants/N84_swap2.json,parent_plan,STRUCTURAL_COUNTERFACTUAL_NOT_TIMED_SOLVE,,,10196284,,21,512,3,15661492224,,,,,
workstation1,84,variants/N84_swap2.json,repair_transfer,STRUCTURAL_COUNTERFACTUAL_NOT_TIMED_SOLVE,,,40225984,,19,512,3,61787111424,,,,,
workstation1,84,variants/N84_swap2.json,tie_portfolio,STRUCTURAL_COUNTERFACTUAL_NOT_TIMED_SOLVE,,,6751628,,20,512,3,10370500608,,,,,
workstation1,84,variants/N84_swap2.json,expanded_portfolio,STRUCTURAL_COUNTERFACTUAL_NOT_TIMED_SOLVE,,,4622956,,20,512,3,7100860416,,,,,
workstation1,84,variants/N84_swap2.json,components,STRUCTURAL_ADMISSION,,,19342813113834066795298816,,,,,,False,,,,
workstation1,84,variants/N84_swap2.json,variable_elimination,STRUCTURAL_ADMISSION,,,42811747,,,,,,False,,,,
workstation1,84,variants/N84_swap2.json,incremental_boundary,STRUCTURAL_ADMISSION,,,42811747,,,,,,False,,,,
workstation1,84,variants/N84_swap3.json,fresh_min_fill,STRUCTURAL_COUNTERFACTUAL_NOT_TIMED_SOLVE,,,68203840,,20,512,3,104761098240,,,,,
workstation1,84,variants/N84_swap3.json,transition_priority,STRUCTURAL_COUNTERFACTUAL_NOT_TIMED_SOLVE,,,175158080,,22,512,3,269042810880,,,,,
workstation1,84,variants/N84_swap3.json,parent_plan,STRUCTURAL_COUNTERFACTUAL_NOT_TIMED_SOLVE,,,68203840,,20,512,3,104761098240,,,,,
workstation1,84,variants/N84_swap3.json,repair_transfer,STRUCTURAL_COUNTERFACTUAL_NOT_TIMED_SOLVE,,,175158080,,22,512,3,269042810880,,,,,
workstation1,84,variants/N84_swap3.json,tie_portfolio,STRUCTURAL_COUNTERFACTUAL_NOT_TIMED_SOLVE,,,9553476,,21,512,3,14674139136,,,,,
workstation1,84,variants/N84_swap3.json,expanded_portfolio,STRUCTURAL_COUNTERFACTUAL_NOT_TIMED_SOLVE,,,9134560,,18,512,3,14030684160,,,,,
workstation1,84,variants/N84_swap3.json,components,STRUCTURAL_ADMISSION,,,19342813113834066795298816,,,,,,False,,,,
workstation1,84,variants/N84_swap3.json,variable_elimination,STRUCTURAL_ADMISSION,,,49688683,,,,,,False,,,,
workstation1,84,variants/N84_swap3.json,incremental_boundary,STRUCTURAL_ADMISSION,,,49688683,,,,,,False,,,,
workstation1,84,variants/N84_swap1.json,fresh_min_fill,STRUCTURAL_COUNTERFACTUAL_NOT_TIMED_SOLVE,,,12728716,,21,512,3,19551307776,,,,,
workstation1,84,variants/N84_swap1.json,transition_priority,STRUCTURAL_COUNTERFACTUAL_NOT_TIMED_SOLVE,,,64217792,,20,512,3,98638528512,,,,,
workstation1,84,variants/N84_swap1.json,parent_plan,STRUCTURAL_COUNTERFACTUAL_NOT_TIMED_SOLVE,,,12728716,,21,512,3,19551307776,,,,,
workstation1,84,variants/N84_swap1.json,repair_transfer,STRUCTURAL_COUNTERFACTUAL_NOT_TIMED_SOLVE,,,63955648,,20,512,3,98235875328,,,,,
workstation1,84,variants/N84_swap1.json,tie_portfolio,STRUCTURAL_COUNTERFACTUAL_NOT_TIMED_SOLVE,,,12728716,,21,512,3,19551307776,,,,,
workstation1,84,variants/N84_swap1.json,expanded_portfolio,STRUCTURAL_COUNTERFACTUAL_NOT_TIMED_SOLVE,,,11867936,,18,512,3,18229149696,,,,,
workstation1,84,variants/N84_swap1.json,components,STRUCTURAL_ADMISSION,,,19342813113834066795298816,,,,,,False,,,,
workstation1,84,variants/N84_swap1.json,variable_elimination,STRUCTURAL_ADMISSION,,,13122131,,,,,,False,,,,
workstation1,84,variants/N84_swap1.json,incremental_boundary,STRUCTURAL_ADMISSION,,,13122131,,,,,,False,,,,
workstation1,65,,fresh_min_fill,STRUCTURAL_COUNTERFACTUAL_NOT_TIMED_SOLVE,,,5955,,10,512,3,9146880,,,,,
workstation1,65,,transition_priority,STRUCTURAL_COUNTERFACTUAL_NOT_TIMED_SOLVE,,,5955,,10,512,3,9146880,,,,,
workstation1,65,,parent_plan,STRUCTURAL_COUNTERFACTUAL_NOT_TIMED_SOLVE,,,698864,,14,512,3,1073455104,,,,,
workstation1,65,,repair_transfer,STRUCTURAL_COUNTERFACTUAL_NOT_TIMED_SOLVE,,,5955,,10,512,3,9146880,,,,,
workstation1,65,,tie_portfolio,STRUCTURAL_COUNTERFACTUAL_NOT_TIMED_SOLVE,,,5955,,10,512,3,9146880,,,,,
workstation1,65,,expanded_portfolio,STRUCTURAL_COUNTERFACTUAL_NOT_TIMED_SOLVE,,,5955,,10,512,3,9146880,,,,,
workstation1,65,,components,STRUCTURAL_ADMISSION,,,18446744073709551618,,,,,,False,,,,
workstation1,65,,variable_elimination,STRUCTURAL_ADMISSION,,,5438,,,,,,False,,,,
workstation1,65,,incremental_boundary,STRUCTURAL_ADMISSION,,,5438,,,,,,False,,,,
workstation1,85,,fresh_min_fill,STRUCTURAL_COUNTERFACTUAL_NOT_TIMED_SOLVE,,,112477248,,21,512,3,172765052928,,,,,
workstation1,85,,transition_priority,STRUCTURAL_COUNTERFACTUAL_NOT_TIMED_SOLVE,,,25435332,,22,512,3,39068669952,,,,,
workstation1,85,,parent_plan,STRUCTURAL_COUNTERFACTUAL_NOT_TIMED_SOLVE,,,91921216,,20,512,3,141190987776,,,,,
workstation1,85,,repair_transfer,STRUCTURAL_COUNTERFACTUAL_NOT_TIMED_SOLVE,,,25435332,,22,512,3,39068669952,,,,,
workstation1,85,,tie_portfolio,STRUCTURAL_COUNTERFACTUAL_NOT_TIMED_SOLVE,,,9349652,,21,512,3,14361065472,,,,,
workstation1,85,,expanded_portfolio,STRUCTURAL_COUNTERFACTUAL_NOT_TIMED_SOLVE,,,9349652,,21,512,3,14361065472,,,,,
workstation1,85,,components,STRUCTURAL_ADMISSION,,,38685626227668133590597632,,,,,,False,,,,
workstation1,85,,variable_elimination,STRUCTURAL_ADMISSION,,,21267851,,,,,,False,,,,
workstation1,85,,incremental_boundary,STRUCTURAL_ADMISSION,,,21267851,,,,,,False,,,,
workstation1,86,,fresh_min_fill,STRUCTURAL_COUNTERFACTUAL_NOT_TIMED_SOLVE,,,60731840,,20,512,3,93284106240,,,,,
workstation1,86,,transition_priority,STRUCTURAL_COUNTERFACTUAL_NOT_TIMED_SOLVE,,,23306428,,22,512,3,35798673408,,,,,
workstation1,86,,parent_plan,STRUCTURAL_COUNTERFACTUAL_NOT_TIMED_SOLVE,,,91924416,,20,512,3,141195902976,,,,,
workstation1,86,,repair_transfer,STRUCTURAL_COUNTERFACTUAL_NOT_TIMED_SOLVE,,,23306428,,22,512,3,35798673408,,,,,
workstation1,86,,tie_portfolio,STRUCTURAL_COUNTERFACTUAL_NOT_TIMED_SOLVE,,,9663548,,21,512,3,14843209728,,,,,
workstation1,86,,expanded_portfolio,STRUCTURAL_COUNTERFACTUAL_NOT_TIMED_SOLVE,,,6588896,,17,512,3,10120544256,,,,,
workstation1,86,,components,STRUCTURAL_ADMISSION,,,77371252455336267181195264,,,,,,False,,,,
workstation1,86,,variable_elimination,STRUCTURAL_ADMISSION,,,28822451,,,,,,False,,,,
workstation1,86,,incremental_boundary,STRUCTURAL_ADMISSION,,,28822451,,,,,,False,,,,
workstation1,66,,fresh_min_fill,STRUCTURAL_COUNTERFACTUAL_NOT_TIMED_SOLVE,,,7703,,10,512,3,11831808,,,,,
workstation1,66,,transition_priority,STRUCTURAL_COUNTERFACTUAL_NOT_TIMED_SOLVE,,,9503,,11,512,3,14596608,,,,,
workstation1,66,,parent_plan,STRUCTURAL_COUNTERFACTUAL_NOT_TIMED_SOLVE,,,742608,,14,512,3,1140645888,,,,,
workstation1,66,,repair_transfer,STRUCTURAL_COUNTERFACTUAL_NOT_TIMED_SOLVE,,,9503,,11,512,3,14596608,,,,,
workstation1,66,,tie_portfolio,STRUCTURAL_COUNTERFACTUAL_NOT_TIMED_SOLVE,,,7703,,10,512,3,11831808,,,,,
workstation1,66,,expanded_portfolio,STRUCTURAL_COUNTERFACTUAL_NOT_TIMED_SOLVE,,,7703,,10,512,3,11831808,,,,,
workstation1,66,,components,STRUCTURAL_ADMISSION,,,36893488147419103234,,,,,,False,,,,
workstation1,66,,variable_elimination,STRUCTURAL_ADMISSION,,,6834,,,,,,False,,,,
workstation1,66,,incremental_boundary,STRUCTURAL_ADMISSION,,,6834,,,,,,False,,,,
workstation1,88,,fresh_min_fill,STRUCTURAL_COUNTERFACTUAL_NOT_TIMED_SOLVE,,,86353088,,20,512,3,132638343168,,,,,
workstation1,88,,transition_priority,STRUCTURAL_COUNTERFACTUAL_NOT_TIMED_SOLVE,,,37367232,,19,512,3,57396068352,,,,,
workstation1,88,,parent_plan,STRUCTURAL_COUNTERFACTUAL_NOT_TIMED_SOLVE,,,225677632,,21,512,3,346640842752,,,,,
workstation1,88,,repair_transfer,STRUCTURAL_COUNTERFACTUAL_NOT_TIMED_SOLVE,,,37367232,,19,512,3,57396068352,,,,,
workstation1,88,,tie_portfolio,STRUCTURAL_COUNTERFACTUAL_NOT_TIMED_SOLVE,,,22404032,,18,512,3,34412593152,,,,,
workstation1,88,,expanded_portfolio,STRUCTURAL_COUNTERFACTUAL_NOT_TIMED_SOLVE,,,13577696,,17,512,3,20855341056,,,,,
workstation1,88,,components,STRUCTURAL_ADMISSION,,,309485009821345068724781056,,,,,,False,,,,
workstation1,88,,variable_elimination,STRUCTURAL_ADMISSION,,,108552347,,,,,,False,,,,
workstation1,88,,incremental_boundary,STRUCTURAL_ADMISSION,,,108552347,,,,,,False,,,,
workstation1,67,,fresh_min_fill,STRUCTURAL_COUNTERFACTUAL_NOT_TIMED_SOLVE,,,11537,,11,512,3,17720832,,,,,
workstation1,67,,transition_priority,STRUCTURAL_COUNTERFACTUAL_NOT_TIMED_SOLVE,,,14249,,11,512,3,21886464,,,,,
workstation1,67,,parent_plan,STRUCTURAL_COUNTERFACTUAL_NOT_TIMED_SOLVE,,,759536,,14,512,3,1166647296,,,,,
workstation1,67,,repair_transfer,STRUCTURAL_COUNTERFACTUAL_NOT_TIMED_SOLVE,,,14249,,11,512,3,21886464,,,,,
workstation1,67,,tie_portfolio,STRUCTURAL_COUNTERFACTUAL_NOT_TIMED_SOLVE,,,11537,,11,512,3,17720832,,,,,
workstation1,67,,expanded_portfolio,STRUCTURAL_COUNTERFACTUAL_NOT_TIMED_SOLVE,,,11369,,11,512,3,17462784,,,,,
workstation1,67,,components,STRUCTURAL_ADMISSION,,,73786976294838206466,,,,,,False,,,,
workstation1,67,,variable_elimination,STRUCTURAL_ADMISSION,,,13804,,,,,,False,,,,
workstation1,67,,incremental_boundary,STRUCTURAL_ADMISSION,,,13804,,,,,,False,,,,
workstation1,68,,fresh_min_fill,STRUCTURAL_COUNTERFACTUAL_NOT_TIMED_SOLVE,,,64881,,14,512,3,99657216,,,,,
workstation1,68,,transition_priority,STRUCTURAL_COUNTERFACTUAL_NOT_TIMED_SOLVE,,,64881,,14,512,3,99657216,,,,,
workstation1,68,,parent_plan,STRUCTURAL_COUNTERFACTUAL_NOT_TIMED_SOLVE,,,1301168,,15,512,3,1998594048,,,,,
workstation1,68,,repair_transfer,STRUCTURAL_COUNTERFACTUAL_NOT_TIMED_SOLVE,,,64881,,14,512,3,99657216,,,,,
workstation1,68,,tie_portfolio,STRUCTURAL_COUNTERFACTUAL_NOT_TIMED_SOLVE,,,21065,,11,512,3,32355840,,,,,
workstation1,68,,expanded_portfolio,STRUCTURAL_COUNTERFACTUAL_NOT_TIMED_SOLVE,,,21065,,11,512,3,32355840,,,,,
workstation1,68,,components,STRUCTURAL_ADMISSION,,,147573952589676412930,,,,,,False,,,,
workstation1,68,,variable_elimination,STRUCTURAL_ADMISSION,,,25708,,,,,,False,,,,
workstation1,68,,incremental_boundary,STRUCTURAL_ADMISSION,,,25708,,,,,,False,,,,
workstation1,90,,fresh_min_fill,STRUCTURAL_COUNTERFACTUAL_NOT_TIMED_SOLVE,,,58879232,,18,1024,4,241169334272,,,,,
workstation1,90,,transition_priority,STRUCTURAL_COUNTERFACTUAL_NOT_TIMED_SOLVE,,,58879232,,18,1024,4,241169334272,,,,,
workstation1,90,,parent_plan,STRUCTURAL_COUNTERFACTUAL_NOT_TIMED_SOLVE,,,451356288,,21,1024,4,1848755355648,,,,,
workstation1,90,,repair_transfer,STRUCTURAL_COUNTERFACTUAL_NOT_TIMED_SOLVE,,,58879232,,18,1024,4,241169334272,,,,,
workstation1,90,,tie_portfolio,STRUCTURAL_COUNTERFACTUAL_NOT_TIMED_SOLVE,,,58879232,,18,1024,4,241169334272,,,,,
workstation1,90,,expanded_portfolio,STRUCTURAL_COUNTERFACTUAL_NOT_TIMED_SOLVE,,,26695296,,18,1024,4,109343932416,,,,,
workstation1,90,,components,STRUCTURAL_ADMISSION,,,1237940039285380274899124224,,,,,,False,,,,
workstation1,90,,variable_elimination,STRUCTURAL_ADMISSION,,,951809499,,,,,,False,,,,
workstation1,90,,incremental_boundary,STRUCTURAL_ADMISSION,,,951809499,,,,,,False,,,,
workstation1,69,,fresh_min_fill,STRUCTURAL_COUNTERFACTUAL_NOT_TIMED_SOLVE,,,50073,,14,512,3,76912128,,,,,
workstation1,69,,transition_priority,STRUCTURAL_COUNTERFACTUAL_NOT_TIMED_SOLVE,,,65065,,14,512,3,99939840,,,,,
workstation1,69,,parent_plan,STRUCTURAL_COUNTERFACTUAL_NOT_TIMED_SOLVE,,,1301936,,15,512,3,1999773696,,,,,
workstation1,69,,repair_transfer,STRUCTURAL_COUNTERFACTUAL_NOT_TIMED_SOLVE,,,65065,,14,512,3,99939840,,,,,
workstation1,69,,tie_portfolio,STRUCTURAL_COUNTERFACTUAL_NOT_TIMED_SOLVE,,,21129,,11,512,3,32454144,,,,,
workstation1,69,,expanded_portfolio,STRUCTURAL_COUNTERFACTUAL_NOT_TIMED_SOLVE,,,17153,,11,512,3,26347008,,,,,
workstation1,69,,components,STRUCTURAL_ADMISSION,,,295147905179352825858,,,,,,False,,,,
workstation1,69,,variable_elimination,STRUCTURAL_ADMISSION,,,21364,,,,,,False,,,,
workstation1,69,,incremental_boundary,STRUCTURAL_ADMISSION,,,21364,,,,,,False,,,,
workstation1,70,,fresh_min_fill,STRUCTURAL_COUNTERFACTUAL_NOT_TIMED_SOLVE,,,24573,,12,512,3,37744128,,,,,
workstation1,70,,transition_priority,STRUCTURAL_COUNTERFACTUAL_NOT_TIMED_SOLVE,,,24029,,12,512,3,36908544,,,,,
workstation1,70,,parent_plan,STRUCTURAL_COUNTERFACTUAL_NOT_TIMED_SOLVE,,,1334832,,15,512,3,2050301952,,,,,
workstation1,70,,repair_transfer,STRUCTURAL_COUNTERFACTUAL_NOT_TIMED_SOLVE,,,24029,,12,512,3,36908544,,,,,
workstation1,70,,tie_portfolio,STRUCTURAL_COUNTERFACTUAL_NOT_TIMED_SOLVE,,,20421,,12,512,3,31366656,,,,,
workstation1,70,,expanded_portfolio,STRUCTURAL_COUNTERFACTUAL_NOT_TIMED_SOLVE,,,20421,,12,512,3,31366656,,,,,
workstation1,70,,components,STRUCTURAL_ADMISSION,,,590295810358705651714,,,,,,False,,,,
workstation1,70,,variable_elimination,STRUCTURAL_ADMISSION,,,29272,,,,,,False,,,,
workstation1,70,,incremental_boundary,STRUCTURAL_ADMISSION,,,29272,,,,,,False,,,,
workstation1,71,,fresh_min_fill,STRUCTURAL_COUNTERFACTUAL_NOT_TIMED_SOLVE,,,27854,,12,512,3,42783744,,,,,
workstation1,71,,transition_priority,STRUCTURAL_COUNTERFACTUAL_NOT_TIMED_SOLVE,,,28758,,12,512,3,44172288,,,,,
workstation1,71,,parent_plan,STRUCTURAL_COUNTERFACTUAL_NOT_TIMED_SOLVE,,,2450560,,16,512,3,3764060160,,,,,
workstation1,71,,repair_transfer,STRUCTURAL_COUNTERFACTUAL_NOT_TIMED_SOLVE,,,28630,,12,512,3,43975680,,,,,
workstation1,71,,tie_portfolio,STRUCTURAL_COUNTERFACTUAL_NOT_TIMED_SOLVE,,,24782,,11,512,3,38065152,,,,,
workstation1,71,,expanded_portfolio,STRUCTURAL_COUNTERFACTUAL_NOT_TIMED_SOLVE,,,23838,,12,512,3,36615168,,,,,
workstation1,71,,components,STRUCTURAL_ADMISSION,,,2361183241434822606848,,,,,,False,,,,
workstation1,71,,variable_elimination,STRUCTURAL_ADMISSION,,,35145,,,,,,False,,,,
workstation1,71,,incremental_boundary,STRUCTURAL_ADMISSION,,,35145,,,,,,False,,,,
workstation1,91,,fresh_min_fill,STRUCTURAL_COUNTERFACTUAL_NOT_TIMED_SOLVE,,,479690496,,22,1024,4,1964812271616,,,,,
workstation1,91,,transition_priority,STRUCTURAL_COUNTERFACTUAL_NOT_TIMED_SOLVE,,,63801600,,18,1024,4,261331353600,,,,,
workstation1,91,,parent_plan,STRUCTURAL_COUNTERFACTUAL_NOT_TIMED_SOLVE,,,451495040,,21,1024,4,1849323683840,,,,,
workstation1,91,,repair_transfer,STRUCTURAL_COUNTERFACTUAL_NOT_TIMED_SOLVE,,,63801600,,18,1024,4,261331353600,,,,,
workstation1,91,,tie_portfolio,STRUCTURAL_COUNTERFACTUAL_NOT_TIMED_SOLVE,,,63801600,,18,1024,4,261331353600,,,,,
workstation1,91,,expanded_portfolio,STRUCTURAL_COUNTERFACTUAL_NOT_TIMED_SOLVE,,,42360704,,19,1024,4,173509443584,,,,,
workstation1,91,,components,STRUCTURAL_ADMISSION,,,2475880078570760549798248448,,,,,,False,,,,
workstation1,91,,variable_elimination,STRUCTURAL_ADMISSION,,,672986075,,,,,,False,,,,
workstation1,91,,incremental_boundary,STRUCTURAL_ADMISSION,,,672986075,,,,,,False,,,,
workstation1,72,,fresh_min_fill,STRUCTURAL_COUNTERFACTUAL_NOT_TIMED_SOLVE,,,63774,,13,512,3,97956864,,,,,
workstation1,72,,transition_priority,STRUCTURAL_COUNTERFACTUAL_NOT_TIMED_SOLVE,,,76486,,14,512,3,117482496,,,,,
workstation1,72,,parent_plan,STRUCTURAL_COUNTERFACTUAL_NOT_TIMED_SOLVE,,,4713952,,17,512,3,7240630272,,,,,
workstation1,72,,repair_transfer,STRUCTURAL_COUNTERFACTUAL_NOT_TIMED_SOLVE,,,76486,,14,512,3,117482496,,,,,
workstation1,72,,tie_portfolio,STRUCTURAL_COUNTERFACTUAL_NOT_TIMED_SOLVE,,,37446,,13,512,3,57517056,,,,,
workstation1,72,,expanded_portfolio,STRUCTURAL_COUNTERFACTUAL_NOT_TIMED_SOLVE,,,37446,,13,512,3,57517056,,,,,
workstation1,72,,components,STRUCTURAL_ADMISSION,,,4722366482869645213696,,,,,,False,,,,
workstation1,72,,variable_elimination,STRUCTURAL_ADMISSION,,,43537,,,,,,False,,,,
workstation1,72,,incremental_boundary,STRUCTURAL_ADMISSION,,,43537,,,,,,False,,,,
workstation1,72,variants/N72_swap2.json,fresh_min_fill,STRUCTURAL_COUNTERFACTUAL_NOT_TIMED_SOLVE,,,332790,,17,512,3,511165440,,,,,
workstation1,72,variants/N72_swap2.json,transition_priority,STRUCTURAL_COUNTERFACTUAL_NOT_TIMED_SOLVE,,,219078,,16,512,3,336503808,,,,,
workstation1,72,variants/N72_swap2.json,parent_plan,STRUCTURAL_COUNTERFACTUAL_NOT_TIMED_SOLVE,,,239229728,,21,512,3,367456862208,,,,,
workstation1,72,variants/N72_swap2.json,repair_transfer,STRUCTURAL_COUNTERFACTUAL_NOT_TIMED_SOLVE,,,219078,,16,512,3,336503808,,,,,
workstation1,72,variants/N72_swap2.json,tie_portfolio,STRUCTURAL_COUNTERFACTUAL_NOT_TIMED_SOLVE,,,125478,,15,512,3,192734208,,,,,
workstation1,72,variants/N72_swap2.json,expanded_portfolio,STRUCTURAL_COUNTERFACTUAL_NOT_TIMED_SOLVE,,,102262,,14,512,3,157074432,,,,,
workstation1,72,variants/N72_swap2.json,components,STRUCTURAL_ADMISSION,,,4722366482869645213696,,,,,,False,,,,
workstation1,72,variants/N72_swap2.json,variable_elimination,STRUCTURAL_ADMISSION,,,87481,,,,,,False,,,,
workstation1,72,variants/N72_swap2.json,incremental_boundary,STRUCTURAL_ADMISSION,,,87481,,,,,,False,,,,
workstation1,72,variants/N72_swap3.json,fresh_min_fill,STRUCTURAL_COUNTERFACTUAL_NOT_TIMED_SOLVE,,,328566,,17,512,3,504677376,,,,,
workstation1,72,variants/N72_swap3.json,transition_priority,STRUCTURAL_COUNTERFACTUAL_NOT_TIMED_SOLVE,,,132110,,15,512,3,202920960,,,,,
workstation1,72,variants/N72_swap3.json,parent_plan,STRUCTURAL_COUNTERFACTUAL_NOT_TIMED_SOLVE,,,44058400,,19,512,3,67673702400,,,,,
workstation1,72,variants/N72_swap3.json,repair_transfer,STRUCTURAL_COUNTERFACTUAL_NOT_TIMED_SOLVE,,,132110,,15,512,3,202920960,,,,,
workstation1,72,variants/N72_swap3.json,tie_portfolio,STRUCTURAL_COUNTERFACTUAL_NOT_TIMED_SOLVE,,,132110,,15,512,3,202920960,,,,,
workstation1,72,variants/N72_swap3.json,expanded_portfolio,STRUCTURAL_COUNTERFACTUAL_NOT_TIMED_SOLVE,,,103662,,14,512,3,159224832,,,,,
workstation1,72,variants/N72_swap3.json,components,STRUCTURAL_ADMISSION,,,4722366482869645213696,,,,,,False,,,,
workstation1,72,variants/N72_swap3.json,variable_elimination,STRUCTURAL_ADMISSION,,,155625,,,,,,False,,,,
workstation1,72,variants/N72_swap3.json,incremental_boundary,STRUCTURAL_ADMISSION,,,155625,,,,,,False,,,,
workstation1,72,variants/N72_swap1.json,fresh_min_fill,STRUCTURAL_COUNTERFACTUAL_NOT_TIMED_SOLVE,,,181894,,16,512,3,279389184,,,,,
workstation1,72,variants/N72_swap1.json,transition_priority,STRUCTURAL_COUNTERFACTUAL_NOT_TIMED_SOLVE,,,181894,,16,512,3,279389184,,,,,
workstation1,72,variants/N72_swap1.json,parent_plan,STRUCTURAL_COUNTERFACTUAL_NOT_TIMED_SOLVE,,,181894,,16,512,3,279389184,,,,,
workstation1,72,variants/N72_swap1.json,repair_transfer,STRUCTURAL_COUNTERFACTUAL_NOT_TIMED_SOLVE,,,181894,,16,512,3,279389184,,,,,
workstation1,72,variants/N72_swap1.json,tie_portfolio,STRUCTURAL_COUNTERFACTUAL_NOT_TIMED_SOLVE,,,181886,,16,512,3,279376896,,,,,
workstation1,72,variants/N72_swap1.json,expanded_portfolio,STRUCTURAL_COUNTERFACTUAL_NOT_TIMED_SOLVE,,,181886,,16,512,3,279376896,,,,,
workstation1,72,variants/N72_swap1.json,components,STRUCTURAL_ADMISSION,,,4722366482869645213696,,,,,,False,,,,
workstation1,72,variants/N72_swap1.json,variable_elimination,STRUCTURAL_ADMISSION,,,118185,,,,,,False,,,,
workstation1,72,variants/N72_swap1.json,incremental_boundary,STRUCTURAL_ADMISSION,,,118185,,,,,,False,,,,
workstation1,73,,fresh_min_fill,STRUCTURAL_COUNTERFACTUAL_NOT_TIMED_SOLVE,,,70606,,14,512,3,108450816,,,,,
workstation1,73,,transition_priority,STRUCTURAL_COUNTERFACTUAL_NOT_TIMED_SOLVE,,,70606,,14,512,3,108450816,,,,,
workstation1,73,,parent_plan,STRUCTURAL_COUNTERFACTUAL_NOT_TIMED_SOLVE,,,5504672,,17,512,3,8455176192,,,,,
workstation1,73,,repair_transfer,STRUCTURAL_COUNTERFACTUAL_NOT_TIMED_SOLVE,,,70606,,14,512,3,108450816,,,,,
workstation1,73,,tie_portfolio,STRUCTURAL_COUNTERFACTUAL_NOT_TIMED_SOLVE,,,58454,,13,512,3,89785344,,,,,
workstation1,73,,expanded_portfolio,STRUCTURAL_COUNTERFACTUAL_NOT_TIMED_SOLVE,,,56478,,13,512,3,86750208,,,,,
workstation1,73,,components,STRUCTURAL_ADMISSION,,,9444732965739290427392,,,,,,False,,,,
workstation1,73,,variable_elimination,STRUCTURAL_ADMISSION,,,71541,,,,,,False,,,,
workstation1,73,,incremental_boundary,STRUCTURAL_ADMISSION,,,71541,,,,,,False,,,,
workstation1,74,,fresh_min_fill,STRUCTURAL_COUNTERFACTUAL_NOT_TIMED_SOLVE,,,77106,,14,512,3,118434816,,,,,
workstation1,74,,transition_priority,STRUCTURAL_COUNTERFACTUAL_NOT_TIMED_SOLVE,,,56826,,13,512,3,87284736,,,,,
workstation1,74,,parent_plan,STRUCTURAL_COUNTERFACTUAL_NOT_TIMED_SOLVE,,,5861344,,17,512,3,9003024384,,,,,
workstation1,74,,repair_transfer,STRUCTURAL_COUNTERFACTUAL_NOT_TIMED_SOLVE,,,52730,,13,512,3,80993280,,,,,
workstation1,74,,tie_portfolio,STRUCTURAL_COUNTERFACTUAL_NOT_TIMED_SOLVE,,,56826,,13,512,3,87284736,,,,,
workstation1,74,,expanded_portfolio,STRUCTURAL_COUNTERFACTUAL_NOT_TIMED_SOLVE,,,56826,,13,512,3,87284736,,,,,
workstation1,74,,components,STRUCTURAL_ADMISSION,,,18889465931478580854784,,,,,,False,,,,
workstation1,74,,variable_elimination,STRUCTURAL_ADMISSION,,,68761,,,,,,False,,,,
workstation1,74,,incremental_boundary,STRUCTURAL_ADMISSION,,,68761,,,,,,False,,,,
workstation1,75,,fresh_min_fill,STRUCTURAL_COUNTERFACTUAL_NOT_TIMED_SOLVE,,,146892,,15,512,3,225626112,,,,,
workstation1,75,,transition_priority,STRUCTURAL_COUNTERFACTUAL_NOT_TIMED_SOLVE,,,142732,,15,512,3,219236352,,,,,
workstation1,75,,parent_plan,STRUCTURAL_COUNTERFACTUAL_NOT_TIMED_SOLVE,,,6960192,,17,512,3,10690854912,,,,,
workstation1,75,,repair_transfer,STRUCTURAL_COUNTERFACTUAL_NOT_TIMED_SOLVE,,,142732,,15,512,3,219236352,,,,,
workstation1,75,,tie_portfolio,STRUCTURAL_COUNTERFACTUAL_NOT_TIMED_SOLVE,,,142732,,15,512,3,219236352,,,,,
workstation1,75,,expanded_portfolio,STRUCTURAL_COUNTERFACTUAL_NOT_TIMED_SOLVE,,,142732,,15,512,3,219236352,,,,,
workstation1,75,,components,STRUCTURAL_ADMISSION,,,37778931862957161709568,,,,,,False,,,,
workstation1,75,,variable_elimination,STRUCTURAL_ADMISSION,,,152915,,,,,,False,,,,
workstation1,75,,incremental_boundary,STRUCTURAL_ADMISSION,,,152915,,,,,,False,,,,
workstation1,76,,fresh_min_fill,STRUCTURAL_COUNTERFACTUAL_NOT_TIMED_SOLVE,,,178388,,15,512,3,274003968,,,,,
workstation1,76,,transition_priority,STRUCTURAL_COUNTERFACTUAL_NOT_TIMED_SOLVE,,,187156,,15,512,3,287471616,,,,,
workstation1,76,,parent_plan,STRUCTURAL_COUNTERFACTUAL_NOT_TIMED_SOLVE,,,8656704,,17,512,3,13296697344,,,,,
workstation1,76,,repair_transfer,STRUCTURAL_COUNTERFACTUAL_NOT_TIMED_SOLVE,,,187156,,15,512,3,287471616,,,,,
workstation1,76,,tie_portfolio,STRUCTURAL_COUNTERFACTUAL_NOT_TIMED_SOLVE,,,178388,,15,512,3,274003968,,,,,
workstation1,76,,expanded_portfolio,STRUCTURAL_COUNTERFACTUAL_NOT_TIMED_SOLVE,,,178388,,15,512,3,274003968,,,,,
workstation1,76,,components,STRUCTURAL_ADMISSION,,,75557863725914323419136,,,,,,False,,,,
workstation1,76,,variable_elimination,STRUCTURAL_ADMISSION,,,156843,,,,,,False,,,,
workstation1,76,,incremental_boundary,STRUCTURAL_ADMISSION,,,156843,,,,,,False,,,,
workstation1,77,,fresh_min_fill,STRUCTURAL_COUNTERFACTUAL_NOT_TIMED_SOLVE,,,610692,,17,512,3,938022912,,,,,
workstation1,77,,transition_priority,STRUCTURAL_COUNTERFACTUAL_NOT_TIMED_SOLVE,,,251364,,15,512,3,386095104,,,,,
workstation1,77,,parent_plan,STRUCTURAL_COUNTERFACTUAL_NOT_TIMED_SOLVE,,,16264896,,18,512,3,24982880256,,,,,
workstation1,77,,repair_transfer,STRUCTURAL_COUNTERFACTUAL_NOT_TIMED_SOLVE,,,251364,,15,512,3,386095104,,,,,
workstation1,77,,tie_portfolio,STRUCTURAL_COUNTERFACTUAL_NOT_TIMED_SOLVE,,,251364,,15,512,3,386095104,,,,,
workstation1,77,,expanded_portfolio,STRUCTURAL_COUNTERFACTUAL_NOT_TIMED_SOLVE,,,251364,,15,512,3,386095104,,,,,
workstation1,77,,components,STRUCTURAL_ADMISSION,,,151115727451828646838272,,,,,,False,,,,
workstation1,77,,variable_elimination,STRUCTURAL_ADMISSION,,,192891,,,,,,False,,,,
workstation1,77,,incremental_boundary,STRUCTURAL_ADMISSION,,,192891,,,,,,False,,,,
workstation1,78,,fresh_min_fill,STRUCTURAL_COUNTERFACTUAL_NOT_TIMED_SOLVE,,,689832,,18,512,3,1059581952,,,,,
workstation1,78,,transition_priority,STRUCTURAL_COUNTERFACTUAL_NOT_TIMED_SOLVE,,,688808,,18,512,3,1058009088,,,,,
workstation1,78,,parent_plan,STRUCTURAL_COUNTERFACTUAL_NOT_TIMED_SOLVE,,,16273920,,18,512,3,24996741120,,,,,
workstation1,78,,repair_transfer,STRUCTURAL_COUNTERFACTUAL_NOT_TIMED_SOLVE,,,688808,,18,512,3,1058009088,,,,,
workstation1,78,,tie_portfolio,STRUCTURAL_COUNTERFACTUAL_NOT_TIMED_SOLVE,,,688808,,18,512,3,1058009088,,,,,
workstation1,78,,expanded_portfolio,STRUCTURAL_COUNTERFACTUAL_NOT_TIMED_SOLVE,,,688808,,18,512,3,1058009088,,,,,
workstation1,78,,components,STRUCTURAL_ADMISSION,,,302231454903657293676544,,,,,,False,,,,
workstation1,78,,variable_elimination,STRUCTURAL_ADMISSION,,,948847,,,,,,False,,,,
workstation1,78,,incremental_boundary,STRUCTURAL_ADMISSION,,,948847,,,,,,False,,,,
workstation1,79,,fresh_min_fill,STRUCTURAL_COUNTERFACTUAL_NOT_TIMED_SOLVE,,,1177136,,18,512,3,1808080896,,,,,
workstation1,79,,transition_priority,STRUCTURAL_COUNTERFACTUAL_NOT_TIMED_SOLVE,,,672928,,17,512,3,1033617408,,,,,
workstation1,79,,parent_plan,STRUCTURAL_COUNTERFACTUAL_NOT_TIMED_SOLVE,,,23001728,,18,512,3,35330654208,,,,,
workstation1,79,,repair_transfer,STRUCTURAL_COUNTERFACTUAL_NOT_TIMED_SOLVE,,,656544,,17,512,3,1008451584,,,,,
workstation1,79,,tie_portfolio,STRUCTURAL_COUNTERFACTUAL_NOT_TIMED_SOLVE,,,672928,,17,512,3,1033617408,,,,,
workstation1,79,,expanded_portfolio,STRUCTURAL_COUNTERFACTUAL_NOT_TIMED_SOLVE,,,672928,,17,512,3,1033617408,,,,,
workstation1,79,,components,STRUCTURAL_ADMISSION,,,604462909807314587353088,,,,,,False,,,,
workstation1,79,,variable_elimination,STRUCTURAL_ADMISSION,,,2931343,,,,,,False,,,,
workstation1,79,,incremental_boundary,STRUCTURAL_ADMISSION,,,2931343,,,,,,False,,,,
workstation1,80,,fresh_min_fill,STRUCTURAL_COUNTERFACTUAL_NOT_TIMED_SOLVE,,,1576072,,19,512,3,2420846592,,,,,
workstation1,80,,transition_priority,STRUCTURAL_COUNTERFACTUAL_NOT_TIMED_SOLVE,,,1576072,,19,512,3,2420846592,,,,,
workstation1,80,,parent_plan,STRUCTURAL_COUNTERFACTUAL_NOT_TIMED_SOLVE,,,25099520,,18,512,3,38552862720,,,,,
workstation1,80,,repair_transfer,STRUCTURAL_COUNTERFACTUAL_NOT_TIMED_SOLVE,,,1576072,,19,512,3,2420846592,,,,,
workstation1,80,,tie_portfolio,STRUCTURAL_COUNTERFACTUAL_NOT_TIMED_SOLVE,,,672760,,17,512,3,1033359360,,,,,
workstation1,80,,expanded_portfolio,STRUCTURAL_COUNTERFACTUAL_NOT_TIMED_SOLVE,,,672760,,17,512,3,1033359360,,,,,
workstation1,80,,components,STRUCTURAL_ADMISSION,,,1208925819614629174706176,,,,,,False,,,,
workstation1,80,,variable_elimination,STRUCTURAL_ADMISSION,,,3325231,,,,,,False,,,,
workstation1,80,,incremental_boundary,STRUCTURAL_ADMISSION,,,3325231,,,,,,False,,,,
workstation1,81,,fresh_min_fill,STRUCTURAL_COUNTERFACTUAL_NOT_TIMED_SOLVE,,,3014468,,20,512,3,4630222848,,,,,
workstation1,81,,transition_priority,STRUCTURAL_COUNTERFACTUAL_NOT_TIMED_SOLVE,,,3652228,,20,512,3,5609822208,,,,,
workstation1,81,,parent_plan,STRUCTURAL_COUNTERFACTUAL_NOT_TIMED_SOLVE,,,45950016,,19,512,3,70579224576,,,,,
workstation1,81,,repair_transfer,STRUCTURAL_COUNTERFACTUAL_NOT_TIMED_SOLVE,,,3652228,,20,512,3,5609822208,,,,,
workstation1,81,,tie_portfolio,STRUCTURAL_COUNTERFACTUAL_NOT_TIMED_SOLVE,,,2157892,,19,512,3,3314522112,,,,,
workstation1,81,,expanded_portfolio,STRUCTURAL_COUNTERFACTUAL_NOT_TIMED_SOLVE,,,1218532,,18,512,3,1871665152,,,,,
workstation1,81,,components,STRUCTURAL_ADMISSION,,,2417851639229258349412352,,,,,,False,,,,
workstation1,81,,variable_elimination,STRUCTURAL_ADMISSION,,,6647851,,,,,,False,,,,
workstation1,81,,incremental_boundary,STRUCTURAL_ADMISSION,,,6647851,,,,,,False,,,,
workstation1,120,,fresh_min_fill,STRUCTURAL_COUNTERFACTUAL_NOT_TIMED_SOLVE,,,621065601296,,37,1024,5,3179855878635520,,,,,
workstation1,120,,transition_priority,STRUCTURAL_COUNTERFACTUAL_NOT_TIMED_SOLVE,,,621065601296,,37,1024,5,3179855878635520,,,,,
workstation1,120,,parent_plan,STRUCTURAL_COUNTERFACTUAL_NOT_TIMED_SOLVE,,,621065601296,,37,1024,5,3179855878635520,,,,,
workstation1,120,,repair_transfer,STRUCTURAL_COUNTERFACTUAL_NOT_TIMED_SOLVE,,,621065601296,,37,1024,5,3179855878635520,,,,,
workstation1,120,,tie_portfolio,STRUCTURAL_COUNTERFACTUAL_NOT_TIMED_SOLVE,,,621065601296,,37,1024,5,3179855878635520,,,,,
workstation1,120,,expanded_portfolio,STRUCTURAL_COUNTERFACTUAL_NOT_TIMED_SOLVE,,,621065601296,,37,1024,5,3179855878635520,,,,,
workstation1,120,,components,STRUCTURAL_ADMISSION,,,1329227995784915872903807060280344576,,,,,,False,,,,
workstation1,120,,variable_elimination,STRUCTURAL_ADMISSION,,,3788471786719,,,,,,False,,,,
workstation1,120,,incremental_boundary,STRUCTURAL_ADMISSION,,,3788471786719,,,,,,False,,,,
workstation1,120,variants/N120_swap2.json,fresh_min_fill,STRUCTURAL_COUNTERFACTUAL_NOT_TIMED_SOLVE,,,1882630373504,,34,1024,5,9639067512340480,,,,,
workstation1,120,variants/N120_swap2.json,transition_priority,STRUCTURAL_COUNTERFACTUAL_NOT_TIMED_SOLVE,,,1882630373504,,34,1024,5,9639067512340480,,,,,
workstation1,120,variants/N120_swap2.json,parent_plan,STRUCTURAL_COUNTERFACTUAL_NOT_TIMED_SOLVE,,,1882630373504,,34,1024,5,9639067512340480,,,,,
workstation1,120,variants/N120_swap2.json,repair_transfer,STRUCTURAL_COUNTERFACTUAL_NOT_TIMED_SOLVE,,,1882630373504,,34,1024,5,9639067512340480,,,,,
workstation1,120,variants/N120_swap2.json,tie_portfolio,STRUCTURAL_COUNTERFACTUAL_NOT_TIMED_SOLVE,,,1882630373504,,34,1024,5,9639067512340480,,,,,
workstation1,120,variants/N120_swap2.json,expanded_portfolio,STRUCTURAL_COUNTERFACTUAL_NOT_TIMED_SOLVE,,,1882630373504,,34,1024,5,9639067512340480,,,,,
workstation1,120,variants/N120_swap2.json,components,STRUCTURAL_ADMISSION,,,1329227995784915872903807060280344576,,,,,,False,,,,
workstation1,120,variants/N120_swap2.json,variable_elimination,STRUCTURAL_ADMISSION,,,7973013738015,,,,,,False,,,,
workstation1,120,variants/N120_swap2.json,incremental_boundary,STRUCTURAL_ADMISSION,,,7973013738015,,,,,,False,,,,
workstation1,120,variants/N120_swap1.json,fresh_min_fill,STRUCTURAL_COUNTERFACTUAL_NOT_TIMED_SOLVE,,,249698315440,,36,1024,5,1278455375052800,,,,,
workstation1,120,variants/N120_swap1.json,transition_priority,STRUCTURAL_COUNTERFACTUAL_NOT_TIMED_SOLVE,,,249698315440,,36,1024,5,1278455375052800,,,,,
workstation1,120,variants/N120_swap1.json,parent_plan,STRUCTURAL_COUNTERFACTUAL_NOT_TIMED_SOLVE,,,249698315440,,36,1024,5,1278455375052800,,,,,
workstation1,120,variants/N120_swap1.json,repair_transfer,STRUCTURAL_COUNTERFACTUAL_NOT_TIMED_SOLVE,,,249698315440,,36,1024,5,1278455375052800,,,,,
workstation1,120,variants/N120_swap1.json,tie_portfolio,STRUCTURAL_COUNTERFACTUAL_NOT_TIMED_SOLVE,,,249698315440,,36,1024,5,1278455375052800,,,,,
workstation1,120,variants/N120_swap1.json,expanded_portfolio,STRUCTURAL_COUNTERFACTUAL_NOT_TIMED_SOLVE,,,249698315440,,36,1024,5,1278455375052800,,,,,
workstation1,120,variants/N120_swap1.json,components,STRUCTURAL_ADMISSION,,,1329227995784915872903807060280344576,,,,,,False,,,,
workstation1,120,variants/N120_swap1.json,variable_elimination,STRUCTURAL_ADMISSION,,,730569863999,,,,,,False,,,,
workstation1,120,variants/N120_swap1.json,incremental_boundary,STRUCTURAL_ADMISSION,,,730569863999,,,,,,False,,,,
workstation1,120,variants/N120_swap3.json,fresh_min_fill,STRUCTURAL_COUNTERFACTUAL_NOT_TIMED_SOLVE,,,9210667441904,,42,1024,5,47158617302548480,,,,,
workstation1,120,variants/N120_swap3.json,transition_priority,STRUCTURAL_COUNTERFACTUAL_NOT_TIMED_SOLVE,,,9210667441904,,42,1024,5,47158617302548480,,,,,
workstation1,120,variants/N120_swap3.json,parent_plan,STRUCTURAL_COUNTERFACTUAL_NOT_TIMED_SOLVE,,,9210667441904,,42,1024,5,47158617302548480,,,,,
workstation1,120,variants/N120_swap3.json,repair_transfer,STRUCTURAL_COUNTERFACTUAL_NOT_TIMED_SOLVE,,,9210667441904,,42,1024,5,47158617302548480,,,,,
workstation1,120,variants/N120_swap3.json,tie_portfolio,STRUCTURAL_COUNTERFACTUAL_NOT_TIMED_SOLVE,,,9210667441904,,42,1024,5,47158617302548480,,,,,
workstation1,120,variants/N120_swap3.json,expanded_portfolio,STRUCTURAL_COUNTERFACTUAL_NOT_TIMED_SOLVE,,,9210667441904,,42,1024,5,47158617302548480,,,,,
workstation1,120,variants/N120_swap3.json,components,STRUCTURAL_ADMISSION,,,1329227995784915872903807060280344576,,,,,,False,,,,
workstation1,120,variants/N120_swap3.json,variable_elimination,STRUCTURAL_ADMISSION,,,889110487167,,,,,,False,,,,
workstation1,120,variants/N120_swap3.json,incremental_boundary,STRUCTURAL_ADMISSION,,,889110487167,,,,,,False,,,,
workstation1,119,,fresh_min_fill,STRUCTURAL_COUNTERFACTUAL_NOT_TIMED_SOLVE,,,173007562736,,34,1024,5,885798721208320,,,,,
workstation1,119,,transition_priority,STRUCTURAL_COUNTERFACTUAL_NOT_TIMED_SOLVE,,,173007562736,,34,1024,5,885798721208320,,,,,
workstation1,119,,parent_plan,STRUCTURAL_COUNTERFACTUAL_NOT_TIMED_SOLVE,,,173007562736,,34,1024,5,885798721208320,,,,,
workstation1,119,,repair_transfer,STRUCTURAL_COUNTERFACTUAL_NOT_TIMED_SOLVE,,,173007562736,,34,1024,5,885798721208320,,,,,
workstation1,119,,tie_portfolio,STRUCTURAL_COUNTERFACTUAL_NOT_TIMED_SOLVE,,,173007562736,,34,1024,5,885798721208320,,,,,
workstation1,119,,expanded_portfolio,STRUCTURAL_COUNTERFACTUAL_NOT_TIMED_SOLVE,,,173007562736,,34,1024,5,885798721208320,,,,,
workstation1,119,,components,STRUCTURAL_ADMISSION,,,664613997892457936451903530140172288,,,,,,False,,,,
workstation1,119,,variable_elimination,STRUCTURAL_ADMISSION,,,779008494015,,,,,,False,,,,
workstation1,119,,incremental_boundary,STRUCTURAL_ADMISSION,,,779008494015,,,,,,False,,,,
workstation1,92,,fresh_min_fill,STRUCTURAL_COUNTERFACTUAL_NOT_TIMED_SOLVE,,,433732736,,22,1024,4,1776569286656,,,,,
workstation1,92,,transition_priority,STRUCTURAL_COUNTERFACTUAL_NOT_TIMED_SOLVE,,,74167936,,18,1024,4,303791865856,,,,,
workstation1,92,,parent_plan,STRUCTURAL_COUNTERFACTUAL_NOT_TIMED_SOLVE,,,452030336,,21,1024,4,1851516256256,,,,,
workstation1,92,,repair_transfer,STRUCTURAL_COUNTERFACTUAL_NOT_TIMED_SOLVE,,,74167936,,18,1024,4,303791865856,,,,,
workstation1,92,,tie_portfolio,STRUCTURAL_COUNTERFACTUAL_NOT_TIMED_SOLVE,,,74167936,,18,1024,4,303791865856,,,,,
workstation1,92,,expanded_portfolio,STRUCTURAL_COUNTERFACTUAL_NOT_TIMED_SOLVE,,,56670784,,19,1024,4,232123531264,,,,,
workstation1,92,,components,STRUCTURAL_ADMISSION,,,4951760157141521099596496896,,,,,,False,,,,
workstation1,92,,variable_elimination,STRUCTURAL_ADMISSION,,,369382079,,,,,,False,,,,
workstation1,92,,incremental_boundary,STRUCTURAL_ADMISSION,,,369382079,,,,,,False,,,,
workstation1,93,,fresh_min_fill,STRUCTURAL_COUNTERFACTUAL_NOT_TIMED_SOLVE,,,477200512,,21,1024,4,1954613297152,,,,,
workstation1,93,,transition_priority,STRUCTURAL_COUNTERFACTUAL_NOT_TIMED_SOLVE,,,477200512,,21,1024,4,1954613297152,,,,,
workstation1,93,,parent_plan,STRUCTURAL_COUNTERFACTUAL_NOT_TIMED_SOLVE,,,477200512,,21,1024,4,1954613297152,,,,,
workstation1,93,,repair_transfer,STRUCTURAL_COUNTERFACTUAL_NOT_TIMED_SOLVE,,,443646080,,21,1024,4,1817174343680,,,,,
workstation1,93,,tie_portfolio,STRUCTURAL_COUNTERFACTUAL_NOT_TIMED_SOLVE,,,256825984,,21,1024,4,1051959230464,,,,,
workstation1,93,,expanded_portfolio,STRUCTURAL_COUNTERFACTUAL_NOT_TIMED_SOLVE,,,91523392,,19,1024,4,374879813632,,,,,
workstation1,93,,components,STRUCTURAL_ADMISSION,,,9903520314283042199192993792,,,,,,False,,,,
workstation1,93,,variable_elimination,STRUCTURAL_ADMISSION,,,1093014815,,,,,,False,,,,
workstation1,93,,incremental_boundary,STRUCTURAL_ADMISSION,,,1093014815,,,,,,False,,,,
workstation1,94,,fresh_min_fill,STRUCTURAL_COUNTERFACTUAL_NOT_TIMED_SOLVE,,,679097984,,22,1024,4,2781585342464,,,,,
workstation1,94,,transition_priority,STRUCTURAL_COUNTERFACTUAL_NOT_TIMED_SOLVE,,,679097984,,22,1024,4,2781585342464,,,,,
workstation1,94,,parent_plan,STRUCTURAL_COUNTERFACTUAL_NOT_TIMED_SOLVE,,,679097984,,22,1024,4,2781585342464,,,,,
workstation1,94,,repair_transfer,STRUCTURAL_COUNTERFACTUAL_NOT_TIMED_SOLVE,,,645543552,,22,1024,4,2644146388992,,,,,
workstation1,94,,tie_portfolio,STRUCTURAL_COUNTERFACTUAL_NOT_TIMED_SOLVE,,,505460352,,21,1024,4,2070365601792,,,,,
workstation1,94,,expanded_portfolio,STRUCTURAL_COUNTERFACTUAL_NOT_TIMED_SOLVE,,,252830272,,22,1024,4,1035592794112,,,,,
workstation1,94,,components,STRUCTURAL_ADMISSION,,,19807040628566084398385987584,,,,,,False,,,,
workstation1,94,,variable_elimination,STRUCTURAL_ADMISSION,,,706263199,,,,,,False,,,,
workstation1,94,,incremental_boundary,STRUCTURAL_ADMISSION,,,706263199,,,,,,False,,,,
workstation1,95,,fresh_min_fill,STRUCTURAL_COUNTERFACTUAL_NOT_TIMED_SOLVE,,,513524864,,21,1024,4,2103397842944,,,,,
workstation1,95,,transition_priority,STRUCTURAL_COUNTERFACTUAL_NOT_TIMED_SOLVE,,,775725696,,22,1024,4,3177372450816,,,,,
workstation1,95,,parent_plan,STRUCTURAL_COUNTERFACTUAL_NOT_TIMED_SOLVE,,,813320320,,22,1024,4,3331360030720,,,,,
workstation1,95,,repair_transfer,STRUCTURAL_COUNTERFACTUAL_NOT_TIMED_SOLVE,,,775725696,,22,1024,4,3177372450816,,,,,
workstation1,95,,tie_portfolio,STRUCTURAL_COUNTERFACTUAL_NOT_TIMED_SOLVE,,,513524864,,21,1024,4,2103397842944,,,,,
workstation1,95,,expanded_portfolio,STRUCTURAL_COUNTERFACTUAL_NOT_TIMED_SOLVE,,,249085248,,21,1024,4,1020253175808,,,,,
workstation1,95,,components,STRUCTURAL_ADMISSION,,,39614081257132168796771975168,,,,,,False,,,,
workstation1,95,,variable_elimination,STRUCTURAL_ADMISSION,,,743029935,,,,,,False,,,,
workstation1,95,,incremental_boundary,STRUCTURAL_ADMISSION,,,743029935,,,,,,False,,,,
workstation1,96,,fresh_min_fill,STRUCTURAL_COUNTERFACTUAL_NOT_TIMED_SOLVE,,,641754752,,22,1024,4,2628627464192,,,,,
workstation1,96,,transition_priority,STRUCTURAL_COUNTERFACTUAL_NOT_TIMED_SOLVE,,,486585984,,21,1024,4,1993056190464,,,,,
workstation1,96,,parent_plan,STRUCTURAL_COUNTERFACTUAL_NOT_TIMED_SOLVE,,,814475904,,22,1024,4,3336093302784,,,,,
workstation1,96,,repair_transfer,STRUCTURAL_COUNTERFACTUAL_NOT_TIMED_SOLVE,,,486585984,,21,1024,4,1993056190464,,,,,
workstation1,96,,tie_portfolio,STRUCTURAL_COUNTERFACTUAL_NOT_TIMED_SOLVE,,,430070400,,21,1024,4,1761568358400,,,,,
workstation1,96,,expanded_portfolio,STRUCTURAL_COUNTERFACTUAL_NOT_TIMED_SOLVE,,,203956800,,21,1024,4,835407052800,,,,,
workstation1,96,,components,STRUCTURAL_ADMISSION,,,79228162514264337593543950336,,,,,,False,,,,
workstation1,96,,variable_elimination,STRUCTURAL_ADMISSION,,,16698150047,,,,,,False,,,,
workstation1,96,,incremental_boundary,STRUCTURAL_ADMISSION,,,16698150047,,,,,,False,,,,
workstation1,96,variants/N96_swap3.json,fresh_min_fill,STRUCTURAL_COUNTERFACTUAL_NOT_TIMED_SOLVE,,,10369075792,,31,1024,4,42471734444032,,,,,
workstation1,96,variants/N96_swap3.json,transition_priority,STRUCTURAL_COUNTERFACTUAL_NOT_TIMED_SOLVE,,,10369075792,,31,1024,4,42471734444032,,,,,
workstation1,96,variants/N96_swap3.json,parent_plan,STRUCTURAL_COUNTERFACTUAL_NOT_TIMED_SOLVE,,,10369075792,,31,1024,4,42471734444032,,,,,
workstation1,96,variants/N96_swap3.json,repair_transfer,STRUCTURAL_COUNTERFACTUAL_NOT_TIMED_SOLVE,,,10369075792,,31,1024,4,42471734444032,,,,,
workstation1,96,variants/N96_swap3.json,tie_portfolio,STRUCTURAL_COUNTERFACTUAL_NOT_TIMED_SOLVE,,,10369075792,,31,1024,4,42471734444032,,,,,
workstation1,96,variants/N96_swap3.json,expanded_portfolio,STRUCTURAL_COUNTERFACTUAL_NOT_TIMED_SOLVE,,,783025408,,22,1024,4,3207272071168,,,,,
workstation1,96,variants/N96_swap3.json,components,STRUCTURAL_ADMISSION,,,79228162514264337593543950336,,,,,,False,,,,
workstation1,96,variants/N96_swap3.json,variable_elimination,STRUCTURAL_ADMISSION,,,4972533823,,,,,,False,,,,
workstation1,96,variants/N96_swap3.json,incremental_boundary,STRUCTURAL_ADMISSION,,,4972533823,,,,,,False,,,,
workstation1,96,variants/N96_swap1.json,fresh_min_fill,STRUCTURAL_COUNTERFACTUAL_NOT_TIMED_SOLVE,,,4949426176,,25,1024,4,20272849616896,,,,,
workstation1,96,variants/N96_swap1.json,transition_priority,STRUCTURAL_COUNTERFACTUAL_NOT_TIMED_SOLVE,,,4949426176,,25,1024,4,20272849616896,,,,,
workstation1,96,variants/N96_swap1.json,parent_plan,STRUCTURAL_COUNTERFACTUAL_NOT_TIMED_SOLVE,,,4949426176,,25,1024,4,20272849616896,,,,,
workstation1,96,variants/N96_swap1.json,repair_transfer,STRUCTURAL_COUNTERFACTUAL_NOT_TIMED_SOLVE,,,4949426176,,25,1024,4,20272849616896,,,,,
workstation1,96,variants/N96_swap1.json,tie_portfolio,STRUCTURAL_COUNTERFACTUAL_NOT_TIMED_SOLVE,,,4949426176,,25,1024,4,20272849616896,,,,,
workstation1,96,variants/N96_swap1.json,expanded_portfolio,STRUCTURAL_COUNTERFACTUAL_NOT_TIMED_SOLVE,,,617919360,,22,1024,4,2530997698560,,,,,
workstation1,96,variants/N96_swap1.json,components,STRUCTURAL_ADMISSION,,,79228162514264337593543950336,,,,,,False,,,,
workstation1,96,variants/N96_swap1.json,variable_elimination,STRUCTURAL_ADMISSION,,,10054562495,,,,,,False,,,,
workstation1,96,variants/N96_swap1.json,incremental_boundary,STRUCTURAL_ADMISSION,,,10054562495,,,,,,False,,,,
workstation1,96,variants/N96_swap2.json,fresh_min_fill,STRUCTURAL_COUNTERFACTUAL_NOT_TIMED_SOLVE,,,12368522608,,32,1024,4,50661468602368,,,,,
workstation1,96,variants/N96_swap2.json,transition_priority,STRUCTURAL_COUNTERFACTUAL_NOT_TIMED_SOLVE,,,12368522608,,32,1024,4,50661468602368,,,,,
workstation1,96,variants/N96_swap2.json,parent_plan,STRUCTURAL_COUNTERFACTUAL_NOT_TIMED_SOLVE,,,12368522608,,32,1024,4,50661468602368,,,,,
workstation1,96,variants/N96_swap2.json,repair_transfer,STRUCTURAL_COUNTERFACTUAL_NOT_TIMED_SOLVE,,,12368522608,,32,1024,4,50661468602368,,,,,
workstation1,96,variants/N96_swap2.json,tie_portfolio,STRUCTURAL_COUNTERFACTUAL_NOT_TIMED_SOLVE,,,12368522608,,32,1024,4,50661468602368,,,,,
workstation1,96,variants/N96_swap2.json,expanded_portfolio,STRUCTURAL_COUNTERFACTUAL_NOT_TIMED_SOLVE,,,12368522608,,32,1024,4,50661468602368,,,,,
workstation1,96,variants/N96_swap2.json,components,STRUCTURAL_ADMISSION,,,79228162514264337593543950336,,,,,,False,,,,
workstation1,96,variants/N96_swap2.json,variable_elimination,STRUCTURAL_ADMISSION,,,11266436095,,,,,,False,,,,
workstation1,96,variants/N96_swap2.json,incremental_boundary,STRUCTURAL_ADMISSION,,,11266436095,,,,,,False,,,,
workstation1,97,,fresh_min_fill,STRUCTURAL_COUNTERFACTUAL_NOT_TIMED_SOLVE,,,495774784,,22,1024,4,2030693515264,,,,,
workstation1,97,,transition_priority,STRUCTURAL_COUNTERFACTUAL_NOT_TIMED_SOLVE,,,152329280,,20,1024,4,623940730880,,,,,
workstation1,97,,parent_plan,STRUCTURAL_COUNTERFACTUAL_NOT_TIMED_SOLVE,,,152329280,,20,1024,4,623940730880,,,,,
workstation1,97,,repair_transfer,STRUCTURAL_COUNTERFACTUAL_NOT_TIMED_SOLVE,,,152329280,,20,1024,4,623940730880,,,,,
workstation1,97,,tie_portfolio,STRUCTURAL_COUNTERFACTUAL_NOT_TIMED_SOLVE,,,146177600,,20,1024,4,598743449600,,,,,
workstation1,97,,expanded_portfolio,STRUCTURAL_COUNTERFACTUAL_NOT_TIMED_SOLVE,,,112763744,,20,1024,4,461880295424,,,,,
workstation1,97,,components,STRUCTURAL_ADMISSION,,,158456325028528675187087900672,,,,,,False,,,,
workstation1,97,,variable_elimination,STRUCTURAL_ADMISSION,,,232004305,,,,,,False,,,,
workstation1,97,,incremental_boundary,STRUCTURAL_ADMISSION,,,232004305,,,,,,False,,,,
workstation1,98,,fresh_min_fill,STRUCTURAL_COUNTERFACTUAL_NOT_TIMED_SOLVE,,,495774848,,22,1024,4,2030693777408,,,,,
workstation1,98,,transition_priority,STRUCTURAL_COUNTERFACTUAL_NOT_TIMED_SOLVE,,,152329344,,20,1024,4,623940993024,,,,,
workstation1,98,,parent_plan,STRUCTURAL_COUNTERFACTUAL_NOT_TIMED_SOLVE,,,152329344,,20,1024,4,623940993024,,,,,
workstation1,98,,repair_transfer,STRUCTURAL_COUNTERFACTUAL_NOT_TIMED_SOLVE,,,152329344,,20,1024,4,623940993024,,,,,
workstation1,98,,tie_portfolio,STRUCTURAL_COUNTERFACTUAL_NOT_TIMED_SOLVE,,,146177664,,20,1024,4,598743711744,,,,,
workstation1,98,,expanded_portfolio,STRUCTURAL_COUNTERFACTUAL_NOT_TIMED_SOLVE,,,112763776,,20,1024,4,461880426496,,,,,
workstation1,98,,components,STRUCTURAL_ADMISSION,,,316912650057057350374175801344,,,,,,False,,,,
workstation1,98,,variable_elimination,STRUCTURAL_ADMISSION,,,232004307,,,,,,False,,,,
workstation1,98,,incremental_boundary,STRUCTURAL_ADMISSION,,,232004307,,,,,,False,,,,
workstation1,99,,fresh_min_fill,STRUCTURAL_COUNTERFACTUAL_NOT_TIMED_SOLVE,,,495774912,,22,1024,4,2030694039552,,,,,
workstation1,99,,transition_priority,STRUCTURAL_COUNTERFACTUAL_NOT_TIMED_SOLVE,,,152329408,,20,1024,4,623941255168,,,,,
workstation1,99,,parent_plan,STRUCTURAL_COUNTERFACTUAL_NOT_TIMED_SOLVE,,,152329408,,20,1024,4,623941255168,,,,,
workstation1,99,,repair_transfer,STRUCTURAL_COUNTERFACTUAL_NOT_TIMED_SOLVE,,,152329408,,20,1024,4,623941255168,,,,,
workstation1,99,,tie_portfolio,STRUCTURAL_COUNTERFACTUAL_NOT_TIMED_SOLVE,,,146177728,,20,1024,4,598743973888,,,,,
workstation1,99,,expanded_portfolio,STRUCTURAL_COUNTERFACTUAL_NOT_TIMED_SOLVE,,,112763808,,20,1024,4,461880557568,,,,,
workstation1,99,,components,STRUCTURAL_ADMISSION,,,633825300114114700748351602688,,,,,,False,,,,
workstation1,99,,variable_elimination,STRUCTURAL_ADMISSION,,,232004309,,,,,,False,,,,
workstation1,99,,incremental_boundary,STRUCTURAL_ADMISSION,,,232004309,,,,,,False,,,,
workstation1,100,,fresh_min_fill,STRUCTURAL_COUNTERFACTUAL_NOT_TIMED_SOLVE,,,2160,,5,512,4,4423680,,,,,
workstation1,100,,transition_priority,STRUCTURAL_COUNTERFACTUAL_NOT_TIMED_SOLVE,,,2160,,5,512,4,4423680,,,,,
workstation1,100,,parent_plan,STRUCTURAL_COUNTERFACTUAL_NOT_TIMED_SOLVE,,,200192,,9,512,4,409993216,,,,,
workstation1,100,,repair_transfer,STRUCTURAL_COUNTERFACTUAL_NOT_TIMED_SOLVE,,,2160,,5,512,4,4423680,,,,,
workstation1,100,,tie_portfolio,STRUCTURAL_COUNTERFACTUAL_NOT_TIMED_SOLVE,,,2160,,5,512,4,4423680,,,,,
workstation1,100,,expanded_portfolio,STRUCTURAL_COUNTERFACTUAL_NOT_TIMED_SOLVE,,,2160,,5,512,4,4423680,,,,,
workstation1,100,,components,STRUCTURAL_ADMISSION,,,165920,,,,,,True,,,,
workstation1,100,,variable_elimination,STRUCTURAL_ADMISSION,,,2168,,,,,,False,,,,
workstation1,100,,incremental_boundary,STRUCTURAL_ADMISSION,,,2168,,,,,,False,,,,
workstation1,100,variants/N100_swap1.json,fresh_min_fill,STRUCTURAL_COUNTERFACTUAL_NOT_TIMED_SOLVE,,,2641,,6,512,4,5408768,,,,,
workstation1,100,variants/N100_swap1.json,transition_priority,STRUCTURAL_COUNTERFACTUAL_NOT_TIMED_SOLVE,,,2609,,6,512,4,5343232,,,,,
workstation1,100,variants/N100_swap1.json,parent_plan,STRUCTURAL_COUNTERFACTUAL_NOT_TIMED_SOLVE,,,2609,,6,512,4,5343232,,,,,
workstation1,100,variants/N100_swap1.json,repair_transfer,STRUCTURAL_COUNTERFACTUAL_NOT_TIMED_SOLVE,,,2609,,6,512,4,5343232,,,,,
workstation1,100,variants/N100_swap1.json,tie_portfolio,STRUCTURAL_COUNTERFACTUAL_NOT_TIMED_SOLVE,,,2609,,6,512,4,5343232,,,,,
workstation1,100,variants/N100_swap1.json,expanded_portfolio,STRUCTURAL_COUNTERFACTUAL_NOT_TIMED_SOLVE,,,2609,,6,512,4,5343232,,,,,
workstation1,100,variants/N100_swap1.json,components,STRUCTURAL_ADMISSION,,,1152921504607897600,,,,,,False,,,,
workstation1,100,variants/N100_swap1.json,variable_elimination,STRUCTURAL_ADMISSION,,,2576,,,,,,False,,,,
workstation1,100,variants/N100_swap1.json,incremental_boundary,STRUCTURAL_ADMISSION,,,2576,,,,,,False,,,,
workstation1,100,variants/N100_swap3.json,fresh_min_fill,STRUCTURAL_COUNTERFACTUAL_NOT_TIMED_SOLVE,,,2458,,6,512,4,5033984,,,,,
workstation1,100,variants/N100_swap3.json,transition_priority,STRUCTURAL_COUNTERFACTUAL_NOT_TIMED_SOLVE,,,2482,,6,512,4,5083136,,,,,
workstation1,100,variants/N100_swap3.json,parent_plan,STRUCTURAL_COUNTERFACTUAL_NOT_TIMED_SOLVE,,,135848000,,20,512,4,278216704000,,,,,
workstation1,100,variants/N100_swap3.json,repair_transfer,STRUCTURAL_COUNTERFACTUAL_NOT_TIMED_SOLVE,,,2482,,6,512,4,5083136,,,,,
workstation1,100,variants/N100_swap3.json,tie_portfolio,STRUCTURAL_COUNTERFACTUAL_NOT_TIMED_SOLVE,,,2450,,6,512,4,5017600,,,,,
workstation1,100,variants/N100_swap3.json,expanded_portfolio,STRUCTURAL_COUNTERFACTUAL_NOT_TIMED_SOLVE,,,2450,,6,512,4,5017600,,,,,
workstation1,100,variants/N100_swap3.json,components,STRUCTURAL_ADMISSION,,,1180591620717411368960,,,,,,False,,,,
workstation1,100,variants/N100_swap3.json,variable_elimination,STRUCTURAL_ADMISSION,,,2213,,,,,,False,,,,
workstation1,100,variants/N100_swap3.json,incremental_boundary,STRUCTURAL_ADMISSION,,,2213,,,,,,False,,,,
workstation1,100,variants/N100_swap2.json,fresh_min_fill,STRUCTURAL_COUNTERFACTUAL_NOT_TIMED_SOLVE,,,2518,,6,512,4,5156864,,,,,
workstation1,100,variants/N100_swap2.json,transition_priority,STRUCTURAL_COUNTERFACTUAL_NOT_TIMED_SOLVE,,,2510,,6,512,4,5140480,,,,,
workstation1,100,variants/N100_swap2.json,parent_plan,STRUCTURAL_COUNTERFACTUAL_NOT_TIMED_SOLVE,,,53284800,,19,512,4,109127270400,,,,,
workstation1,100,variants/N100_swap2.json,repair_transfer,STRUCTURAL_COUNTERFACTUAL_NOT_TIMED_SOLVE,,,2510,,6,512,4,5140480,,,,,
workstation1,100,variants/N100_swap2.json,tie_portfolio,STRUCTURAL_COUNTERFACTUAL_NOT_TIMED_SOLVE,,,2482,,6,512,4,5083136,,,,,
workstation1,100,variants/N100_swap2.json,expanded_portfolio,STRUCTURAL_COUNTERFACTUAL_NOT_TIMED_SOLVE,,,2474,,6,512,4,5066752,,,,,
workstation1,100,variants/N100_swap2.json,components,STRUCTURAL_ADMISSION,,,38685626227668133590598688,,,,,,False,,,,
workstation1,100,variants/N100_swap2.json,variable_elimination,STRUCTURAL_ADMISSION,,,2229,,,,,,False,,,,
workstation1,100,variants/N100_swap2.json,incremental_boundary,STRUCTURAL_ADMISSION,,,2229,,,,,,False,,,,
workstation1,100,variants/N100_bridge.json,fresh_min_fill,STRUCTURAL_COUNTERFACTUAL_NOT_TIMED_SOLVE,,,2160,,5,512,4,4423680,,,,,
workstation1,100,variants/N100_bridge.json,transition_priority,STRUCTURAL_COUNTERFACTUAL_NOT_TIMED_SOLVE,,,2160,,5,512,4,4423680,,,,,
workstation1,100,variants/N100_bridge.json,parent_plan,STRUCTURAL_COUNTERFACTUAL_NOT_TIMED_SOLVE,,,200192,,9,512,4,409993216,,,,,
workstation1,100,variants/N100_bridge.json,repair_transfer,STRUCTURAL_COUNTERFACTUAL_NOT_TIMED_SOLVE,,,2160,,5,512,4,4423680,,,,,
workstation1,100,variants/N100_bridge.json,tie_portfolio,STRUCTURAL_COUNTERFACTUAL_NOT_TIMED_SOLVE,,,2160,,5,512,4,4423680,,,,,
workstation1,100,variants/N100_bridge.json,expanded_portfolio,STRUCTURAL_COUNTERFACTUAL_NOT_TIMED_SOLVE,,,2160,,5,512,4,4423680,,,,,
workstation1,100,variants/N100_bridge.json,components,STRUCTURAL_ADMISSION,,,1073842208,,,,,,False,,,,
workstation1,100,variants/N100_bridge.json,variable_elimination,STRUCTURAL_ADMISSION,,,2169,,,,,,False,,,,
workstation1,100,variants/N100_bridge.json,incremental_boundary,STRUCTURAL_ADMISSION,,,2169,,,,,,False,,,,
workstation1,101,,fresh_min_fill,STRUCTURAL_COUNTERFACTUAL_NOT_TIMED_SOLVE,,,648869312,,22,1024,4,2657768701952,,,,,
workstation1,101,,transition_priority,STRUCTURAL_COUNTERFACTUAL_NOT_TIMED_SOLVE,,,461090240,,22,1024,4,1888625623040,,,,,
workstation1,101,,parent_plan,STRUCTURAL_COUNTERFACTUAL_NOT_TIMED_SOLVE,,,461090240,,22,1024,4,1888625623040,,,,,
workstation1,101,,repair_transfer,STRUCTURAL_COUNTERFACTUAL_NOT_TIMED_SOLVE,,,461090240,,22,1024,4,1888625623040,,,,,
workstation1,101,,tie_portfolio,STRUCTURAL_COUNTERFACTUAL_NOT_TIMED_SOLVE,,,148277184,,20,1024,4,607343345664,,,,,
workstation1,101,,expanded_portfolio,STRUCTURAL_COUNTERFACTUAL_NOT_TIMED_SOLVE,,,120111648,,20,1024,4,491977310208,,,,,
workstation1,101,,components,STRUCTURAL_ADMISSION,,,2535301200456458802993406410752,,,,,,False,,,,
workstation1,101,,variable_elimination,STRUCTURAL_ADMISSION,,,311309149,,,,,,False,,,,
workstation1,101,,incremental_boundary,STRUCTURAL_ADMISSION,,,311309149,,,,,,False,,,,
workstation1,102,,fresh_min_fill,STRUCTURAL_COUNTERFACTUAL_NOT_TIMED_SOLVE,,,761452864,,22,1024,4,3118910930944,,,,,
workstation1,102,,transition_priority,STRUCTURAL_COUNTERFACTUAL_NOT_TIMED_SOLVE,,,761452864,,22,1024,4,3118910930944,,,,,
workstation1,102,,parent_plan,STRUCTURAL_COUNTERFACTUAL_NOT_TIMED_SOLVE,,,761452864,,22,1024,4,3118910930944,,,,,
workstation1,102,,repair_transfer,STRUCTURAL_COUNTERFACTUAL_NOT_TIMED_SOLVE,,,761452864,,22,1024,4,3118910930944,,,,,
workstation1,102,,tie_portfolio,STRUCTURAL_COUNTERFACTUAL_NOT_TIMED_SOLVE,,,296020800,,21,1024,4,1212501196800,,,,,
workstation1,102,,expanded_portfolio,STRUCTURAL_COUNTERFACTUAL_NOT_TIMED_SOLVE,,,243441632,,22,1024,4,997136924672,,,,,
workstation1,102,,components,STRUCTURAL_ADMISSION,,,5070602400912917605986812821504,,,,,,False,,,,
workstation1,102,,variable_elimination,STRUCTURAL_ADMISSION,,,1121360329,,,,,,False,,,,
workstation1,102,,incremental_boundary,STRUCTURAL_ADMISSION,,,1121360329,,,,,,False,,,,
workstation1,103,,fresh_min_fill,STRUCTURAL_COUNTERFACTUAL_NOT_TIMED_SOLVE,,,699369408,,22,1024,4,2864617095168,,,,,
workstation1,103,,transition_priority,STRUCTURAL_COUNTERFACTUAL_NOT_TIMED_SOLVE,,,699369408,,22,1024,4,2864617095168,,,,,
workstation1,103,,parent_plan,STRUCTURAL_COUNTERFACTUAL_NOT_TIMED_SOLVE,,,699369408,,22,1024,4,2864617095168,,,,,
workstation1,103,,repair_transfer,STRUCTURAL_COUNTERFACTUAL_NOT_TIMED_SOLVE,,,699369408,,22,1024,4,2864617095168,,,,,
workstation1,103,,tie_portfolio,STRUCTURAL_COUNTERFACTUAL_NOT_TIMED_SOLVE,,,631997888,,22,1024,4,2588663349248,,,,,
workstation1,103,,expanded_portfolio,STRUCTURAL_COUNTERFACTUAL_NOT_TIMED_SOLVE,,,499406496,,22,1024,4,2045569007616,,,,,
workstation1,103,,components,STRUCTURAL_ADMISSION,,,10141204801825835211973625643008,,,,,,False,,,,
workstation1,103,,variable_elimination,STRUCTURAL_ADMISSION,,,9345927029,,,,,,False,,,,
workstation1,103,,incremental_boundary,STRUCTURAL_ADMISSION,,,9345927029,,,,,,False,,,,
workstation1,104,,fresh_min_fill,STRUCTURAL_COUNTERFACTUAL_NOT_TIMED_SOLVE,,,699369472,,22,1024,4,2864617357312,,,,,
workstation1,104,,transition_priority,STRUCTURAL_COUNTERFACTUAL_NOT_TIMED_SOLVE,,,699369472,,22,1024,4,2864617357312,,,,,
workstation1,104,,parent_plan,STRUCTURAL_COUNTERFACTUAL_NOT_TIMED_SOLVE,,,699369472,,22,1024,4,2864617357312,,,,,
workstation1,104,,repair_transfer,STRUCTURAL_COUNTERFACTUAL_NOT_TIMED_SOLVE,,,699369472,,22,1024,4,2864617357312,,,,,
workstation1,104,,tie_portfolio,STRUCTURAL_COUNTERFACTUAL_NOT_TIMED_SOLVE,,,631997952,,22,1024,4,2588663611392,,,,,
workstation1,104,,expanded_portfolio,STRUCTURAL_COUNTERFACTUAL_NOT_TIMED_SOLVE,,,499406528,,22,1024,4,2045569138688,,,,,
workstation1,104,,components,STRUCTURAL_ADMISSION,,,20282409603651670423947251286016,,,,,,False,,,,
workstation1,104,,variable_elimination,STRUCTURAL_ADMISSION,,,9345927031,,,,,,False,,,,
workstation1,104,,incremental_boundary,STRUCTURAL_ADMISSION,,,9345927031,,,,,,False,,,,
workstation1,105,,fresh_min_fill,STRUCTURAL_COUNTERFACTUAL_NOT_TIMED_SOLVE,,,2320,,5,512,4,4751360,,,,,
workstation1,105,,transition_priority,STRUCTURAL_COUNTERFACTUAL_NOT_TIMED_SOLVE,,,2320,,5,512,4,4751360,,,,,
workstation1,105,,parent_plan,STRUCTURAL_COUNTERFACTUAL_NOT_TIMED_SOLVE,,,205312,,9,512,4,420478976,,,,,
workstation1,105,,repair_transfer,STRUCTURAL_COUNTERFACTUAL_NOT_TIMED_SOLVE,,,2320,,5,512,4,4751360,,,,,
workstation1,105,,tie_portfolio,STRUCTURAL_COUNTERFACTUAL_NOT_TIMED_SOLVE,,,2320,,5,512,4,4751360,,,,,
workstation1,105,,expanded_portfolio,STRUCTURAL_COUNTERFACTUAL_NOT_TIMED_SOLVE,,,2320,,5,512,4,4751360,,,,,
workstation1,105,,components,STRUCTURAL_ADMISSION,,,166912,,,,,,True,,,,
workstation1,105,,variable_elimination,STRUCTURAL_ADMISSION,,,2328,,,,,,False,,,,
workstation1,105,,incremental_boundary,STRUCTURAL_ADMISSION,,,2328,,,,,,False,,,,
workstation1,105,variants/N105_swap1.json,fresh_min_fill,STRUCTURAL_COUNTERFACTUAL_NOT_TIMED_SOLVE,,,3757,,8,512,4,7694336,,,,,
workstation1,105,variants/N105_swap1.json,transition_priority,STRUCTURAL_COUNTERFACTUAL_NOT_TIMED_SOLVE,,,3517,,7,512,4,7202816,,,,,
workstation1,105,variants/N105_swap1.json,parent_plan,STRUCTURAL_COUNTERFACTUAL_NOT_TIMED_SOLVE,,,3517,,7,512,4,7202816,,,,,
workstation1,105,variants/N105_swap1.json,repair_transfer,STRUCTURAL_COUNTERFACTUAL_NOT_TIMED_SOLVE,,,3517,,7,512,4,7202816,,,,,
workstation1,105,variants/N105_swap1.json,tie_portfolio,STRUCTURAL_COUNTERFACTUAL_NOT_TIMED_SOLVE,,,3485,,7,512,4,7137280,,,,,
workstation1,105,variants/N105_swap1.json,expanded_portfolio,STRUCTURAL_COUNTERFACTUAL_NOT_TIMED_SOLVE,,,3469,,7,512,4,7104512,,,,,
workstation1,105,variants/N105_swap1.json,components,STRUCTURAL_ADMISSION,,,37778931862957161712640,,,,,,False,,,,
workstation1,105,variants/N105_swap1.json,variable_elimination,STRUCTURAL_ADMISSION,,,3116,,,,,,False,,,,
workstation1,105,variants/N105_swap1.json,incremental_boundary,STRUCTURAL_ADMISSION,,,3116,,,,,,False,,,,
workstation1,105,variants/N105_swap3.json,fresh_min_fill,STRUCTURAL_COUNTERFACTUAL_NOT_TIMED_SOLVE,,,2666,,6,512,4,5459968,,,,,
workstation1,105,variants/N105_swap3.json,transition_priority,STRUCTURAL_COUNTERFACTUAL_NOT_TIMED_SOLVE,,,2650,,6,512,4,5427200,,,,,
workstation1,105,variants/N105_swap3.json,parent_plan,STRUCTURAL_COUNTERFACTUAL_NOT_TIMED_SOLVE,,,2115488,,14,512,4,4332519424,,,,,
workstation1,105,variants/N105_swap3.json,repair_transfer,STRUCTURAL_COUNTERFACTUAL_NOT_TIMED_SOLVE,,,2650,,6,512,4,5427200,,,,,
workstation1,105,variants/N105_swap3.json,tie_portfolio,STRUCTURAL_COUNTERFACTUAL_NOT_TIMED_SOLVE,,,2650,,6,512,4,5427200,,,,,
workstation1,105,variants/N105_swap3.json,expanded_portfolio,STRUCTURAL_COUNTERFACTUAL_NOT_TIMED_SOLVE,,,2650,,6,512,4,5427200,,,,,
workstation1,105,variants/N105_swap3.json,components,STRUCTURAL_ADMISSION,,,1152921505680621568,,,,,,False,,,,
workstation1,105,variants/N105_swap3.json,variable_elimination,STRUCTURAL_ADMISSION,,,2353,,,,,,False,,,,
workstation1,105,variants/N105_swap3.json,incremental_boundary,STRUCTURAL_ADMISSION,,,2353,,,,,,False,,,,
workstation1,105,variants/N105_swap2.json,fresh_min_fill,STRUCTURAL_COUNTERFACTUAL_NOT_TIMED_SOLVE,,,2370,,5,512,4,4853760,,,,,
workstation1,105,variants/N105_swap2.json,transition_priority,STRUCTURAL_COUNTERFACTUAL_NOT_TIMED_SOLVE,,,2418,,5,512,4,4952064,,,,,
workstation1,105,variants/N105_swap2.json,parent_plan,STRUCTURAL_COUNTERFACTUAL_NOT_TIMED_SOLVE,,,5695744,,15,512,4,11664883712,,,,,
workstation1,105,variants/N105_swap2.json,repair_transfer,STRUCTURAL_COUNTERFACTUAL_NOT_TIMED_SOLVE,,,2418,,5,512,4,4952064,,,,,
workstation1,105,variants/N105_swap2.json,tie_portfolio,STRUCTURAL_COUNTERFACTUAL_NOT_TIMED_SOLVE,,,2370,,5,512,4,4853760,,,,,
workstation1,105,variants/N105_swap2.json,expanded_portfolio,STRUCTURAL_COUNTERFACTUAL_NOT_TIMED_SOLVE,,,2370,,5,512,4,4853760,,,,,
workstation1,105,variants/N105_swap2.json,components,STRUCTURAL_ADMISSION,,,36893488148492846080,,,,,,False,,,,
workstation1,105,variants/N105_swap2.json,variable_elimination,STRUCTURAL_ADMISSION,,,2417,,,,,,False,,,,
workstation1,105,variants/N105_swap2.json,incremental_boundary,STRUCTURAL_ADMISSION,,,2417,,,,,,False,,,,
workstation1,105,variants/N105_bridge.json,fresh_min_fill,STRUCTURAL_COUNTERFACTUAL_NOT_TIMED_SOLVE,,,2320,,5,512,4,4751360,,,,,
workstation1,105,variants/N105_bridge.json,transition_priority,STRUCTURAL_COUNTERFACTUAL_NOT_TIMED_SOLVE,,,2320,,5,512,4,4751360,,,,,
workstation1,105,variants/N105_bridge.json,parent_plan,STRUCTURAL_COUNTERFACTUAL_NOT_TIMED_SOLVE,,,205312,,9,512,4,420478976,,,,,
workstation1,105,variants/N105_bridge.json,repair_transfer,STRUCTURAL_COUNTERFACTUAL_NOT_TIMED_SOLVE,,,2320,,5,512,4,4751360,,,,,
workstation1,105,variants/N105_bridge.json,tie_portfolio,STRUCTURAL_COUNTERFACTUAL_NOT_TIMED_SOLVE,,,2320,,5,512,4,4751360,,,,,
workstation1,105,variants/N105_bridge.json,expanded_portfolio,STRUCTURAL_COUNTERFACTUAL_NOT_TIMED_SOLVE,,,2320,,5,512,4,4751360,,,,,
workstation1,105,variants/N105_bridge.json,components,STRUCTURAL_ADMISSION,,,1073843200,,,,,,False,,,,
workstation1,105,variants/N105_bridge.json,variable_elimination,STRUCTURAL_ADMISSION,,,2329,,,,,,False,,,,
workstation1,105,variants/N105_bridge.json,incremental_boundary,STRUCTURAL_ADMISSION,,,2329,,,,,,False,,,,
workstation1,106,,fresh_min_fill,STRUCTURAL_COUNTERFACTUAL_NOT_TIMED_SOLVE,,,3525235200,,24,1024,4,14439363379200,,,,,
workstation1,106,,transition_priority,STRUCTURAL_COUNTERFACTUAL_NOT_TIMED_SOLVE,,,3525235200,,24,1024,4,14439363379200,,,,,
workstation1,106,,parent_plan,STRUCTURAL_COUNTERFACTUAL_NOT_TIMED_SOLVE,,,3525235200,,24,1024,4,14439363379200,,,,,
workstation1,106,,repair_transfer,STRUCTURAL_COUNTERFACTUAL_NOT_TIMED_SOLVE,,,3525235200,,24,1024,4,14439363379200,,,,,
workstation1,106,,tie_portfolio,STRUCTURAL_COUNTERFACTUAL_NOT_TIMED_SOLVE,,,524361216,,21,1024,4,2147783540736,,,,,
workstation1,106,,expanded_portfolio,STRUCTURAL_COUNTERFACTUAL_NOT_TIMED_SOLVE,,,524244480,,22,1024,4,2147305390080,,,,,
workstation1,106,,components,STRUCTURAL_ADMISSION,,,81129638414606681695789005144064,,,,,,False,,,,
workstation1,106,,variable_elimination,STRUCTURAL_ADMISSION,,,13824894343,,,,,,False,,,,
workstation1,106,,incremental_boundary,STRUCTURAL_ADMISSION,,,13824894343,,,,,,False,,,,
workstation1,107,,fresh_min_fill,STRUCTURAL_COUNTERFACTUAL_NOT_TIMED_SOLVE,,,2031721472,,24,1024,4,8321931149312,,,,,
workstation1,107,,transition_priority,STRUCTURAL_COUNTERFACTUAL_NOT_TIMED_SOLVE,,,2031721472,,24,1024,4,8321931149312,,,,,
workstation1,107,,parent_plan,STRUCTURAL_COUNTERFACTUAL_NOT_TIMED_SOLVE,,,2031721472,,24,1024,4,8321931149312,,,,,
workstation1,107,,repair_transfer,STRUCTURAL_COUNTERFACTUAL_NOT_TIMED_SOLVE,,,2031721472,,24,1024,4,8321931149312,,,,,
workstation1,107,,tie_portfolio,STRUCTURAL_COUNTERFACTUAL_NOT_TIMED_SOLVE,,,2031721472,,24,1024,4,8321931149312,,,,,
workstation1,107,,expanded_portfolio,STRUCTURAL_COUNTERFACTUAL_NOT_TIMED_SOLVE,,,538051328,,22,1024,4,2203858239488,,,,,
workstation1,107,,components,STRUCTURAL_ADMISSION,,,162259276829213363391578010288128,,,,,,False,,,,
workstation1,107,,variable_elimination,STRUCTURAL_ADMISSION,,,21015208423,,,,,,False,,,,
workstation1,107,,incremental_boundary,STRUCTURAL_ADMISSION,,,21015208423,,,,,,False,,,,
workstation1,108,,fresh_min_fill,STRUCTURAL_COUNTERFACTUAL_NOT_TIMED_SOLVE,,,2120267904,,29,1024,4,8684617334784,,,,,
workstation1,108,,transition_priority,STRUCTURAL_COUNTERFACTUAL_NOT_TIMED_SOLVE,,,2120267904,,29,1024,4,8684617334784,,,,,
workstation1,108,,parent_plan,STRUCTURAL_COUNTERFACTUAL_NOT_TIMED_SOLVE,,,2120267904,,29,1024,4,8684617334784,,,,,
workstation1,108,,repair_transfer,STRUCTURAL_COUNTERFACTUAL_NOT_TIMED_SOLVE,,,2120267904,,29,1024,4,8684617334784,,,,,
workstation1,108,,tie_portfolio,STRUCTURAL_COUNTERFACTUAL_NOT_TIMED_SOLVE,,,2120267904,,29,1024,4,8684617334784,,,,,
workstation1,108,,expanded_portfolio,STRUCTURAL_COUNTERFACTUAL_NOT_TIMED_SOLVE,,,2120267904,,29,1024,4,8684617334784,,,,,
workstation1,108,,components,STRUCTURAL_ADMISSION,,,324518553658426726783156020576256,,,,,,False,,,,
workstation1,108,,variable_elimination,STRUCTURAL_ADMISSION,,,15731312687,,,,,,False,,,,
workstation1,108,,incremental_boundary,STRUCTURAL_ADMISSION,,,15731312687,,,,,,False,,,,
workstation1,108,variants/N108_swap2.json,fresh_min_fill,STRUCTURAL_COUNTERFACTUAL_NOT_TIMED_SOLVE,,,1777632000,,24,1024,4,7281180672000,,,,,
workstation1,108,variants/N108_swap2.json,transition_priority,STRUCTURAL_COUNTERFACTUAL_NOT_TIMED_SOLVE,,,1777632000,,24,1024,4,7281180672000,,,,,
workstation1,108,variants/N108_swap2.json,parent_plan,STRUCTURAL_COUNTERFACTUAL_NOT_TIMED_SOLVE,,,1777632000,,24,1024,4,7281180672000,,,,,
workstation1,108,variants/N108_swap2.json,repair_transfer,STRUCTURAL_COUNTERFACTUAL_NOT_TIMED_SOLVE,,,1777632000,,24,1024,4,7281180672000,,,,,
workstation1,108,variants/N108_swap2.json,tie_portfolio,STRUCTURAL_COUNTERFACTUAL_NOT_TIMED_SOLVE,,,1777632000,,24,1024,4,7281180672000,,,,,
workstation1,108,variants/N108_swap2.json,expanded_portfolio,STRUCTURAL_COUNTERFACTUAL_NOT_TIMED_SOLVE,,,1777632000,,24,1024,4,7281180672000,,,,,
workstation1,108,variants/N108_swap2.json,components,STRUCTURAL_ADMISSION,,,324518553658426726783156020576256,,,,,,False,,,,
workstation1,108,variants/N108_swap2.json,variable_elimination,STRUCTURAL_ADMISSION,,,32776858399,,,,,,False,,,,
workstation1,108,variants/N108_swap2.json,incremental_boundary,STRUCTURAL_ADMISSION,,,32776858399,,,,,,False,,,,
workstation1,108,variants/N108_swap1.json,fresh_min_fill,STRUCTURAL_COUNTERFACTUAL_NOT_TIMED_SOLVE,,,9158513856,,31,1024,4,37513272754176,,,,,
workstation1,108,variants/N108_swap1.json,transition_priority,STRUCTURAL_COUNTERFACTUAL_NOT_TIMED_SOLVE,,,9158513856,,31,1024,4,37513272754176,,,,,
workstation1,108,variants/N108_swap1.json,parent_plan,STRUCTURAL_COUNTERFACTUAL_NOT_TIMED_SOLVE,,,9158513856,,31,1024,4,37513272754176,,,,,
workstation1,108,variants/N108_swap1.json,repair_transfer,STRUCTURAL_COUNTERFACTUAL_NOT_TIMED_SOLVE,,,9158513856,,31,1024,4,37513272754176,,,,,
workstation1,108,variants/N108_swap1.json,tie_portfolio,STRUCTURAL_COUNTERFACTUAL_NOT_TIMED_SOLVE,,,9158513856,,31,1024,4,37513272754176,,,,,
workstation1,108,variants/N108_swap1.json,expanded_portfolio,STRUCTURAL_COUNTERFACTUAL_NOT_TIMED_SOLVE,,,9158513856,,31,1024,4,37513272754176,,,,,
workstation1,108,variants/N108_swap1.json,components,STRUCTURAL_ADMISSION,,,324518553658426726783156020576256,,,,,,False,,,,
workstation1,108,variants/N108_swap1.json,variable_elimination,STRUCTURAL_ADMISSION,,,73452879759,,,,,,False,,,,
workstation1,108,variants/N108_swap1.json,incremental_boundary,STRUCTURAL_ADMISSION,,,73452879759,,,,,,False,,,,
workstation1,108,variants/N108_swap3.json,fresh_min_fill,STRUCTURAL_COUNTERFACTUAL_NOT_TIMED_SOLVE,,,7553155968,,31,1024,4,30937726844928,,,,,
workstation1,108,variants/N108_swap3.json,transition_priority,STRUCTURAL_COUNTERFACTUAL_NOT_TIMED_SOLVE,,,7553155968,,31,1024,4,30937726844928,,,,,
workstation1,108,variants/N108_swap3.json,parent_plan,STRUCTURAL_COUNTERFACTUAL_NOT_TIMED_SOLVE,,,7553155968,,31,1024,4,30937726844928,,,,,
workstation1,108,variants/N108_swap3.json,repair_transfer,STRUCTURAL_COUNTERFACTUAL_NOT_TIMED_SOLVE,,,7553155968,,31,1024,4,30937726844928,,,,,
workstation1,108,variants/N108_swap3.json,tie_portfolio,STRUCTURAL_COUNTERFACTUAL_NOT_TIMED_SOLVE,,,7553155968,,31,1024,4,30937726844928,,,,,
workstation1,108,variants/N108_swap3.json,expanded_portfolio,STRUCTURAL_COUNTERFACTUAL_NOT_TIMED_SOLVE,,,7553155968,,31,1024,4,30937726844928,,,,,
workstation1,108,variants/N108_swap3.json,components,STRUCTURAL_ADMISSION,,,324518553658426726783156020576256,,,,,,False,,,,
workstation1,108,variants/N108_swap3.json,variable_elimination,STRUCTURAL_ADMISSION,,,23700034095,,,,,,False,,,,
workstation1,108,variants/N108_swap3.json,incremental_boundary,STRUCTURAL_ADMISSION,,,23700034095,,,,,,False,,,,
workstation1,109,,fresh_min_fill,STRUCTURAL_COUNTERFACTUAL_NOT_TIMED_SOLVE,,,5177415296,,25,1024,4,21206693052416,,,,,
workstation1,109,,transition_priority,STRUCTURAL_COUNTERFACTUAL_NOT_TIMED_SOLVE,,,5177415296,,25,1024,4,21206693052416,,,,,
workstation1,109,,parent_plan,STRUCTURAL_COUNTERFACTUAL_NOT_TIMED_SOLVE,,,5177415296,,25,1024,4,21206693052416,,,,,
workstation1,109,,repair_transfer,STRUCTURAL_COUNTERFACTUAL_NOT_TIMED_SOLVE,,,5177415296,,25,1024,4,21206693052416,,,,,
workstation1,109,,tie_portfolio,STRUCTURAL_COUNTERFACTUAL_NOT_TIMED_SOLVE,,,5177415296,,25,1024,4,21206693052416,,,,,
workstation1,109,,expanded_portfolio,STRUCTURAL_COUNTERFACTUAL_NOT_TIMED_SOLVE,,,5177415296,,25,1024,4,21206693052416,,,,,
workstation1,109,,components,STRUCTURAL_ADMISSION,,,649037107316853453566312041152512,,,,,,False,,,,
workstation1,109,,variable_elimination,STRUCTURAL_ADMISSION,,,10883000571,,,,,,False,,,,
workstation1,109,,incremental_boundary,STRUCTURAL_ADMISSION,,,10883000571,,,,,,False,,,,
workstation1,24,,variable_elimination,NEWLY_EXECUTED_EXACT,0.2504547329735942,1363263,686,True,,,,,,,,,
workstation1,20,,components,NEWLY_EXECUTED_EXACT,0.26117018901277333,1162323,642,True,,,,,,,,,
workstation1,24,,components,NEWLY_EXECUTED_EXACT,0.257492003031075,1698640,1206,True,,,,,,,,,
workstation1,20,,variable_elimination,NEWLY_EXECUTED_EXACT,0.24592779198428616,1163402,602,True,,,,,,,,,
workstation1,110,,fresh_min_fill,STRUCTURAL_COUNTERFACTUAL_NOT_TIMED_SOLVE,,,8387892720,,31,1024,4,34356808581120,,,,,
workstation1,110,,transition_priority,STRUCTURAL_COUNTERFACTUAL_NOT_TIMED_SOLVE,,,8387892720,,31,1024,4,34356808581120,,,,,
workstation1,110,,parent_plan,STRUCTURAL_COUNTERFACTUAL_NOT_TIMED_SOLVE,,,8387892720,,31,1024,4,34356808581120,,,,,
workstation1,110,,repair_transfer,STRUCTURAL_COUNTERFACTUAL_NOT_TIMED_SOLVE,,,8387892720,,31,1024,4,34356808581120,,,,,
workstation1,110,,tie_portfolio,STRUCTURAL_COUNTERFACTUAL_NOT_TIMED_SOLVE,,,8387892720,,31,1024,4,34356808581120,,,,,
workstation1,110,,expanded_portfolio,STRUCTURAL_COUNTERFACTUAL_NOT_TIMED_SOLVE,,,8387892720,,31,1024,4,34356808581120,,,,,
workstation1,110,,components,STRUCTURAL_ADMISSION,,,1298074214633706907132624082305024,,,,,,False,,,,
workstation1,110,,variable_elimination,STRUCTURAL_ADMISSION,,,13062366943,,,,,,False,,,,
workstation1,110,,incremental_boundary,STRUCTURAL_ADMISSION,,,13062366943,,,,,,False,,,,
workstation1,111,,fresh_min_fill,STRUCTURAL_COUNTERFACTUAL_NOT_TIMED_SOLVE,,,4213556736,,24,1024,4,17258728390656,,,,,
workstation1,111,,transition_priority,STRUCTURAL_COUNTERFACTUAL_NOT_TIMED_SOLVE,,,4213556736,,24,1024,4,17258728390656,,,,,
workstation1,111,,parent_plan,STRUCTURAL_COUNTERFACTUAL_NOT_TIMED_SOLVE,,,4213556736,,24,1024,4,17258728390656,,,,,
workstation1,111,,repair_transfer,STRUCTURAL_COUNTERFACTUAL_NOT_TIMED_SOLVE,,,4213556736,,24,1024,4,17258728390656,,,,,
workstation1,111,,tie_portfolio,STRUCTURAL_COUNTERFACTUAL_NOT_TIMED_SOLVE,,,4213556736,,24,1024,4,17258728390656,,,,,
workstation1,111,,expanded_portfolio,STRUCTURAL_COUNTERFACTUAL_NOT_TIMED_SOLVE,,,4213556736,,24,1024,4,17258728390656,,,,,
workstation1,111,,components,STRUCTURAL_ADMISSION,,,2596148429267413814265248164610048,,,,,,False,,,,
workstation1,111,,variable_elimination,STRUCTURAL_ADMISSION,,,13062432487,,,,,,False,,,,
workstation1,111,,incremental_boundary,STRUCTURAL_ADMISSION,,,13062432487,,,,,,False,,,,
workstation1,112,,fresh_min_fill,STRUCTURAL_COUNTERFACTUAL_NOT_TIMED_SOLVE,,,6843891712,,25,1024,4,28032580452352,,,,,
workstation1,112,,transition_priority,STRUCTURAL_COUNTERFACTUAL_NOT_TIMED_SOLVE,,,6843891712,,25,1024,4,28032580452352,,,,,
workstation1,112,,parent_plan,STRUCTURAL_COUNTERFACTUAL_NOT_TIMED_SOLVE,,,6843891712,,25,1024,4,28032580452352,,,,,
workstation1,112,,repair_transfer,STRUCTURAL_COUNTERFACTUAL_NOT_TIMED_SOLVE,,,6843891712,,25,1024,4,28032580452352,,,,,
workstation1,112,,tie_portfolio,STRUCTURAL_COUNTERFACTUAL_NOT_TIMED_SOLVE,,,6843891712,,25,1024,4,28032580452352,,,,,
workstation1,112,,expanded_portfolio,STRUCTURAL_COUNTERFACTUAL_NOT_TIMED_SOLVE,,,6843891712,,25,1024,4,28032580452352,,,,,
workstation1,112,,components,STRUCTURAL_ADMISSION,,,5192296858534827628530496329220096,,,,,,False,,,,
workstation1,112,,variable_elimination,STRUCTURAL_ADMISSION,,,39804586111,,,,,,False,,,,
workstation1,112,,incremental_boundary,STRUCTURAL_ADMISSION,,,39804586111,,,,,,False,,,,
workstation1,113,,fresh_min_fill,STRUCTURAL_COUNTERFACTUAL_NOT_TIMED_SOLVE,,,8454506624,,26,1024,4,34629659131904,,,,,
workstation1,113,,transition_priority,STRUCTURAL_COUNTERFACTUAL_NOT_TIMED_SOLVE,,,8454506624,,26,1024,4,34629659131904,,,,,
workstation1,113,,parent_plan,STRUCTURAL_COUNTERFACTUAL_NOT_TIMED_SOLVE,,,8454506624,,26,1024,4,34629659131904,,,,,
workstation1,113,,repair_transfer,STRUCTURAL_COUNTERFACTUAL_NOT_TIMED_SOLVE,,,8454506624,,26,1024,4,34629659131904,,,,,
workstation1,113,,tie_portfolio,STRUCTURAL_COUNTERFACTUAL_NOT_TIMED_SOLVE,,,8454506624,,26,1024,4,34629659131904,,,,,
workstation1,113,,expanded_portfolio,STRUCTURAL_COUNTERFACTUAL_NOT_TIMED_SOLVE,,,8454506624,,26,1024,4,34629659131904,,,,,
workstation1,113,,components,STRUCTURAL_ADMISSION,,,10384593717069655257060992658440192,,,,,,False,,,,
workstation1,113,,variable_elimination,STRUCTURAL_ADMISSION,,,29807611187,,,,,,False,,,,
workstation1,113,,incremental_boundary,STRUCTURAL_ADMISSION,,,29807611187,,,,,,False,,,,
workstation1,114,,fresh_min_fill,STRUCTURAL_COUNTERFACTUAL_NOT_TIMED_SOLVE,,,29635986176,,28,1024,4,121388999376896,,,,,
workstation1,114,,transition_priority,STRUCTURAL_COUNTERFACTUAL_NOT_TIMED_SOLVE,,,29635986176,,28,1024,4,121388999376896,,,,,
workstation1,114,,parent_plan,STRUCTURAL_COUNTERFACTUAL_NOT_TIMED_SOLVE,,,29635986176,,28,1024,4,121388999376896,,,,,
workstation1,114,,repair_transfer,STRUCTURAL_COUNTERFACTUAL_NOT_TIMED_SOLVE,,,29635986176,,28,1024,4,121388999376896,,,,,
workstation1,114,,tie_portfolio,STRUCTURAL_COUNTERFACTUAL_NOT_TIMED_SOLVE,,,29635986176,,28,1024,4,121388999376896,,,,,
workstation1,114,,expanded_portfolio,STRUCTURAL_COUNTERFACTUAL_NOT_TIMED_SOLVE,,,29635986176,,28,1024,4,121388999376896,,,,,
workstation1,114,,components,STRUCTURAL_ADMISSION,,,20769187434139310514121985316880384,,,,,,False,,,,
workstation1,114,,variable_elimination,STRUCTURAL_ADMISSION,,,106067419367,,,,,,False,,,,
workstation1,114,,incremental_boundary,STRUCTURAL_ADMISSION,,,106067419367,,,,,,False,,,,
workstation1,115,,fresh_min_fill,STRUCTURAL_COUNTERFACTUAL_NOT_TIMED_SOLVE,,,81189147520,,29,1024,4,332550748241920,,,,,
workstation1,115,,transition_priority,STRUCTURAL_COUNTERFACTUAL_NOT_TIMED_SOLVE,,,81189147520,,29,1024,4,332550748241920,,,,,
workstation1,115,,parent_plan,STRUCTURAL_COUNTERFACTUAL_NOT_TIMED_SOLVE,,,81189147520,,29,1024,4,332550748241920,,,,,
workstation1,115,,repair_transfer,STRUCTURAL_COUNTERFACTUAL_NOT_TIMED_SOLVE,,,81189147520,,29,1024,4,332550748241920,,,,,
workstation1,115,,tie_portfolio,STRUCTURAL_COUNTERFACTUAL_NOT_TIMED_SOLVE,,,81189147520,,29,1024,4,332550748241920,,,,,
workstation1,115,,expanded_portfolio,STRUCTURAL_COUNTERFACTUAL_NOT_TIMED_SOLVE,,,81189147520,,29,1024,4,332550748241920,,,,,
workstation1,115,,components,STRUCTURAL_ADMISSION,,,41538374868278621028243970633760768,,,,,,False,,,,
workstation1,115,,variable_elimination,STRUCTURAL_ADMISSION,,,529398471483,,,,,,False,,,,
workstation1,115,,incremental_boundary,STRUCTURAL_ADMISSION,,,529398471483,,,,,,False,,,,
workstation1,116,,fresh_min_fill,STRUCTURAL_COUNTERFACTUAL_NOT_TIMED_SOLVE,,,75005747968,,29,1024,5,384029429596160,,,,,
workstation1,116,,transition_priority,STRUCTURAL_COUNTERFACTUAL_NOT_TIMED_SOLVE,,,75005747968,,29,1024,5,384029429596160,,,,,
workstation1,116,,parent_plan,STRUCTURAL_COUNTERFACTUAL_NOT_TIMED_SOLVE,,,75005747968,,29,1024,5,384029429596160,,,,,
workstation1,116,,repair_transfer,STRUCTURAL_COUNTERFACTUAL_NOT_TIMED_SOLVE,,,75005747968,,29,1024,5,384029429596160,,,,,
workstation1,116,,tie_portfolio,STRUCTURAL_COUNTERFACTUAL_NOT_TIMED_SOLVE,,,75005747968,,29,1024,5,384029429596160,,,,,
workstation1,116,,expanded_portfolio,STRUCTURAL_COUNTERFACTUAL_NOT_TIMED_SOLVE,,,75005747968,,29,1024,5,384029429596160,,,,,
workstation1,116,,components,STRUCTURAL_ADMISSION,,,83076749736557242056487941267521536,,,,,,False,,,,
workstation1,116,,variable_elimination,STRUCTURAL_ADMISSION,,,156974803735,,,,,,False,,,,
workstation1,116,,incremental_boundary,STRUCTURAL_ADMISSION,,,156974803735,,,,,,False,,,,
workstation1,117,,fresh_min_fill,STRUCTURAL_COUNTERFACTUAL_NOT_TIMED_SOLVE,,,585440942592,,32,1024,5,2997457626071040,,,,,
workstation1,117,,transition_priority,STRUCTURAL_COUNTERFACTUAL_NOT_TIMED_SOLVE,,,585440942592,,32,1024,5,2997457626071040,,,,,
workstation1,117,,parent_plan,STRUCTURAL_COUNTERFACTUAL_NOT_TIMED_SOLVE,,,585440942592,,32,1024,5,2997457626071040,,,,,
workstation1,117,,repair_transfer,STRUCTURAL_COUNTERFACTUAL_NOT_TIMED_SOLVE,,,585440942592,,32,1024,5,2997457626071040,,,,,
workstation1,117,,tie_portfolio,STRUCTURAL_COUNTERFACTUAL_NOT_TIMED_SOLVE,,,585440942592,,32,1024,5,2997457626071040,,,,,
workstation1,117,,expanded_portfolio,STRUCTURAL_COUNTERFACTUAL_NOT_TIMED_SOLVE,,,585440942592,,32,1024,5,2997457626071040,,,,,
workstation1,117,,components,STRUCTURAL_ADMISSION,,,166153499473114484112975882535043072,,,,,,False,,,,
workstation1,117,,variable_elimination,STRUCTURAL_ADMISSION,,,313913846799,,,,,,False,,,,
workstation1,117,,incremental_boundary,STRUCTURAL_ADMISSION,,,313913846799,,,,,,False,,,,
workstation1,118,,fresh_min_fill,STRUCTURAL_COUNTERFACTUAL_NOT_TIMED_SOLVE,,,984877690624,,33,1024,5,5042573775994880,,,,,
workstation1,118,,transition_priority,STRUCTURAL_COUNTERFACTUAL_NOT_TIMED_SOLVE,,,984877690624,,33,1024,5,5042573775994880,,,,,
workstation1,118,,parent_plan,STRUCTURAL_COUNTERFACTUAL_NOT_TIMED_SOLVE,,,984877690624,,33,1024,5,5042573775994880,,,,,
workstation1,118,,repair_transfer,STRUCTURAL_COUNTERFACTUAL_NOT_TIMED_SOLVE,,,984877690624,,33,1024,5,5042573775994880,,,,,
workstation1,118,,tie_portfolio,STRUCTURAL_COUNTERFACTUAL_NOT_TIMED_SOLVE,,,984877690624,,33,1024,5,5042573775994880,,,,,
workstation1,118,,expanded_portfolio,STRUCTURAL_COUNTERFACTUAL_NOT_TIMED_SOLVE,,,984877690624,,33,1024,5,5042573775994880,,,,,
workstation1,118,,components,STRUCTURAL_ADMISSION,,,332306998946228968225951765070086144,,,,,,False,,,,
workstation1,118,,variable_elimination,STRUCTURAL_ADMISSION,,,1234077445927,,,,,,False,,,,
workstation1,118,,incremental_boundary,STRUCTURAL_ADMISSION,,,1234077445927,,,,,,False,,,,
followup1,100,,components,,,,,,,,,,,f4f512facb6a5b46acbf03543c91d6653cb961b30ea9f2a1c1af33255bb1aa0b,0.158809467,0.01738267535976035,765112dcc11a54ecff9ba4bb
followup1,100,,variable_elimination,,,,,,,,,,,f4f512facb6a5b46acbf03543c91d6653cb961b30ea9f2a1c1af33255bb1aa0b,0.019211816,0.018097261511467594,765112dcc11a54ecff9ba4bb
followup1,100,,memo_components,,,,,,,,,,,f4f512facb6a5b46acbf03543c91d6653cb961b30ea9f2a1c1af33255bb1aa0b,0.076442462,0.059243522842196104,765112dcc11a54ecff9ba4bb
followup1,100,,warm_components,,,,,,,,,,,f4f512facb6a5b46acbf03543c91d6653cb961b30ea9f2a1c1af33255bb1aa0b,0.009647166,0.9656832083263444,765112dcc11a54ecff9ba4bb
followup1,105,,components,,,,,,,,,,,5776b29715e9a50cd9f500c1b53e676b5e8d4ed040d40ac02cad5f3eb90e7774,0.162182976,0.028445391727855925,2b73626dfbd07a25a8a71d57
followup1,105,,variable_elimination,,,,,,,,,,,5776b29715e9a50cd9f500c1b53e676b5e8d4ed040d40ac02cad5f3eb90e7774,0.020425154,0.00740587315726156,2b73626dfbd07a25a8a71d57
followup1,105,,memo_components,,,,,,,,,,,5776b29715e9a50cd9f500c1b53e676b5e8d4ed040d40ac02cad5f3eb90e7774,0.076298873,0.057132125036817166,2b73626dfbd07a25a8a71d57
followup1,105,,warm_components,,,,,,,,,,,5776b29715e9a50cd9f500c1b53e676b5e8d4ed040d40ac02cad5f3eb90e7774,0.010200965,0.9731238248222949,2b73626dfbd07a25a8a71d57
followup1,100,,variable_elimination,,,,,,,,,,,a1a5ebf33fce118563368ca1b97937b636376306ba17d5777de1199194cae676,0.019052956,0.06257052828506018,6f1c2c110ad851694c3c97dd
followup1,100,,conditional_components,,,,,,,,,,,a1a5ebf33fce118563368ca1b97937b636376306ba17d5777de1199194cae676,0.159593308,0.010162516534950355,6f1c2c110ad851694c3c97dd
followup1,100,,variable_elimination,,,,,,,,,,,40873e10cef2c1da4c61ff0b38ed81dcac09b4b24d944f44739a265811d011b4,0.018426458,0.03002290726585888,87461f21c96159bc608d307f
followup1,100,,conditional_components,,,,,,,,,,,40873e10cef2c1da4c61ff0b38ed81dcac09b4b24d944f44739a265811d011b4,0.153320574,0.02244779623436584,87461f21c96159bc608d307f
followup1,105,,variable_elimination,,,,,,,,,,,f0ea4c7d4cfb290ec1abd695eee3fe17b1f38924c7800df5137962b9a3bc3f1f,0.019978161,0.02891970942372196,39b118d55b8af336681d4e86
followup1,105,,conditional_components,,,,,,,,,,,f0ea4c7d4cfb290ec1abd695eee3fe17b1f38924c7800df5137962b9a3bc3f1f,0.155463012,0.028132741115279226,39b118d55b8af336681d4e86
followup1,105,,variable_elimination,,,,,,,,,,,ef2bfda69364e15d5a27f26c5d45a23b3d15014999f626d20ac909fc040da790,0.021139664,0.012298117237297557,ad5665605d96bcae9a71dcb8
followup1,105,,conditional_components,,,,,,,,,,,ef2bfda69364e15d5a27f26c5d45a23b3d15014999f626d20ac909fc040da790,0.157160047,0.021811584761617254,ad5665605d96bcae9a71dcb8
followup1,100,,variable_elimination,,,,,,,,,,,6d43be99a4507f763b4aefb62ff79ccc08704b7e8f63d57927b61fdcb73c6079,0.018634166,0.02028367656460988,ef0e98acaa9df470c5f56f7a
followup1,100,,memo_components,,,,,,,,,,,6d43be99a4507f763b4aefb62ff79ccc08704b7e8f63d57927b61fdcb73c6079,0.081431512,0.0462339096715512,ef0e98acaa9df470c5f56f7a
followup1,105,,variable_elimination,,,,,,,,,,,2f0ee1908f70cfacdcaa935c9cf068812f88091fc3f555e3c77266b9746ed299,0.020726863,0.006476052131105481,3d9f5c01712a70d8b23c05e2
followup1,105,,memo_components,,,,,,,,,,,2f0ee1908f70cfacdcaa935c9cf068812f88091fc3f555e3c77266b9746ed299,0.076163073,0.09270112888599688,3d9f5c01712a70d8b23c05e2
followup1,100,,variable_elimination,,,,,,,,,,,5a09133b6baeb0b322502f60ece0342c43ff9db101fcbee1598a6d56128d71da,0.01866069,0.04114002405363249,18d31bb209c1a1567af8d2d5
followup1,100,,conditional_components,,,,,,,,,,,5a09133b6baeb0b322502f60ece0342c43ff9db101fcbee1598a6d56128d71da,0.289838938,0.0169809170677033,18d31bb209c1a1567af8d2d5
followup1,100,,variable_elimination,,,,,,,,,,,94c33ed4b359daae91728a36a1c137b74fcba9aae246e029db9794da32c1d650,0.020772514,0.042540644329897855,d6e5f398798457f53220f084
followup1,100,,conditional_components,,,,,,,,,,,94c33ed4b359daae91728a36a1c137b74fcba9aae246e029db9794da32c1d650,0.284933386,0.03982547622615284,d6e5f398798457f53220f084
followup1,105,,variable_elimination,,,,,,,,,,,66f2f9c6002275cca67af3b6c047d1814b991acf92c7706bc3820694761019b1,0.020322078,0.04158180538672724,7db51732bde9081c12e0c80a
followup1,105,,conditional_components,,,,,,,,,,,66f2f9c6002275cca67af3b6c047d1814b991acf92c7706bc3820694761019b1,0.302251845,0.010215142938628744,7db51732bde9081c12e0c80a
followup1,105,,variable_elimination,,,,,,,,,,,d4fb17b2a6dcb08054740429e484d290bad30d64791c0a18f02116bd924fa279,0.020092647,0.01443876201194588,99879afb8ebb1c42c0821ee1
followup1,105,,conditional_components,,,,,,,,,,,d4fb17b2a6dcb08054740429e484d290bad30d64791c0a18f02116bd924fa279,0.294431924,0.006393406045160798,99879afb8ebb1c42c0821ee1
followup1,100,,variable_elimination,,,,,,,,,,,f4f512facb6a5b46acbf03543c91d6653cb961b30ea9f2a1c1af33255bb1aa0b,0.016517626,0.06515546192981564,5b65db493c55dec83cd3c09f
followup1,100,,memo_components,,,,,,,,,,,f4f512facb6a5b46acbf03543c91d6653cb961b30ea9f2a1c1af33255bb1aa0b,0.033320397,0.054933901226707764,5b65db493c55dec83cd3c09f
followup1,100,,warm_components,,,,,,,,,,,f4f512facb6a5b46acbf03543c91d6653cb961b30ea9f2a1c1af33255bb1aa0b,0.001453224,1.2424780460485747,5b65db493c55dec83cd3c09f
followup1,100,,variable_elimination,,,,,,,,,,,f4f512facb6a5b46acbf03543c91d6653cb961b30ea9f2a1c1af33255bb1aa0b,0.015750781,0.05821065990073952,2b0bc053997a2159ad36b529
followup1,100,,memo_components,,,,,,,,,,,f4f512facb6a5b46acbf03543c91d6653cb961b30ea9f2a1c1af33255bb1aa0b,0.06379524,0.015353794285570913,2b0bc053997a2159ad36b529
followup1,100,,warm_components,,,,,,,,,,,f4f512facb6a5b46acbf03543c91d6653cb961b30ea9f2a1c1af33255bb1aa0b,0.00195132,1.2918599337588523,2b0bc053997a2159ad36b529
followup1,100,,variable_elimination,,,,,,,,,,,f4f512facb6a5b46acbf03543c91d6653cb961b30ea9f2a1c1af33255bb1aa0b,0.016338996,0.06633211486584054,b243fa7b26743b06b0134509
followup1,100,,memo_components,,,,,,,,,,,f4f512facb6a5b46acbf03543c91d6653cb961b30ea9f2a1c1af33255bb1aa0b,0.065807041,0.017475024238803847,b243fa7b26743b06b0134509
followup1,100,,warm_components,,,,,,,,,,,f4f512facb6a5b46acbf03543c91d6653cb961b30ea9f2a1c1af33255bb1aa0b,0.0037399,1.21160203176278,b243fa7b26743b06b0134509
followup1,105,,variable_elimination,,,,,,,,,,,5776b29715e9a50cd9f500c1b53e676b5e8d4ed040d40ac02cad5f3eb90e7774,0.017030025,0.014979656181628763,bcfc1732bc5a7d1da4ff8f8b
followup1,105,,memo_components,,,,,,,,,,,5776b29715e9a50cd9f500c1b53e676b5e8d4ed040d40ac02cad5f3eb90e7774,0.033046316,0.027281816901898234,bcfc1732bc5a7d1da4ff8f8b
followup1,105,,warm_components,,,,,,,,,,,5776b29715e9a50cd9f500c1b53e676b5e8d4ed040d40ac02cad5f3eb90e7774,0.001436008,1.2494079097490804,bcfc1732bc5a7d1da4ff8f8b
followup1,105,,variable_elimination,,,,,,,,,,,5776b29715e9a50cd9f500c1b53e676b5e8d4ed040d40ac02cad5f3eb90e7774,0.017030083,0.06379731358599262,d1835c14bffbbc6a61c028ee
followup1,105,,memo_components,,,,,,,,,,,5776b29715e9a50cd9f500c1b53e676b5e8d4ed040d40ac02cad5f3eb90e7774,0.068689699,0.03116714507299385,d1835c14bffbbc6a61c028ee
followup1,105,,warm_components,,,,,,,,,,,5776b29715e9a50cd9f500c1b53e676b5e8d4ed040d40ac02cad5f3eb90e7774,0.002027585,1.2872328238070236,d1835c14bffbbc6a61c028ee
followup1,105,,variable_elimination,,,,,,,,,,,5776b29715e9a50cd9f500c1b53e676b5e8d4ed040d40ac02cad5f3eb90e7774,0.018010257,0.03337968538323646,5b38148cf8aa686b61d57ed7
followup1,105,,memo_components,,,,,,,,,,,5776b29715e9a50cd9f500c1b53e676b5e8d4ed040d40ac02cad5f3eb90e7774,0.071447615,0.014825389903897793,5b38148cf8aa686b61d57ed7
followup1,105,,warm_components,,,,,,,,,,,5776b29715e9a50cd9f500c1b53e676b5e8d4ed040d40ac02cad5f3eb90e7774,0.003409804,1.2385743395178588,5b38148cf8aa686b61d57ed7
followup1,105,,variable_elimination,,,,,,,,,,,5776b29715e9a50cd9f500c1b53e676b5e8d4ed040d40ac02cad5f3eb90e7774,0.021294085,0.15910434425938633,1b72ef9c76b81ee408da9953
followup1,105,,memo_components,,,,,,,,,,,5776b29715e9a50cd9f500c1b53e676b5e8d4ed040d40ac02cad5f3eb90e7774,0.076408706,0.012392847267897251,1b72ef9c76b81ee408da9953
followup1,105,,warm_components,,,,,,,,,,,5776b29715e9a50cd9f500c1b53e676b5e8d4ed040d40ac02cad5f3eb90e7774,0.01043366,1.1135223121918372,1b72ef9c76b81ee408da9953
followup1,100,,variable_elimination,,,,,,,,,,,f4f512facb6a5b46acbf03543c91d6653cb961b30ea9f2a1c1af33255bb1aa0b,0.018622441,0.14429707075380496,69900260b8c32a4a36229dd7
followup1,100,,memo_components,,,,,,,,,,,f4f512facb6a5b46acbf03543c91d6653cb961b30ea9f2a1c1af33255bb1aa0b,0.073360648,0.025319634162494633,69900260b8c32a4a36229dd7
followup1,100,,warm_components,,,,,,,,,,,f4f512facb6a5b46acbf03543c91d6653cb961b30ea9f2a1c1af33255bb1aa0b,0.009938096,1.1154812959456282,69900260b8c32a4a36229dd7
followup1,100,,variable_elimination,,,,,,,,,,,f4f512facb6a5b46acbf03543c91d6653cb961b30ea9f2a1c1af33255bb1aa0b,0.019886792,0.1552653800339041,5507ce2d45c3cd7dc3d68171
followup1,100,,memo_components,,,,,,,,,,,f4f512facb6a5b46acbf03543c91d6653cb961b30ea9f2a1c1af33255bb1aa0b,0.073633985,0.03132961484296421,5507ce2d45c3cd7dc3d68171
followup1,100,,warm_components,,,,,,,,,,,f4f512facb6a5b46acbf03543c91d6653cb961b30ea9f2a1c1af33255bb1aa0b,0.009782657,1.1520013327446663,5507ce2d45c3cd7dc3d68171
followup1,100,,variable_elimination,,,,,,,,,,,f4f512facb6a5b46acbf03543c91d6653cb961b30ea9f2a1c1af33255bb1aa0b,0.019447241,0.1682329627896198,38e7166d16dc3dc06617a3cc
followup1,100,,memo_components,,,,,,,,,,,f4f512facb6a5b46acbf03543c91d6653cb961b30ea9f2a1c1af33255bb1aa0b,0.075486595,0.015583952934389774,38e7166d16dc3dc06617a3cc
followup1,100,,warm_components,,,,,,,,,,,f4f512facb6a5b46acbf03543c91d6653cb961b30ea9f2a1c1af33255bb1aa0b,0.010071129,1.129336459687219,38e7166d16dc3dc06617a3cc
followup1,105,,variable_elimination,,,,,,,,,,,5776b29715e9a50cd9f500c1b53e676b5e8d4ed040d40ac02cad5f3eb90e7774,0.020570946,0.17634372216384023,301bb7189a179a811db8d7e2
followup1,105,,memo_components,,,,,,,,,,,5776b29715e9a50cd9f500c1b53e676b5e8d4ed040d40ac02cad5f3eb90e7774,0.07744265,0.027110540212145397,301bb7189a179a811db8d7e2
followup1,105,,warm_components,,,,,,,,,,,5776b29715e9a50cd9f500c1b53e676b5e8d4ed040d40ac02cad5f3eb90e7774,0.010431872,1.1188507226532016,301bb7189a179a811db8d7e2
followup1,105,,variable_elimination,,,,,,,,,,,5776b29715e9a50cd9f500c1b53e676b5e8d4ed040d40ac02cad5f3eb90e7774,0.019472659,0.142177262332458,64680a7a2e3a0593c399cad4
followup1,105,,memo_components,,,,,,,,,,,5776b29715e9a50cd9f500c1b53e676b5e8d4ed040d40ac02cad5f3eb90e7774,0.073757215,0.0203405456766769,64680a7a2e3a0593c399cad4
followup1,105,,warm_components,,,,,,,,,,,5776b29715e9a50cd9f500c1b53e676b5e8d4ed040d40ac02cad5f3eb90e7774,0.009720871,1.157069796503849,64680a7a2e3a0593c399cad4
followup1,105,,components,,,,,,,,,,,5776b29715e9a50cd9f500c1b53e676b5e8d4ed040d40ac02cad5f3eb90e7774,0.154556947,0.013020163893401507,ed92d6c6d87d1a1a2346ec09
followup1,105,,variable_elimination,,,,,,,,,,,5776b29715e9a50cd9f500c1b53e676b5e8d4ed040d40ac02cad5f3eb90e7774,0.01974263,0.0475881843037493,ed92d6c6d87d1a1a2346ec09
followup1,105,,memo_components,,,,,,,,,,,5776b29715e9a50cd9f500c1b53e676b5e8d4ed040d40ac02cad5f3eb90e7774,0.073649473,0.0449781180959505,ed92d6c6d87d1a1a2346ec09
followup1,105,,warm_components,,,,,,,,,,,5776b29715e9a50cd9f500c1b53e676b5e8d4ed040d40ac02cad5f3eb90e7774,0.009909406,1.102561614179287,ed92d6c6d87d1a1a2346ec09
followup1,105,,components,,,,,,,,,,,5776b29715e9a50cd9f500c1b53e676b5e8d4ed040d40ac02cad5f3eb90e7774,0.155796345,0.012599322295277339,26afcb6833dd9309ab5640c5
followup1,105,,variable_elimination,,,,,,,,,,,5776b29715e9a50cd9f500c1b53e676b5e8d4ed040d40ac02cad5f3eb90e7774,0.019816663,0.017219050380509623,26afcb6833dd9309ab5640c5
followup1,105,,memo_components,,,,,,,,,,,5776b29715e9a50cd9f500c1b53e676b5e8d4ed040d40ac02cad5f3eb90e7774,0.072941577,0.02988057317293442,26afcb6833dd9309ab5640c5
followup1,105,,warm_components,,,,,,,,,,,5776b29715e9a50cd9f500c1b53e676b5e8d4ed040d40ac02cad5f3eb90e7774,0.009905924,1.1725947857728114,26afcb6833dd9309ab5640c5
followup1,105,,components,,,,,,,,,,,5776b29715e9a50cd9f500c1b53e676b5e8d4ed040d40ac02cad5f3eb90e7774,0.154638688,0.02897361094069297,32c7f82ad09a60536260b8e7
followup1,105,,variable_elimination,,,,,,,,,,,5776b29715e9a50cd9f500c1b53e676b5e8d4ed040d40ac02cad5f3eb90e7774,0.019835683,0.01539041558536688,32c7f82ad09a60536260b8e7
followup1,105,,memo_components,,,,,,,,,,,5776b29715e9a50cd9f500c1b53e676b5e8d4ed040d40ac02cad5f3eb90e7774,0.073589051,0.03161154192981849,32c7f82ad09a60536260b8e7
followup1,105,,warm_components,,,,,,,,,,,5776b29715e9a50cd9f500c1b53e676b5e8d4ed040d40ac02cad5f3eb90e7774,0.009935722,1.1496619822047185,32c7f82ad09a60536260b8e7
followup1,100,,components,,,,,,,,,,,f4f512facb6a5b46acbf03543c91d6653cb961b30ea9f2a1c1af33255bb1aa0b,0.152971073,0.018633903095266347,bcb59dc59cf664f1e62b2dea
followup1,100,,variable_elimination,,,,,,,,,,,f4f512facb6a5b46acbf03543c91d6653cb961b30ea9f2a1c1af33255bb1aa0b,0.01801599,0.008255874037219167,bcb59dc59cf664f1e62b2dea
followup1,100,,memo_components,,,,,,,,,,,f4f512facb6a5b46acbf03543c91d6653cb961b30ea9f2a1c1af33255bb1aa0b,0.072841989,0.03323401686359052,bcb59dc59cf664f1e62b2dea
followup1,100,,warm_components,,,,,,,,,,,f4f512facb6a5b46acbf03543c91d6653cb961b30ea9f2a1c1af33255bb1aa0b,0.00939073,1.1395532269947417,bcb59dc59cf664f1e62b2dea
followup1,100,,components,,,,,,,,,,,f4f512facb6a5b46acbf03543c91d6653cb961b30ea9f2a1c1af33255bb1aa0b,0.152898352,0.011941264650133955,48640cf56be0a484d6673459
followup1,100,,variable_elimination,,,,,,,,,,,f4f512facb6a5b46acbf03543c91d6653cb961b30ea9f2a1c1af33255bb1aa0b,0.018304211,0.051271317387698315,48640cf56be0a484d6673459
followup1,100,,memo_components,,,,,,,,,,,f4f512facb6a5b46acbf03543c91d6653cb961b30ea9f2a1c1af33255bb1aa0b,0.072823186,0.03272365249301648,48640cf56be0a484d6673459
followup1,100,,warm_components,,,,,,,,,,,f4f512facb6a5b46acbf03543c91d6653cb961b30ea9f2a1c1af33255bb1aa0b,0.009331276,1.1713623848694446,48640cf56be0a484d6673459
followup1,100,,components,,,,,,,,,,,f4f512facb6a5b46acbf03543c91d6653cb961b30ea9f2a1c1af33255bb1aa0b,0.152377456,0.012308668371667615,29e51954c3927c03a63b23e1
followup1,100,,variable_elimination,,,,,,,,,,,f4f512facb6a5b46acbf03543c91d6653cb961b30ea9f2a1c1af33255bb1aa0b,0.018229543,0.31093243425451544,29e51954c3927c03a63b23e1
followup1,100,,memo_components,,,,,,,,,,,f4f512facb6a5b46acbf03543c91d6653cb961b30ea9f2a1c1af33255bb1aa0b,0.071934716,0.02440898350887657,29e51954c3927c03a63b23e1
followup1,100,,warm_components,,,,,,,,,,,f4f512facb6a5b46acbf03543c91d6653cb961b30ea9f2a1c1af33255bb1aa0b,0.009375013,1.1979839999447497,29e51954c3927c03a63b23e1
followup1,43,,variable_elimination,,,,,,,,,,,ed6635a16b8f03159ee17eb158de6fc08eb8379a05c70bed3c7ab42520122ddf,0.003113462,0.0221691171910705,5f9af0ebe2fe98bc1963ee8a
followup1,43,,conditional_components,,,,,,,,,,,ed6635a16b8f03159ee17eb158de6fc08eb8379a05c70bed3c7ab42520122ddf,0.503016858,0.011584622239218459,5f9af0ebe2fe98bc1963ee8a
followup1,43,,variable_elimination,,,,,,,,,,,669b9adc23e4d83434a75de602a7b66afdf5c3661b428edc4e45f7fb8448b1e1,0.003344363,0.013509702914506821,2e61dc9e1da14df822f89287
followup1,43,,conditional_components,,,,,,,,,,,669b9adc23e4d83434a75de602a7b66afdf5c3661b428edc4e45f7fb8448b1e1,1.21191833,0.006751289197978435,2e61dc9e1da14df822f89287
followup1,44,,variable_elimination,,,,,,,,,,,520df7432ceb2bc0c57f45cb009de497f2851b4582146f3c04455425e5bdb227,0.003469197,0.01619750596509708,2e47c8595daab2888182059e
followup1,44,,conditional_components,,,,,,,,,,,520df7432ceb2bc0c57f45cb009de497f2851b4582146f3c04455425e5bdb227,1.585115135,0.002147645458328872,2e47c8595daab2888182059e
followup1,31,,variable_elimination,,,,,,,,,,,3900a48bafcdeedbe5f5d06e0f26156e4b65747e4dd1536bf4ae43d8cd3b9932,0.001829818,0.04438196248145352,94200426d8f64d12472e020d
followup1,31,,conditional_components,,,,,,,,,,,3900a48bafcdeedbe5f5d06e0f26156e4b65747e4dd1536bf4ae43d8cd3b9932,0.016606977,0.009078392143097833,94200426d8f64d12472e020d
followup1,19,,variable_elimination,,,,,,,,,,,326689f0a8d846691dec4fc4750ee2bc9275755d76ea466e214eeb6c6788d677,0.001140412,0.06014072672702796,fc5bceaa7b28110c7f476b05
followup1,19,,components,,,,,,,,,,,326689f0a8d846691dec4fc4750ee2bc9275755d76ea466e214eeb6c6788d677,0.000907054,0.01246264822000651,fc5bceaa7b28110c7f476b05
followup1,19,,variable_elimination,,,,,,,,,,,992b70a1c80ea83a8f2d62b8733a0fc60bcb65cc03e12f9afbc8ca3fd5551308,0.000945465,0.04316133569608661,5c8c626c7bc2d60df9825f09
followup1,19,,components,,,,,,,,,,,992b70a1c80ea83a8f2d62b8733a0fc60bcb65cc03e12f9afbc8ca3fd5551308,0.01252088,0.013913960896420713,5c8c626c7bc2d60df9825f09
followup1,31,,variable_elimination,,,,,,,,,,,cf72b3bf6c7e3112b854813cfb0642c2bcf585ca8684f7c40eebe1ac546d7aa2,0.001810922,0.057585920023341904,bb70b8c9ca42ca330509ebd0
followup1,31,,conditional_components,,,,,,,,,,,cf72b3bf6c7e3112b854813cfb0642c2bcf585ca8684f7c40eebe1ac546d7aa2,0.057236394,0.003651915294992827,bb70b8c9ca42ca330509ebd0
followup1,10,,variable_elimination,,,,,,,,,,,10a7c79308377a16a943effe68b59a085f69c569b04047ea28a88cb8962b1725,0.000580371,0.09014063621432045,bdf4633c4e067f1918687887
followup1,10,,components,,,,,,,,,,,10a7c79308377a16a943effe68b59a085f69c569b04047ea28a88cb8962b1725,0.000421041,0.045200946831596575,bdf4633c4e067f1918687887
followup1,11,,variable_elimination,,,,,,,,,,,2cd005310f5e125be4f3793e7039865435b7cca3f722ecc8b24a5d4ea6683d13,0.000676897,0.09142977765656193,4116b293063c27a7e3b796ba
followup1,11,,components,,,,,,,,,,,2cd005310f5e125be4f3793e7039865435b7cca3f722ecc8b24a5d4ea6683d13,0.000500901,0.042069273813637405,4116b293063c27a7e3b796ba
followup1,12,,variable_elimination,,,,,,,,,,,d43f02bf50cba6c1f979836775c85f22cf565bc1897f098c6c402ce05669c017,0.000875828,0.07863363262706864,7c05107e2c884e7d432c53af
followup1,12,,components,,,,,,,,,,,d43f02bf50cba6c1f979836775c85f22cf565bc1897f098c6c402ce05669c017,0.000870587,0.14704261610899028,7c05107e2c884e7d432c53af
followup1,12,,variable_elimination,,,,,,,,,,,f762f1cbf6b62c42ef41515317fb89d03d766e1706945a7e40e6cb6277a52ab2,0.000692399,0.07713397186442719,2e5254b2138ddb15021f1266
followup1,12,,components,,,,,,,,,,,f762f1cbf6b62c42ef41515317fb89d03d766e1706945a7e40e6cb6277a52ab2,0.00060653,0.034158465259952475,2e5254b2138ddb15021f1266
followup1,12,,variable_elimination,,,,,,,,,,,d43f02bf50cba6c1f979836775c85f22cf565bc1897f098c6c402ce05669c017,0.00075737,0.26104447224274857,e2bf19cc2985f4a4aba80a4f
followup1,12,,components,,,,,,,,,,,d43f02bf50cba6c1f979836775c85f22cf565bc1897f098c6c402ce05669c017,0.000674482,0.14923251523647107,e2bf19cc2985f4a4aba80a4f
followup1,12,,variable_elimination,,,,,,,,,,,d43f02bf50cba6c1f979836775c85f22cf565bc1897f098c6c402ce05669c017,0.000736322,0.05878709201349603,7dd6d02a4f4edb959326c419
followup1,12,,components,,,,,,,,,,,d43f02bf50cba6c1f979836775c85f22cf565bc1897f098c6c402ce05669c017,0.000661555,0.08521030962367691,7dd6d02a4f4edb959326c419
followup1,12,,variable_elimination,,,,,,,,,,,d43f02bf50cba6c1f979836775c85f22cf565bc1897f098c6c402ce05669c017,0.000764646,0.04122859393238527,b40e0b39f0f0eef6453e8195
followup1,12,,components,,,,,,,,,,,d43f02bf50cba6c1f979836775c85f22cf565bc1897f098c6c402ce05669c017,0.00067797,0.07318732629163777,b40e0b39f0f0eef6453e8195
followup1,12,,variable_elimination,,,,,,,,,,,f762f1cbf6b62c42ef41515317fb89d03d766e1706945a7e40e6cb6277a52ab2,0.000699568,0.06593278281060028,db8b388554eefaf2ddd1eae4
followup1,12,,components,,,,,,,,,,,f762f1cbf6b62c42ef41515317fb89d03d766e1706945a7e40e6cb6277a52ab2,0.000600348,0.03479530880399503,db8b388554eefaf2ddd1eae4
followup1,12,,variable_elimination,,,,,,,,,,,f762f1cbf6b62c42ef41515317fb89d03d766e1706945a7e40e6cb6277a52ab2,0.000697875,0.10720437404428568,49f26aa4e11efa259c7d7c07
followup1,12,,components,,,,,,,,,,,f762f1cbf6b62c42ef41515317fb89d03d766e1706945a7e40e6cb6277a52ab2,0.000596421,0.03624954150011521,49f26aa4e11efa259c7d7c07
followup1,12,,variable_elimination,,,,,,,,,,,f762f1cbf6b62c42ef41515317fb89d03d766e1706945a7e40e6cb6277a52ab2,0.000706784,0.09496643886493422,5ed0402a752994b671ff53b5
followup1,12,,components,,,,,,,,,,,f762f1cbf6b62c42ef41515317fb89d03d766e1706945a7e40e6cb6277a52ab2,0.000600798,0.03430889473306109,5ed0402a752994b671ff53b5
followup1,13,,variable_elimination,,,,,,,,,,,509a79b91dffd206dd81d6c5c95283bdc567735dd9e701df5e5049b25debadec,0.000766007,0.06460719946799615,322bb50fbbe81434175494af
followup1,13,,components,,,,,,,,,,,509a79b91dffd206dd81d6c5c95283bdc567735dd9e701df5e5049b25debadec,0.000679777,0.03222976933379175,322bb50fbbe81434175494af
followup1,13,,variable_elimination,,,,,,,,,,,77854df7ddc279f8405892ccae57f28bb5087bb041e0a0c428e59706409c7f41,0.000709592,0.07658642811652105,4a4bcb9bb03d8e1a6f5c3e90
followup1,13,,components,,,,,,,,,,,77854df7ddc279f8405892ccae57f28bb5087bb041e0a0c428e59706409c7f41,0.000641067,0.028174158547779195,4a4bcb9bb03d8e1a6f5c3e90
followup1,13,,variable_elimination,,,,,,,,,,,77854df7ddc279f8405892ccae57f28bb5087bb041e0a0c428e59706409c7f41,0.00070612,0.06367251103602597,a1ffd204a549f0a3ef2a7af8
followup1,13,,components,,,,,,,,,,,77854df7ddc279f8405892ccae57f28bb5087bb041e0a0c428e59706409c7f41,0.000602219,0.03575446533132536,a1ffd204a549f0a3ef2a7af8
followup1,13,,variable_elimination,,,,,,,,,,,509a79b91dffd206dd81d6c5c95283bdc567735dd9e701df5e5049b25debadec,0.000757295,0.06466328411764963,b098889be486bf21dc0d7fa7
followup1,13,,components,,,,,,,,,,,509a79b91dffd206dd81d6c5c95283bdc567735dd9e701df5e5049b25debadec,0.000682026,0.08680801648053794,b098889be486bf21dc0d7fa7
followup1,13,,variable_elimination,,,,,,,,,,,509a79b91dffd206dd81d6c5c95283bdc567735dd9e701df5e5049b25debadec,0.000758226,0.05390010386584447,75c3755484347fb9f62f52b2
followup1,13,,components,,,,,,,,,,,509a79b91dffd206dd81d6c5c95283bdc567735dd9e701df5e5049b25debadec,0.000696976,0.08366337402578257,75c3755484347fb9f62f52b2
followup1,13,,variable_elimination,,,,,,,,,,,509a79b91dffd206dd81d6c5c95283bdc567735dd9e701df5e5049b25debadec,0.00075886,0.060099138110787445,c6ed388d89ddcb5fbadcf6da
followup1,13,,components,,,,,,,,,,,509a79b91dffd206dd81d6c5c95283bdc567735dd9e701df5e5049b25debadec,0.000689822,0.08766837462346871,c6ed388d89ddcb5fbadcf6da
followup1,13,,variable_elimination,,,,,,,,,,,77854df7ddc279f8405892ccae57f28bb5087bb041e0a0c428e59706409c7f41,0.000701979,0.10466474480402814,8109c20413195bc579026525
followup1,13,,components,,,,,,,,,,,77854df7ddc279f8405892ccae57f28bb5087bb041e0a0c428e59706409c7f41,0.000618454,0.029986837565592672,8109c20413195bc579026525
followup1,13,,variable_elimination,,,,,,,,,,,77854df7ddc279f8405892ccae57f28bb5087bb041e0a0c428e59706409c7f41,0.000745121,0.13186293499633653,89fc1672baa90056a1d217af
followup1,13,,components,,,,,,,,,,,77854df7ddc279f8405892ccae57f28bb5087bb041e0a0c428e59706409c7f41,0.000626463,0.08390811706186059,89fc1672baa90056a1d217af
followup1,14,,variable_elimination,,,,,,,,,,,855ba61d8a1e476ab9f4a366f2b3cf320b37fb40b4200110740f2c9b86f8e195,0.000835223,0.07958272188086307,5f86ad1eec473b66d31e0461
followup1,14,,components,,,,,,,,,,,855ba61d8a1e476ab9f4a366f2b3cf320b37fb40b4200110740f2c9b86f8e195,0.000709233,0.0239418981540235,5f86ad1eec473b66d31e0461
followup1,14,,variable_elimination,,,,,,,,,,,b7c04069b1380dae7e9f3dd1958a616f2a41ff2e6c74732d224694e5ed14d9d9,0.000736351,0.10846853753390438,fb0592296abecf6c69b40f07
followup1,14,,components,,,,,,,,,,,b7c04069b1380dae7e9f3dd1958a616f2a41ff2e6c74732d224694e5ed14d9d9,0.00190494,0.02706723984436365,fb0592296abecf6c69b40f07
followup1,14,,variable_elimination,,,,,,,,,,,855ba61d8a1e476ab9f4a366f2b3cf320b37fb40b4200110740f2c9b86f8e195,0.000839984,0.04722323098772433,979e4f32b7f2ac903e5f1f89
followup1,14,,components,,,,,,,,,,,855ba61d8a1e476ab9f4a366f2b3cf320b37fb40b4200110740f2c9b86f8e195,0.000749331,0.09490356666591267,979e4f32b7f2ac903e5f1f89
followup1,14,,variable_elimination,,,,,,,,,,,855ba61d8a1e476ab9f4a366f2b3cf320b37fb40b4200110740f2c9b86f8e195,0.000848607,0.05462319556099303,51fac0829ae4642149a06686
followup1,14,,components,,,,,,,,,,,855ba61d8a1e476ab9f4a366f2b3cf320b37fb40b4200110740f2c9b86f8e195,0.000733873,0.0894605698644581,51fac0829ae4642149a06686
followup1,14,,variable_elimination,,,,,,,,,,,855ba61d8a1e476ab9f4a366f2b3cf320b37fb40b4200110740f2c9b86f8e195,0.000848536,0.043811656271191594,ae828963ad0b8c8eedaa7f51
followup1,14,,components,,,,,,,,,,,855ba61d8a1e476ab9f4a366f2b3cf320b37fb40b4200110740f2c9b86f8e195,0.000722084,0.07772244861262068,ae828963ad0b8c8eedaa7f51
followup1,15,,variable_elimination,,,,,,,,,,,2b8e55b1d695f87b2d8949f5627f50f0b303a3ed7b0a249f18d829714c01617e,0.00087978,0.05128763469543958,75f7dd02cdf843d907f7a2af
followup1,15,,components,,,,,,,,,,,2b8e55b1d695f87b2d8949f5627f50f0b303a3ed7b0a249f18d829714c01617e,0.000776545,0.11443004324393781,75f7dd02cdf843d907f7a2af
followup1,15,,variable_elimination,,,,,,,,,,,8eb76ffd3032399be00629b2065acbb410b89c70a230efd1704e1b08e9905dc4,0.000801901,0.051031503050711975,dc5436759af2cf850455988c
followup1,15,,components,,,,,,,,,,,8eb76ffd3032399be00629b2065acbb410b89c70a230efd1704e1b08e9905dc4,0.001944834,0.0018243841835210784,dc5436759af2cf850455988c
followup1,15,,variable_elimination,,,,,,,,,,,2b8e55b1d695f87b2d8949f5627f50f0b303a3ed7b0a249f18d829714c01617e,0.000876909,0.03983500764609808,86eb39fa0175b5b02a881386
followup1,15,,components,,,,,,,,,,,2b8e55b1d695f87b2d8949f5627f50f0b303a3ed7b0a249f18d829714c01617e,0.000771458,0.08781968668477988,86eb39fa0175b5b02a881386
followup1,15,,variable_elimination,,,,,,,,,,,2b8e55b1d695f87b2d8949f5627f50f0b303a3ed7b0a249f18d829714c01617e,0.000869595,0.041233805673859744,c84e6f838c42bb2b6d2cc778
followup1,15,,components,,,,,,,,,,,2b8e55b1d695f87b2d8949f5627f50f0b303a3ed7b0a249f18d829714c01617e,0.0007634,0.0834685979327236,c84e6f838c42bb2b6d2cc778
followup1,15,,variable_elimination,,,,,,,,,,,2b8e55b1d695f87b2d8949f5627f50f0b303a3ed7b0a249f18d829714c01617e,0.00087421,0.03542862844518378,2fc3832757f711d9eb5412c4
followup1,15,,components,,,,,,,,,,,2b8e55b1d695f87b2d8949f5627f50f0b303a3ed7b0a249f18d829714c01617e,0.000771952,0.07491523092094489,2fc3832757f711d9eb5412c4
followup1,16,,variable_elimination,,,,,,,,,,,25661c6ee48d9ffc98b3f70adcda03eb3e60f39e301c927fd9a7188bac7634b2,0.000912377,0.052332012983458166,c75e94e6bb4ee1f40825f4b3
followup1,16,,components,,,,,,,,,,,25661c6ee48d9ffc98b3f70adcda03eb3e60f39e301c927fd9a7188bac7634b2,0.000805307,0.10438418301090023,c75e94e6bb4ee1f40825f4b3
followup1,16,,variable_elimination,,,,,,,,,,,5157cfa8311d0398a4990bfe5fb72c578a1bc1fb3f594a4258e407c824f116e2,0.000857891,0.06637187613614569,7c0019e00cda4d2885b82083
followup1,16,,components,,,,,,,,,,,5157cfa8311d0398a4990bfe5fb72c578a1bc1fb3f594a4258e407c824f116e2,0.003485486,0.02236097956827556,7c0019e00cda4d2885b82083
followup1,16,,variable_elimination,,,,,,,,,,,25661c6ee48d9ffc98b3f70adcda03eb3e60f39e301c927fd9a7188bac7634b2,0.000910746,0.04054757714706198,43be259a817c57b2f7b83286
followup1,16,,components,,,,,,,,,,,25661c6ee48d9ffc98b3f70adcda03eb3e60f39e301c927fd9a7188bac7634b2,0.000805138,0.1035537716564376,43be259a817c57b2f7b83286
followup1,16,,variable_elimination,,,,,,,,,,,25661c6ee48d9ffc98b3f70adcda03eb3e60f39e301c927fd9a7188bac7634b2,0.00103309,0.11369778019021887,7f9c56047f72ddccba03ac39
followup1,16,,components,,,,,,,,,,,25661c6ee48d9ffc98b3f70adcda03eb3e60f39e301c927fd9a7188bac7634b2,0.001024836,0.15566007055685419,7f9c56047f72ddccba03ac39
followup1,16,,variable_elimination,,,,,,,,,,,25661c6ee48d9ffc98b3f70adcda03eb3e60f39e301c927fd9a7188bac7634b2,0.000909328,0.06610529770327411,975287331418223cde59f92d
followup1,16,,components,,,,,,,,,,,25661c6ee48d9ffc98b3f70adcda03eb3e60f39e301c927fd9a7188bac7634b2,0.000791012,0.0940224675524362,975287331418223cde59f92d
followup1,17,,variable_elimination,,,,,,,,,,,49df486bd5f14593f7d0c68ccafd2b2662ac87abfe8b9c129ce8b8c1124c0faa,0.000982905,0.03584423184988591,e29e7ae1f7bc9611be66f587
followup1,17,,components,,,,,,,,,,,49df486bd5f14593f7d0c68ccafd2b2662ac87abfe8b9c129ce8b8c1124c0faa,0.000848609,0.10069606601854478,e29e7ae1f7bc9611be66f587
followup1,17,,variable_elimination,,,,,,,,,,,c1fa582023f6b09cdce29e5bb509bb0553fc5f0aa20016a1e9018d4cce854e41,0.000928992,0.05434394968555875,25def936831874cf68a7122a
followup1,17,,components,,,,,,,,,,,c1fa582023f6b09cdce29e5bb509bb0553fc5f0aa20016a1e9018d4cce854e41,0.003585368,0.004642138679724514,25def936831874cf68a7122a
followup1,17,,variable_elimination,,,,,,,,,,,49df486bd5f14593f7d0c68ccafd2b2662ac87abfe8b9c129ce8b8c1124c0faa,0.000951026,0.037230332396153955,c6723a324a1d2d602647e4a3
followup1,17,,components,,,,,,,,,,,49df486bd5f14593f7d0c68ccafd2b2662ac87abfe8b9c129ce8b8c1124c0faa,0.000810388,0.09174255131114825,c6723a324a1d2d602647e4a3
followup1,17,,variable_elimination,,,,,,,,,,,49df486bd5f14593f7d0c68ccafd2b2662ac87abfe8b9c129ce8b8c1124c0faa,0.000948194,0.03509270249953791,e49aff4fc2c31858c4503a07
followup1,17,,components,,,,,,,,,,,49df486bd5f14593f7d0c68ccafd2b2662ac87abfe8b9c129ce8b8c1124c0faa,0.000825715,0.07125242130588047,e49aff4fc2c31858c4503a07
followup1,17,,variable_elimination,,,,,,,,,,,49df486bd5f14593f7d0c68ccafd2b2662ac87abfe8b9c129ce8b8c1124c0faa,0.000963589,0.15150573006255377,c45f1f3e795017d255aecfe4
followup1,17,,components,,,,,,,,,,,49df486bd5f14593f7d0c68ccafd2b2662ac87abfe8b9c129ce8b8c1124c0faa,0.000826404,0.09581944323490865,c45f1f3e795017d255aecfe4
followup1,29,,variable_elimination,,,,,,,,,,,185f08ed8b7f564170edf87a168ac6636aca2012113b6154cc8342a40e44763c,0.001675214,0.04311727330385175,7138d20935102d10ff039ffb
followup1,29,,conditional_components,,,,,,,,,,,185f08ed8b7f564170edf87a168ac6636aca2012113b6154cc8342a40e44763c,0.012231226,0.015647014250145468,7138d20935102d10ff039ffb
followup1,29,,variable_elimination,,,,,,,,,,,3b307568e3a9881dfcda034c6319372de0c7239e32369fdce1b93c02796a8691,0.001662964,0.035635252256113546,9517921664357f34c64a3eeb
followup1,29,,conditional_components,,,,,,,,,,,3b307568e3a9881dfcda034c6319372de0c7239e32369fdce1b93c02796a8691,0.205417304,0.006284580853861139,9517921664357f34c64a3eeb
followup1,18,,variable_elimination,,,,,,,,,,,1232a84a0582bb726c124d0930d0231adee6735906b94ed02e7da25fdc6d8fef,0.001040924,0.04458990232932422,dacb902414f6fb3c82d5d463
followup1,18,,components,,,,,,,,,,,1232a84a0582bb726c124d0930d0231adee6735906b94ed02e7da25fdc6d8fef,0.000886241,0.09541247062308814,dacb902414f6fb3c82d5d463
followup1,18,,variable_elimination,,,,,,,,,,,e0e5b74c633546b8f9c8b4f22307b01bfdd6beb651cb7276e477f567d676640d,0.000921243,0.09909925671339442,e3956db3c4ff557df8df2ee5
followup1,18,,components,,,,,,,,,,,e0e5b74c633546b8f9c8b4f22307b01bfdd6beb651cb7276e477f567d676640d,0.012697826,0.10407175253991338,e3956db3c4ff557df8df2ee5
followup1,18,,variable_elimination,,,,,,,,,,,1232a84a0582bb726c124d0930d0231adee6735906b94ed02e7da25fdc6d8fef,0.001015774,0.04329602076465756,2d9e1da3f5107755fc1176f2
followup1,18,,components,,,,,,,,,,,1232a84a0582bb726c124d0930d0231adee6735906b94ed02e7da25fdc6d8fef,0.000865808,0.07642705771544987,2d9e1da3f5107755fc1176f2
followup1,18,,variable_elimination,,,,,,,,,,,1232a84a0582bb726c124d0930d0231adee6735906b94ed02e7da25fdc6d8fef,0.001175757,0.08118050995238633,272273e0098e94c3d61a19b8
followup1,18,,components,,,,,,,,,,,1232a84a0582bb726c124d0930d0231adee6735906b94ed02e7da25fdc6d8fef,0.001165497,0.14888190879470656,272273e0098e94c3d61a19b8
followup1,18,,variable_elimination,,,,,,,,,,,1232a84a0582bb726c124d0930d0231adee6735906b94ed02e7da25fdc6d8fef,0.001011591,0.028456882963759846,66e3cb75734e6feb7808bbec
followup1,18,,components,,,,,,,,,,,1232a84a0582bb726c124d0930d0231adee6735906b94ed02e7da25fdc6d8fef,0.000863862,0.09581745184015641,66e3cb75734e6feb7808bbec
followup1,30,,variable_elimination,,,,,,,,,,,3804183b232bc107520e8c8c56d448788353792550cff504d5216a5171684499,0.001753038,0.11885872027393361,2069cfbde1bcf836b55394c5
followup1,30,,conditional_components,,,,,,,,,,,3804183b232bc107520e8c8c56d448788353792550cff504d5216a5171684499,0.012766427,0.021139797906829787,2069cfbde1bcf836b55394c5
followup1,30,,variable_elimination,,,,,,,,,,,c4e8adf312730c30f8fde111f11030ea5dcc083b1bddf478afd689ab1d0c5186,0.001803295,0.0397074224014198,e8afe014ede8dc27ad27da29
followup1,30,,conditional_components,,,,,,,,,,,c4e8adf312730c30f8fde111f11030ea5dcc083b1bddf478afd689ab1d0c5186,0.025131584,0.0019488921403587138,e8afe014ede8dc27ad27da29
followup1,20,,variable_elimination,,,,,,,,,,,9cb37e3de3b3abb56f127007b4d48f147f82cd8c1708a7eb831754b10a01e84c,0.001237605,0.054297064323408625,7d44d5426b4a30f5257866a4
followup1,20,,components,,,,,,,,,,,9cb37e3de3b3abb56f127007b4d48f147f82cd8c1708a7eb831754b10a01e84c,0.001142489,0.0145505760408417,7d44d5426b4a30f5257866a4
followup1,20,,variable_elimination,,,,,,,,,,,c159ddd26c0da21f7bc662aeed0152c2a45accdcf82271c5f4ab297dc19f84eb,0.001032764,0.05763285986110943,76bff7379c3a184a444dd125
followup1,20,,components,,,,,,,,,,,c159ddd26c0da21f7bc662aeed0152c2a45accdcf82271c5f4ab297dc19f84eb,0.024463414,0.06412020420630384,76bff7379c3a184a444dd125
followup1,20,,variable_elimination,,,,,,,,,,,9cb37e3de3b3abb56f127007b4d48f147f82cd8c1708a7eb831754b10a01e84c,0.00112091,0.06517850141191699,cf414ce75ab75bc6ad08025c
followup1,20,,components,,,,,,,,,,,9cb37e3de3b3abb56f127007b4d48f147f82cd8c1708a7eb831754b10a01e84c,0.001121048,0.008895786803793784,cf414ce75ab75bc6ad08025c
followup1,20,,variable_elimination,,,,,,,,,,,9cb37e3de3b3abb56f127007b4d48f147f82cd8c1708a7eb831754b10a01e84c,0.001108575,0.06124199404178565,c2a47d7c7abeb87ea5820542
followup1,20,,components,,,,,,,,,,,9cb37e3de3b3abb56f127007b4d48f147f82cd8c1708a7eb831754b10a01e84c,0.001125188,0.010789383791804835,c2a47d7c7abeb87ea5820542
followup1,20,,variable_elimination,,,,,,,,,,,9cb37e3de3b3abb56f127007b4d48f147f82cd8c1708a7eb831754b10a01e84c,0.001130606,0.08946177070795214,b51d27319455ad3e2ac52707
followup1,20,,components,,,,,,,,,,,9cb37e3de3b3abb56f127007b4d48f147f82cd8c1708a7eb831754b10a01e84c,0.001127559,0.03165897510216344,b51d27319455ad3e2ac52707
followup1,21,,variable_elimination,,,,,,,,,,,50f6cb3f01e659454ac535833fe01689b82a8280bb7fae86e8ce661b1965ac91,0.001295753,0.0658446063257922,3565ae21fdd0dc3ed86a72d8
followup1,21,,components,,,,,,,,,,,50f6cb3f01e659454ac535833fe01689b82a8280bb7fae86e8ce661b1965ac91,0.001177093,0.013420609625192214,3565ae21fdd0dc3ed86a72d8
followup1,21,,variable_elimination,,,,,,,,,,,7e9dc7a4ac90dc0f508857aee99cec69ba5355e9de9ca810e330a4a849d06315,0.001053096,0.06107259977559621,5757d312a1e8e6d4170b4c8f
followup1,21,,components,,,,,,,,,,,7e9dc7a4ac90dc0f508857aee99cec69ba5355e9de9ca810e330a4a849d06315,0.04951582,0.0035021204324349993,5757d312a1e8e6d4170b4c8f
followup1,21,,variable_elimination,,,,,,,,,,,50f6cb3f01e659454ac535833fe01689b82a8280bb7fae86e8ce661b1965ac91,0.001186955,0.06727429540622676,80b1adc032b946c8c4c0dfdc
followup1,21,,components,,,,,,,,,,,50f6cb3f01e659454ac535833fe01689b82a8280bb7fae86e8ce661b1965ac91,0.00118092,0.013035192692000095,80b1adc032b946c8c4c0dfdc
followup1,21,,variable_elimination,,,,,,,,,,,50f6cb3f01e659454ac535833fe01689b82a8280bb7fae86e8ce661b1965ac91,0.001186414,0.057018081647791215,a91f5d80119e93c6cd87ef65
followup1,21,,components,,,,,,,,,,,50f6cb3f01e659454ac535833fe01689b82a8280bb7fae86e8ce661b1965ac91,0.001172958,0.011274968563082608,a91f5d80119e93c6cd87ef65
followup1,21,,variable_elimination,,,,,,,,,,,50f6cb3f01e659454ac535833fe01689b82a8280bb7fae86e8ce661b1965ac91,0.001180012,0.056832356779426635,f26f39d7d3adc06212e8ebbe
followup1,21,,components,,,,,,,,,,,50f6cb3f01e659454ac535833fe01689b82a8280bb7fae86e8ce661b1965ac91,0.001179555,0.06270082462927347,f26f39d7d3adc06212e8ebbe
followup1,22,,variable_elimination,,,,,,,,,,,e2e0b0207a0711b21f93a408e06df2b15201f0f66d8e720aabeeba38272c455e,0.001331181,0.06964694035941248,e3a67077f2cfd4be21268b3e
followup1,22,,components,,,,,,,,,,,e2e0b0207a0711b21f93a408e06df2b15201f0f66d8e720aabeeba38272c455e,0.00157564,0.009468437147235446,e3a67077f2cfd4be21268b3e
followup1,22,,variable_elimination,,,,,,,,,,,cfc05a6be92c258c8303a39025c461147827be636edbd27614997cd0bf94f451,0.001153013,0.03568647281450564,31ed73582ecee8136a3ca292
followup1,22,,components,,,,,,,,,,,cfc05a6be92c258c8303a39025c461147827be636edbd27614997cd0bf94f451,0.025387362,0.005424501452841672,31ed73582ecee8136a3ca292
followup1,22,,variable_elimination,,,,,,,,,,,e2e0b0207a0711b21f93a408e06df2b15201f0f66d8e720aabeeba38272c455e,0.001231322,0.07069589207738126,67ea960e1386f530b2d8fe17
followup1,22,,components,,,,,,,,,,,e2e0b0207a0711b21f93a408e06df2b15201f0f66d8e720aabeeba38272c455e,0.00157791,0.005532263564307537,67ea960e1386f530b2d8fe17
followup1,23,,variable_elimination,,,,,,,,,,,0b5b315d2e763c00390a5bf64eb4856563cf3f7b01ecdcaa4b81841d42cc4d72,0.001456095,0.07463787983706759,63a608639e649f64e4706350
followup1,23,,components,,,,,,,,,,,0b5b315d2e763c00390a5bf64eb4856563cf3f7b01ecdcaa4b81841d42cc4d72,0.001609447,0.007091611080966023,63a608639e649f64e4706350
followup1,23,,variable_elimination,,,,,,,,,,,fd5adf1a52a05ad32cc3d941c5b99ab85d518d6d568845bddb48ec54526fa5ab,0.001208869,0.04871744869686725,d9237538cfc74792de4bf975
followup1,23,,components,,,,,,,,,,,fd5adf1a52a05ad32cc3d941c5b99ab85d518d6d568845bddb48ec54526fa5ab,0.025059418,0.003344900943450349,d9237538cfc74792de4bf975
followup1,23,,variable_elimination,,,,,,,,,,,0b5b315d2e763c00390a5bf64eb4856563cf3f7b01ecdcaa4b81841d42cc4d72,0.00131196,0.07544723406463877,acbafe118258902bb45a49ca
followup1,23,,components,,,,,,,,,,,0b5b315d2e763c00390a5bf64eb4856563cf3f7b01ecdcaa4b81841d42cc4d72,0.001611024,0.00702226353249232,acbafe118258902bb45a49ca
followup1,24,,variable_elimination,,,,,,,,,,,23e5189c367e97c6f5689f15ec54e6d0aa61cd43346758be28ea6c77327c3ed6,0.001416736,0.06879981848704962,c7a196d581f3ef5a1f1c1aa4
followup1,24,,components,,,,,,,,,,,23e5189c367e97c6f5689f15ec54e6d0aa61cd43346758be28ea6c77327c3ed6,0.001649007,0.00802412737887605,c7a196d581f3ef5a1f1c1aa4
followup1,24,,variable_elimination,,,,,,,,,,,e50de51c16fca49e0136a49f00702421a7e9e2eb2b81473bf398094172ffc4d9,0.001262386,0.03684685177824483,2b77130cefcadc2c9a751e04
followup1,24,,components,,,,,,,,,,,e50de51c16fca49e0136a49f00702421a7e9e2eb2b81473bf398094172ffc4d9,0.025256822,0.019254736347562713,2b77130cefcadc2c9a751e04
followup1,24,,variable_elimination,,,,,,,,,,,23e5189c367e97c6f5689f15ec54e6d0aa61cd43346758be28ea6c77327c3ed6,0.001326705,0.07377045063568045,d1586fef4695b2dbf773164b
followup1,24,,components,,,,,,,,,,,23e5189c367e97c6f5689f15ec54e6d0aa61cd43346758be28ea6c77327c3ed6,0.001662873,0.007391183675074002,d1586fef4695b2dbf773164b
followup1,28,,variable_elimination,,,,,,,,,,,ef6a22075d49330d49a2d9da5d0fdef280f524a6143a454e7cd57aa44d57887f,0.00168966,0.06965195265350135,7ceff8de0a23b5cb7c912a0b
followup1,28,,components,,,,,,,,,,,ef6a22075d49330d49a2d9da5d0fdef280f524a6143a454e7cd57aa44d57887f,0.098541333,0.014733214596349794,7ceff8de0a23b5cb7c912a0b
followup1,28,,variable_elimination,,,,,,,,,,,91fdf9b9a50de39e04bff91599bbed1f998bb1fdca0be55ff4aa913fd192b1d8,0.00155322,0.036762205829619914,efb1979b5062fc6ad73a925d
followup1,28,,conditional_components,,,,,,,,,,,91fdf9b9a50de39e04bff91599bbed1f998bb1fdca0be55ff4aa913fd192b1d8,0.019032945,0.04797348391721095,efb1979b5062fc6ad73a925d
followup1,25,,variable_elimination,,,,,,,,,,,73c9dcb5319a4ef289b3c6705a2570b06ea5bf03af865fa465fca046687fe447,0.001504616,0.05229603797804119,9c6ac412b68c90cc379d1ec2
followup1,25,,components,,,,,,,,,,,73c9dcb5319a4ef289b3c6705a2570b06ea5bf03af865fa465fca046687fe447,0.001707023,0.007650151169744991,9c6ac412b68c90cc379d1ec2
followup1,25,,variable_elimination,,,,,,,,,,,2a556b58793c5774499f6aa42a005f0246a0fa055a26e702a9208390ffb877e4,0.001344979,0.029746769406218683,959791b58fbaa0146c4b20ce
followup1,25,,components,,,,,,,,,,,2a556b58793c5774499f6aa42a005f0246a0fa055a26e702a9208390ffb877e4,0.200610663,0.010423661447306432,959791b58fbaa0146c4b20ce
followup1,25,,variable_elimination,,,,,,,,,,,73c9dcb5319a4ef289b3c6705a2570b06ea5bf03af865fa465fca046687fe447,0.001441278,0.059901988645693224,7990bebe6a8ec28e748a77f3
followup1,25,,components,,,,,,,,,,,73c9dcb5319a4ef289b3c6705a2570b06ea5bf03af865fa465fca046687fe447,0.001707899,0.008572246636965758,7990bebe6a8ec28e748a77f3
followup1,25,,variable_elimination,,,,,,,,,,,73c9dcb5319a4ef289b3c6705a2570b06ea5bf03af865fa465fca046687fe447,0.001457096,0.056877166402113835,ae5ab5579a3d77ae9c7fc47b
followup1,25,,components,,,,,,,,,,,73c9dcb5319a4ef289b3c6705a2570b06ea5bf03af865fa465fca046687fe447,0.001710343,0.012009245043019335,ae5ab5579a3d77ae9c7fc47b
followup1,25,,variable_elimination,,,,,,,,,,,73c9dcb5319a4ef289b3c6705a2570b06ea5bf03af865fa465fca046687fe447,0.001467292,0.08102837057302897,c6bfa1e7950bf19a74283eff
followup1,25,,components,,,,,,,,,,,73c9dcb5319a4ef289b3c6705a2570b06ea5bf03af865fa465fca046687fe447,0.001746299,0.05588109810207957,c6bfa1e7950bf19a74283eff
followup1,26,,variable_elimination,,,,,,,,,,,9cfc8d76c5ed049a3560d62c05e15577c481572e2255ecc5616dd5650242317d,0.001575409,0.050060547417241745,546f4ebbdbf8cde911e2f27f
followup1,26,,components,,,,,,,,,,,9cfc8d76c5ed049a3560d62c05e15577c481572e2255ecc5616dd5650242317d,0.001743442,0.011104565901859962,546f4ebbdbf8cde911e2f27f
followup1,26,,variable_elimination,,,,,,,,,,,b5ada8540e2f00e4f3e386ecfcbad0a9f2fbf3844919fee6e199ee971ac0da23,0.001458507,0.027807349920567413,0255d3da80c35fd1fef38d29
followup1,26,,components,,,,,,,,,,,b5ada8540e2f00e4f3e386ecfcbad0a9f2fbf3844919fee6e199ee971ac0da23,0.196519774,0.0008800015732217138,0255d3da80c35fd1fef38d29
followup1,26,,variable_elimination,,,,,,,,,,,9cfc8d76c5ed049a3560d62c05e15577c481572e2255ecc5616dd5650242317d,0.001584257,0.3172988653787018,4b9dcc43fd3b79174f59c961
followup1,26,,components,,,,,,,,,,,9cfc8d76c5ed049a3560d62c05e15577c481572e2255ecc5616dd5650242317d,0.001771166,0.09862581414652072,4b9dcc43fd3b79174f59c961
followup1,26,,variable_elimination,,,,,,,,,,,9cfc8d76c5ed049a3560d62c05e15577c481572e2255ecc5616dd5650242317d,0.001500574,0.06838653189045103,ead290dda4ec67adc358faec
followup1,26,,components,,,,,,,,,,,9cfc8d76c5ed049a3560d62c05e15577c481572e2255ecc5616dd5650242317d,0.001739625,0.006697579339814539,ead290dda4ec67adc358faec
followup1,26,,variable_elimination,,,,,,,,,,,9cfc8d76c5ed049a3560d62c05e15577c481572e2255ecc5616dd5650242317d,0.001473049,0.07197642996085195,efe5d8c953b49f5a76dab146
followup1,26,,components,,,,,,,,,,,9cfc8d76c5ed049a3560d62c05e15577c481572e2255ecc5616dd5650242317d,0.001745144,0.01260324944979479,efe5d8c953b49f5a76dab146
followup1,27,,variable_elimination,,,,,,,,,,,9a750cc6dae3c97a69ca9d7b7f81134e5882d31b270df0c6146fb2582561940f,0.001691442,0.06391324883406674,7bdb2b7539d7ba719c1dfceb
followup1,27,,components,,,,,,,,,,,9a750cc6dae3c97a69ca9d7b7f81134e5882d31b270df0c6146fb2582561940f,0.098428388,0.014851028806854703,7bdb2b7539d7ba719c1dfceb
followup1,27,,variable_elimination,,,,,,,,,,,aa6d708e82eddab499248067c7516fbd6b3651d3e782e336d238b01826456d17,0.001460792,0.04396876645607548,26b4aaeca33b58f53f407694
followup1,27,,conditional_components,,,,,,,,,,,aa6d708e82eddab499248067c7516fbd6b3651d3e782e336d238b01826456d17,0.018200935,0.008152566166137649,26b4aaeca33b58f53f407694
followup1,32,,variable_elimination,,,,,,,,,,,d769092a71b3dd083f068c21f5a86a87b18cedf27ea7fb0852e7af0d7dec49ed,0.001878818,0.2500587705281253,67d04ebcbed474cbfd5827f0
followup1,32,,conditional_components,,,,,,,,,,,d769092a71b3dd083f068c21f5a86a87b18cedf27ea7fb0852e7af0d7dec49ed,0.017510344,0.015104685389558468,67d04ebcbed474cbfd5827f0
followup1,32,,variable_elimination,,,,,,,,,,,d769092a71b3dd083f068c21f5a86a87b18cedf27ea7fb0852e7af0d7dec49ed,0.001978247,0.024017342070178242,399519088cf60d40d625959b
followup1,32,,conditional_components,,,,,,,,,,,d769092a71b3dd083f068c21f5a86a87b18cedf27ea7fb0852e7af0d7dec49ed,0.017698663,0.12596626773220776,399519088cf60d40d625959b
followup1,32,,variable_elimination,,,,,,,,,,,d769092a71b3dd083f068c21f5a86a87b18cedf27ea7fb0852e7af0d7dec49ed,0.001893461,0.038404056759215904,6051d44661fd8c38ad94e858
followup1,32,,conditional_components,,,,,,,,,,,d769092a71b3dd083f068c21f5a86a87b18cedf27ea7fb0852e7af0d7dec49ed,0.017455869,0.14769042670363192,6051d44661fd8c38ad94e858
followup1,32,,variable_elimination,,,,,,,,,,,d769092a71b3dd083f068c21f5a86a87b18cedf27ea7fb0852e7af0d7dec49ed,0.001920411,0.026214602041921487,a253f6728e4d81fd5db66a88
followup1,32,,conditional_components,,,,,,,,,,,d769092a71b3dd083f068c21f5a86a87b18cedf27ea7fb0852e7af0d7dec49ed,0.017620172,0.10270132855008249,a253f6728e4d81fd5db66a88
followup1,32,,variable_elimination,,,,,,,,,,,34735a6dd7d3231b2b95a00d79234aac9a515be224c2eedb2aff3ff0d4e3257c,0.00189116,0.029108705751021487,6ec35743e9c5bb656d406aa3
followup1,32,,conditional_components,,,,,,,,,,,34735a6dd7d3231b2b95a00d79234aac9a515be224c2eedb2aff3ff0d4e3257c,0.057799021,0.02547721943752728,6ec35743e9c5bb656d406aa3
followup1,33,,variable_elimination,,,,,,,,,,,c818b467ee101c282d1e7bdb73de2fb67b08ca7fcd50dc165b61ace75b0862d0,0.001946023,0.030780710563075457,41cdbac8c11c4c777969faa4
followup1,33,,conditional_components,,,,,,,,,,,c818b467ee101c282d1e7bdb73de2fb67b08ca7fcd50dc165b61ace75b0862d0,0.023663226,0.007002956989054902,41cdbac8c11c4c777969faa4
followup1,33,,variable_elimination,,,,,,,,,,,4a9a462fc8ea3bfb4e58bce78003e61575fc0463f510d9e0f970aed2c9b74e13,0.00206918,0.11744997124910003,8e62078a028dc4c5b4e7a88c
followup1,33,,conditional_components,,,,,,,,,,,4a9a462fc8ea3bfb4e58bce78003e61575fc0463f510d9e0f970aed2c9b74e13,0.02912979,0.004875464242164776,8e62078a028dc4c5b4e7a88c
followup1,2,,variable_elimination,,,,,,,,,,,99c151a7f54c9f60633fb0580f3836cc4fccdbca6f9762c6376ef037b21b6eeb,0.000127035,0.7295877230554865,4a52bdc08ca2721c8d690542
followup1,2,,components,,,,,,,,,,,99c151a7f54c9f60633fb0580f3836cc4fccdbca6f9762c6376ef037b21b6eeb,0.000104075,0.29428284647112557,4a52bdc08ca2721c8d690542
followup1,2,,variable_elimination,,,,,,,,,,,99c151a7f54c9f60633fb0580f3836cc4fccdbca6f9762c6376ef037b21b6eeb,7.6279e-05,0.4219176624636749,27d78fd0a2465c65096c19e6
followup1,2,,components,,,,,,,,,,,99c151a7f54c9f60633fb0580f3836cc4fccdbca6f9762c6376ef037b21b6eeb,6.7364e-05,0.20072523795609082,27d78fd0a2465c65096c19e6
followup1,2,,variable_elimination,,,,,,,,,,,99c151a7f54c9f60633fb0580f3836cc4fccdbca6f9762c6376ef037b21b6eeb,8.4488e-05,0.36619105629471355,ab1fb59a5f6f12ca013cf7f1
followup1,2,,components,,,,,,,,,,,99c151a7f54c9f60633fb0580f3836cc4fccdbca6f9762c6376ef037b21b6eeb,6.8755e-05,0.17308287568549702,ab1fb59a5f6f12ca013cf7f1
followup1,2,,variable_elimination,,,,,,,,,,,99c151a7f54c9f60633fb0580f3836cc4fccdbca6f9762c6376ef037b21b6eeb,8.3933e-05,0.35670051181439616,4007223c6e7988bb256f866c
followup1,2,,components,,,,,,,,,,,99c151a7f54c9f60633fb0580f3836cc4fccdbca6f9762c6376ef037b21b6eeb,7.4232e-05,0.15272665604204336,4007223c6e7988bb256f866c
followup1,8,,variable_elimination,,,,,,,,,,,567e11eb337603247dc37b986e36bc1520dd5166e21f234c7e57bdfa812c67e9,0.000386304,0.12068056454927328,2d71eec40819a2cd539e6864
followup1,8,,components,,,,,,,,,,,567e11eb337603247dc37b986e36bc1520dd5166e21f234c7e57bdfa812c67e9,0.000275776,0.10763607333004103,2d71eec40819a2cd539e6864
followup1,8,,variable_elimination,,,,,,,,,,,567e11eb337603247dc37b986e36bc1520dd5166e21f234c7e57bdfa812c67e9,0.000389322,0.1254003806443996,dfae91d9cabc33ffe18cbbd0
followup1,8,,components,,,,,,,,,,,567e11eb337603247dc37b986e36bc1520dd5166e21f234c7e57bdfa812c67e9,0.00027691,0.082238972043039,dfae91d9cabc33ffe18cbbd0
followup1,8,,variable_elimination,,,,,,,,,,,567e11eb337603247dc37b986e36bc1520dd5166e21f234c7e57bdfa812c67e9,0.000380028,0.11111181449511787,5dc90edf05ba784879527e37
followup1,8,,components,,,,,,,,,,,567e11eb337603247dc37b986e36bc1520dd5166e21f234c7e57bdfa812c67e9,0.000269635,0.07327453193771925,5dc90edf05ba784879527e37
followup1,9,,variable_elimination,,,,,,,,,,,0de9fb2f1238632cf721304595a3822207684f650a0992dcf900ad92b8618fe3,0.000444523,0.13353268169121688,9d3775087edddb264e1deb28
followup1,9,,components,,,,,,,,,,,0de9fb2f1238632cf721304595a3822207684f650a0992dcf900ad92b8618fe3,0.000330868,0.030870175745477905,9d3775087edddb264e1deb28
followup1,9,,variable_elimination,,,,,,,,,,,0de9fb2f1238632cf721304595a3822207684f650a0992dcf900ad92b8618fe3,0.00044181,0.1055618333138142,50e336b44e4fa74de32e521d
followup1,9,,components,,,,,,,,,,,0de9fb2f1238632cf721304595a3822207684f650a0992dcf900ad92b8618fe3,0.000324987,0.06307643098991451,50e336b44e4fa74de32e521d
followup1,3,,variable_elimination,,,,,,,,,,,2bfd67b1ad8c9744f8345f8a84d2cd13d21a3e0442576b86e3c57419801cd052,0.000111906,0.37719664917772266,ee49b16b744b8cfee9a804ab
followup1,3,,components,,,,,,,,,,,2bfd67b1ad8c9744f8345f8a84d2cd13d21a3e0442576b86e3c57419801cd052,0.000105839,0.10614402896047118,ee49b16b744b8cfee9a804ab
followup1,3,,variable_elimination,,,,,,,,,,,2bfd67b1ad8c9744f8345f8a84d2cd13d21a3e0442576b86e3c57419801cd052,0.00011081,0.303989065029243,ca5027781973eee44701938f
followup1,3,,components,,,,,,,,,,,2bfd67b1ad8c9744f8345f8a84d2cd13d21a3e0442576b86e3c57419801cd052,0.000101633,0.17283496997424172,ca5027781973eee44701938f
followup1,3,,variable_elimination,,,,,,,,,,,2bfd67b1ad8c9744f8345f8a84d2cd13d21a3e0442576b86e3c57419801cd052,0.000105167,0.3198139360933762,89cf6dc679d191fe8e11779b
followup1,3,,components,,,,,,,,,,,2bfd67b1ad8c9744f8345f8a84d2cd13d21a3e0442576b86e3c57419801cd052,9.8583e-05,0.2055957732492182,89cf6dc679d191fe8e11779b
followup1,3,,variable_elimination,,,,,,,,,,,2bfd67b1ad8c9744f8345f8a84d2cd13d21a3e0442576b86e3c57419801cd052,0.000104001,0.31514697279293025,25c3a5c119de51f4c3da63fa
followup1,3,,components,,,,,,,,,,,2bfd67b1ad8c9744f8345f8a84d2cd13d21a3e0442576b86e3c57419801cd052,9.8629e-05,0.17441058672690765,25c3a5c119de51f4c3da63fa
followup1,5,,variable_elimination,,,,,,,,,,,258c2a4ff949114577ec2e8e11949dbaeec7ef3432cd2f634fefcde861ae0117,0.000218823,0.2068822957272517,dd3c55822325537ff0e340fc
followup1,5,,components,,,,,,,,,,,258c2a4ff949114577ec2e8e11949dbaeec7ef3432cd2f634fefcde861ae0117,0.000175537,0.07346529377306014,dd3c55822325537ff0e340fc
followup1,5,,variable_elimination,,,,,,,,,,,258c2a4ff949114577ec2e8e11949dbaeec7ef3432cd2f634fefcde861ae0117,0.000210046,0.19151194347546127,03cf54d59b142e9591f6feac
followup1,5,,components,,,,,,,,,,,258c2a4ff949114577ec2e8e11949dbaeec7ef3432cd2f634fefcde861ae0117,0.000168293,0.08248669495054071,03cf54d59b142e9591f6feac
followup1,5,,variable_elimination,,,,,,,,,,,258c2a4ff949114577ec2e8e11949dbaeec7ef3432cd2f634fefcde861ae0117,0.00020584,0.25929459435501123,22007e7728ebbab19d143cb6
followup1,5,,components,,,,,,,,,,,258c2a4ff949114577ec2e8e11949dbaeec7ef3432cd2f634fefcde861ae0117,0.000164326,0.08086933149094548,22007e7728ebbab19d143cb6
followup1,5,,variable_elimination,,,,,,,,,,,258c2a4ff949114577ec2e8e11949dbaeec7ef3432cd2f634fefcde861ae0117,0.000214072,0.19583962337590582,23fa2d0d752220c8e2587d66
followup1,5,,components,,,,,,,,,,,258c2a4ff949114577ec2e8e11949dbaeec7ef3432cd2f634fefcde861ae0117,0.00015928,0.11169793884890801,23fa2d0d752220c8e2587d66
followup1,4,,variable_elimination,,,,,,,,,,,5e20e2d2ff7a6f1a772bf7de96200cd3bcfb51157387d3446a196ba0e2ec64d3,0.000226641,0.1921590057562,a288bf52fb17a9765841ee35
followup1,4,,components,,,,,,,,,,,5e20e2d2ff7a6f1a772bf7de96200cd3bcfb51157387d3446a196ba0e2ec64d3,0.000134864,0.11773156365535344,a288bf52fb17a9765841ee35
followup1,4,,variable_elimination,,,,,,,,,,,5e20e2d2ff7a6f1a772bf7de96200cd3bcfb51157387d3446a196ba0e2ec64d3,0.000197807,0.2818109137108917,fc538cc2c87d96cd594eea3e
followup1,4,,components,,,,,,,,,,,5e20e2d2ff7a6f1a772bf7de96200cd3bcfb51157387d3446a196ba0e2ec64d3,0.000137691,0.12176900163784986,fc538cc2c87d96cd594eea3e
followup1,4,,variable_elimination,,,,,,,,,,,5e20e2d2ff7a6f1a772bf7de96200cd3bcfb51157387d3446a196ba0e2ec64d3,0.00016818,0.20566516907284654,5e5c24f5417538eeee4880e8
followup1,4,,components,,,,,,,,,,,5e20e2d2ff7a6f1a772bf7de96200cd3bcfb51157387d3446a196ba0e2ec64d3,0.000134134,0.11562857028586368,5e5c24f5417538eeee4880e8
followup1,4,,variable_elimination,,,,,,,,,,,5e20e2d2ff7a6f1a772bf7de96200cd3bcfb51157387d3446a196ba0e2ec64d3,0.000217844,0.20124016231264952,fb5ef69ece1e53c67cb5af54
followup1,4,,components,,,,,,,,,,,5e20e2d2ff7a6f1a772bf7de96200cd3bcfb51157387d3446a196ba0e2ec64d3,0.000166196,0.15198292868562274,fb5ef69ece1e53c67cb5af54
followup1,7,,variable_elimination,,,,,,,,,,,4034394a52387d4c50dc492d42caace86d7da5f5de824fe39a27a1e9eae7882c,0.000343634,0.1590835047578607,0d241a12fb10869f0ff71729
followup1,7,,components,,,,,,,,,,,4034394a52387d4c50dc492d42caace86d7da5f5de824fe39a27a1e9eae7882c,0.00021628,0.07057493825115323,0d241a12fb10869f0ff71729
followup1,7,,variable_elimination,,,,,,,,,,,4034394a52387d4c50dc492d42caace86d7da5f5de824fe39a27a1e9eae7882c,0.000288009,0.16034235857027704,fe39d7af9523f7526f691b3b
followup1,7,,components,,,,,,,,,,,4034394a52387d4c50dc492d42caace86d7da5f5de824fe39a27a1e9eae7882c,0.000222724,0.05675649241253203,fe39d7af9523f7526f691b3b
followup1,7,,variable_elimination,,,,,,,,,,,4034394a52387d4c50dc492d42caace86d7da5f5de824fe39a27a1e9eae7882c,0.000283341,0.15103152899134328,1099b47d16430061d11774d2
followup1,7,,components,,,,,,,,,,,4034394a52387d4c50dc492d42caace86d7da5f5de824fe39a27a1e9eae7882c,0.00022103,0.05529467044898011,1099b47d16430061d11774d2
followup1,7,,variable_elimination,,,,,,,,,,,4034394a52387d4c50dc492d42caace86d7da5f5de824fe39a27a1e9eae7882c,0.000283971,0.14135845860629848,440b8ebd05ff82e5cbe39ecf
followup1,7,,components,,,,,,,,,,,4034394a52387d4c50dc492d42caace86d7da5f5de824fe39a27a1e9eae7882c,0.000222724,0.060082480969061706,440b8ebd05ff82e5cbe39ecf
followup1,6,,variable_elimination,,,,,,,,,,,473d02574cc7a661b725c821ba67e57e00b12ef300aeb1d47602959376a040a6,0.00024865,0.19728585965633413,ec7cecdf910286bc797fab00
followup1,6,,components,,,,,,,,,,,473d02574cc7a661b725c821ba67e57e00b12ef300aeb1d47602959376a040a6,0.000229138,0.10180964348873467,ec7cecdf910286bc797fab00
followup1,6,,variable_elimination,,,,,,,,,,,473d02574cc7a661b725c821ba67e57e00b12ef300aeb1d47602959376a040a6,0.000261674,0.1507587511411091,9161594b93743e8dd74ffc91
followup1,6,,components,,,,,,,,,,,473d02574cc7a661b725c821ba67e57e00b12ef300aeb1d47602959376a040a6,0.00021163,0.10381843646111735,9161594b93743e8dd74ffc91
followup1,6,,variable_elimination,,,,,,,,,,,473d02574cc7a661b725c821ba67e57e00b12ef300aeb1d47602959376a040a6,0.000251388,0.18229518521637392,d9c9a9d73f7f6ceb761385a8
followup1,6,,components,,,,,,,,,,,473d02574cc7a661b725c821ba67e57e00b12ef300aeb1d47602959376a040a6,0.000183042,0.14076499618485988,d9c9a9d73f7f6ceb761385a8
followup1,6,,variable_elimination,,,,,,,,,,,473d02574cc7a661b725c821ba67e57e00b12ef300aeb1d47602959376a040a6,0.000243233,0.16539258631845827,6bccdc3a260522cafc38aa12
followup1,6,,components,,,,,,,,,,,473d02574cc7a661b725c821ba67e57e00b12ef300aeb1d47602959376a040a6,0.000178796,0.13021707581014874,6bccdc3a260522cafc38aa12
followup1,34,,variable_elimination,,,,,,,,,,,1549bf31fe5a8a261652c1485d828c40fbe5b518a9f95656f24dd69e75d68873,0.002022646,0.07392620049184793,c40074e303c193eb1c69600e
followup1,34,,conditional_components,,,,,,,,,,,1549bf31fe5a8a261652c1485d828c40fbe5b518a9f95656f24dd69e75d68873,0.024468205,0.01306474458289467,c40074e303c193eb1c69600e
followup1,34,,variable_elimination,,,,,,,,,,,6088cef28e9fab30f101df7e44346bb2b33ee7fd4aeff95af94ee8f31ee1bb8c,0.002102202,0.03148852036899007,79c5655fac8bc152e5fe0c88
followup1,34,,conditional_components,,,,,,,,,,,6088cef28e9fab30f101df7e44346bb2b33ee7fd4aeff95af94ee8f31ee1bb8c,0.030737802,0.04615896665229687,79c5655fac8bc152e5fe0c88
followup1,35,,variable_elimination,,,,,,,,,,,1fafe6cd5b5fa225f5c38b954bbd74c5e5cee3d9cb0e1873cfd97032c515dd7c,0.0020987,0.03281399096722189,ee2e8ea102e939cb1b366350
followup1,35,,conditional_components,,,,,,,,,,,1fafe6cd5b5fa225f5c38b954bbd74c5e5cee3d9cb0e1873cfd97032c515dd7c,0.025207589,0.010524615325353422,ee2e8ea102e939cb1b366350
followup1,35,,variable_elimination,,,,,,,,,,,0c705f249618ed3421e6372b4cf8b0f01311f060ced49a5acfdf9462483716fc,0.002134096,0.03558848019719342,a06f744796ad9d583fd0d520
followup1,35,,conditional_components,,,,,,,,,,,0c705f249618ed3421e6372b4cf8b0f01311f060ced49a5acfdf9462483716fc,0.031916125,0.005947007430106692,a06f744796ad9d583fd0d520
followup1,36,,variable_elimination,,,,,,,,,,,a918a2d9a2b00eb29293a11df8ec5b461519f2d8da7de9bf05ee81cad626a270,0.002236516,0.025207850920990437,39a3c8af8877bfbb030b5e59
followup1,36,,conditional_components,,,,,,,,,,,a918a2d9a2b00eb29293a11df8ec5b461519f2d8da7de9bf05ee81cad626a270,0.034657288,0.03376130908212496,39a3c8af8877bfbb030b5e59
followup1,37,,variable_elimination,,,,,,,,,,,7568aee6dcbce7999ed3839850d05c46ed50b4af02ab62cbbd30f0f95ccc1756,0.002386668,0.021511559132801627,6991040f8f184442ef7fa0c5
followup1,37,,conditional_components,,,,,,,,,,,7568aee6dcbce7999ed3839850d05c46ed50b4af02ab62cbbd30f0f95ccc1756,0.072237691,0.0007572702291315988,6991040f8f184442ef7fa0c5
followup1,37,,variable_elimination,,,,,,,,,,,b8addbf8888cb397af6798bd24411f2ca309d06d21cdd1aef72ecaa56c55a796,0.002302717,0.03980689957007903,4e9a6bda28713519656a79fe
followup1,37,,conditional_components,,,,,,,,,,,b8addbf8888cb397af6798bd24411f2ca309d06d21cdd1aef72ecaa56c55a796,0.036721631,0.0011926086344726044,4e9a6bda28713519656a79fe
followup1,38,,variable_elimination,,,,,,,,,,,946bb85dfc7e27d095dd4683b951f0d071db199831303ae6c008d89ee72d7780,0.002444074,0.025897751048741254,2ff0f3c9d18b014a76eacb4c
followup1,38,,conditional_components,,,,,,,,,,,946bb85dfc7e27d095dd4683b951f0d071db199831303ae6c008d89ee72d7780,0.125618678,0.009222990394666676,2ff0f3c9d18b014a76eacb4c
followup1,38,,variable_elimination,,,,,,,,,,,bacc1d272ae10065897bc482e9d09a237c359a8c711ab805e76a6f8cc5eba06d,0.002581672,0.024549222309624065,8c6c7b4a650f6b6bd8d7fd14
followup1,38,,conditional_components,,,,,,,,,,,bacc1d272ae10065897bc482e9d09a237c359a8c711ab805e76a6f8cc5eba06d,0.860769053,0.00472125160710516,8c6c7b4a650f6b6bd8d7fd14
followup1,41,,variable_elimination,,,,,,,,,,,a64a9f7078c3025aecdc6b166d2addc35c2f7e9e7fa8adc5e37f076f0811a9a7,0.002913311,0.5637421274294315,a62b4f1f12c76f842027f03a
followup1,41,,conditional_components,,,,,,,,,,,a64a9f7078c3025aecdc6b166d2addc35c2f7e9e7fa8adc5e37f076f0811a9a7,0.118877706,0.009260874817463096,a62b4f1f12c76f842027f03a
followup1,41,,variable_elimination,,,,,,,,,,,a64a9f7078c3025aecdc6b166d2addc35c2f7e9e7fa8adc5e37f076f0811a9a7,0.002793192,0.5766754359967731,6f98519d5be66e9e4773a050
followup1,41,,conditional_components,,,,,,,,,,,a64a9f7078c3025aecdc6b166d2addc35c2f7e9e7fa8adc5e37f076f0811a9a7,0.119234341,0.007181083880693833,6f98519d5be66e9e4773a050
followup1,41,,variable_elimination,,,,,,,,,,,a64a9f7078c3025aecdc6b166d2addc35c2f7e9e7fa8adc5e37f076f0811a9a7,0.0027977,0.5678521984227531,f984a8e57e3baf075d0b970d
followup1,41,,conditional_components,,,,,,,,,,,a64a9f7078c3025aecdc6b166d2addc35c2f7e9e7fa8adc5e37f076f0811a9a7,0.119959944,0.013091390391844171,f984a8e57e3baf075d0b970d
followup1,41,,variable_elimination,,,,,,,,,,,a64a9f7078c3025aecdc6b166d2addc35c2f7e9e7fa8adc5e37f076f0811a9a7,0.002771951,0.6812960217768101,f151f1b99bc7d6b0788312a5
followup1,41,,conditional_components,,,,,,,,,,,a64a9f7078c3025aecdc6b166d2addc35c2f7e9e7fa8adc5e37f076f0811a9a7,0.119773458,0.013078624272010345,f151f1b99bc7d6b0788312a5
followup1,1,,variable_elimination,,,,,,,,,,,a491b793e84c1e1b274a7012e3d86241c5344fabe6412f3ea99ebfd03ac603cf,5.962e-05,0.47396109169735234,ebdaf29f03b9447b3997149e
followup1,1,,components,,,,,,,,,,,a491b793e84c1e1b274a7012e3d86241c5344fabe6412f3ea99ebfd03ac603cf,6.0429e-05,0.19071523456087064,ebdaf29f03b9447b3997149e
followup1,1,,variable_elimination,,,,,,,,,,,a491b793e84c1e1b274a7012e3d86241c5344fabe6412f3ea99ebfd03ac603cf,5.4847e-05,0.5243698597922559,a0de212ed6643b2dc36ffc90
followup1,1,,components,,,,,,,,,,,a491b793e84c1e1b274a7012e3d86241c5344fabe6412f3ea99ebfd03ac603cf,5.1543e-05,0.2627426771571877,a0de212ed6643b2dc36ffc90
followup1,1,,variable_elimination,,,,,,,,,,,a491b793e84c1e1b274a7012e3d86241c5344fabe6412f3ea99ebfd03ac603cf,5.4884e-05,0.48288626189076284,e754f5872cdf9f8dc9ec9988
followup1,1,,components,,,,,,,,,,,a491b793e84c1e1b274a7012e3d86241c5344fabe6412f3ea99ebfd03ac603cf,5.2564e-05,0.2030167709792257,e754f5872cdf9f8dc9ec9988
followup1,1,,variable_elimination,,,,,,,,,,,a491b793e84c1e1b274a7012e3d86241c5344fabe6412f3ea99ebfd03ac603cf,4.9731e-05,0.4746791674100383,ae3e0af1aa3a7852c27b5f91
followup1,1,,components,,,,,,,,,,,a491b793e84c1e1b274a7012e3d86241c5344fabe6412f3ea99ebfd03ac603cf,4.7206e-05,0.2147980451250931,ae3e0af1aa3a7852c27b5f91
followup1,14,,variable_elimination,,,,,,,,,,,15ab512bdb14401c9b32bfcac67c3eca61cc005888deef20fdc65d26e14fb5ca,0.000770723,0.07962088406650149,7c69ed2d6836af05416cdcf0
followup1,14,,components,,,,,,,,,,,15ab512bdb14401c9b32bfcac67c3eca61cc005888deef20fdc65d26e14fb5ca,0.001900122,0.02108500014963562,7c69ed2d6836af05416cdcf0
followup1,14,,variable_elimination,,,,,,,,,,,78814b367f556178987fead9579ab77bf796f16e4fd49788acb418e811908c48,0.000745185,0.0895862186180861,3de46554429d8955e1ea8e49
followup1,14,,components,,,,,,,,,,,78814b367f556178987fead9579ab77bf796f16e4fd49788acb418e811908c48,0.001897906,0.013261415367434267,3de46554429d8955e1ea8e49
followup1,15,,variable_elimination,,,,,,,,,,,663c84c755076c39164fc83ec2a87080924fa45b0da5112871ea43cc6e8a5ce4,0.000775571,0.07120303134746732,6f96eaf6692e70bbdc5f0679
followup1,15,,components,,,,,,,,,,,663c84c755076c39164fc83ec2a87080924fa45b0da5112871ea43cc6e8a5ce4,0.001909734,0.008791522936959787,6f96eaf6692e70bbdc5f0679
followup1,20,,variable_elimination,,,,,,,,,,,61ddb999eee98116a66e646fdb3590a3eba569fe10ad5ce626b9d26f1f8c222e,0.001018806,0.04649756293167795,eb027da9b68a10232a938bd8
followup1,20,,components,,,,,,,,,,,61ddb999eee98116a66e646fdb3590a3eba569fe10ad5ce626b9d26f1f8c222e,0.006493253,0.007725913620053922,eb027da9b68a10232a938bd8
followup1,15,,variable_elimination,,,,,,,,,,,77852ba9a74a7c0ce5bcda166b488ee106dc71bb879495f0cd2f876afe06a461,0.000771606,0.06739006614362456,803cdc1190c2b61947a40978
followup1,15,,components,,,,,,,,,,,77852ba9a74a7c0ce5bcda166b488ee106dc71bb879495f0cd2f876afe06a461,0.001955536,0.023240866988057215,803cdc1190c2b61947a40978
followup1,20,,variable_elimination,,,,,,,,,,,f2c9be93e4a738ca6c9b7a56ae6ca79f8435c5d36e712a02d83c733df712336a,0.000991343,0.049319905436489765,2027f900fd661c4eb0c1bf68
followup1,20,,components,,,,,,,,,,,f2c9be93e4a738ca6c9b7a56ae6ca79f8435c5d36e712a02d83c733df712336a,0.002139893,0.009127472002200302,2027f900fd661c4eb0c1bf68
followup1,21,,variable_elimination,,,,,,,,,,,15fdd42a4bdc24e05e36a8135b3b8dbe57d54b4844647d6181fd85d23633bf66,0.001072637,0.05268475653489904,02b15ae35aa827eafbc1f5b0
followup1,21,,components,,,,,,,,,,,15fdd42a4bdc24e05e36a8135b3b8dbe57d54b4844647d6181fd85d23633bf66,0.049433054,0.001351177243903211,02b15ae35aa827eafbc1f5b0
followup1,21,,variable_elimination,,,,,,,,,,,96f822f6fe90d60e10384e53d5c7ef2af7b40fe5305bf1c66dcca0c0a75a9e7b,0.001127361,0.028448315116725135,63b80a1de18b37454c9f1cbf
followup1,21,,components,,,,,,,,,,,96f822f6fe90d60e10384e53d5c7ef2af7b40fe5305bf1c66dcca0c0a75a9e7b,0.050571595,0.04007361090471237,63b80a1de18b37454c9f1cbf
followup1,42,,variable_elimination,,,,,,,,,,,be7cafb8e17c92fb38ad5db2f39575b53122137a0560a2b51956308b8b1f8958,0.003021531,0.5561564041873198,fc169c0d57995ba8128f1863
followup1,42,,conditional_components,,,,,,,,,,,be7cafb8e17c92fb38ad5db2f39575b53122137a0560a2b51956308b8b1f8958,0.168830494,0.010762617469638138,fc169c0d57995ba8128f1863
followup1,42,,variable_elimination,,,,,,,,,,,be7cafb8e17c92fb38ad5db2f39575b53122137a0560a2b51956308b8b1f8958,0.002952102,0.5376942550551645,663992402874520f255f92aa
followup1,42,,conditional_components,,,,,,,,,,,be7cafb8e17c92fb38ad5db2f39575b53122137a0560a2b51956308b8b1f8958,0.169480162,0.011834611640866471,663992402874520f255f92aa
followup1,42,,variable_elimination,,,,,,,,,,,be7cafb8e17c92fb38ad5db2f39575b53122137a0560a2b51956308b8b1f8958,0.00296007,0.5347597370102407,cedf2ccd2ea1bc4534d4b987
followup1,42,,conditional_components,,,,,,,,,,,be7cafb8e17c92fb38ad5db2f39575b53122137a0560a2b51956308b8b1f8958,0.168790826,0.012974331296549903,cedf2ccd2ea1bc4534d4b987
followup1,42,,variable_elimination,,,,,,,,,,,be7cafb8e17c92fb38ad5db2f39575b53122137a0560a2b51956308b8b1f8958,0.002933046,0.49326677882247233,a9ac4200c3496606a94fd22e
followup1,42,,conditional_components,,,,,,,,,,,be7cafb8e17c92fb38ad5db2f39575b53122137a0560a2b51956308b8b1f8958,0.167600673,0.011930956931623575,a9ac4200c3496606a94fd22e
followup1,21,,variable_elimination,,,,,,,,,,,7ad295f092b8998670d5c783597d5e7eb3f5684f723ebe0e79696ed512765e3f,0.001146919,0.030276667301748886,6cea8652c0169fedb16bc88f
followup1,21,,components,,,,,,,,,,,7ad295f092b8998670d5c783597d5e7eb3f5684f723ebe0e79696ed512765e3f,0.049854458,0.015496308186331522,6cea8652c0169fedb16bc88f
followup1,21,,variable_elimination,,,,,,,,,,,3c53f44ba0765a1cbadece0d5eb6e8fe5c80879fd453e8f3faf917a827e0d602,0.001107137,0.0483726825328134,acb60e3495d84d41da77be0b
followup1,21,,components,,,,,,,,,,,3c53f44ba0765a1cbadece0d5eb6e8fe5c80879fd453e8f3faf917a827e0d602,0.050688294,0.02007500212225675,acb60e3495d84d41da77be0b
followup1,20,,variable_elimination,,,,,,,,,,,93ac10931133a97b43ad68ac11705fbe5e09cb756f677b8517268ef1e672115c,0.001035426,0.05440814749301417,9686f8c86c75f7ba2774ac13
followup1,20,,components,,,,,,,,,,,93ac10931133a97b43ad68ac11705fbe5e09cb756f677b8517268ef1e672115c,0.024195537,0.010738659002302859,9686f8c86c75f7ba2774ac13
followup1,20,,variable_elimination,,,,,,,,,,,ca4c586653aadedf3f8a1c1bdcd70890aefc59ad386b9fc24113ed68b6282eaf,0.001012906,0.04040179549469847,d6fdb80a7aae240fac690870
followup1,20,,components,,,,,,,,,,,ca4c586653aadedf3f8a1c1bdcd70890aefc59ad386b9fc24113ed68b6282eaf,0.024015055,0.03373175406095636,d6fdb80a7aae240fac690870
followup1,18,,variable_elimination,,,,,,,,,,,8e618c88721adc967c6bccdc07e7cc8dd5cab29566c10848744428515be5731e,0.000906448,0.06513329751474084,d35d7d5a107998ebbd375750
followup1,18,,components,,,,,,,,,,,8e618c88721adc967c6bccdc07e7cc8dd5cab29566c10848744428515be5731e,0.012317153,0.031849159678314184,d35d7d5a107998ebbd375750
followup1,18,,variable_elimination,,,,,,,,,,,042be5fbc4ce5e8e172bb685da4fba69729967a0cfc20944577f59d5cfb383a9,0.00090778,0.05939669482827209,1c31bc718c7df098007027b1
followup1,18,,components,,,,,,,,,,,042be5fbc4ce5e8e172bb685da4fba69729967a0cfc20944577f59d5cfb383a9,0.003595368,0.002756623236196265,1c31bc718c7df098007027b1
followup1,19,,variable_elimination,,,,,,,,,,,3b1021169731769ba78b3a31f584a7e0cc07cf4ad3c46633073d3dbce622893d,0.000950055,0.049789060055326705,c6bba93654ebfedf31b8ebbd
followup1,19,,components,,,,,,,,,,,3b1021169731769ba78b3a31f584a7e0cc07cf4ad3c46633073d3dbce622893d,0.01239175,0.009834733404163479,c6bba93654ebfedf31b8ebbd
followup1,19,,variable_elimination,,,,,,,,,,,0467275e65043127820bb4287b3a55899d012b75e17d2ad765c2f2aaeb861732,0.000985522,0.08678737115178572,4e8909f4aeebd7d168f6325a
followup1,19,,components,,,,,,,,,,,0467275e65043127820bb4287b3a55899d012b75e17d2ad765c2f2aaeb861732,0.003625794,0.003462413949341352,4e8909f4aeebd7d168f6325a
followup1,18,,variable_elimination,,,,,,,,,,,b532736344bfde07d7e03beaffeb41ae4e12b18e36154570d90e3e8d8e73c380,0.000934326,0.05627788419398494,48d22ae31935d085621c6d8d
followup1,18,,components,,,,,,,,,,,b532736344bfde07d7e03beaffeb41ae4e12b18e36154570d90e3e8d8e73c380,0.003629985,0.008247212580516052,48d22ae31935d085621c6d8d
followup1,18,,variable_elimination,,,,,,,,,,,44684871cce1f24726d378fdd85b4c858c03f1ec658f8671411fd46beba86c4b,0.000899043,0.04907032185864067,dd2d646e4729bc43303ebfb6
followup1,18,,components,,,,,,,,,,,44684871cce1f24726d378fdd85b4c858c03f1ec658f8671411fd46beba86c4b,0.012562659,0.013364596826560151,dd2d646e4729bc43303ebfb6
followup1,18,,variable_elimination,,,,,,,,,,,c9266e80cae3e003c00780c5ae5aedbe825faa655d5f95ed79275a164fe08e61,0.000899577,0.0606770763245479,f38cbdaea68844452dd332fe
followup1,18,,components,,,,,,,,,,,c9266e80cae3e003c00780c5ae5aedbe825faa655d5f95ed79275a164fe08e61,0.003508989,0.009964195167059651,f38cbdaea68844452dd332fe
followup1,18,,variable_elimination,,,,,,,,,,,6d297f4db64e0f070a4c9b30c2d383307aaabceae3100802ed76cfa5f2225b96,0.00090167,0.052296229425946826,91138442018531350dbe23d5
followup1,18,,components,,,,,,,,,,,6d297f4db64e0f070a4c9b30c2d383307aaabceae3100802ed76cfa5f2225b96,0.012410709,0.007168970821499678,91138442018531350dbe23d5
followup1,19,,variable_elimination,,,,,,,,,,,b38240b958405ee109dc4b1fa4c5d4dcb132e7d5cd34c3b8de8cc002df36b21b,0.000994142,0.062218611113240084,e964433ae100e7de90c87558
followup1,19,,components,,,,,,,,,,,b38240b958405ee109dc4b1fa4c5d4dcb132e7d5cd34c3b8de8cc002df36b21b,0.003701263,0.009466205086406426,e964433ae100e7de90c87558
followup1,19,,variable_elimination,,,,,,,,,,,3c000097793e99ee59d9d2cd688fa3004befdbbf293644f4473d5103d5c736a1,0.000938241,0.050939098846730264,fe3143782d0905b6a5d6e718
followup1,19,,components,,,,,,,,,,,3c000097793e99ee59d9d2cd688fa3004befdbbf293644f4473d5103d5c736a1,0.012344656,0.01049902190207041,fe3143782d0905b6a5d6e718
followup1,19,,variable_elimination,,,,,,,,,,,8a68150f9d132f4cface430531d6586f41e6bf1b4f88c493e6477cacea8bfa65,0.000943464,0.05707791778483019,aa25328454d0362fa6320d98
followup1,19,,components,,,,,,,,,,,8a68150f9d132f4cface430531d6586f41e6bf1b4f88c493e6477cacea8bfa65,0.003595838,0.0009053785588488202,aa25328454d0362fa6320d98
followup1,19,,variable_elimination,,,,,,,,,,,d1ae7b4c44c40db21307904242409a183dd8453ddf8075eb96a8497313a5004a,0.000961323,0.05889191314276409,f38187e76fa2d624c9b506e9
followup1,19,,components,,,,,,,,,,,d1ae7b4c44c40db21307904242409a183dd8453ddf8075eb96a8497313a5004a,0.012623646,0.013329288853002748,f38187e76fa2d624c9b506e9
followup1,22,,variable_elimination,,,,,,,,,,,085fe4c0fb25f379c36b50d3115611c75e8a9dc153959eff6ad0cf515ef205f7,0.001135241,0.3185198759554577,7ef2efa145e2eb9b1f3496e4
followup1,22,,components,,,,,,,,,,,085fe4c0fb25f379c36b50d3115611c75e8a9dc153959eff6ad0cf515ef205f7,0.025897777,0.030876301174371776,7ef2efa145e2eb9b1f3496e4
followup1,22,,variable_elimination,,,,,,,,,,,085fe4c0fb25f379c36b50d3115611c75e8a9dc153959eff6ad0cf515ef205f7,0.001139615,0.056337177702815495,5e232aad69a130b6d9f98eb2
followup1,22,,components,,,,,,,,,,,085fe4c0fb25f379c36b50d3115611c75e8a9dc153959eff6ad0cf515ef205f7,0.025294841,0.01000929355563517,5e232aad69a130b6d9f98eb2
followup1,22,,variable_elimination,,,,,,,,,,,3e61310dd6e8dec0f92541613ffd78d2a229692a2e467af785e10a4d3c3e3e79,0.001167355,0.037335972725851596,8bdb29fa2e3183460c73b9d8
followup1,22,,components,,,,,,,,,,,3e61310dd6e8dec0f92541613ffd78d2a229692a2e467af785e10a4d3c3e3e79,0.099342988,0.009989091109293663,8bdb29fa2e3183460c73b9d8
followup1,22,,variable_elimination,,,,,,,,,,,008354fdf0cdc3ebb6d91d5e7a792550964d97477cb3384103ff69bd37cb2847,0.001117408,0.04878920968099384,c85489d8d2bfb05b109dfa7b
followup1,22,,components,,,,,,,,,,,008354fdf0cdc3ebb6d91d5e7a792550964d97477cb3384103ff69bd37cb2847,0.025090864,0.0016527013159632555,c85489d8d2bfb05b109dfa7b
followup1,22,,variable_elimination,,,,,,,,,,,0cc5a56007793522a8bae49d79e62aafad15b7d007aea081c0edf572b8c8627b,0.001204541,0.04743608121912961,39fb618b53186cca36061a79
followup1,22,,components,,,,,,,,,,,0cc5a56007793522a8bae49d79e62aafad15b7d007aea081c0edf572b8c8627b,0.099673499,0.02402860092527516,39fb618b53186cca36061a79
followup1,23,,variable_elimination,,,,,,,,,,,dfa0f4598e9d9decfec6480790325944f8eef7d7efbc53497781dcfe305b9323,0.00121188,0.0428754536686612,4d3b37dd439c9a82305e6bdf
followup1,23,,components,,,,,,,,,,,dfa0f4598e9d9decfec6480790325944f8eef7d7efbc53497781dcfe305b9323,0.02550975,0.02150962718318002,4d3b37dd439c9a82305e6bdf
followup1,20,,variable_elimination,,,,,,,,,,,8804c761f049f2e3c3c454531ef8df03e37db50af6288cb2c3486801289fb3d9,0.001063726,0.043959716799040344,b16fe4574dee00dc909232ff
followup1,20,,components,,,,,,,,,,,8804c761f049f2e3c3c454531ef8df03e37db50af6288cb2c3486801289fb3d9,0.002200453,0.0029033570811394516,b16fe4574dee00dc909232ff
followup1,23,,variable_elimination,,,,,,,,,,,d56c100547fb96fa843641e8c03bab116b7e28cc02b27e979ef1cf6ed08de785,0.001227043,0.039673413767550084,7ac0ccfca2ec422c3f123603
followup1,23,,components,,,,,,,,,,,d56c100547fb96fa843641e8c03bab116b7e28cc02b27e979ef1cf6ed08de785,0.098554233,0.009407818104423545,7ac0ccfca2ec422c3f123603
followup1,23,,variable_elimination,,,,,,,,,,,7fcceb420a399a4f3c91b9b47bf09e2e9bf6078cc4bcff83a70af3dd0cdc4ba1,0.001158542,0.05346640644981806,12a5ef66ad6ecef608df053b
followup1,23,,components,,,,,,,,,,,7fcceb420a399a4f3c91b9b47bf09e2e9bf6078cc4bcff83a70af3dd0cdc4ba1,0.025080136,0.005330118757496965,12a5ef66ad6ecef608df053b
followup1,23,,variable_elimination,,,,,,,,,,,33d401278a1682e87f7c462c6b3c0eacc8d9854b262a13bae33c80379e90f88d,0.001228281,0.03902239199162568,ad5697a1d41ddb46f41dda1c
followup1,23,,components,,,,,,,,,,,33d401278a1682e87f7c462c6b3c0eacc8d9854b262a13bae33c80379e90f88d,0.100869243,0.002416805145779484,ad5697a1d41ddb46f41dda1c
followup1,20,,variable_elimination,,,,,,,,,,,7ff648a8b7ea746a7ef18c1cdab4e6c5a35f35c1e311e166a88d81ad4e7d5b52,0.001054695,0.0451869975200558,20a0718a4370c1bb1c4747f3
followup1,20,,components,,,,,,,,,,,7ff648a8b7ea746a7ef18c1cdab4e6c5a35f35c1e311e166a88d81ad4e7d5b52,0.00653726,0.005463735055206724,20a0718a4370c1bb1c4747f3
followup1,24,,variable_elimination,,,,,,,,,,,66bbea0bfef3018daebacc949d788a3f74d17706a129032dc3b8638c0fd00306,0.001309261,0.031445758757312654,dedc44025053e58028460699
followup1,24,,components,,,,,,,,,,,66bbea0bfef3018daebacc949d788a3f74d17706a129032dc3b8638c0fd00306,0.02551586,0.011677482322142444,dedc44025053e58028460699
followup1,24,,variable_elimination,,,,,,,,,,,d785babacc20c60544c79a8b75141d016561d170a144d521cd7686053247b614,0.001284798,0.03378293302244471,46bacbeb84a6df945af1f75e
followup1,24,,components,,,,,,,,,,,d785babacc20c60544c79a8b75141d016561d170a144d521cd7686053247b614,0.101075807,0.008686425390640505,46bacbeb84a6df945af1f75e
followup1,24,,variable_elimination,,,,,,,,,,,1a80a3282614495cf4d93f746807e3a5a6b635e52be614a4ba5f703507a6cd92,0.001207152,0.04191615102913488,64e8d958192051d5b05d4a8a
followup1,24,,components,,,,,,,,,,,1a80a3282614495cf4d93f746807e3a5a6b635e52be614a4ba5f703507a6cd92,0.025141805,0.013623164357808602,64e8d958192051d5b05d4a8a
followup1,24,,variable_elimination,,,,,,,,,,,b7e6c401fa2955624e576aea635e4f24f810900f5dd03afe6b3421d698ddaebb,0.00128914,0.029051154146383172,2e80d9f0fb9624f991a48bdf
followup1,24,,components,,,,,,,,,,,b7e6c401fa2955624e576aea635e4f24f810900f5dd03afe6b3421d698ddaebb,0.101302168,0.013671778326647548,2e80d9f0fb9624f991a48bdf
followup1,14,,variable_elimination,,,,,,,,,,,caf3a59598fa220e2cf313770bbe0f0f65e8654697a3b698cef1e3a0c16acd2c,0.000724772,0.07188572734232594,5be4b9d1a6b84757da18d1ec
followup1,14,,components,,,,,,,,,,,caf3a59598fa220e2cf313770bbe0f0f65e8654697a3b698cef1e3a0c16acd2c,0.001904152,0.019333380458175897,5be4b9d1a6b84757da18d1ec
followup1,14,,variable_elimination,,,,,,,,,,,81c9b5f3d4fbc250167e566452c4975bca835d30a0bd39c135c595f63d39e8dd,0.000788177,0.06123446694956572,bdb57b82eb93447ef9ae216d
followup1,14,,components,,,,,,,,,,,81c9b5f3d4fbc250167e566452c4975bca835d30a0bd39c135c595f63d39e8dd,0.001923002,0.020304714364300005,bdb57b82eb93447ef9ae216d
followup1,14,,variable_elimination,,,,,,,,,,,72d219835c328d62f5faa95f6f0c13723daf5bbf406bad58e3fd1e27f396669b,0.000783387,0.05592179476387145,b7645406b1f8c4b509ba07ed
followup1,14,,components,,,,,,,,,,,72d219835c328d62f5faa95f6f0c13723daf5bbf406bad58e3fd1e27f396669b,0.001897585,0.014152381383818538,b7645406b1f8c4b509ba07ed
followup1,14,,variable_elimination,,,,,,,,,,,e9a8fd3a0de42e32b90907aa4d517623ec59cecfd4e441a74f30045b270a666a,0.000748715,0.07093796357757093,e3103e1e6a9a3d50d63cae33
followup1,14,,components,,,,,,,,,,,e9a8fd3a0de42e32b90907aa4d517623ec59cecfd4e441a74f30045b270a666a,0.00187913,0.010904454945938802,e3103e1e6a9a3d50d63cae33
followup1,14,,variable_elimination,,,,,,,,,,,a858fb59a8de849cf4f482c357ff354875c7d83be6e6e28aa16afad58811fe9b,0.000733825,0.071896357675745,532dd7e382f8296b772fe48d
followup1,14,,components,,,,,,,,,,,a858fb59a8de849cf4f482c357ff354875c7d83be6e6e28aa16afad58811fe9b,0.001917153,0.017656362281383165,532dd7e382f8296b772fe48d
followup1,14,,variable_elimination,,,,,,,,,,,fc2a5578b65a53b271e23c6f2efc78ec3fce9cd6a8a76490b301926137af11ec,0.000779803,0.06429586874962238,c6bc33f6fbb3063329c5ec87
followup1,14,,components,,,,,,,,,,,fc2a5578b65a53b271e23c6f2efc78ec3fce9cd6a8a76490b301926137af11ec,0.001936109,0.015548978260964368,c6bc33f6fbb3063329c5ec87
followup1,14,,variable_elimination,,,,,,,,,,,da4286e93afb8af41401fcde220d315e91e7fae9033b11efae0275a679b4da72,0.000755228,0.11021232354587208,7bf818ebfc01adc97e9c8c04
followup1,14,,components,,,,,,,,,,,da4286e93afb8af41401fcde220d315e91e7fae9033b11efae0275a679b4da72,0.001942693,0.013687642228739843,7bf818ebfc01adc97e9c8c04
followup1,15,,variable_elimination,,,,,,,,,,,d31b8e8023bea833b500ec72bb247ad1ea45170ec430a0b9d3652bdf193ab05b,0.000749708,0.072931887574911,7c32238f45a15ee07cf934d9
followup1,15,,components,,,,,,,,,,,d31b8e8023bea833b500ec72bb247ad1ea45170ec430a0b9d3652bdf193ab05b,0.001905775,0.014952000102696036,7c32238f45a15ee07cf934d9
followup1,15,,variable_elimination,,,,,,,,,,,a605bdd75868fb04146be83389d7c1da666f49cade175879ca4f9da7b16afddc,0.000812401,0.05930694445989336,b87fc390598ed3106bce6131
followup1,15,,components,,,,,,,,,,,a605bdd75868fb04146be83389d7c1da666f49cade175879ca4f9da7b16afddc,0.00193171,0.009711318071629315,b87fc390598ed3106bce6131
followup1,15,,variable_elimination,,,,,,,,,,,071918d1979fe1e9cdb12b5b5f7e61c9540911663b469502459705e20c652f46,0.000793909,0.05986136688734084,9f9e0c058e3db4b33c5ab10e
followup1,15,,components,,,,,,,,,,,071918d1979fe1e9cdb12b5b5f7e61c9540911663b469502459705e20c652f46,0.001927156,0.004934561870662513,9f9e0c058e3db4b33c5ab10e
followup1,16,,variable_elimination,,,,,,,,,,,6ffd8125c9d6e167ea4c9ed4240899184dd0052752b39ec22b707b978f53edec,0.000905046,0.0461779214651595,7fe2fcd11ae168779f2d9e03
followup1,16,,components,,,,,,,,,,,6ffd8125c9d6e167ea4c9ed4240899184dd0052752b39ec22b707b978f53edec,0.003523647,0.02306561878709382,7fe2fcd11ae168779f2d9e03
followup1,16,,variable_elimination,,,,,,,,,,,1d7b19a7e2b77c06772d89833252ed3d1997ec8328b7c748146256d05a34ae76,0.000829471,0.07103355201105213,79c1763b4f2b1c89ce86bcb4
followup1,16,,components,,,,,,,,,,,1d7b19a7e2b77c06772d89833252ed3d1997ec8328b7c748146256d05a34ae76,0.00342203,0.00831213966135043,79c1763b4f2b1c89ce86bcb4
followup1,16,,variable_elimination,,,,,,,,,,,4e2ce887abbe5f5c4dfdd138f61e3eaacd4afd0b528ea2274b3d478e2ee9d2b0,0.000856816,0.057661665075222565,4741dd481bb07b94b1250858
followup1,16,,components,,,,,,,,,,,4e2ce887abbe5f5c4dfdd138f61e3eaacd4afd0b528ea2274b3d478e2ee9d2b0,0.00354071,0.017226881972960004,4741dd481bb07b94b1250858
followup1,16,,variable_elimination,,,,,,,,,,,12b735188c9ead3c6c94392f928ecb38ff9b84d887dbe33a7c440a987a41a8f6,0.000853934,0.059021700272521606,43d5de3d2cdbfa18d02db356
followup1,16,,components,,,,,,,,,,,12b735188c9ead3c6c94392f928ecb38ff9b84d887dbe33a7c440a987a41a8f6,0.003513035,0.029150059848020427,43d5de3d2cdbfa18d02db356
followup1,16,,variable_elimination,,,,,,,,,,,2943259982c0fdc0ffc3ffcb04033cf0e4a72a9016ff546a0af8652a5a729126,0.000871394,0.0569950832285137,672a55453497fc856fd76165
followup1,16,,components,,,,,,,,,,,2943259982c0fdc0ffc3ffcb04033cf0e4a72a9016ff546a0af8652a5a729126,0.003554852,0.01522771335331087,672a55453497fc856fd76165
followup1,16,,variable_elimination,,,,,,,,,,,7ea2880651a85c41808e6e25b8ef4b27b2ad831658df1d79f7bb0cb736e48ab3,0.00082605,0.07015927938819645,a62f408f8e21344e8ecf7c99
followup1,16,,components,,,,,,,,,,,7ea2880651a85c41808e6e25b8ef4b27b2ad831658df1d79f7bb0cb736e48ab3,0.00350325,0.01832084929956215,a62f408f8e21344e8ecf7c99
followup1,16,,variable_elimination,,,,,,,,,,,bde57c58ec4b4c2afad0bd074d51d90a8d35e7d0e2994db956576912e1a66fd3,0.000892873,0.06377313870688803,57b06173044c566ce7b22cba
followup1,16,,components,,,,,,,,,,,bde57c58ec4b4c2afad0bd074d51d90a8d35e7d0e2994db956576912e1a66fd3,0.000757145,0.027822203996894123,57b06173044c566ce7b22cba
followup1,16,,variable_elimination,,,,,,,,,,,bde57c58ec4b4c2afad0bd074d51d90a8d35e7d0e2994db956576912e1a66fd3,0.000861402,0.05463105337942069,71c533aef929c1b47d6220a5
followup1,16,,components,,,,,,,,,,,bde57c58ec4b4c2afad0bd074d51d90a8d35e7d0e2994db956576912e1a66fd3,0.000747722,0.10319340407683386,71c533aef929c1b47d6220a5
followup1,16,,variable_elimination,,,,,,,,,,,bde57c58ec4b4c2afad0bd074d51d90a8d35e7d0e2994db956576912e1a66fd3,0.000864946,0.04735403457783842,cca5314e64eb9950a286b14a
followup1,16,,components,,,,,,,,,,,bde57c58ec4b4c2afad0bd074d51d90a8d35e7d0e2994db956576912e1a66fd3,0.00075582,0.08476137630503398,cca5314e64eb9950a286b14a
followup1,16,,variable_elimination,,,,,,,,,,,bde57c58ec4b4c2afad0bd074d51d90a8d35e7d0e2994db956576912e1a66fd3,0.000860794,0.04558442301448638,61ece7c4f8cb9cb918ae21b0
followup1,16,,components,,,,,,,,,,,bde57c58ec4b4c2afad0bd074d51d90a8d35e7d0e2994db956576912e1a66fd3,0.000748627,0.07845403194218215,61ece7c4f8cb9cb918ae21b0
followup1,17,,variable_elimination,,,,,,,,,,,8bd73dbef89b3f5ff6f789c9807f28073ad867e5a5a43ba0cf73aed80dbc85ae,0.000879746,0.060381951644950985,9e83d5434bcc4509e503d6fa
followup1,17,,components,,,,,,,,,,,8bd73dbef89b3f5ff6f789c9807f28073ad867e5a5a43ba0cf73aed80dbc85ae,0.003583543,0.00805267657409323,9e83d5434bcc4509e503d6fa
followup1,17,,variable_elimination,,,,,,,,,,,45782988f0643094e6428ac05c4d49716a1b325d74d0fd9fb27fc5b587efaf30,0.000835898,0.06760118400778403,13089fac8115ea3d8dc355d7
followup1,17,,components,,,,,,,,,,,45782988f0643094e6428ac05c4d49716a1b325d74d0fd9fb27fc5b587efaf30,0.003566935,0.01699417695461297,13089fac8115ea3d8dc355d7
followup1,17,,variable_elimination,,,,,,,,,,,2678fdd98edba45b6b18a280547bc5055ec76e8899efdee6587a23dc441abefa,0.000923324,0.04682560206522176,58c2e5a3f491a2f7f38b933e
followup1,17,,components,,,,,,,,,,,2678fdd98edba45b6b18a280547bc5055ec76e8899efdee6587a23dc441abefa,0.003601764,0.00766044964113491,58c2e5a3f491a2f7f38b933e
followup1,17,,variable_elimination,,,,,,,,,,,5ac7dda4c0df4c8cb684b5c254cf23aad9dd1d74cf15b794749a2ee18cd28b84,0.000892895,0.07937761395326755,e94159f851b4cacad6d41624
followup1,17,,components,,,,,,,,,,,5ac7dda4c0df4c8cb684b5c254cf23aad9dd1d74cf15b794749a2ee18cd28b84,0.003587076,0.013254263752727499,e94159f851b4cacad6d41624
followup1,17,,variable_elimination,,,,,,,,,,,286c09e4d43cd21786fdfe0774ddda7af51334a093c26d95fe79e8684a2dccdb,0.000898906,0.0629927788148906,c5db944749cdb03d9c177b21
followup1,17,,components,,,,,,,,,,,286c09e4d43cd21786fdfe0774ddda7af51334a093c26d95fe79e8684a2dccdb,0.003611656,0.00690744381284786,c5db944749cdb03d9c177b21
followup1,17,,variable_elimination,,,,,,,,,,,e3d2de00e3d7c26118a73c10282fd2ccb48f3ca94fb706770804b52b61d43f55,0.000849887,0.06624237787843146,f0e1eb6ab2f3218cfeb6bd36
followup1,17,,components,,,,,,,,,,,e3d2de00e3d7c26118a73c10282fd2ccb48f3ca94fb706770804b52b61d43f55,0.003516304,0.01503402509260654,f0e1eb6ab2f3218cfeb6bd36
followup1,17,,variable_elimination,,,,,,,,,,,9ceafb241bf62f4fcc6f7569bf44ee54aad57e919e5c520132c4b2571ca7bac0,0.000918923,0.23373196325351167,a52e5f5cfc45200e7817a7e6
followup1,17,,components,,,,,,,,,,,9ceafb241bf62f4fcc6f7569bf44ee54aad57e919e5c520132c4b2571ca7bac0,0.000784091,0.012376120837519962,a52e5f5cfc45200e7817a7e6
followup1,17,,variable_elimination,,,,,,,,,,,9ceafb241bf62f4fcc6f7569bf44ee54aad57e919e5c520132c4b2571ca7bac0,0.000902264,0.09507464862036792,4282451f331982561ec61bf0
followup1,17,,components,,,,,,,,,,,9ceafb241bf62f4fcc6f7569bf44ee54aad57e919e5c520132c4b2571ca7bac0,0.000779615,0.016209080859777875,4282451f331982561ec61bf0
followup1,17,,variable_elimination,,,,,,,,,,,9ceafb241bf62f4fcc6f7569bf44ee54aad57e919e5c520132c4b2571ca7bac0,0.000903134,0.07175765464845177,8fe2c60be44527a469151fbb
followup1,17,,components,,,,,,,,,,,9ceafb241bf62f4fcc6f7569bf44ee54aad57e919e5c520132c4b2571ca7bac0,0.00077829,0.019814426422987932,8fe2c60be44527a469151fbb
followup1,17,,variable_elimination,,,,,,,,,,,9ceafb241bf62f4fcc6f7569bf44ee54aad57e919e5c520132c4b2571ca7bac0,0.00091959,0.06899257238613823,07003488bda0d088b851c28e
followup1,17,,components,,,,,,,,,,,9ceafb241bf62f4fcc6f7569bf44ee54aad57e919e5c520132c4b2571ca7bac0,0.000796046,0.23396544536760278,07003488bda0d088b851c28e
followup1,25,,variable_elimination,,,,,,,,,,,3137c794e1469e2571c02d0cc2330b3906f9e59330c17e6aa87bd3b3e8cddf6b,0.001329257,0.24506492817899916,8b9641f6399f4f5c1933b965
followup1,25,,conditional_components,,,,,,,,,,,3137c794e1469e2571c02d0cc2330b3906f9e59330c17e6aa87bd3b3e8cddf6b,0.017377406,0.01648926651540726,8b9641f6399f4f5c1933b965
followup1,25,,variable_elimination,,,,,,,,,,,3137c794e1469e2571c02d0cc2330b3906f9e59330c17e6aa87bd3b3e8cddf6b,0.001291177,0.048450666686451004,0305e5e8f3a743bc27068fd9
followup1,25,,conditional_components,,,,,,,,,,,3137c794e1469e2571c02d0cc2330b3906f9e59330c17e6aa87bd3b3e8cddf6b,0.017107098,0.006033009104166821,0305e5e8f3a743bc27068fd9
followup1,25,,variable_elimination,,,,,,,,,,,97a115b537353ea339e789c18043d6c81acd397d727526a98ae2f0a0be03c487,0.001376314,0.03839018299997055,503e34a3d408cc6d4f76e62f
followup1,25,,components,,,,,,,,,,,97a115b537353ea339e789c18043d6c81acd397d727526a98ae2f0a0be03c487,0.050001216,0.008342342659818702,503e34a3d408cc6d4f76e62f
followup1,25,,variable_elimination,,,,,,,,,,,d3d1a6e4aa81c824b2cd06b9ce8136fe0d5352b53f752af221f139edfbd78acc,0.001261713,0.05812050990894183,d3655914d994af91bde9ab74
followup1,25,,conditional_components,,,,,,,,,,,d3d1a6e4aa81c824b2cd06b9ce8136fe0d5352b53f752af221f139edfbd78acc,0.029556555,0.006004358307041794,d3655914d994af91bde9ab74
followup1,26,,variable_elimination,,,,,,,,,,,5c1f481efcd2e5ef031ee42dc399b47af34bccc3c1d44a884374b6f32cebc1ce,0.001343708,0.04527585852935635,2fc8c74d6e835f250bdd96a9
followup1,26,,conditional_components,,,,,,,,,,,5c1f481efcd2e5ef031ee42dc399b47af34bccc3c1d44a884374b6f32cebc1ce,0.017520447,0.0021620423588313577,2fc8c74d6e835f250bdd96a9
followup1,26,,variable_elimination,,,,,,,,,,,7afd65f32c544747aea25f4e78eca285659d3bb30aa76fb502db4c13acf55321,0.001439222,0.04529847504320898,f529666979bf8fb725b0cf82
followup1,26,,components,,,,,,,,,,,7afd65f32c544747aea25f4e78eca285659d3bb30aa76fb502db4c13acf55321,0.049647409,0.0011026178189772545,f529666979bf8fb725b0cf82
followup1,27,,variable_elimination,,,,,,,,,,,ec0d126867b132524b4c06bdb743a50be2f45fe2a7aa15e7bb180817838a0ee4,0.001529268,0.050398133594329105,f56d717f52bcccd1ba48e7b7
followup1,27,,conditional_components,,,,,,,,,,,ec0d126867b132524b4c06bdb743a50be2f45fe2a7aa15e7bb180817838a0ee4,0.016603416,0.008430524276364166,f56d717f52bcccd1ba48e7b7
followup1,27,,variable_elimination,,,,,,,,,,,b281dcfbfb3036b738585c5901e5f234f2c805c0e58d5174ead1f43b72dee98d,0.001654546,0.06457765421710798,111d78d1138e6edc83d43247
followup1,27,,components,,,,,,,,,,,b281dcfbfb3036b738585c5901e5f234f2c805c0e58d5174ead1f43b72dee98d,0.026579401,0.029362972639938947,111d78d1138e6edc83d43247
followup1,26,,variable_elimination,,,,,,,,,,,3c8568c4c68a048f0406f617d4524f680d067a75989a9c48be80539d2591422d,0.00132508,0.044278390707537446,99d47b6f91d36a5184dcfc81
followup1,26,,conditional_components,,,,,,,,,,,3c8568c4c68a048f0406f617d4524f680d067a75989a9c48be80539d2591422d,0.029699161,0.006821240793169737,99d47b6f91d36a5184dcfc81
followup1,20,,variable_elimination,,,,,,,,,,,0c47d800c3f599409f34d86e444faee59f9959509bd8f66ce287f2729be88813,0.000994212,0.04137731975471319,d602553623fa25853e7d337b
followup1,20,,components,,,,,,,,,,,0c47d800c3f599409f34d86e444faee59f9959509bd8f66ce287f2729be88813,0.024049406,0.02008334199514822,d602553623fa25853e7d337b
followup1,20,,variable_elimination,,,,,,,,,,,a9e014b6b819a955d0b58c693b6e70887a8910e9f6545586fd7ef2e4da399da1,0.001017346,0.08056337877036253,68c8e66b35fdf490906890b5
followup1,20,,components,,,,,,,,,,,a9e014b6b819a955d0b58c693b6e70887a8910e9f6545586fd7ef2e4da399da1,0.024089104,0.010860276224010548,68c8e66b35fdf490906890b5
followup1,20,,variable_elimination,,,,,,,,,,,eaf090c166d1f3a6f3b3a4eeff9a9f933aeae23975699470cdfab5ed5413a5bb,0.001001083,0.04951454211593303,532d9342ab518998a4a4199c
followup1,20,,components,,,,,,,,,,,eaf090c166d1f3a6f3b3a4eeff9a9f933aeae23975699470cdfab5ed5413a5bb,0.024077589,0.017691045087694035,532d9342ab518998a4a4199c
followup1,28,,variable_elimination,,,,,,,,,,,a31802a2fad196a7bc2489a011ebfa2a0008e96f63a0c105891f73a0854f402b,0.001543307,0.05102631721796365,2f6422176020697601f83cd7
followup1,28,,conditional_components,,,,,,,,,,,a31802a2fad196a7bc2489a011ebfa2a0008e96f63a0c105891f73a0854f402b,0.018015106,0.010631520528844375,2f6422176020697601f83cd7
followup1,28,,variable_elimination,,,,,,,,,,,27855bedb98378fd8c3c91ad30fee7fcab875ce9305a2e5a3971571117fc09d4,0.001696179,0.046898203902068156,d0e79f3aeb7e701de5873f54
followup1,28,,components,,,,,,,,,,,27855bedb98378fd8c3c91ad30fee7fcab875ce9305a2e5a3971571117fc09d4,0.025383373,0.04286922227215219,d0e79f3aeb7e701de5873f54
followup1,39,,variable_elimination,,,,,,,,,,,d8c6f44cedcd5356514fb10a5cd6aa9175951f99dedbef43b545712c6708b59e,0.002508672,0.034253401657610955,563780f1186e0f3860567fcb
followup1,39,,conditional_components,,,,,,,,,,,d8c6f44cedcd5356514fb10a5cd6aa9175951f99dedbef43b545712c6708b59e,0.124216406,0.011713561412428367,563780f1186e0f3860567fcb
followup1,22,,variable_elimination,,,,,,,,,,,a7ab730853c073b8b9b86c305c3d9df4e57299a342e8f16704bc480fc93cc657,0.001171019,0.04051134311791262,06b747235f0930b0f0ca5dcd
followup1,22,,components,,,,,,,,,,,a7ab730853c073b8b9b86c305c3d9df4e57299a342e8f16704bc480fc93cc657,0.099707027,0.005940980045798221,06b747235f0930b0f0ca5dcd
followup1,23,,variable_elimination,,,,,,,,,,,2f72e83236e5f16f27e6c09b3d413d1977927adba0695a79fa8448940f3dce5f,0.001212171,0.03962036563493118,9c1ee363c6ea47dc2b685eb4
followup1,23,,components,,,,,,,,,,,2f72e83236e5f16f27e6c09b3d413d1977927adba0695a79fa8448940f3dce5f,0.098914322,0.009183940665532398,9c1ee363c6ea47dc2b685eb4
followup1,27,,variable_elimination,,,,,,,,,,,38b2668cac22f94057b9a8ecab6853dfd7748569dcd22455dfe6054a1f1442f9,0.001600582,0.05814841145048721,2c584fcd1fd4ac046e69f6f2
followup1,27,,components,,,,,,,,,,,38b2668cac22f94057b9a8ecab6853dfd7748569dcd22455dfe6054a1f1442f9,0.098745078,0.014337498261553767,2c584fcd1fd4ac046e69f6f2
followup1,27,,variable_elimination,,,,,,,,,,,d089b79cf19197a091770735c662f33ba803d5365b877ee93375a87801f23863,0.0015277,0.04196999868279196,3bcef85c6eb56d68371f7515
followup1,27,,conditional_components,,,,,,,,,,,d089b79cf19197a091770735c662f33ba803d5365b877ee93375a87801f23863,0.201747619,0.004560230193802757,3bcef85c6eb56d68371f7515
followup1,27,,variable_elimination,,,,,,,,,,,850ffe5bfe569c3eab84ff2b0e6abcb1b863eb7518019ba3393130f460ff2843,0.001632213,0.08342948890552189,7c60abf182a390f2fb0830a7
followup1,27,,components,,,,,,,,,,,850ffe5bfe569c3eab84ff2b0e6abcb1b863eb7518019ba3393130f460ff2843,0.003945079,0.006650294569850878,7c60abf182a390f2fb0830a7
followup1,28,,variable_elimination,,,,,,,,,,,ad5560364e6eabce8f593d1ff2d5481d982d62a31d2d055ddf195bf727a59c32,0.001628682,0.05910686015514908,6cd1437c1717bec7dfedac44
followup1,28,,components,,,,,,,,,,,ad5560364e6eabce8f593d1ff2d5481d982d62a31d2d055ddf195bf727a59c32,0.101263546,0.013504707401870176,6cd1437c1717bec7dfedac44
followup1,28,,variable_elimination,,,,,,,,,,,166fb45996357bef92bc51bf081ada7a1760cacbd48dfa1b2d0a2f6107bbb0a5,0.001551814,0.028315844986978242,e1b47f37cc9e704595a6fa20
followup1,28,,conditional_components,,,,,,,,,,,166fb45996357bef92bc51bf081ada7a1760cacbd48dfa1b2d0a2f6107bbb0a5,0.203505709,0.01831911271378997,e1b47f37cc9e704595a6fa20
followup1,28,,variable_elimination,,,,,,,,,,,11e871d4ed23d7bcd5abd1bcfd2547db3b5abf0e31f088ad7372ea79a384d191,0.001676728,0.05706751663173746,422f7a0947b7a21d5cd07a49
followup1,28,,components,,,,,,,,,,,11e871d4ed23d7bcd5abd1bcfd2547db3b5abf0e31f088ad7372ea79a384d191,0.003978789,0.009650137795061697,422f7a0947b7a21d5cd07a49
followup1,24,,variable_elimination,,,,,,,,,,,ec6a78b749dd377ca2573fc288021b4ba5cae5798928187e1bb96eebe1d0868c,0.001270505,0.03656513630915216,eab748035b6080f2e215dd2f
followup1,24,,components,,,,,,,,,,,ec6a78b749dd377ca2573fc288021b4ba5cae5798928187e1bb96eebe1d0868c,0.098150096,0.0008082274718496491,eab748035b6080f2e215dd2f
followup1,29,,variable_elimination,,,,,,,,,,,783bbccc2240580f476accca549d2304a6c23fbf355985955500e40614f11f21,0.001629365,0.03928895179529129,6bd26aabf4476758980db781
followup1,29,,conditional_components,,,,,,,,,,,783bbccc2240580f476accca549d2304a6c23fbf355985955500e40614f11f21,0.010547416,0.0031401271877735657,6bd26aabf4476758980db781
followup1,12,,variable_elimination,,,,,,,,,,,6e5f6f5e7f67ee23a40693c9567a4b65a82aaec9d08cff580a481abdf0509dbe,0.000950939,0.2345168665151429,6163883387818bb959685886
followup1,12,,components,,,,,,,,,,,6e5f6f5e7f67ee23a40693c9567a4b65a82aaec9d08cff580a481abdf0509dbe,0.000787192,0.060460789446446436,6163883387818bb959685886
followup1,12,,variable_elimination,,,,,,,,,,,6e5f6f5e7f67ee23a40693c9567a4b65a82aaec9d08cff580a481abdf0509dbe,0.000681217,0.06943578222970637,c7b9e6924bb13551451698e3
followup1,12,,components,,,,,,,,,,,6e5f6f5e7f67ee23a40693c9567a4b65a82aaec9d08cff580a481abdf0509dbe,0.000576211,0.032682090260320686,c7b9e6924bb13551451698e3
followup1,12,,variable_elimination,,,,,,,,,,,6e5f6f5e7f67ee23a40693c9567a4b65a82aaec9d08cff580a481abdf0509dbe,0.000685327,0.11008740738620891,634cc44038efc29713db9270
followup1,12,,components,,,,,,,,,,,6e5f6f5e7f67ee23a40693c9567a4b65a82aaec9d08cff580a481abdf0509dbe,0.000586109,0.030382086057062142,634cc44038efc29713db9270
followup1,12,,variable_elimination,,,,,,,,,,,6e5f6f5e7f67ee23a40693c9567a4b65a82aaec9d08cff580a481abdf0509dbe,0.000684006,0.11239688896924024,2440dc48a8b0a2bbada54846
followup1,12,,components,,,,,,,,,,,6e5f6f5e7f67ee23a40693c9567a4b65a82aaec9d08cff580a481abdf0509dbe,0.000590939,0.03890004137762219,2440dc48a8b0a2bbada54846
followup1,29,,variable_elimination,,,,,,,,,,,51a814cf65be6212f163df90a880f430fefc6675ac8d1c5ec209bba2f5d65b5d,0.001671835,0.03938750115606116,b620283370c721415272f045
followup1,29,,conditional_components,,,,,,,,,,,51a814cf65be6212f163df90a880f430fefc6675ac8d1c5ec209bba2f5d65b5d,0.027565013,0.0039033199677864145,b620283370c721415272f045
followup1,12,,variable_elimination,,,,,,,,,,,46a034e388931898eb2dbf03feaf0d7937b6c5a4483a41420bd71dde28388719,0.000741822,0.06394579498116248,563218fb96dad9728c28877e
followup1,12,,components,,,,,,,,,,,46a034e388931898eb2dbf03feaf0d7937b6c5a4483a41420bd71dde28388719,0.000630069,0.03453528029370783,563218fb96dad9728c28877e
followup1,12,,variable_elimination,,,,,,,,,,,46a034e388931898eb2dbf03feaf0d7937b6c5a4483a41420bd71dde28388719,0.000728515,0.0599028663889042,9a1bf0c1cfd09bd70d520e1e
followup1,12,,components,,,,,,,,,,,46a034e388931898eb2dbf03feaf0d7937b6c5a4483a41420bd71dde28388719,0.000636243,0.02718211983552836,9a1bf0c1cfd09bd70d520e1e
followup1,12,,variable_elimination,,,,,,,,,,,46a034e388931898eb2dbf03feaf0d7937b6c5a4483a41420bd71dde28388719,0.000732715,0.06442136140686468,c5ea6de6ec38fecda1390fdb
followup1,12,,components,,,,,,,,,,,46a034e388931898eb2dbf03feaf0d7937b6c5a4483a41420bd71dde28388719,0.000647982,0.0973038774308595,c5ea6de6ec38fecda1390fdb
followup1,12,,variable_elimination,,,,,,,,,,,46a034e388931898eb2dbf03feaf0d7937b6c5a4483a41420bd71dde28388719,0.000763382,0.16697902993855054,2f810d2b2e56d33dc6e85837
followup1,12,,components,,,,,,,,,,,46a034e388931898eb2dbf03feaf0d7937b6c5a4483a41420bd71dde28388719,0.000678189,0.16025389140210816,2f810d2b2e56d33dc6e85837
followup1,12,,variable_elimination,,,,,,,,,,,3ef6e13e2254e7f0bfb51cb329be3d0cb5409a08bcfd4af5828d0e60777afa67,0.000649555,0.07988530352353092,6a85d49d7b7e2e760f89f908
followup1,12,,components,,,,,,,,,,,3ef6e13e2254e7f0bfb51cb329be3d0cb5409a08bcfd4af5828d0e60777afa67,0.000587353,0.04427791757068893,6a85d49d7b7e2e760f89f908
followup1,12,,variable_elimination,,,,,,,,,,,3ef6e13e2254e7f0bfb51cb329be3d0cb5409a08bcfd4af5828d0e60777afa67,0.000651356,0.07534212869219273,7521e1fc5cc7998dddc29bcf
followup1,12,,components,,,,,,,,,,,3ef6e13e2254e7f0bfb51cb329be3d0cb5409a08bcfd4af5828d0e60777afa67,0.000578419,0.03301084581853148,7521e1fc5cc7998dddc29bcf
followup1,12,,variable_elimination,,,,,,,,,,,3ef6e13e2254e7f0bfb51cb329be3d0cb5409a08bcfd4af5828d0e60777afa67,0.000647812,0.11184637914511258,23f38b1f65a32ec22c9664f0
followup1,12,,components,,,,,,,,,,,3ef6e13e2254e7f0bfb51cb329be3d0cb5409a08bcfd4af5828d0e60777afa67,0.000579494,0.0374638405779068,23f38b1f65a32ec22c9664f0
followup1,12,,variable_elimination,,,,,,,,,,,3ef6e13e2254e7f0bfb51cb329be3d0cb5409a08bcfd4af5828d0e60777afa67,0.000645858,0.09886321732313835,912d7764f90e9cd97281ca02
followup1,12,,components,,,,,,,,,,,3ef6e13e2254e7f0bfb51cb329be3d0cb5409a08bcfd4af5828d0e60777afa67,0.00059056,0.028686788733495967,912d7764f90e9cd97281ca02
followup1,12,,variable_elimination,,,,,,,,,,,b4b5f5bfc9c2b51804afc09b223a95a2d76a0a75928b596afd2e7020204c6c55,0.000692242,0.07776831838920921,9c577cf47c4b400d2e9e0521
followup1,12,,components,,,,,,,,,,,b4b5f5bfc9c2b51804afc09b223a95a2d76a0a75928b596afd2e7020204c6c55,0.000594508,0.035506674450017706,9c577cf47c4b400d2e9e0521
followup1,12,,variable_elimination,,,,,,,,,,,b4b5f5bfc9c2b51804afc09b223a95a2d76a0a75928b596afd2e7020204c6c55,0.000694398,0.06146287193473769,19ce7bf843c5af980d6af8b2
followup1,12,,components,,,,,,,,,,,b4b5f5bfc9c2b51804afc09b223a95a2d76a0a75928b596afd2e7020204c6c55,0.00060164,0.03142909387834564,19ce7bf843c5af980d6af8b2
followup1,12,,variable_elimination,,,,,,,,,,,b4b5f5bfc9c2b51804afc09b223a95a2d76a0a75928b596afd2e7020204c6c55,0.000685348,0.10350819861003382,227cdd490f14275de4c9933d
followup1,12,,components,,,,,,,,,,,b4b5f5bfc9c2b51804afc09b223a95a2d76a0a75928b596afd2e7020204c6c55,0.000609826,0.03653079362543941,227cdd490f14275de4c9933d
followup1,12,,variable_elimination,,,,,,,,,,,b4b5f5bfc9c2b51804afc09b223a95a2d76a0a75928b596afd2e7020204c6c55,0.000683512,0.10495253823163685,c043ce829228f6cd692fdb7d
followup1,12,,components,,,,,,,,,,,b4b5f5bfc9c2b51804afc09b223a95a2d76a0a75928b596afd2e7020204c6c55,0.000600822,0.02880670746237511,c043ce829228f6cd692fdb7d
followup1,12,,variable_elimination,,,,,,,,,,,98f7ecd6afcda8ad0bdfac18429d61149701a6a407b914b534cb027ef7b8a712,0.000697322,0.08844399307365648,bff7078b750e4e4b93ce4c41
followup1,12,,components,,,,,,,,,,,98f7ecd6afcda8ad0bdfac18429d61149701a6a407b914b534cb027ef7b8a712,0.0006014,0.04368892164519227,bff7078b750e4e4b93ce4c41
followup1,12,,variable_elimination,,,,,,,,,,,98f7ecd6afcda8ad0bdfac18429d61149701a6a407b914b534cb027ef7b8a712,0.000687511,0.06879665492133477,c5628f62976b76f8efce4c9b
followup1,12,,components,,,,,,,,,,,98f7ecd6afcda8ad0bdfac18429d61149701a6a407b914b534cb027ef7b8a712,0.000598912,0.028362124211721382,c5628f62976b76f8efce4c9b
followup1,12,,variable_elimination,,,,,,,,,,,98f7ecd6afcda8ad0bdfac18429d61149701a6a407b914b534cb027ef7b8a712,0.00070959,0.1002987951781108,6be02457e3c7dd701eec2340
followup1,12,,components,,,,,,,,,,,98f7ecd6afcda8ad0bdfac18429d61149701a6a407b914b534cb027ef7b8a712,0.000603272,0.024919955179453,6be02457e3c7dd701eec2340
followup1,12,,variable_elimination,,,,,,,,,,,98f7ecd6afcda8ad0bdfac18429d61149701a6a407b914b534cb027ef7b8a712,0.000688096,0.10633042735109001,d793c15b7cf65daf6e6a88c1
followup1,12,,components,,,,,,,,,,,98f7ecd6afcda8ad0bdfac18429d61149701a6a407b914b534cb027ef7b8a712,0.00059718,0.025434322443099407,d793c15b7cf65daf6e6a88c1
followup1,12,,variable_elimination,,,,,,,,,,,727c82b708ae6804368dc4425d72d11fb77ef1b345662d6fe54edc119c0ebeaf,0.000707216,0.07904244473936865,753e7453869712be2a78aa7d
followup1,12,,components,,,,,,,,,,,727c82b708ae6804368dc4425d72d11fb77ef1b345662d6fe54edc119c0ebeaf,0.000605158,0.030873697417909393,753e7453869712be2a78aa7d
followup1,12,,variable_elimination,,,,,,,,,,,727c82b708ae6804368dc4425d72d11fb77ef1b345662d6fe54edc119c0ebeaf,0.000904389,0.2986757761438741,38fc5ca2481d2bc98d0d4e7a
followup1,12,,components,,,,,,,,,,,727c82b708ae6804368dc4425d72d11fb77ef1b345662d6fe54edc119c0ebeaf,0.000748315,0.1524659695652335,38fc5ca2481d2bc98d0d4e7a
followup1,12,,variable_elimination,,,,,,,,,,,727c82b708ae6804368dc4425d72d11fb77ef1b345662d6fe54edc119c0ebeaf,0.000665992,0.10399636754794081,66fe79d39475c4a8d8f2b5ab
followup1,12,,components,,,,,,,,,,,727c82b708ae6804368dc4425d72d11fb77ef1b345662d6fe54edc119c0ebeaf,0.000585615,0.03562969808640241,66fe79d39475c4a8d8f2b5ab
followup1,12,,variable_elimination,,,,,,,,,,,727c82b708ae6804368dc4425d72d11fb77ef1b345662d6fe54edc119c0ebeaf,0.000664687,0.10404856028856217,b77a35156a43577c50117855
followup1,12,,components,,,,,,,,,,,727c82b708ae6804368dc4425d72d11fb77ef1b345662d6fe54edc119c0ebeaf,0.000591782,0.020105431723491166,b77a35156a43577c50117855
followup1,12,,variable_elimination,,,,,,,,,,,64df4d33d5c3a0ed92c7a2d2358110f6e68c1b7a9544596c4c3006638493ce1c,0.000682132,0.08651989233872404,79b5f20138081ed5b5b142e6
followup1,12,,components,,,,,,,,,,,64df4d33d5c3a0ed92c7a2d2358110f6e68c1b7a9544596c4c3006638493ce1c,0.000584586,0.04293308029032927,79b5f20138081ed5b5b142e6
followup1,12,,variable_elimination,,,,,,,,,,,64df4d33d5c3a0ed92c7a2d2358110f6e68c1b7a9544596c4c3006638493ce1c,0.001012681,0.042795722164685454,ff4f7ef358a65e2170892ee7
followup1,12,,components,,,,,,,,,,,64df4d33d5c3a0ed92c7a2d2358110f6e68c1b7a9544596c4c3006638493ce1c,0.000786139,0.10894988513721994,ff4f7ef358a65e2170892ee7
followup1,12,,variable_elimination,,,,,,,,,,,08395ee8b5f54c9f8823f1f367b9cb6b2fa41d9555aa5bdebf963231567f19ad,0.000680425,0.08322613794956525,0da31eae356c8865fab30f33
followup1,12,,components,,,,,,,,,,,08395ee8b5f54c9f8823f1f367b9cb6b2fa41d9555aa5bdebf963231567f19ad,0.00059306,0.04130767728935233,0da31eae356c8865fab30f33
followup1,12,,variable_elimination,,,,,,,,,,,08395ee8b5f54c9f8823f1f367b9cb6b2fa41d9555aa5bdebf963231567f19ad,0.000667641,0.30764938040978224,81362a56fad69eb7aeaf55af
followup1,12,,components,,,,,,,,,,,08395ee8b5f54c9f8823f1f367b9cb6b2fa41d9555aa5bdebf963231567f19ad,0.000601818,0.028227415413283982,81362a56fad69eb7aeaf55af
followup1,12,,variable_elimination,,,,,,,,,,,08395ee8b5f54c9f8823f1f367b9cb6b2fa41d9555aa5bdebf963231567f19ad,0.000661396,0.11825011342137837,3b5f3704fbfcf3029527bfce
followup1,12,,components,,,,,,,,,,,08395ee8b5f54c9f8823f1f367b9cb6b2fa41d9555aa5bdebf963231567f19ad,0.000596861,0.02982367983501047,3b5f3704fbfcf3029527bfce
followup1,12,,variable_elimination,,,,,,,,,,,08395ee8b5f54c9f8823f1f367b9cb6b2fa41d9555aa5bdebf963231567f19ad,0.000660084,0.10555940343831197,e193e4fee227f74d203b710c
followup1,12,,components,,,,,,,,,,,08395ee8b5f54c9f8823f1f367b9cb6b2fa41d9555aa5bdebf963231567f19ad,0.000594605,0.02379583502719635,e193e4fee227f74d203b710c
followup1,12,,variable_elimination,,,,,,,,,,,bd8d5f2fd3114bfcde750fb1a6e17e8dc9fbc1bb7d07f10ae726e9b4a77f2789,0.000706089,0.0748087727590194,984bb3ed4c13cff8e35d7b84
followup1,12,,components,,,,,,,,,,,bd8d5f2fd3114bfcde750fb1a6e17e8dc9fbc1bb7d07f10ae726e9b4a77f2789,0.000657625,0.10936824123493115,984bb3ed4c13cff8e35d7b84
followup1,12,,variable_elimination,,,,,,,,,,,bd8d5f2fd3114bfcde750fb1a6e17e8dc9fbc1bb7d07f10ae726e9b4a77f2789,0.000683768,0.06648377658050579,687d4d68f6e8e7b2d3eb190e
followup1,12,,components,,,,,,,,,,,bd8d5f2fd3114bfcde750fb1a6e17e8dc9fbc1bb7d07f10ae726e9b4a77f2789,0.000609143,0.026156912321261837,687d4d68f6e8e7b2d3eb190e
followup1,12,,variable_elimination,,,,,,,,,,,bd8d5f2fd3114bfcde750fb1a6e17e8dc9fbc1bb7d07f10ae726e9b4a77f2789,0.000696536,0.11542758177600487,ae9b7b224810fa2ae459b3bb
followup1,12,,components,,,,,,,,,,,bd8d5f2fd3114bfcde750fb1a6e17e8dc9fbc1bb7d07f10ae726e9b4a77f2789,0.00062307,0.03401883714354765,ae9b7b224810fa2ae459b3bb
followup1,12,,variable_elimination,,,,,,,,,,,bd8d5f2fd3114bfcde750fb1a6e17e8dc9fbc1bb7d07f10ae726e9b4a77f2789,0.000694059,0.1043684147920691,3d9996553f14088478ad4bf6
followup1,12,,components,,,,,,,,,,,bd8d5f2fd3114bfcde750fb1a6e17e8dc9fbc1bb7d07f10ae726e9b4a77f2789,0.000614711,0.10395446770321594,3d9996553f14088478ad4bf6
followup1,12,,variable_elimination,,,,,,,,,,,4e0722b1e4d6f194370ee810433e8fedf05d1e88cb81f36cb788ecb5c0e984d5,0.000691036,0.08890274810246357,61978d1f4cc2a4f2b8687f29
followup1,12,,components,,,,,,,,,,,4e0722b1e4d6f194370ee810433e8fedf05d1e88cb81f36cb788ecb5c0e984d5,0.000614764,0.03580739045520968,61978d1f4cc2a4f2b8687f29
followup1,12,,variable_elimination,,,,,,,,,,,4e0722b1e4d6f194370ee810433e8fedf05d1e88cb81f36cb788ecb5c0e984d5,0.000660404,0.06767777682743573,dafe77d03dcce3c785931379
followup1,12,,components,,,,,,,,,,,4e0722b1e4d6f194370ee810433e8fedf05d1e88cb81f36cb788ecb5c0e984d5,0.000602145,0.022878090711192064,dafe77d03dcce3c785931379
followup1,12,,variable_elimination,,,,,,,,,,,4e0722b1e4d6f194370ee810433e8fedf05d1e88cb81f36cb788ecb5c0e984d5,0.000887702,0.25839910490531187,6b5744694529bc2e83116e66
followup1,12,,components,,,,,,,,,,,4e0722b1e4d6f194370ee810433e8fedf05d1e88cb81f36cb788ecb5c0e984d5,0.000687807,0.14113193585509298,6b5744694529bc2e83116e66
followup1,12,,variable_elimination,,,,,,,,,,,4e0722b1e4d6f194370ee810433e8fedf05d1e88cb81f36cb788ecb5c0e984d5,0.000675671,0.09153807936766979,5fa2dddbf5fa6634a507909b
followup1,12,,components,,,,,,,,,,,4e0722b1e4d6f194370ee810433e8fedf05d1e88cb81f36cb788ecb5c0e984d5,0.000607625,0.03902348590157228,5fa2dddbf5fa6634a507909b
followup1,22,,variable_elimination,,,,,,,,,,,79be2ee7d4e762f958e837832bd363f376f52854676779d3ef00f4b47d27762d,0.001156644,0.058828652022166056,5868a60fe83e4edc73ddf4c4
followup1,22,,components,,,,,,,,,,,79be2ee7d4e762f958e837832bd363f376f52854676779d3ef00f4b47d27762d,0.025202322,0.00690571776287603,5868a60fe83e4edc73ddf4c4
followup1,13,,variable_elimination,,,,,,,,,,,0fdc08f90b6a45e00266f47cea6027a4bc7d78bf26e89178d3c0730f0fb69ffe,0.001008734,0.23468768046958471,afe410f9c28c12d42aba6c6f
followup1,13,,components,,,,,,,,,,,0fdc08f90b6a45e00266f47cea6027a4bc7d78bf26e89178d3c0730f0fb69ffe,0.000779371,0.08371805426270557,afe410f9c28c12d42aba6c6f
followup1,13,,variable_elimination,,,,,,,,,,,0fdc08f90b6a45e00266f47cea6027a4bc7d78bf26e89178d3c0730f0fb69ffe,0.000712134,0.06287064009460044,b8bb2c9eece03963317b0c6e
followup1,13,,components,,,,,,,,,,,0fdc08f90b6a45e00266f47cea6027a4bc7d78bf26e89178d3c0730f0fb69ffe,0.000617266,0.03356637559938461,b8bb2c9eece03963317b0c6e
followup1,13,,variable_elimination,,,,,,,,,,,0fdc08f90b6a45e00266f47cea6027a4bc7d78bf26e89178d3c0730f0fb69ffe,0.000707754,0.12496188989179441,ffb45001dd804420495f570e
followup1,13,,components,,,,,,,,,,,0fdc08f90b6a45e00266f47cea6027a4bc7d78bf26e89178d3c0730f0fb69ffe,0.000601141,0.03384229097271234,ffb45001dd804420495f570e
followup1,13,,variable_elimination,,,,,,,,,,,0fdc08f90b6a45e00266f47cea6027a4bc7d78bf26e89178d3c0730f0fb69ffe,0.000703531,0.10497350484707567,b919fe6a04a7fd1f675426e8
followup1,13,,components,,,,,,,,,,,0fdc08f90b6a45e00266f47cea6027a4bc7d78bf26e89178d3c0730f0fb69ffe,0.000604779,0.029198091121406537,b919fe6a04a7fd1f675426e8
followup1,23,,variable_elimination,,,,,,,,,,,2aee72de489d154b1b435458c35da42e2b8ba8c1c4028c1c8f394613ee03672d,0.00118094,0.052464569667185955,cbe05bff5096f156e8ca2ddb
followup1,23,,components,,,,,,,,,,,2aee72de489d154b1b435458c35da42e2b8ba8c1c4028c1c8f394613ee03672d,0.025044278,0.0024074058900726393,cbe05bff5096f156e8ca2ddb
followup1,13,,variable_elimination,,,,,,,,,,,cd9d3c2916b048d1b4697b87fe612bf3ecfec82f4d4012ab595a720963dda2c1,0.00075139,0.0705850669350677,03ae37daf094f8f70b8b461f
followup1,13,,components,,,,,,,,,,,cd9d3c2916b048d1b4697b87fe612bf3ecfec82f4d4012ab595a720963dda2c1,0.000641362,0.03682826106291017,03ae37daf094f8f70b8b461f
followup1,13,,variable_elimination,,,,,,,,,,,cd9d3c2916b048d1b4697b87fe612bf3ecfec82f4d4012ab595a720963dda2c1,0.000756479,0.058289523025003995,d74f5c77c0c60669f14707d4
followup1,13,,components,,,,,,,,,,,cd9d3c2916b048d1b4697b87fe612bf3ecfec82f4d4012ab595a720963dda2c1,0.000662583,0.031677015645956076,d74f5c77c0c60669f14707d4
followup1,13,,variable_elimination,,,,,,,,,,,cd9d3c2916b048d1b4697b87fe612bf3ecfec82f4d4012ab595a720963dda2c1,0.000741984,0.050098225384310836,83ce82f46bbf0300924e3a3e
followup1,13,,components,,,,,,,,,,,cd9d3c2916b048d1b4697b87fe612bf3ecfec82f4d4012ab595a720963dda2c1,0.000674992,0.09427365399471119,83ce82f46bbf0300924e3a3e
followup1,13,,variable_elimination,,,,,,,,,,,cd9d3c2916b048d1b4697b87fe612bf3ecfec82f4d4012ab595a720963dda2c1,0.000746753,0.05928289139751928,bee3bac2a3d6ecd3d94ac9f0
followup1,13,,components,,,,,,,,,,,cd9d3c2916b048d1b4697b87fe612bf3ecfec82f4d4012ab595a720963dda2c1,0.000663105,0.08888931197272192,bee3bac2a3d6ecd3d94ac9f0
followup1,13,,variable_elimination,,,,,,,,,,,d9eb6c628871145f4fed0313f04408a796def3ae18a3fa706f4d94a17afbfeb7,0.000667918,0.08682624543059086,7734a58feabecd5a2b75ea64
followup1,13,,components,,,,,,,,,,,d9eb6c628871145f4fed0313f04408a796def3ae18a3fa706f4d94a17afbfeb7,0.000610701,0.03838117937129141,7734a58feabecd5a2b75ea64
followup1,13,,variable_elimination,,,,,,,,,,,d9eb6c628871145f4fed0313f04408a796def3ae18a3fa706f4d94a17afbfeb7,0.000658274,0.07076098897165138,a9695e804e591a06412786d4
followup1,13,,components,,,,,,,,,,,d9eb6c628871145f4fed0313f04408a796def3ae18a3fa706f4d94a17afbfeb7,0.000594675,0.03454144777057588,a9695e804e591a06412786d4
followup1,13,,variable_elimination,,,,,,,,,,,d9eb6c628871145f4fed0313f04408a796def3ae18a3fa706f4d94a17afbfeb7,0.000675733,0.11062671597087376,58de4d3e67276f1eb034c415
followup1,13,,components,,,,,,,,,,,d9eb6c628871145f4fed0313f04408a796def3ae18a3fa706f4d94a17afbfeb7,0.000602239,0.03195798989152,58de4d3e67276f1eb034c415
followup1,13,,variable_elimination,,,,,,,,,,,d9eb6c628871145f4fed0313f04408a796def3ae18a3fa706f4d94a17afbfeb7,0.000669488,0.10320363174904573,6c506323710d92ba5b1f02cc
followup1,13,,components,,,,,,,,,,,d9eb6c628871145f4fed0313f04408a796def3ae18a3fa706f4d94a17afbfeb7,0.000604203,0.03437951590424996,6c506323710d92ba5b1f02cc
followup1,13,,variable_elimination,,,,,,,,,,,6f0cbcdc4bac94335442d709d87fd01d58c8d2317e687b5a0af8cc8493a15e63,0.000719708,0.1280043053187658,eda43ec5cf6c9578791e8652
followup1,13,,components,,,,,,,,,,,6f0cbcdc4bac94335442d709d87fd01d58c8d2317e687b5a0af8cc8493a15e63,0.00068529,0.04223758832130452,eda43ec5cf6c9578791e8652
followup1,13,,variable_elimination,,,,,,,,,,,6f0cbcdc4bac94335442d709d87fd01d58c8d2317e687b5a0af8cc8493a15e63,0.00094298,0.1527628388481391,036943766009e8fa34a070aa
followup1,13,,components,,,,,,,,,,,6f0cbcdc4bac94335442d709d87fd01d58c8d2317e687b5a0af8cc8493a15e63,0.000805722,0.13926972715876954,036943766009e8fa34a070aa
followup1,13,,variable_elimination,,,,,,,,,,,6f0cbcdc4bac94335442d709d87fd01d58c8d2317e687b5a0af8cc8493a15e63,0.000725046,0.10496540965061986,631bc5ba5fcb42c9c2775b6f
followup1,13,,components,,,,,,,,,,,6f0cbcdc4bac94335442d709d87fd01d58c8d2317e687b5a0af8cc8493a15e63,0.00062617,0.018097829542397557,631bc5ba5fcb42c9c2775b6f
followup1,13,,variable_elimination,,,,,,,,,,,6f0cbcdc4bac94335442d709d87fd01d58c8d2317e687b5a0af8cc8493a15e63,0.00074202,0.2427183915260551,3d3b22ad28eb0446afeb53d4
followup1,13,,components,,,,,,,,,,,6f0cbcdc4bac94335442d709d87fd01d58c8d2317e687b5a0af8cc8493a15e63,0.00067279,0.13020273062678642,3d3b22ad28eb0446afeb53d4
followup1,13,,variable_elimination,,,,,,,,,,,bb77a2d423876ecb2d1765dbe3359dacbe1ffcc744cd755300949ad3172819d1,0.000711829,0.0848622588769783,d4e21bcfee0625de82714e70
followup1,13,,components,,,,,,,,,,,bb77a2d423876ecb2d1765dbe3359dacbe1ffcc744cd755300949ad3172819d1,0.000614549,0.0363448659852212,d4e21bcfee0625de82714e70
followup1,13,,variable_elimination,,,,,,,,,,,bb77a2d423876ecb2d1765dbe3359dacbe1ffcc744cd755300949ad3172819d1,0.000712366,0.06838031797942075,e7c5abb46e0d144ba2dc2083
followup1,13,,components,,,,,,,,,,,bb77a2d423876ecb2d1765dbe3359dacbe1ffcc744cd755300949ad3172819d1,0.000621772,0.0584494124409066,e7c5abb46e0d144ba2dc2083
followup1,13,,variable_elimination,,,,,,,,,,,bb77a2d423876ecb2d1765dbe3359dacbe1ffcc744cd755300949ad3172819d1,0.000714928,0.10489358245069923,2563cd72531822cc5c9de2f0
followup1,13,,components,,,,,,,,,,,bb77a2d423876ecb2d1765dbe3359dacbe1ffcc744cd755300949ad3172819d1,0.000615369,0.03273054573182295,2563cd72531822cc5c9de2f0
followup1,13,,variable_elimination,,,,,,,,,,,bb77a2d423876ecb2d1765dbe3359dacbe1ffcc744cd755300949ad3172819d1,0.000705271,0.0850848325616807,4b6f6554d997651e31247612
followup1,13,,components,,,,,,,,,,,bb77a2d423876ecb2d1765dbe3359dacbe1ffcc744cd755300949ad3172819d1,0.000610326,0.03345675170224968,4b6f6554d997651e31247612
followup1,13,,variable_elimination,,,,,,,,,,,b3fe0c354df7fbfbe248f890d4e56fb88ceb772670e52462210935fede34fbc2,0.000699472,0.0936444085607595,d966f5c3429bdbf69ede361a
followup1,13,,components,,,,,,,,,,,b3fe0c354df7fbfbe248f890d4e56fb88ceb772670e52462210935fede34fbc2,0.000620777,0.05659348234665976,d966f5c3429bdbf69ede361a
followup1,13,,variable_elimination,,,,,,,,,,,b3fe0c354df7fbfbe248f890d4e56fb88ceb772670e52462210935fede34fbc2,0.000686381,0.0679343611660986,f0f4df11d813f84658bfc1c4
followup1,13,,components,,,,,,,,,,,b3fe0c354df7fbfbe248f890d4e56fb88ceb772670e52462210935fede34fbc2,0.0006052,0.02686952721263515,f0f4df11d813f84658bfc1c4
followup1,13,,variable_elimination,,,,,,,,,,,b3fe0c354df7fbfbe248f890d4e56fb88ceb772670e52462210935fede34fbc2,0.000696055,0.11263177817434639,ecc7fba1f0515ccd9877ad0f
followup1,13,,components,,,,,,,,,,,b3fe0c354df7fbfbe248f890d4e56fb88ceb772670e52462210935fede34fbc2,0.000611656,0.025690691714339294,ecc7fba1f0515ccd9877ad0f
followup1,13,,variable_elimination,,,,,,,,,,,b3fe0c354df7fbfbe248f890d4e56fb88ceb772670e52462210935fede34fbc2,0.000690296,0.10058650228878567,6fbbd94df15dd9ee4a5fd349
followup1,13,,components,,,,,,,,,,,b3fe0c354df7fbfbe248f890d4e56fb88ceb772670e52462210935fede34fbc2,0.000608692,0.02756925022218975,6fbbd94df15dd9ee4a5fd349
followup1,13,,variable_elimination,,,,,,,,,,,52cba940fdb68bd81829f7aabe0b11eedd1a1a065042ae7d3221f7972e60213b,0.000698482,0.08753683462602715,950f3bd06ec9d37b129ea213
followup1,13,,components,,,,,,,,,,,52cba940fdb68bd81829f7aabe0b11eedd1a1a065042ae7d3221f7972e60213b,0.000606049,0.03437537395297549,950f3bd06ec9d37b129ea213
followup1,13,,variable_elimination,,,,,,,,,,,52cba940fdb68bd81829f7aabe0b11eedd1a1a065042ae7d3221f7972e60213b,0.000697863,0.06945248388775502,a0288d64cd7af1d1bfce69aa
followup1,13,,components,,,,,,,,,,,52cba940fdb68bd81829f7aabe0b11eedd1a1a065042ae7d3221f7972e60213b,0.000589302,0.036268187920362426,a0288d64cd7af1d1bfce69aa
followup1,13,,variable_elimination,,,,,,,,,,,52cba940fdb68bd81829f7aabe0b11eedd1a1a065042ae7d3221f7972e60213b,0.000708399,0.1035797319824409,289afffe576f44688a2d0167
followup1,13,,components,,,,,,,,,,,52cba940fdb68bd81829f7aabe0b11eedd1a1a065042ae7d3221f7972e60213b,0.000599272,0.02978280681514164,289afffe576f44688a2d0167
followup1,13,,variable_elimination,,,,,,,,,,,52cba940fdb68bd81829f7aabe0b11eedd1a1a065042ae7d3221f7972e60213b,0.000703016,0.0985737325367071,e8a966844d6921f95c3e6738
followup1,13,,components,,,,,,,,,,,52cba940fdb68bd81829f7aabe0b11eedd1a1a065042ae7d3221f7972e60213b,0.000605764,0.03569349408609762,e8a966844d6921f95c3e6738
followup1,13,,variable_elimination,,,,,,,,,,,224e750a0ddbbd3862b3a662993038aff7f39a379732c1311fe07de2a9200ff9,0.00070398,0.0822385561622983,b0613479dd2a48b04631ce78
followup1,13,,components,,,,,,,,,,,224e750a0ddbbd3862b3a662993038aff7f39a379732c1311fe07de2a9200ff9,0.000623133,0.05854281026115381,b0613479dd2a48b04631ce78
followup1,13,,variable_elimination,,,,,,,,,,,224e750a0ddbbd3862b3a662993038aff7f39a379732c1311fe07de2a9200ff9,0.000677725,0.07974626414496595,e232358dc6bb02393aa34682
followup1,13,,components,,,,,,,,,,,224e750a0ddbbd3862b3a662993038aff7f39a379732c1311fe07de2a9200ff9,0.00061872,0.03367899703111075,e232358dc6bb02393aa34682
followup1,13,,variable_elimination,,,,,,,,,,,224e750a0ddbbd3862b3a662993038aff7f39a379732c1311fe07de2a9200ff9,0.000687988,0.11902041977947635,bf4738ea158755dd7c47cee4
followup1,13,,components,,,,,,,,,,,224e750a0ddbbd3862b3a662993038aff7f39a379732c1311fe07de2a9200ff9,0.000619541,0.03116545726757667,bf4738ea158755dd7c47cee4
followup1,13,,variable_elimination,,,,,,,,,,,224e750a0ddbbd3862b3a662993038aff7f39a379732c1311fe07de2a9200ff9,0.000692192,0.0966588901983823,bb2356198fba376def0aaa20
followup1,13,,components,,,,,,,,,,,224e750a0ddbbd3862b3a662993038aff7f39a379732c1311fe07de2a9200ff9,0.000623732,0.025694301551835556,bb2356198fba376def0aaa20
followup1,13,,variable_elimination,,,,,,,,,,,617873868afd867ce519b56b6d57a723871e76f20167e63d28af186c3794af1f,0.000718465,0.09191257200630497,698e835c9f1f5e61ec9a9a72
followup1,13,,components,,,,,,,,,,,617873868afd867ce519b56b6d57a723871e76f20167e63d28af186c3794af1f,0.000629861,0.028942153564581213,698e835c9f1f5e61ec9a9a72
followup1,13,,variable_elimination,,,,,,,,,,,617873868afd867ce519b56b6d57a723871e76f20167e63d28af186c3794af1f,0.000706979,0.0602487011282669,6bd011dc059143467e7fbf2a
followup1,13,,components,,,,,,,,,,,617873868afd867ce519b56b6d57a723871e76f20167e63d28af186c3794af1f,0.000626101,0.02246213501348476,6bd011dc059143467e7fbf2a
followup1,13,,variable_elimination,,,,,,,,,,,617873868afd867ce519b56b6d57a723871e76f20167e63d28af186c3794af1f,0.000701991,0.10085449336712807,6a80f0daa2bedb9c8024ab4e
followup1,13,,components,,,,,,,,,,,617873868afd867ce519b56b6d57a723871e76f20167e63d28af186c3794af1f,0.000628301,0.030730756893367784,6a80f0daa2bedb9c8024ab4e
followup1,13,,variable_elimination,,,,,,,,,,,617873868afd867ce519b56b6d57a723871e76f20167e63d28af186c3794af1f,0.000716143,0.09690528150486778,75ee9f69cc323edc05eb4b0a
followup1,13,,components,,,,,,,,,,,617873868afd867ce519b56b6d57a723871e76f20167e63d28af186c3794af1f,0.00062291,0.03317402708288216,75ee9f69cc323edc05eb4b0a
followup1,24,,variable_elimination,,,,,,,,,,,b5888d3ba6e830c848c61347ebd54190896d61a7d55878965f7bd25b5b783c98,0.001266198,0.04418073139060823,d715843e7bede90629d4b864
followup1,24,,components,,,,,,,,,,,b5888d3ba6e830c848c61347ebd54190896d61a7d55878965f7bd25b5b783c98,0.025521007,0.00948769577458953,d715843e7bede90629d4b864
followup1,13,,variable_elimination,,,,,,,,,,,5939e9619d3e14b2de0c98509ddc6175b235c0f68f3b081177f46a9fce74087a,0.000715461,0.11208077414149015,8c53963f59f7096f0248cf83
followup1,13,,components,,,,,,,,,,,5939e9619d3e14b2de0c98509ddc6175b235c0f68f3b081177f46a9fce74087a,0.000622376,0.20177369248827948,8c53963f59f7096f0248cf83
followup1,13,,variable_elimination,,,,,,,,,,,5939e9619d3e14b2de0c98509ddc6175b235c0f68f3b081177f46a9fce74087a,0.000679797,0.07526735945650312,a448d2d94427ca522d8bc7aa
followup1,13,,components,,,,,,,,,,,5939e9619d3e14b2de0c98509ddc6175b235c0f68f3b081177f46a9fce74087a,0.00061698,0.02927235130833298,a448d2d94427ca522d8bc7aa
followup1,13,,variable_elimination,,,,,,,,,,,5939e9619d3e14b2de0c98509ddc6175b235c0f68f3b081177f46a9fce74087a,0.000693356,0.11204534835505497,57ed659dc12d2332ce61299f
followup1,13,,components,,,,,,,,,,,5939e9619d3e14b2de0c98509ddc6175b235c0f68f3b081177f46a9fce74087a,0.000625368,0.02428303175867553,57ed659dc12d2332ce61299f
followup1,13,,variable_elimination,,,,,,,,,,,5939e9619d3e14b2de0c98509ddc6175b235c0f68f3b081177f46a9fce74087a,0.000706048,0.09240567724607414,8042226944545855fbb7b083
followup1,13,,components,,,,,,,,,,,5939e9619d3e14b2de0c98509ddc6175b235c0f68f3b081177f46a9fce74087a,0.000625405,0.024046793830625544,8042226944545855fbb7b083
followup1,22,,variable_elimination,,,,,,,,,,,168bb5f3d9af6cd80fd8f5a707db2333f7f14a61420f50ffb3b2550fd5255895,0.001163101,0.0429185901457931,df8fec365dde83f22d58319e
followup1,22,,components,,,,,,,,,,,168bb5f3d9af6cd80fd8f5a707db2333f7f14a61420f50ffb3b2550fd5255895,0.098254443,0.014493227567838813,df8fec365dde83f22d58319e
followup1,22,,variable_elimination,,,,,,,,,,,f2a473504d1e4ddc7cd65ba2cacab2c8af188bca0d3cc37068c1b7da8e6265c2,0.001180394,0.04371207526651377,772f0fab7b4591edf41e1203
followup1,22,,components,,,,,,,,,,,f2a473504d1e4ddc7cd65ba2cacab2c8af188bca0d3cc37068c1b7da8e6265c2,0.099022782,0.01519973158576878,772f0fab7b4591edf41e1203
followup1,22,,variable_elimination,,,,,,,,,,,42ad7491f3c03d80bcabaf27b316415bc763a67aca0484959748c118858a833e,0.001140833,0.053394423598819435,888b884dc5fb66723c272fa7
followup1,22,,components,,,,,,,,,,,42ad7491f3c03d80bcabaf27b316415bc763a67aca0484959748c118858a833e,0.025103738,0.003000929074234419,888b884dc5fb66723c272fa7
followup1,29,,variable_elimination,,,,,,,,,,,b0d854f89a99bce36b3152ec3b2e2fd56a7cb4e1fa9473f6b9850ce145d3256e,0.001759221,0.04162324711182939,d0e9b4be1d8fda0dc66df7bf
followup1,29,,conditional_components,,,,,,,,,,,b0d854f89a99bce36b3152ec3b2e2fd56a7cb4e1fa9473f6b9850ce145d3256e,0.206778873,0.002410708281161982,d0e9b4be1d8fda0dc66df7bf
followup1,16,,variable_elimination,,,,,,,,,,,8d52077e87d5a95d218849e0d77b34b2a18aad250248f06860d3420b96ab95fc,0.00083565,0.2007442341659734,7d8711f8b622ad479f6bac87
followup1,16,,components,,,,,,,,,,,8d52077e87d5a95d218849e0d77b34b2a18aad250248f06860d3420b96ab95fc,0.003466563,0.016518513009944297,7d8711f8b622ad479f6bac87
followup1,16,,variable_elimination,,,,,,,,,,,8d52077e87d5a95d218849e0d77b34b2a18aad250248f06860d3420b96ab95fc,0.000843689,0.05338387979652253,03890b702571b14a8f65d8f0
followup1,16,,components,,,,,,,,,,,8d52077e87d5a95d218849e0d77b34b2a18aad250248f06860d3420b96ab95fc,0.003473785,0.03458356341524078,03890b702571b14a8f65d8f0
followup1,16,,variable_elimination,,,,,,,,,,,b1c6487fa835d1ac126877c3cb15e8145c5dd8bedca313b646addd9ab71dc8ae,0.000822903,0.06460035193789092,2b2ce73e61d0b5ddb6b9f663
followup1,16,,components,,,,,,,,,,,b1c6487fa835d1ac126877c3cb15e8145c5dd8bedca313b646addd9ab71dc8ae,0.003466305,0.007680296272112855,2b2ce73e61d0b5ddb6b9f663
followup1,16,,variable_elimination,,,,,,,,,,,2ce0bb571a5d8aee32545369a97a00012cf54dc0cf621065a6dceb45dae9c535,0.000833712,0.08105642309125928,af1c0596ec4b60b602e39096
followup1,16,,components,,,,,,,,,,,2ce0bb571a5d8aee32545369a97a00012cf54dc0cf621065a6dceb45dae9c535,0.003524003,0.014330244700117557,af1c0596ec4b60b602e39096
followup1,23,,variable_elimination,,,,,,,,,,,59fc215586a117b617f63982c5ac05dd0c051d36c66be15ec077e9f05b0cc30d,0.001218953,0.04319092519302492,c3c7bc04c8abdb3c029ac2e4
followup1,23,,components,,,,,,,,,,,59fc215586a117b617f63982c5ac05dd0c051d36c66be15ec077e9f05b0cc30d,0.097930354,0.02439045531750061,c3c7bc04c8abdb3c029ac2e4
followup1,23,,variable_elimination,,,,,,,,,,,178d44028ba85f68ccf5a8ee82e16f5513423dac49f641baabe37c53d1cf41e6,0.001233981,0.0337402578674026,ce9faf806dd2577e7b9b7ced
followup1,23,,components,,,,,,,,,,,178d44028ba85f68ccf5a8ee82e16f5513423dac49f641baabe37c53d1cf41e6,0.098905796,0.03219581407069203,ce9faf806dd2577e7b9b7ced
followup1,23,,variable_elimination,,,,,,,,,,,93745eb1944bba49743e79fb98750725866792f7185bf2821a60a91ada812570,0.001163881,0.045582491345947836,520370e97fe17db278b9cb97
followup1,23,,components,,,,,,,,,,,93745eb1944bba49743e79fb98750725866792f7185bf2821a60a91ada812570,0.025029428,0.0031148632233412212,520370e97fe17db278b9cb97
followup1,17,,variable_elimination,,,,,,,,,,,40e3069a96872ec2f7e120cef26ff2176fead1caa2fc573518b507e53ea40f01,0.000871159,0.06358727021994583,b37690747d9dd27df70994e0
followup1,17,,components,,,,,,,,,,,40e3069a96872ec2f7e120cef26ff2176fead1caa2fc573518b507e53ea40f01,0.003514824,0.010824554459543154,b37690747d9dd27df70994e0
followup1,17,,variable_elimination,,,,,,,,,,,f13783de2907cba3a0024c3ca10541243fca6007b0bb3a0bd782d449431df94b,0.000829383,0.0630788145342482,973153f265c66f6230b3ec49
followup1,17,,components,,,,,,,,,,,f13783de2907cba3a0024c3ca10541243fca6007b0bb3a0bd782d449431df94b,0.003507065,0.011612133419084382,973153f265c66f6230b3ec49
followup1,17,,variable_elimination,,,,,,,,,,,3b9982ba8dd0d1781903b847740163c462cce9d51136e89ea61b260f6e984efe,0.000880127,0.06195485902754088,b8d7de6939df9d93169adcca
followup1,17,,components,,,,,,,,,,,3b9982ba8dd0d1781903b847740163c462cce9d51136e89ea61b260f6e984efe,0.003537066,0.022718778427322457,b8d7de6939df9d93169adcca
followup1,24,,variable_elimination,,,,,,,,,,,e138705da04c66d73c098873abd0c0ce643204cd24998bb0f97cac9bbb05f012,0.001854775,0.14239397441355287,5b30c8bb5c4450ac8ade8faf
followup1,24,,components,,,,,,,,,,,e138705da04c66d73c098873abd0c0ce643204cd24998bb0f97cac9bbb05f012,0.100779609,0.014246862969630007,5b30c8bb5c4450ac8ade8faf
followup1,24,,variable_elimination,,,,,,,,,,,e138705da04c66d73c098873abd0c0ce643204cd24998bb0f97cac9bbb05f012,0.001267781,0.052887332565918536,463f5a7e614107b0e11ece56
followup1,24,,components,,,,,,,,,,,e138705da04c66d73c098873abd0c0ce643204cd24998bb0f97cac9bbb05f012,0.09820566,0.013411360937923309,463f5a7e614107b0e11ece56
followup1,24,,variable_elimination,,,,,,,,,,,aa6d6e34badaa303050479d267c76c0394450daef94b3f81e381cc69dc7e64a3,0.001350728,0.036257681758101325,890fa9ca90189fdc5b5f9edf
followup1,24,,components,,,,,,,,,,,aa6d6e34badaa303050479d267c76c0394450daef94b3f81e381cc69dc7e64a3,0.101383109,0.011717845639512853,890fa9ca90189fdc5b5f9edf
followup1,24,,variable_elimination,,,,,,,,,,,003df881e41033fafdf5e2823daf57c04f992aef5305535c1e80c52fa6ba8c66,0.001220736,0.05610620166851544,ab789124574095a4dff6553c
followup1,24,,components,,,,,,,,,,,003df881e41033fafdf5e2823daf57c04f992aef5305535c1e80c52fa6ba8c66,0.02522975,0.012609158560318662,ab789124574095a4dff6553c
followup1,27,,variable_elimination,,,,,,,,,,,f4dd65a3b6bec98b93d91193251bf030c6a7e133d8a790bb6c677825f191c5d7,0.001419331,0.04703493316092051,1adbb06264cd4756c6ae2de4
followup1,27,,conditional_components,,,,,,,,,,,f4dd65a3b6bec98b93d91193251bf030c6a7e133d8a790bb6c677825f191c5d7,0.006509417,0.004091514526531902,1adbb06264cd4756c6ae2de4
followup1,27,,variable_elimination,,,,,,,,,,,0b2f911a01e50729ba42520457bf0cbe743e96084a5131ece6a1a9b54c9c8b91,0.001604916,0.06362322132524754,8879dcb2f9a54f463cfeb470
followup1,27,,components,,,,,,,,,,,0b2f911a01e50729ba42520457bf0cbe743e96084a5131ece6a1a9b54c9c8b91,0.025223143,0.004464189529819881,8879dcb2f9a54f463cfeb470
followup1,28,,variable_elimination,,,,,,,,,,,58eebacc40bcd89fd19e0fcde0d2d67edfafd28ef18c137ec78baec72e374e5f,0.001463747,0.04289364318692861,7e831b50f90f0e269d25bbe4
followup1,28,,conditional_components,,,,,,,,,,,58eebacc40bcd89fd19e0fcde0d2d67edfafd28ef18c137ec78baec72e374e5f,0.007112607,0.0047968266923212564,7e831b50f90f0e269d25bbe4
followup1,28,,variable_elimination,,,,,,,,,,,4b49ccf98d29667c51d68a002e2e05beea6a92eb6be58d29b145022a04f6197a,0.001720555,0.052913279750184665,63d416ef08ad15610e8ff9ef
followup1,28,,components,,,,,,,,,,,4b49ccf98d29667c51d68a002e2e05beea6a92eb6be58d29b145022a04f6197a,0.024941507,0.005227691064222019,63d416ef08ad15610e8ff9ef
followup1,28,,variable_elimination,,,,,,,,,,,b1dafdb0937f42dc92ca5492cd85e52efaa61e2706425c634533df8c8ed16de5,0.001562049,0.046032850578808786,6c4f7e75d79abc74f055afe0
followup1,28,,conditional_components,,,,,,,,,,,b1dafdb0937f42dc92ca5492cd85e52efaa61e2706425c634533df8c8ed16de5,0.028997512,0.0006743080225510716,6c4f7e75d79abc74f055afe0
followup1,40,,variable_elimination,,,,,,,,,,,7b8fe66f12d716c8f30e540b1b9bcc5bfc0bcbbed8d1e73788084defaf91a626,0.002579541,0.024690571478541794,457b2c723fa2439f5d34fb02
followup1,40,,conditional_components,,,,,,,,,,,7b8fe66f12d716c8f30e540b1b9bcc5bfc0bcbbed8d1e73788084defaf91a626,0.139453257,0.01205032141733582,457b2c723fa2439f5d34fb02
followup1,28,,variable_elimination,,,,,,,,,,,7a8dd765c089e9abe7a3a0d7d4667ec0b7a47abca1a6e108967e23810549944f,0.001709271,0.05204343894126847,0d813a0871f36271f2696141
followup1,28,,components,,,,,,,,,,,7a8dd765c089e9abe7a3a0d7d4667ec0b7a47abca1a6e108967e23810549944f,0.199166611,0.005373358356565518,0d813a0871f36271f2696141
followup1,28,,variable_elimination,,,,,,,,,,,c42aa754ae915054fb1f5b127a6bd2495eaaae43997d3cff29e0414cdeebfdbd,0.001489638,0.04266276484081753,d8bb1c29f24f83510a4502b9
followup1,28,,conditional_components,,,,,,,,,,,c42aa754ae915054fb1f5b127a6bd2495eaaae43997d3cff29e0414cdeebfdbd,0.008412984,0.0030393066278692465,d8bb1c29f24f83510a4502b9
followup1,28,,variable_elimination,,,,,,,,,,,95c1a52fa96dd7e441c8615077a880ecfce2e6080e7064ebce3157e4f3b583de,0.00149362,0.038100803015041144,78ee59c0fb325808976b04ef
followup1,28,,conditional_components,,,,,,,,,,,95c1a52fa96dd7e441c8615077a880ecfce2e6080e7064ebce3157e4f3b583de,0.010452992,0.0037071169085819253,78ee59c0fb325808976b04ef
followup1,28,,variable_elimination,,,,,,,,,,,8d9402a4365068e51fa609ee1a139ffd0b77a0a9448a1f856a871c5efd90addb,0.001647811,0.03814226900731211,c68afda8d2950653415610e0
followup1,28,,components,,,,,,,,,,,8d9402a4365068e51fa609ee1a139ffd0b77a0a9448a1f856a871c5efd90addb,0.098313855,0.005472145832147887,c68afda8d2950653415610e0
followup1,28,,variable_elimination,,,,,,,,,,,2c029b9622554c452b60bace3d303306bb7dd3385e03ba8d904b466944c2dee5,0.001567073,0.035922032171712755,a72af45769f329d35df5491f
followup1,28,,conditional_components,,,,,,,,,,,2c029b9622554c452b60bace3d303306bb7dd3385e03ba8d904b466944c2dee5,0.055431009,0.0026158651653172323,a72af45769f329d35df5491f
followup1,28,,variable_elimination,,,,,,,,,,,81057f666555fb0a5dcf9ed5e0de0b68ea3cd8b2e362368f2b010032ddeb9034,0.001642791,0.07142966297756254,7d23dc39e2474b056a8345c3
followup1,28,,components,,,,,,,,,,,81057f666555fb0a5dcf9ed5e0de0b68ea3cd8b2e362368f2b010032ddeb9034,0.007246214,0.0006661481137479377,7d23dc39e2474b056a8345c3
followup1,28,,variable_elimination,,,,,,,,,,,4e67af1a64a89fba741b85709094e16018dae91d9d2abfa922d10ddf54ae0ee6,0.001516179,0.0407584130157646,91f87c1c5fb662e136bf4740
followup1,28,,conditional_components,,,,,,,,,,,4e67af1a64a89fba741b85709094e16018dae91d9d2abfa922d10ddf54ae0ee6,0.053621759,0.0038302346847522975,91f87c1c5fb662e136bf4740
followup1,28,,variable_elimination,,,,,,,,,,,1c2c525742c78544d9990b399f31a05cf2164e189370971dbb6d5a20780764a3,0.001650918,0.09179098669327482,75fbf14aebade1f945129523
followup1,28,,conditional_components,,,,,,,,,,,1c2c525742c78544d9990b399f31a05cf2164e189370971dbb6d5a20780764a3,0.007535413,0.08575831415506815,75fbf14aebade1f945129523
followup1,28,,variable_elimination,,,,,,,,,,,a050178aab9c3e0ccab1507a3549716ba4c313c8132f83eba515544dc3c01c3b,0.00176607,0.03533448017324267,59f2225e92e0efd10e082cef
followup1,28,,components,,,,,,,,,,,a050178aab9c3e0ccab1507a3549716ba4c313c8132f83eba515544dc3c01c3b,0.04989382,0.031803280804854506,59f2225e92e0efd10e082cef
followup1,25,,variable_elimination,,,,,,,,,,,271930a5f9a970b5b3d4e0b53338d37bfe77ff80d5e889a9792b83f22e93c071,0.001284878,0.04578366418912608,90c1e4448c5903ef4a6bce5e
followup1,25,,components,,,,,,,,,,,271930a5f9a970b5b3d4e0b53338d37bfe77ff80d5e889a9792b83f22e93c071,0.024607554,0.002835487643901059,90c1e4448c5903ef4a6bce5e
followup1,25,,variable_elimination,,,,,,,,,,,8798cc69197c54dd1b7afb7b86feef33ba1bb929a0e8368cf49b689e60f764b2,0.001304167,0.05050346917346173,107fbfbfd609ed2672810d10
followup1,25,,conditional_components,,,,,,,,,,,8798cc69197c54dd1b7afb7b86feef33ba1bb929a0e8368cf49b689e60f764b2,0.007237428,0.005576640968030395,107fbfbfd609ed2672810d10
followup1,25,,variable_elimination,,,,,,,,,,,a4d42c1da197d485f3e096b9f98a8cec2419e39972a100d69a561da482905d23,0.001446498,0.028835689022879786,bd0b9bca5062e13b1ff6b395
followup1,25,,components,,,,,,,,,,,a4d42c1da197d485f3e096b9f98a8cec2419e39972a100d69a561da482905d23,0.098447204,0.014356374657782828,bd0b9bca5062e13b1ff6b395
followup1,25,,variable_elimination,,,,,,,,,,,3902a7cde84087e39c272784b97b89842b8fcb192c380b5d40eb5b2bbcfdd369,0.001297379,0.045718175649554924,a8e2460c6eca2c64353d5a7d
followup1,25,,conditional_components,,,,,,,,,,,3902a7cde84087e39c272784b97b89842b8fcb192c380b5d40eb5b2bbcfdd369,0.007320743,0.007678030513750365,a8e2460c6eca2c64353d5a7d
followup1,25,,variable_elimination,,,,,,,,,,,a09068c067e6fa157a5a3a7041c3405d52b10f6b434998d1f0de598f50de4071,0.001499573,0.029692793636255238,a1314cfb31ab26749e8b8210
followup1,25,,components,,,,,,,,,,,a09068c067e6fa157a5a3a7041c3405d52b10f6b434998d1f0de598f50de4071,0.201632391,0.012016787997839453,a1314cfb31ab26749e8b8210
followup1,26,,variable_elimination,,,,,,,,,,,dd4cd04cf0149c92ef5d740aa6c4362c759de92cb9ca1a68821ae841f8553d73,0.001509886,0.03217868134336516,4bb6bb13152b090778aa416f
followup1,26,,components,,,,,,,,,,,dd4cd04cf0149c92ef5d740aa6c4362c759de92cb9ca1a68821ae841f8553d73,0.025242681,0.005298949604271859,4bb6bb13152b090778aa416f
followup1,26,,variable_elimination,,,,,,,,,,,f7366b9608413e4b11483de347b59fb5c3ea873c80679486454b52740a99927f,0.001400926,0.05625158641618812,f331f69a1fee0cab0e9a677f
followup1,26,,conditional_components,,,,,,,,,,,f7366b9608413e4b11483de347b59fb5c3ea873c80679486454b52740a99927f,0.00787176,0.0115917912556255,f331f69a1fee0cab0e9a677f
followup1,26,,variable_elimination,,,,,,,,,,,9e54795573f566d76b7d02ab75a3fdebc5731aec1fb6580f67b3b52af22224ed,0.001670381,0.06839002229680932,70cbe284ef2c3170c146401c
followup1,26,,components,,,,,,,,,,,9e54795573f566d76b7d02ab75a3fdebc5731aec1fb6580f67b3b52af22224ed,0.12913524,0.02390805863267897,70cbe284ef2c3170c146401c
followup1,26,,variable_elimination,,,,,,,,,,,de14627291cf019034e23d07202635eec0f07895ec9c3490c2806d27a0cb60b7,0.00134227,0.043363259848787084,32edbc8834a35b29c181e685
followup1,26,,conditional_components,,,,,,,,,,,de14627291cf019034e23d07202635eec0f07895ec9c3490c2806d27a0cb60b7,0.007876652,0.005744549179895759,32edbc8834a35b29c181e685
followup1,26,,variable_elimination,,,,,,,,,,,fe15ae9a4390a3009ffad862de95e9b4fee78b354baf3ca7c246b4c05f783d22,0.001505079,0.026084819395876934,837331061b301f2d16bb2944
followup1,26,,components,,,,,,,,,,,fe15ae9a4390a3009ffad862de95e9b4fee78b354baf3ca7c246b4c05f783d22,0.199765682,0.003597372120862243,837331061b301f2d16bb2944
followup1,28,,variable_elimination,,,,,,,,,,,591549d254b5235c701294df932b9f7492bc1114cd74baf8a60cec9f92ec010d,0.0015259,0.044297313955501266,9336b3dddfe9c1f44ca0fc60
followup1,28,,conditional_components,,,,,,,,,,,591549d254b5235c701294df932b9f7492bc1114cd74baf8a60cec9f92ec010d,0.398330622,0.010106653344320368,9336b3dddfe9c1f44ca0fc60
followup1,28,,variable_elimination,,,,,,,,,,,bd3b8c248220eb6cd180edb756107f64efdae6710abf7a7c52bb84ab9fb0489c,0.001505179,0.03978091628725719,e6e5e0af63eadb03f6b2ac4d
followup1,28,,conditional_components,,,,,,,,,,,bd3b8c248220eb6cd180edb756107f64efdae6710abf7a7c52bb84ab9fb0489c,0.018229982,0.0035994677474857975,e6e5e0af63eadb03f6b2ac4d
followup1,28,,variable_elimination,,,,,,,,,,,906f89b01d62584e1d3b65cf5995106e54cb32fcd813259e6b505566a0761881,0.001759261,0.04704876871072026,8400b2b014029e199ca6ea61
followup1,28,,components,,,,,,,,,,,906f89b01d62584e1d3b65cf5995106e54cb32fcd813259e6b505566a0761881,0.007360392,0.008998236979519937,8400b2b014029e199ca6ea61
followup1,28,,variable_elimination,,,,,,,,,,,577613df44797bfac669896003aeafa888582bc84ed0fd686d621da2213dd54d,0.001548923,0.040687066216247424,9407050346d827b22d1e9208
followup1,28,,conditional_components,,,,,,,,,,,577613df44797bfac669896003aeafa888582bc84ed0fd686d621da2213dd54d,0.030470206,0.04005525333611345,9407050346d827b22d1e9208
followup1,28,,variable_elimination,,,,,,,,,,,f2cc4e024c46d1ea478a4326aeb76027649384811314157e562528f3c14e7883,0.001631215,0.021467368963030524,01194860cc7a4e7dfcc9adb1
followup1,28,,conditional_components,,,,,,,,,,,f2cc4e024c46d1ea478a4326aeb76027649384811314157e562528f3c14e7883,0.031311247,0.009577152763449085,01194860cc7a4e7dfcc9adb1
followup1,28,,variable_elimination,,,,,,,,,,,ca3b36976f7d78de8ac3cacc2610e87146925374cebf1fe5d7ea272e01e47417,0.001553864,0.03167951773544516,c46ed50592fc7f066ba59f3a
followup1,28,,conditional_components,,,,,,,,,,,ca3b36976f7d78de8ac3cacc2610e87146925374cebf1fe5d7ea272e01e47417,0.403855596,0.00821599900345617,c46ed50592fc7f066ba59f3a
followup1,28,,variable_elimination,,,,,,,,,,,56cd5cb957c2f83cb50009c9419e2e3d9250797ff90afebd1fdd2ec46070955b,0.001536523,0.041699644623635714,f126fe3fc4bdc94f27b8dc15
followup1,28,,conditional_components,,,,,,,,,,,56cd5cb957c2f83cb50009c9419e2e3d9250797ff90afebd1fdd2ec46070955b,0.054550603,0.036222969756584567,f126fe3fc4bdc94f27b8dc15
followup1,28,,variable_elimination,,,,,,,,,,,aeaf9f8a06d4af72f8be12c4da13b46b833c279d5fc4250cb2ac6863201a636a,0.001568383,0.04042764783950239,33d4894e5fab0694ff95cc13
followup1,28,,conditional_components,,,,,,,,,,,aeaf9f8a06d4af72f8be12c4da13b46b833c279d5fc4250cb2ac6863201a636a,0.018871076,0.008667502126635999,33d4894e5fab0694ff95cc13
followup1,28,,variable_elimination,,,,,,,,,,,638f33687017cb7873727fe78643766bb9e76dd88a11921cb7203eba87e63145,0.001576735,0.03465063770120952,391ccbbff7fb02f64484701c
followup1,28,,conditional_components,,,,,,,,,,,638f33687017cb7873727fe78643766bb9e76dd88a11921cb7203eba87e63145,0.40291136,0.006653481562102956,391ccbbff7fb02f64484701c
followup1,28,,variable_elimination,,,,,,,,,,,5577cf70a5323c520ea618bed81ad6a78767642f72140f66c5645654606296b1,0.001660291,0.04460705901537003,09030e02686e6d5fa2e5e624
followup1,28,,conditional_components,,,,,,,,,,,5577cf70a5323c520ea618bed81ad6a78767642f72140f66c5645654606296b1,0.031143438,0.04130923973784659,09030e02686e6d5fa2e5e624
followup1,28,,variable_elimination,,,,,,,,,,,1dcf0af8e8fe414a02d412f4405403feb7c39519c8d45ae870e50aaa0d49fb97,0.001739916,0.036853252741367824,ec436a28ac71ec79fd91a1a1
followup1,28,,components,,,,,,,,,,,1dcf0af8e8fe414a02d412f4405403feb7c39519c8d45ae870e50aaa0d49fb97,0.098142876,0.014682056705107183,ec436a28ac71ec79fd91a1a1
followup1,28,,variable_elimination,,,,,,,,,,,11cd315aaa7a0b5ce6d8e5d5f4d7c21fad63c5b4b2aa93d8e659e0c3da63dfe2,0.001657184,0.02020186967519081,73bb14735c74716e4444cc59
followup1,28,,conditional_components,,,,,,,,,,,11cd315aaa7a0b5ce6d8e5d5f4d7c21fad63c5b4b2aa93d8e659e0c3da63dfe2,0.104828931,0.020514296885369033,73bb14735c74716e4444cc59
followup1,28,,variable_elimination,,,,,,,,,,,3484399d5a81af1a3a657db036e68474c19d0be841569dcea0e42c4509957d1f,0.001546653,0.03498708742308808,01ad7bed601174c8ca04ed07
followup1,28,,conditional_components,,,,,,,,,,,3484399d5a81af1a3a657db036e68474c19d0be841569dcea0e42c4509957d1f,0.100726194,0.01874612053710401,01ad7bed601174c8ca04ed07
followup1,28,,variable_elimination,,,,,,,,,,,15bf3f5693aa2b05be13506d19d12d654c6d0e1d45458534a2254e13793cf78d,0.001785693,0.028047407186353224,640471abaa9e17b2d139f0c9
followup1,28,,components,,,,,,,,,,,15bf3f5693aa2b05be13506d19d12d654c6d0e1d45458534a2254e13793cf78d,0.013998628,0.06270162443246699,640471abaa9e17b2d139f0c9
followup1,28,,variable_elimination,,,,,,,,,,,70dbc17473dfef5512a880961686c4b44f0990aead2a300da7c677ba4b6a8db5,0.001693179,0.037507949469974745,b793d622a9fd1b523c8b29ef
followup1,28,,conditional_components,,,,,,,,,,,70dbc17473dfef5512a880961686c4b44f0990aead2a300da7c677ba4b6a8db5,0.019028083,0.028630650057412974,b793d622a9fd1b523c8b29ef
followup1,25,,variable_elimination,,,,,,,,,,,40e58a3ff1ab06b275843f9c65b3b37a83e67816c417eb093678b3e2063cdf2f,0.001298567,0.05116696613546209,0b10fef2e19c3f7def874957
followup1,25,,conditional_components,,,,,,,,,,,40e58a3ff1ab06b275843f9c65b3b37a83e67816c417eb093678b3e2063cdf2f,0.0086377,0.008709632800103471,0b10fef2e19c3f7def874957
followup1,25,,variable_elimination,,,,,,,,,,,3881d828f27a9ff4c9f78f4fb637b0ae610fec3f75c35e88442a80f7d60e3696,0.001967102,0.11155049460632939,20637ab1e7daf75995856f78
followup1,25,,components,,,,,,,,,,,3881d828f27a9ff4c9f78f4fb637b0ae610fec3f75c35e88442a80f7d60e3696,0.100723369,0.01847000258996189,20637ab1e7daf75995856f78
followup1,25,,variable_elimination,,,,,,,,,,,94d4cb6aeca27edaa2fa0e92275242fdea59de893494776a567955ee5477565d,0.001354684,0.032179227863228,c3f4f1fb0769ee1bb9fc0d69
followup1,25,,components,,,,,,,,,,,94d4cb6aeca27edaa2fa0e92275242fdea59de893494776a567955ee5477565d,0.024564548,0.007571558484563624,c3f4f1fb0769ee1bb9fc0d69
followup1,26,,variable_elimination,,,,,,,,,,,599d8ac5c2dcf599d9cda602cb7e08f9dbec82d7f5d23738a73e69c37bdf0540,0.001319447,0.04932234932374557,eb7708e181b18b86f0dac7d9
followup1,26,,conditional_components,,,,,,,,,,,599d8ac5c2dcf599d9cda602cb7e08f9dbec82d7f5d23738a73e69c37bdf0540,0.008985082,0.0035248532103639547,eb7708e181b18b86f0dac7d9
followup1,26,,variable_elimination,,,,,,,,,,,296b7b2655c7a88d9eeecb8ed9ab5c97750b5810340cd35e1445832d73a53f30,0.001423228,0.03115341012703516,d696e6c19ab0700f5e16fdb6
followup1,26,,components,,,,,,,,,,,296b7b2655c7a88d9eeecb8ed9ab5c97750b5810340cd35e1445832d73a53f30,0.099580606,0.01525980002623962,d696e6c19ab0700f5e16fdb6
followup1,26,,variable_elimination,,,,,,,,,,,6358cf6c6187a77a06043fde78e70411c5ed1090159f9930ab082fc4bc272f01,0.00152252,0.03520012475432191,2e2cdc19791a6ca229ee572a
followup1,26,,components,,,,,,,,,,,6358cf6c6187a77a06043fde78e70411c5ed1090159f9930ab082fc4bc272f01,0.024645663,0.012732497214623545,2e2cdc19791a6ca229ee572a
followup1,26,,variable_elimination,,,,,,,,,,,8d2c9593aaaabbf2919e6796319c62338a396db25d2d0e07e908afb89a2bcba6,0.001482236,0.037189887516368855,e56e818140ffe5daf4dbc01a
followup1,26,,components,,,,,,,,,,,8d2c9593aaaabbf2919e6796319c62338a396db25d2d0e07e908afb89a2bcba6,0.195847294,0.01607740024298992,e56e818140ffe5daf4dbc01a
followup1,26,,variable_elimination,,,,,,,,,,,4da9e4e78ef8378f66fb104f695b61ded4337a65ebfa4d105856e92846558064,0.001353968,0.09097693147026205,e5ef3e651bc8b2ba9b038860
followup1,26,,conditional_components,,,,,,,,,,,4da9e4e78ef8378f66fb104f695b61ded4337a65ebfa4d105856e92846558064,0.017635686,0.002844748053669846,e5ef3e651bc8b2ba9b038860
followup1,28,,variable_elimination,,,,,,,,,,,f77092db1565314e38348eb21dfd06755e0c2917d505385ea42fc48748b01c4b,0.001474917,0.051808169769800086,0eb390ffc6a20b0c23a481d8
followup1,28,,conditional_components,,,,,,,,,,,f77092db1565314e38348eb21dfd06755e0c2917d505385ea42fc48748b01c4b,0.012962997,0.08689075227513535,0eb390ffc6a20b0c23a481d8
followup1,28,,variable_elimination,,,,,,,,,,,ec0cff6449c0d86c254fb159ee473a43d1974aa9639782db1946717689c6a81c,0.001515927,0.0729732348353423,397795411203c724c48779e9
followup1,28,,conditional_components,,,,,,,,,,,ec0cff6449c0d86c254fb159ee473a43d1974aa9639782db1946717689c6a81c,0.030168701,0.005777315393612859,397795411203c724c48779e9
followup1,28,,variable_elimination,,,,,,,,,,,f8c5d53a4ae08fb5c13843f2e5653916ef33b732a4e45862ad7ce0bf548c0081,0.00153422,0.03907691159051545,17aa88f34bb2716317cb3365
followup1,28,,conditional_components,,,,,,,,,,,f8c5d53a4ae08fb5c13843f2e5653916ef33b732a4e45862ad7ce0bf548c0081,0.030446965,0.004512698987477436,17aa88f34bb2716317cb3365
followup1,28,,variable_elimination,,,,,,,,,,,7e65eb2c55670fee2146f754e25ccd2674d2e5f004972635b58ebc9a33b1c854,0.001657984,0.04913828130340565,2a269cf0683e1a1942f7727c
followup1,28,,components,,,,,,,,,,,7e65eb2c55670fee2146f754e25ccd2674d2e5f004972635b58ebc9a33b1c854,0.19790993,0.0060265603352957055,2a269cf0683e1a1942f7727c
followup1,28,,variable_elimination,,,,,,,,,,,59d5ff4e30dd76818a0ff738fe9a162fa284cf718bd5b47999f9166dd4bf449d,0.001710677,0.0485541181729133,e073d6164c92e785fa8579c5
followup1,28,,components,,,,,,,,,,,59d5ff4e30dd76818a0ff738fe9a162fa284cf718bd5b47999f9166dd4bf449d,0.098494664,0.020110162171992352,e073d6164c92e785fa8579c5
followup1,28,,variable_elimination,,,,,,,,,,,7e0376f23fb5ff4b7781b837debf1bbe18b8323dcffade9b5651221fcf303469,0.00182185,0.08912454706487735,df41bed17b59c094e6a3c858
followup1,28,,conditional_components,,,,,,,,,,,7e0376f23fb5ff4b7781b837debf1bbe18b8323dcffade9b5651221fcf303469,0.101677385,0.013758321025916316,df41bed17b59c094e6a3c858
followup1,28,,variable_elimination,,,,,,,,,,,19b5350893c4fdad43ff4942fb7fe4739263b9f2b15b0002181fbab6f841b3c2,0.001744403,0.05118649932353215,4a87096881a04de4ff1e806d
followup1,28,,components,,,,,,,,,,,19b5350893c4fdad43ff4942fb7fe4739263b9f2b15b0002181fbab6f841b3c2,0.013263973,0.11187060437862754,4a87096881a04de4ff1e806d
followup1,28,,variable_elimination,,,,,,,,,,,f48a6d778b66adf1f14c6fc617966dfe029d0760d497800fc4a9ce97ff495021,0.001469876,0.171414092298775,444395afc9a459c961145aad
followup1,28,,conditional_components,,,,,,,,,,,f48a6d778b66adf1f14c6fc617966dfe029d0760d497800fc4a9ce97ff495021,0.029857969,0.00012354694300686242,444395afc9a459c961145aad
followup1,28,,variable_elimination,,,,,,,,,,,f48a6d778b66adf1f14c6fc617966dfe029d0760d497800fc4a9ce97ff495021,0.00151073,0.054732127331879404,8a27c408cfb5af5bd8014f94
followup1,28,,conditional_components,,,,,,,,,,,f48a6d778b66adf1f14c6fc617966dfe029d0760d497800fc4a9ce97ff495021,0.029942231,0.010478841956456863,8a27c408cfb5af5bd8014f94
followup1,30,,variable_elimination,,,,,,,,,,,92038c7c9b2bb21800a0976dd4dd22866aeb3a9f012dcff12962e445c1fe15bf,0.001831303,0.025495146943010534,80d4d4762a76476f8a3dd846
followup1,30,,conditional_components,,,,,,,,,,,92038c7c9b2bb21800a0976dd4dd22866aeb3a9f012dcff12962e445c1fe15bf,0.207235443,0.004033288032474869,80d4d4762a76476f8a3dd846
followup1,30,,variable_elimination,,,,,,,,,,,d3ad86d951f5043021ba9ec034d33ddf1184c80017401e8cc0b1f25870c9c07e,0.001724221,0.04870786406200258,3068b79ce9c38cd946155b5c
followup1,30,,conditional_components,,,,,,,,,,,d3ad86d951f5043021ba9ec034d33ddf1184c80017401e8cc0b1f25870c9c07e,0.031894071,0.0034735472742090864,3068b79ce9c38cd946155b5c
followup1,30,,variable_elimination,,,,,,,,,,,b65a88cfeab2a4cbc1c008198c0eb0dcdb795e8727df020ca23b34184bb27916,0.001806124,0.03778032154066215,579715681008d3afcd94d28e
followup1,30,,conditional_components,,,,,,,,,,,b65a88cfeab2a4cbc1c008198c0eb0dcdb795e8727df020ca23b34184bb27916,0.013854077,0.00242220961521524,579715681008d3afcd94d28e
followup1,29,,variable_elimination,,,,,,,,,,,5120b3b55c4f1c987d39b089eea904d3ccb649b334526ef8035ab61e5bae2537,0.00166311,0.027311803664533185,8b0802f2fc791313fc7a27fe
followup1,29,,conditional_components,,,,,,,,,,,5120b3b55c4f1c987d39b089eea904d3ccb649b334526ef8035ab61e5bae2537,0.202866093,0.00538003699119488,8b0802f2fc791313fc7a27fe
followup1,29,,variable_elimination,,,,,,,,,,,8d73db44eff86d17c8cd5aea7826f9e4f1fa4425530e787c0d972c5e09393cf2,0.001772906,0.022259941624641733,878a176d4cbd1cafd6c19d40
followup1,29,,conditional_components,,,,,,,,,,,8d73db44eff86d17c8cd5aea7826f9e4f1fa4425530e787c0d972c5e09393cf2,0.06411094,0.006535410536295953,878a176d4cbd1cafd6c19d40
followup1,31,,variable_elimination,,,,,,,,,,,3d2d6e8959e268b284d3eeadf5052e4d52fa4c1616b8cd399c84cea3044385f2,0.00183378,0.03039131228911721,4fb369c498b511474d23e79c
followup1,31,,conditional_components,,,,,,,,,,,3d2d6e8959e268b284d3eeadf5052e4d52fa4c1616b8cd399c84cea3044385f2,0.055443077,0.005052057343153352,4fb369c498b511474d23e79c
followup1,31,,variable_elimination,,,,,,,,,,,596ec472910a02a7d5f922c8521e8d7b4b1f091975a7b77c5bd7311df5c925c6,0.001848056,0.026530414264666003,f925b2bbdca81154c26e0ab7
followup1,31,,conditional_components,,,,,,,,,,,596ec472910a02a7d5f922c8521e8d7b4b1f091975a7b77c5bd7311df5c925c6,0.400408698,0.0023633770875952733,f925b2bbdca81154c26e0ab7
followup1,31,,variable_elimination,,,,,,,,,,,27dfdeaa8e12881c92082c88d4d2422fa3046571c5422f13fcb3607f0f6fbf4d,0.001740322,0.02571093334213731,ad1ccdf06577486bbee94728
followup1,31,,conditional_components,,,,,,,,,,,27dfdeaa8e12881c92082c88d4d2422fa3046571c5422f13fcb3607f0f6fbf4d,0.195372724,0.01039400524207569,ad1ccdf06577486bbee94728
followup1,31,,variable_elimination,,,,,,,,,,,4225e9b454fef7c2295a118f77fb3aa057a4adf3e1b54940eddad80fc30c8d02,0.001845647,0.22149716662359561,dd4932c5ee6bc9f81b163bee
followup1,31,,conditional_components,,,,,,,,,,,4225e9b454fef7c2295a118f77fb3aa057a4adf3e1b54940eddad80fc30c8d02,0.044647676,0.008795341060404478,dd4932c5ee6bc9f81b163bee
followup1,31,,variable_elimination,,,,,,,,,,,4225e9b454fef7c2295a118f77fb3aa057a4adf3e1b54940eddad80fc30c8d02,0.001910884,0.03883161879071289,a66267dbfcf5258d2b8e2419
followup1,31,,conditional_components,,,,,,,,,,,4225e9b454fef7c2295a118f77fb3aa057a4adf3e1b54940eddad80fc30c8d02,0.044796839,0.05012072576414259,a66267dbfcf5258d2b8e2419
followup1,31,,variable_elimination,,,,,,,,,,,7853f35f2b24cfea1c8480f316518808530bc20774a7e7f0b166e34c99d20d17,0.001862469,0.03248450988262699,b16ce79305c7b5ddc206337c
followup1,31,,conditional_components,,,,,,,,,,,7853f35f2b24cfea1c8480f316518808530bc20774a7e7f0b166e34c99d20d17,0.018286818,0.007424800844770346,b16ce79305c7b5ddc206337c
followup1,31,,variable_elimination,,,,,,,,,,,a83add7cd2932be5a1158ea2a481dd5e25a7d1992791d3aff048c9a7462b6774,0.001948036,0.03307429217740054,d20d8f3217857c5acb3b991b
followup1,31,,conditional_components,,,,,,,,,,,a83add7cd2932be5a1158ea2a481dd5e25a7d1992791d3aff048c9a7462b6774,0.038609324,0.03609971578350661,d20d8f3217857c5acb3b991b
followup1,31,,variable_elimination,,,,,,,,,,,51fe2496dac255a4f95883861747e92315d52d907374345f6d0aa088ec21fd7f,0.001873923,0.012497533973351247,38140769311fae16e72998dd
followup1,31,,conditional_components,,,,,,,,,,,51fe2496dac255a4f95883861747e92315d52d907374345f6d0aa088ec21fd7f,0.409803037,0.012053231325072265,38140769311fae16e72998dd
followup1,31,,variable_elimination,,,,,,,,,,,2d0e2c6a485c339a598775d702d02ed41f4f35d399997954e750cbf58d77cc0a,0.001966823,0.031874985782926475,e35eef3e4717f0cd236c3615
followup1,31,,conditional_components,,,,,,,,,,,2d0e2c6a485c339a598775d702d02ed41f4f35d399997954e750cbf58d77cc0a,0.025963876,0.008735741994460654,e35eef3e4717f0cd236c3615
followup1,31,,variable_elimination,,,,,,,,,,,73e49b209827fef61106f6423c87d254456598aa422ef8237b051eb7eb7083c4,0.002001848,0.026411553622653888,2f8e01247b9592dbe6a0f008
followup1,31,,conditional_components,,,,,,,,,,,73e49b209827fef61106f6423c87d254456598aa422ef8237b051eb7eb7083c4,0.116666866,0.0037524079154469562,2f8e01247b9592dbe6a0f008
followup1,31,,variable_elimination,,,,,,,,,,,21d03f0f237946c7d02a0986760dd648bf5e11bf967936d17d498914134aa908,0.001772952,0.035699575884562997,8c030e92604c2efd9f0d9c15
followup1,31,,conditional_components,,,,,,,,,,,21d03f0f237946c7d02a0986760dd648bf5e11bf967936d17d498914134aa908,0.102715001,0.0007449377900499921,8c030e92604c2efd9f0d9c15
followup1,30,,variable_elimination,,,,,,,,,,,d9ecfbf66176807a5bc4f5734551cd35ad75e2efc8f8d8edddde5e89029f6294,0.001858005,0.03342003859392937,d788f3f67dec4ccd38b4aced
followup1,30,,conditional_components,,,,,,,,,,,d9ecfbf66176807a5bc4f5734551cd35ad75e2efc8f8d8edddde5e89029f6294,0.022665696,0.051899678541197994,d788f3f67dec4ccd38b4aced
followup1,30,,variable_elimination,,,,,,,,,,,f3257232228b6ad5bcb0765a84dd343ff0c1d45c7ec4a8779897298c9e8abf75,0.001866417,0.03343684923531714,ebfa2c996d97c2cec8e43974
followup1,30,,conditional_components,,,,,,,,,,,f3257232228b6ad5bcb0765a84dd343ff0c1d45c7ec4a8779897298c9e8abf75,0.024950995,0.011322339974301612,ebfa2c996d97c2cec8e43974
followup1,30,,variable_elimination,,,,,,,,,,,9dbbefc396ef8274b1652619c18602db58a4e39ee89e13a5ff16c642db00a655,0.001687425,0.049164919244203735,ff2c0465d3bf04c642e7007d
followup1,30,,conditional_components,,,,,,,,,,,9dbbefc396ef8274b1652619c18602db58a4e39ee89e13a5ff16c642db00a655,0.019964791,0.003290315540257575,ff2c0465d3bf04c642e7007d
followup1,30,,variable_elimination,,,,,,,,,,,a627e0fc9436e97cfff62d9645ef0b306cb5f847f8e20f8e593573803ab727f9,0.001756361,0.03501044834382293,07b277e2831c3dcd430077ec
followup1,30,,conditional_components,,,,,,,,,,,a627e0fc9436e97cfff62d9645ef0b306cb5f847f8e20f8e593573803ab727f9,0.057394266,0.01887930280909471,07b277e2831c3dcd430077ec
followup1,30,,variable_elimination,,,,,,,,,,,0370d4baf5eca775c83aea2a1fa0e8d0403d911e18cf0b90fc0856befcbe021f,0.00176308,0.25022194570191175,9ca88eabcbddbe4d082dd12e
followup1,30,,conditional_components,,,,,,,,,,,0370d4baf5eca775c83aea2a1fa0e8d0403d911e18cf0b90fc0856befcbe021f,0.397943501,0.002771941459051075,9ca88eabcbddbe4d082dd12e
followup1,30,,variable_elimination,,,,,,,,,,,0370d4baf5eca775c83aea2a1fa0e8d0403d911e18cf0b90fc0856befcbe021f,0.001738267,0.03343206593347914,6b4fb123c94149501b8b99f8
followup1,30,,conditional_components,,,,,,,,,,,0370d4baf5eca775c83aea2a1fa0e8d0403d911e18cf0b90fc0856befcbe021f,0.398638114,0.004626453507064567,6b4fb123c94149501b8b99f8
followup1,30,,variable_elimination,,,,,,,,,,,1152b963e7d64d6d77fc509f19b51e303a98574a0ec7c1c5f7cf76f8ac6f068c,0.001902769,0.029251575436930213,1c20fe8897266d06dec9f148
followup1,30,,conditional_components,,,,,,,,,,,1152b963e7d64d6d77fc509f19b51e303a98574a0ec7c1c5f7cf76f8ac6f068c,0.021275627,0.029225910733584843,1c20fe8897266d06dec9f148
followup1,30,,variable_elimination,,,,,,,,,,,e8d406977aaf2f9c26841ff90eb6b373b65fbf71f785fc34c52ef184556a03d9,0.001670073,0.03680352842272576,e4ad037759382268678b460d
followup1,30,,conditional_components,,,,,,,,,,,e8d406977aaf2f9c26841ff90eb6b373b65fbf71f785fc34c52ef184556a03d9,0.053175345,0.02669799899398987,e4ad037759382268678b460d
followup1,29,,variable_elimination,,,,,,,,,,,09bbed7cf73ff4ce5c3aa9cbfba6ac1187a71a1cbe4808e89c2de1e37074495d,0.001678019,0.032949186059341336,e255bbbb923468050e6946a5
followup1,29,,conditional_components,,,,,,,,,,,09bbed7cf73ff4ce5c3aa9cbfba6ac1187a71a1cbe4808e89c2de1e37074495d,0.107583641,0.011775122431584146,e255bbbb923468050e6946a5
followup1,29,,variable_elimination,,,,,,,,,,,072b1b9cf0bbc5d692589bb3949ea2c5f6b0a1327e1415d80730c414d7d230ad,0.001649036,0.04380955136861371,6f111c4838ffd228dc2d4494
followup1,29,,conditional_components,,,,,,,,,,,072b1b9cf0bbc5d692589bb3949ea2c5f6b0a1327e1415d80730c414d7d230ad,0.013746533,0.0020874694114046445,6f111c4838ffd228dc2d4494
followup1,32,,variable_elimination,,,,,,,,,,,0a4737adfe9482e0ea09930d31ce7030e9c1168c4afff78f8a356d44813e0b8c,0.001971948,0.02012315865889686,45017d988425c0563b93243c
followup1,32,,conditional_components,,,,,,,,,,,0a4737adfe9482e0ea09930d31ce7030e9c1168c4afff78f8a356d44813e0b8c,0.056391084,0.005487339882057422,45017d988425c0563b93243c
followup1,32,,variable_elimination,,,,,,,,,,,06affa119cd66c184a15e95c2f839ee255a7d3a888cbf65fdceb8536bf00a002,0.001906574,0.021549663092024367,050dbd38717ae134b4bf3a66
followup1,32,,conditional_components,,,,,,,,,,,06affa119cd66c184a15e95c2f839ee255a7d3a888cbf65fdceb8536bf00a002,0.402609766,0.00847838502926905,050dbd38717ae134b4bf3a66
followup1,32,,variable_elimination,,,,,,,,,,,4137a9844b8d44224c8baf28f6dc207ef42649e4726435793fad3295dc4a2d01,0.001807128,0.027441557879319872,aedecc1e0eb0b4ee8555f83d
followup1,32,,conditional_components,,,,,,,,,,,4137a9844b8d44224c8baf28f6dc207ef42649e4726435793fad3295dc4a2d01,0.195459042,0.001547219748655909,aedecc1e0eb0b4ee8555f83d
followup1,32,,variable_elimination,,,,,,,,,,,9d0403fcf75538201a14cafdec2d9ed32f60cbb16f987596c49221bfe552ca25,0.001939174,0.03139186636763499,cb553d40e5cc55794fec6286
followup1,32,,conditional_components,,,,,,,,,,,9d0403fcf75538201a14cafdec2d9ed32f60cbb16f987596c49221bfe552ca25,0.04628119,0.03286327773667783,cb553d40e5cc55794fec6286
followup1,32,,variable_elimination,,,,,,,,,,,97fa1bdbccb54f499b0251c4a0b00d4bee70ba59075df19e4f2cb2f5a7bf0c89,0.001920932,0.027463222082041123,c7ee6f4c597c0081e145493d
followup1,32,,conditional_components,,,,,,,,,,,97fa1bdbccb54f499b0251c4a0b00d4bee70ba59075df19e4f2cb2f5a7bf0c89,0.01981059,0.016833777417077627,c7ee6f4c597c0081e145493d
followup1,32,,variable_elimination,,,,,,,,,,,1fee31f3f74866cf256f5be0cb0c7affa2d78985ec2a76db3d2473b0a8d3c64e,0.001884989,0.0366982603330229,1ab0dd75041a29faf4c415b6
followup1,32,,conditional_components,,,,,,,,,,,1fee31f3f74866cf256f5be0cb0c7affa2d78985ec2a76db3d2473b0a8d3c64e,0.04014143,0.037894219983625584,1ab0dd75041a29faf4c415b6
followup1,32,,variable_elimination,,,,,,,,,,,6b2ba30e899ec7de2a0eb8415bde3f83fc0ce489fb7d929c69606b0a784a1e6e,0.001884739,0.025384882960396697,8dec344364445a3f3769da80
followup1,32,,conditional_components,,,,,,,,,,,6b2ba30e899ec7de2a0eb8415bde3f83fc0ce489fb7d929c69606b0a784a1e6e,0.416218404,0.01727321217862856,8dec344364445a3f3769da80
followup1,32,,variable_elimination,,,,,,,,,,,76845cc68ec6d7d95c22c143b1ce063c328b48569bdaabee3e7007d62bab5fb4,0.002037475,0.05772012810513057,4d24e72f8095a2ec19900bfc
followup1,32,,conditional_components,,,,,,,,,,,76845cc68ec6d7d95c22c143b1ce063c328b48569bdaabee3e7007d62bab5fb4,0.027290784,0.05668565340696832,4d24e72f8095a2ec19900bfc
followup1,32,,variable_elimination,,,,,,,,,,,b34c408b1515100ecde75e4878ba4d8497292c549092558f87ceee01784e234e,0.002014113,0.027391551972862055,58db55d0599fccf13a7e365a
followup1,32,,conditional_components,,,,,,,,,,,b34c408b1515100ecde75e4878ba4d8497292c549092558f87ceee01784e234e,0.118626062,0.018479971171274444,58db55d0599fccf13a7e365a
followup1,32,,variable_elimination,,,,,,,,,,,545224eb8feaa99a7489578d6b8e4c3634d1ea882df68d9c68360f6cc1305c17,0.001867372,0.02436844619548751,7516cb91898cd22d1a752e27
followup1,32,,conditional_components,,,,,,,,,,,545224eb8feaa99a7489578d6b8e4c3634d1ea882df68d9c68360f6cc1305c17,0.106366839,0.012728907403161372,7516cb91898cd22d1a752e27
followup1,33,,variable_elimination,,,,,,,,,,,479334c7ccc4b7acb2fdd37323103d8ead33b042d6166dc192bc04d348f1f1fd,0.001995986,0.021875939057092286,99551428ab4e114b71b4e6e2
followup1,33,,conditional_components,,,,,,,,,,,479334c7ccc4b7acb2fdd37323103d8ead33b042d6166dc192bc04d348f1f1fd,0.39010965,0.012433607962582504,99551428ab4e114b71b4e6e2
followup1,33,,variable_elimination,,,,,,,,,,,07dacbcccd08919bf5fe131cb0a16d1e07c7dc4158403a2b0eeb7ba96c25f978,0.001965343,0.035474159635332785,34d0e8592eb7284720ae4736
followup1,33,,conditional_components,,,,,,,,,,,07dacbcccd08919bf5fe131cb0a16d1e07c7dc4158403a2b0eeb7ba96c25f978,0.208077019,0.010023391449146997,34d0e8592eb7284720ae4736
followup1,33,,variable_elimination,,,,,,,,,,,ccbcb762207d93aaa1d9974a581eca39c216b48418f10bf4aede5b5bfe6eddf4,0.002715644,0.19623983327543099,623fe3ae05d4531a8fb5bfbb
followup1,33,,conditional_components,,,,,,,,,,,ccbcb762207d93aaa1d9974a581eca39c216b48418f10bf4aede5b5bfe6eddf4,0.102743291,0.008630129381564846,623fe3ae05d4531a8fb5bfbb
followup1,33,,variable_elimination,,,,,,,,,,,ccbcb762207d93aaa1d9974a581eca39c216b48418f10bf4aede5b5bfe6eddf4,0.001931782,0.02539779650488862,3b36342a3ac74ca7c2540ae5
followup1,33,,conditional_components,,,,,,,,,,,ccbcb762207d93aaa1d9974a581eca39c216b48418f10bf4aede5b5bfe6eddf4,0.101921418,0.03584284465540514,3b36342a3ac74ca7c2540ae5
followup1,33,,variable_elimination,,,,,,,,,,,01c08e92299c4542d3014d7c6c8a38e8fe7c70f568e8a77ff25fe70bb96d52d3,0.002071658,0.03164864441804291,e27dfc1cd3e7aa01448df448
followup1,33,,conditional_components,,,,,,,,,,,01c08e92299c4542d3014d7c6c8a38e8fe7c70f568e8a77ff25fe70bb96d52d3,0.107028355,0.010343034442964687,e27dfc1cd3e7aa01448df448
followup1,33,,variable_elimination,,,,,,,,,,,c75d0ef7d4223e97dcb605a2d4c6b9558d7fe9d7df075c2f998e9af26a45fc84,0.002055633,0.01763089388042184,8984908518a06f16ae81dc21
followup1,33,,conditional_components,,,,,,,,,,,c75d0ef7d4223e97dcb605a2d4c6b9558d7fe9d7df075c2f998e9af26a45fc84,0.104666803,0.06195713156502149,8984908518a06f16ae81dc21
followup1,37,,variable_elimination,,,,,,,,,,,a074a34c7e93d1c8050ebfd68afd717fd8c2b5d049841c4455fe5cb81c9d90ac,0.002384427,0.04298104697418339,a1b801f44e549c4dedb1f7b5
followup1,37,,conditional_components,,,,,,,,,,,a074a34c7e93d1c8050ebfd68afd717fd8c2b5d049841c4455fe5cb81c9d90ac,0.058742381,0.07205543578149669,a1b801f44e549c4dedb1f7b5
followup1,33,,variable_elimination,,,,,,,,,,,2cda09df356e7df6a6bd4a21d64918218117ce0c3891e9a32fa366cbe077e989,0.001944322,0.025151571145636775,b02bce0ce3d575454e0fcc14
followup1,33,,conditional_components,,,,,,,,,,,2cda09df356e7df6a6bd4a21d64918218117ce0c3891e9a32fa366cbe077e989,0.023673951,0.006685793249571218,b02bce0ce3d575454e0fcc14
followup1,33,,variable_elimination,,,,,,,,,,,1ce0be42381d583f576799ecce214eb3027f77283a3cf3daaf40e2237bf602d8,0.002055593,0.030478283783176907,e4da495d504d11d1e4791cf5
followup1,33,,conditional_components,,,,,,,,,,,1ce0be42381d583f576799ecce214eb3027f77283a3cf3daaf40e2237bf602d8,0.212455266,0.018154331315991614,e4da495d504d11d1e4791cf5
followup1,33,,variable_elimination,,,,,,,,,,,fd320518b2bfd87aefaa339553a41b8b1bf1c76ba9ee286903bea6f3a53746f7,0.002045868,0.021473689067715084,d8a506c2183ed1f0b421325e
followup1,33,,conditional_components,,,,,,,,,,,fd320518b2bfd87aefaa339553a41b8b1bf1c76ba9ee286903bea6f3a53746f7,0.024180959,0.01808409983084835,d8a506c2183ed1f0b421325e
followup1,33,,variable_elimination,,,,,,,,,,,f23005d67c27a6c76408f87ce1c8779504e1ba676fb6f367d521c32e698a29c8,0.002047725,0.023676828640167097,98a5c8a94f8fffe8d059b250
followup1,33,,conditional_components,,,,,,,,,,,f23005d67c27a6c76408f87ce1c8779504e1ba676fb6f367d521c32e698a29c8,0.022029586,0.006801091045794443,98a5c8a94f8fffe8d059b250
followup1,34,,variable_elimination,,,,,,,,,,,40ff26db57543a2e04d614a2673223c06b0013e1038bdf2ae2f5b03876360c7b,0.00203436,0.021449468679558145,dd1d41678a1f301bad203ee4
followup1,34,,conditional_components,,,,,,,,,,,40ff26db57543a2e04d614a2673223c06b0013e1038bdf2ae2f5b03876360c7b,0.3880329,0.0076971266351268,dd1d41678a1f301bad203ee4
followup1,34,,variable_elimination,,,,,,,,,,,01d37088684ee996d8327fbdf736d252c573d8950c7579a88a8b32f70774fa6e,0.001972944,0.03173603079860376,a402b0a57359db38708ca757
followup1,34,,conditional_components,,,,,,,,,,,01d37088684ee996d8327fbdf736d252c573d8950c7579a88a8b32f70774fa6e,0.207395289,0.009021762124909448,a402b0a57359db38708ca757
followup1,34,,variable_elimination,,,,,,,,,,,c49189fa5f4076a5b9eec0ed3b22dfe8fc32d4acfe4d83a07792654e4ad0052e,0.002026824,0.03182654382506924,2d6bc25b94a834d72075fad8
followup1,34,,conditional_components,,,,,,,,,,,c49189fa5f4076a5b9eec0ed3b22dfe8fc32d4acfe4d83a07792654e4ad0052e,0.102302906,0.004808603467358913,2d6bc25b94a834d72075fad8
followup1,34,,variable_elimination,,,,,,,,,,,6c3d94d27c7099906f493be0921799aaa8740038a7d3f61cf8fb580e5aee7299,0.002117205,0.01769458155689191,89fa954c1f2dd328dbe5241d
followup1,34,,conditional_components,,,,,,,,,,,6c3d94d27c7099906f493be0921799aaa8740038a7d3f61cf8fb580e5aee7299,0.107562877,0.005689293486066641,89fa954c1f2dd328dbe5241d
followup1,34,,variable_elimination,,,,,,,,,,,d3d012aa559820733c4e7bd4274687442afec6f4cd442c0a8c23a89090e28fe2,0.0019764,0.034058821485175965,f2a72f4a72b1edcc3b56e7b3
followup1,34,,conditional_components,,,,,,,,,,,d3d012aa559820733c4e7bd4274687442afec6f4cd442c0a8c23a89090e28fe2,0.106389767,0.0237298831391819,f2a72f4a72b1edcc3b56e7b3
followup1,34,,variable_elimination,,,,,,,,,,,70192f93136a4aa5963522f96c9a7f517433d7273436fbf2dedd8d83a09f911e,0.001991666,0.024275828424486993,3c42c56ac2c3e9874903dd10
followup1,34,,conditional_components,,,,,,,,,,,70192f93136a4aa5963522f96c9a7f517433d7273436fbf2dedd8d83a09f911e,0.025366082,0.023705565775777752,3c42c56ac2c3e9874903dd10
followup1,34,,variable_elimination,,,,,,,,,,,826ba7994054d64f6a0a5f8bfabeed569b2e12867621a7199089203d557da4a2,0.002053876,0.0330464396161961,d3cb05d25cf9a5885b34515c
followup1,34,,conditional_components,,,,,,,,,,,826ba7994054d64f6a0a5f8bfabeed569b2e12867621a7199089203d557da4a2,0.208845925,0.008421318825053122,d3cb05d25cf9a5885b34515c
followup1,34,,variable_elimination,,,,,,,,,,,a4c59f34253e689538bf8fc81b5244e1182ec756125d35bc3feaa945cecda4f2,0.002050956,0.07183455556781396,6f46c12dad154e511a499ee5
followup1,34,,conditional_components,,,,,,,,,,,a4c59f34253e689538bf8fc81b5244e1182ec756125d35bc3feaa945cecda4f2,0.025577542,0.011508002666397078,6f46c12dad154e511a499ee5
followup1,34,,variable_elimination,,,,,,,,,,,e1180d4cf0fd9a1a016cb4085ef6c549a017fcf79488d7d40e8429aa2cd429b6,0.002012977,0.29012265009289206,055b0b2fc34dafc146e616b5
followup1,34,,conditional_components,,,,,,,,,,,e1180d4cf0fd9a1a016cb4085ef6c549a017fcf79488d7d40e8429aa2cd429b6,0.02256202,0.02812255966337903,055b0b2fc34dafc146e616b5
followup1,34,,variable_elimination,,,,,,,,,,,e1180d4cf0fd9a1a016cb4085ef6c549a017fcf79488d7d40e8429aa2cd429b6,0.00202628,0.0318961113377141,25f5e070698323595ed93fc3
followup1,34,,conditional_components,,,,,,,,,,,e1180d4cf0fd9a1a016cb4085ef6c549a017fcf79488d7d40e8429aa2cd429b6,0.022466919,0.1024757662865242,25f5e070698323595ed93fc3
followup1,33,,variable_elimination,,,,,,,,,,,0b58bd08c25e0a0837f584af6665fb4ebbc70e104b3e7b9b48c5d4e8e6bfdbc1,0.001975493,0.026013748482009682,8fd1d97f74da6f12189f1855
followup1,33,,conditional_components,,,,,,,,,,,0b58bd08c25e0a0837f584af6665fb4ebbc70e104b3e7b9b48c5d4e8e6bfdbc1,0.216211439,0.008229706542604414,8fd1d97f74da6f12189f1855
followup1,33,,variable_elimination,,,,,,,,,,,36415956b8bf259cec4108c4a57075645a4c2aa64007a0bedf6b9dd9a3773967,0.002100826,0.018945077842670643,47b10de23cded707ad0edac6
followup1,33,,conditional_components,,,,,,,,,,,36415956b8bf259cec4108c4a57075645a4c2aa64007a0bedf6b9dd9a3773967,0.11261197,0.02039661628244457,47b10de23cded707ad0edac6
followup1,33,,variable_elimination,,,,,,,,,,,6a5e75a0d5a78bda9a1c5f47078ac093e095fecc2cb74bae4e6a3e7a1b2bba3e,0.002036526,0.024258974182666815,febb820648b5094e31f1ae24
followup1,33,,conditional_components,,,,,,,,,,,6a5e75a0d5a78bda9a1c5f47078ac093e095fecc2cb74bae4e6a3e7a1b2bba3e,0.406446358,0.008849001798132796,febb820648b5094e31f1ae24
followup1,35,,variable_elimination,,,,,,,,,,,48dcc1fc60e21011b503db0fb50e241270695f537837f8b3ff3f74264713f29a,0.002092157,0.025166113705488543,4b3f8585c842565370a079f4
followup1,35,,conditional_components,,,,,,,,,,,48dcc1fc60e21011b503db0fb50e241270695f537837f8b3ff3f74264713f29a,0.384665305,0.01717385510863179,4b3f8585c842565370a079f4
followup1,35,,variable_elimination,,,,,,,,,,,b65cb8c150d467ac89d03636e026343bcf436910db5dfb36e5ec41491ea3d561,0.002034813,0.029091529793969527,98d46ac5673318359756eb85
followup1,35,,conditional_components,,,,,,,,,,,b65cb8c150d467ac89d03636e026343bcf436910db5dfb36e5ec41491ea3d561,0.207124386,0.0050564074757685614,98d46ac5673318359756eb85
followup1,35,,variable_elimination,,,,,,,,,,,4ac493b44077c5c0a56f6821815011f0652569deb855c71954f1839feb166739,0.002042962,0.04867894337701431,a43e22182b804026c91dbc60
followup1,35,,conditional_components,,,,,,,,,,,4ac493b44077c5c0a56f6821815011f0652569deb855c71954f1839feb166739,0.102686396,0.015667890665556575,a43e22182b804026c91dbc60
followup1,35,,variable_elimination,,,,,,,,,,,2f0aa7fbd2f85b6a3162281e3d1d39e7c84b06672c7a11d6233dff5e6b79c381,0.002100827,0.03858196121035597,873d29570fd706bc4cf5c9e3
followup1,35,,conditional_components,,,,,,,,,,,2f0aa7fbd2f85b6a3162281e3d1d39e7c84b06672c7a11d6233dff5e6b79c381,0.108890041,0.015170359347577428,873d29570fd706bc4cf5c9e3
followup1,35,,variable_elimination,,,,,,,,,,,24dc8fca8c9e051cced615186721f5f7f3b4f2883bd54c6564413e256000b6df,0.002015379,0.033100856808097774,2c1bfdfedbb3a3e9af9955ec
followup1,35,,conditional_components,,,,,,,,,,,24dc8fca8c9e051cced615186721f5f7f3b4f2883bd54c6564413e256000b6df,0.108013461,0.005269598522475777,2c1bfdfedbb3a3e9af9955ec
followup1,35,,variable_elimination,,,,,,,,,,,2eebf41d2c38ad50237b2c61cacdef1f825db70a8c43630fa30a3321b0e09184,0.002023799,0.024243748869809897,ba94e3fe6fa73605656c795c
followup1,35,,conditional_components,,,,,,,,,,,2eebf41d2c38ad50237b2c61cacdef1f825db70a8c43630fa30a3321b0e09184,0.026734123,0.008862504484492691,ba94e3fe6fa73605656c795c
followup1,35,,variable_elimination,,,,,,,,,,,d8d77fa2c51e1f3068d065619bd1ce1d5b5cae265e1e81efb330d0925d739a6c,0.002111765,0.018532734167972638,65274611314a6996716d6cb9
followup1,35,,conditional_components,,,,,,,,,,,d8d77fa2c51e1f3068d065619bd1ce1d5b5cae265e1e81efb330d0925d739a6c,0.20757755,0.011410861080777815,65274611314a6996716d6cb9
followup1,35,,variable_elimination,,,,,,,,,,,24affd050efb3f6607e681f88e2b4aec2e2ea096b9ac1d723022414362b47dfd,0.002060057,0.030353182722022004,9782698f87635cbe9820f2ed
followup1,35,,conditional_components,,,,,,,,,,,24affd050efb3f6607e681f88e2b4aec2e2ea096b9ac1d723022414362b47dfd,0.027156889,0.004166391296769504,9782698f87635cbe9820f2ed
followup1,35,,variable_elimination,,,,,,,,,,,0f4dbc66261987fc2579b0ec3335ad2c4d8b44b9093750be3ae1e6f91a1a83a2,0.002068315,0.04028914203970458,1938a789903580efe46eec33
followup1,35,,conditional_components,,,,,,,,,,,0f4dbc66261987fc2579b0ec3335ad2c4d8b44b9093750be3ae1e6f91a1a83a2,0.02325248,0.005326066542533773,1938a789903580efe46eec33
followup1,34,,variable_elimination,,,,,,,,,,,7e1e14c4fc02ac89b728b04cdb27b516f6ca4fdaffb848261d14a6404bb587dd,0.0019962,0.026818865550174768,b71100d308ab07e134e7eaa8
followup1,34,,conditional_components,,,,,,,,,,,7e1e14c4fc02ac89b728b04cdb27b516f6ca4fdaffb848261d14a6404bb587dd,0.218549806,0.01544522303989442,b71100d308ab07e134e7eaa8
followup1,34,,variable_elimination,,,,,,,,,,,8dfc4b36ecf14401a45872f2242feb30682c6d6b14c089eb2861466b39284a66,0.0020779,0.037072945156357014,fbc76778f105cf230499c8f5
followup1,34,,conditional_components,,,,,,,,,,,8dfc4b36ecf14401a45872f2242feb30682c6d6b14c089eb2861466b39284a66,0.112688557,0.008981444499814946,fbc76778f105cf230499c8f5
followup1,34,,variable_elimination,,,,,,,,,,,523dc5c214ed04fde10c437a1df88743d171ab75bd04974047935b38df6758ab,0.002078585,0.025744211138263997,a175c6233a97fd323a97cdd6
followup1,34,,conditional_components,,,,,,,,,,,523dc5c214ed04fde10c437a1df88743d171ab75bd04974047935b38df6758ab,0.408053766,0.008541448731766096,a175c6233a97fd323a97cdd6
followup1,35,,variable_elimination,,,,,,,,,,,266ee24cbfd075c7421f1477e4a58d8204874df9acbc08da817b39e0f9b6db66,0.002051357,0.025491780926345325,34b525d2dd6a55dd2b31a5e2
followup1,35,,conditional_components,,,,,,,,,,,266ee24cbfd075c7421f1477e4a58d8204874df9acbc08da817b39e0f9b6db66,0.217781486,0.027845851319702648,34b525d2dd6a55dd2b31a5e2
followup1,33,,variable_elimination,,,,,,,,,,,4f9e67aae1af6c60930f4c8228d45e6cd0a3e15b090d0b1a307bcc1c20359f8a,0.001900832,0.04550085074435725,7e60bf971fede92ec32dbfa0
followup1,33,,conditional_components,,,,,,,,,,,4f9e67aae1af6c60930f4c8228d45e6cd0a3e15b090d0b1a307bcc1c20359f8a,0.057466723,0.025365846347717016,7e60bf971fede92ec32dbfa0
followup1,33,,variable_elimination,,,,,,,,,,,690ebcebc37064d0fc4f87be2dbecc5f6f16f2ac049c1f199e3ae24aedcc51a2,0.001971595,0.056303254424976155,8be8de72dbb38028c4f9018e
followup1,33,,conditional_components,,,,,,,,,,,690ebcebc37064d0fc4f87be2dbecc5f6f16f2ac049c1f199e3ae24aedcc51a2,0.031637097,0.004150584315744839,8be8de72dbb38028c4f9018e
followup1,33,,variable_elimination,,,,,,,,,,,c0ca4ee34e5ea5d5a0e4fcdf3fd6441d707eeb0c2b2f208a0e5b64f480f81626,0.002008566,0.20334627852800002,30c20391a2f08f43886a718c
followup1,33,,conditional_components,,,,,,,,,,,c0ca4ee34e5ea5d5a0e4fcdf3fd6441d707eeb0c2b2f208a0e5b64f480f81626,0.025088992,0.008197544952552212,30c20391a2f08f43886a718c
followup1,33,,variable_elimination,,,,,,,,,,,c0ca4ee34e5ea5d5a0e4fcdf3fd6441d707eeb0c2b2f208a0e5b64f480f81626,0.002054463,0.05299996119545406,9af12029a5ed306547a13652
followup1,33,,conditional_components,,,,,,,,,,,c0ca4ee34e5ea5d5a0e4fcdf3fd6441d707eeb0c2b2f208a0e5b64f480f81626,0.025433927,0.0829591388862854,9af12029a5ed306547a13652
followup1,33,,variable_elimination,,,,,,,,,,,d983bb931933500c70dfb32d4fd18a67c470d30ae56b8733385bfddf5b847c7d,0.001894594,0.03957052249962442,22de209492bcc8f4b985f7a0
followup1,33,,conditional_components,,,,,,,,,,,d983bb931933500c70dfb32d4fd18a67c470d30ae56b8733385bfddf5b847c7d,0.031909873,0.00303457079754618,22de209492bcc8f4b985f7a0
followup1,33,,variable_elimination,,,,,,,,,,,8de9e0c18d164fde7ec992f41dddf7d39706e6bfbc8b1b7fb92fc6bc8f83080a,0.001937131,0.03189870147740632,3b2d29641f6f3d0acb4ec8ac
followup1,33,,conditional_components,,,,,,,,,,,8de9e0c18d164fde7ec992f41dddf7d39706e6bfbc8b1b7fb92fc6bc8f83080a,0.813118732,0.013669751673736375,3b2d29641f6f3d0acb4ec8ac
followup1,34,,variable_elimination,,,,,,,,,,,8906ad0973de5340555ca905f1d96cf7f987718d714315da38486796d548fb86,0.001930918,0.034038983548499685,acbeb7316e3f339ac9e02905
followup1,34,,conditional_components,,,,,,,,,,,8906ad0973de5340555ca905f1d96cf7f987718d714315da38486796d548fb86,0.05905657,0.022098877331277824,acbeb7316e3f339ac9e02905
followup1,34,,variable_elimination,,,,,,,,,,,fb0c6bcfe66be5e2e06e006de2b30c8bff729abf672c4a31eda7e5adba8349f0,0.002028421,0.04334741159069186,f777b99621032239b4978639
followup1,34,,conditional_components,,,,,,,,,,,fb0c6bcfe66be5e2e06e006de2b30c8bff729abf672c4a31eda7e5adba8349f0,0.033294725,0.0061180612981720445,f777b99621032239b4978639
followup1,34,,variable_elimination,,,,,,,,,,,bab20ab4e1719b93d0eb25e80309e6479862dbade61fd2fb3dfbe51ab18af29e,0.002106437,0.036789851316162255,487bfa892bea8ad59c5a7c7c
followup1,34,,conditional_components,,,,,,,,,,,bab20ab4e1719b93d0eb25e80309e6479862dbade61fd2fb3dfbe51ab18af29e,0.027616391,0.023177307494644854,487bfa892bea8ad59c5a7c7c
followup1,34,,variable_elimination,,,,,,,,,,,f3d66a5abc2a3b44532e28bcfca11bf71871aa1406e06e4ba655845e9a1f33cb,0.002074328,0.023769346495194795,92c58df642f5623a86f0b0bc
followup1,34,,conditional_components,,,,,,,,,,,f3d66a5abc2a3b44532e28bcfca11bf71871aa1406e06e4ba655845e9a1f33cb,0.032410354,0.048642655206910176,92c58df642f5623a86f0b0bc
followup1,34,,variable_elimination,,,,,,,,,,,fcd3ae0a4a06ccc9ac23334ca0629db6da2ed7f81169778dd882ff0e9616811a,0.001999964,0.031765870458899656,9cce68946a5d87857892f318
followup1,34,,conditional_components,,,,,,,,,,,fcd3ae0a4a06ccc9ac23334ca0629db6da2ed7f81169778dd882ff0e9616811a,0.823664551,0.017479305910419914,9cce68946a5d87857892f318
followup1,37,,variable_elimination,,,,,,,,,,,c9681917479440d5ae60f4cc5b2a626a608a917be462cf77506357fbb9bcfd58,0.002288954,0.05588687329236465,7215a02c8439c9983e24f791
followup1,37,,conditional_components,,,,,,,,,,,c9681917479440d5ae60f4cc5b2a626a608a917be462cf77506357fbb9bcfd58,0.060382265,0.006205181259508638,7215a02c8439c9983e24f791
followup1,37,,variable_elimination,,,,,,,,,,,8f52656f52635e4c3191bef0759df791aeb1279848d782c1ef61b03036cc3e86,0.002261191,0.035123452809895366,f3b781234bb28e300cffc4f7
followup1,37,,conditional_components,,,,,,,,,,,8f52656f52635e4c3191bef0759df791aeb1279848d782c1ef61b03036cc3e86,0.118936332,0.024040699281740536,f3b781234bb28e300cffc4f7
followup1,37,,variable_elimination,,,,,,,,,,,25a448f7183bd9486d5116be5cb91110191235d082e468b1095d5fc9f2bb8022,0.002261748,0.04761648411962715,a0bab68d2370a4c85b9f2b5e
followup1,37,,conditional_components,,,,,,,,,,,25a448f7183bd9486d5116be5cb91110191235d082e468b1095d5fc9f2bb8022,0.083055704,0.0026410879385891,a0bab68d2370a4c85b9f2b5e
followup1,37,,variable_elimination,,,,,,,,,,,2fe2d2e7772b9dddc8011b8edd79b9623b3edccdcae7b2f51b9ae5707543730c,0.00241356,0.04108065168552258,7f4aa5a40f1992f4f016db95
followup1,37,,conditional_components,,,,,,,,,,,2fe2d2e7772b9dddc8011b8edd79b9623b3edccdcae7b2f51b9ae5707543730c,0.050357271,0.05418390724559814,7f4aa5a40f1992f4f016db95
followup1,40,,variable_elimination,,,,,,,,,,,278a38df2fd9119a87317d483e6fde159164be0edc49223af9c3e3a6db7b98a2,0.002713172,0.02897418821878898,687146cc90cdd0d310b8b327
followup1,40,,conditional_components,,,,,,,,,,,278a38df2fd9119a87317d483e6fde159164be0edc49223af9c3e3a6db7b98a2,0.806746038,0.005462607637381783,687146cc90cdd0d310b8b327
followup1,37,,variable_elimination,,,,,,,,,,,fbb2e61bd9bb4e9773af278f290b61d2436d69388d24f24253919cd93ec4ac43,0.002562892,0.10834013604303246,df499d16b0bd483510f4a56f
followup1,37,,conditional_components,,,,,,,,,,,fbb2e61bd9bb4e9773af278f290b61d2436d69388d24f24253919cd93ec4ac43,0.096683404,0.027697407888904207,df499d16b0bd483510f4a56f
followup1,37,,variable_elimination,,,,,,,,,,,a37c064014c15df81604023e7112adcb9eeaf117a4f4a7bd4e799745d8550287,0.002262862,0.031815429574325205,c76c8d8dc5233fdf09f23730
followup1,37,,conditional_components,,,,,,,,,,,a37c064014c15df81604023e7112adcb9eeaf117a4f4a7bd4e799745d8550287,0.228261395,0.029857220731511595,c76c8d8dc5233fdf09f23730
followup1,37,,variable_elimination,,,,,,,,,,,019440ea2c65b91dde3699d81c8d28e9704705740307630b61c87a6eb265ed7c,0.002383532,0.03058901968868356,4b3d8de1f372009533634a89
followup1,37,,conditional_components,,,,,,,,,,,019440ea2c65b91dde3699d81c8d28e9704705740307630b61c87a6eb265ed7c,0.075595965,0.03133150435276378,4b3d8de1f372009533634a89
followup1,37,,variable_elimination,,,,,,,,,,,6b3b318bddc37b3ee7c755c77e0a09c58724f54a8a87f4c33793f7c1a6168114,0.002253212,0.029006057560779182,80371a9e6b997eebcaec8464
followup1,37,,conditional_components,,,,,,,,,,,6b3b318bddc37b3ee7c755c77e0a09c58724f54a8a87f4c33793f7c1a6168114,0.136013144,0.0067317563650743555,80371a9e6b997eebcaec8464
followup1,37,,variable_elimination,,,,,,,,,,,ca7790c684b7293477079c195062e91001c1154683fe9cddd1a54a219b61bb85,0.002282254,0.03478046676227904,130e6492ab88fa65aeef49e6
followup1,37,,conditional_components,,,,,,,,,,,ca7790c684b7293477079c195062e91001c1154683fe9cddd1a54a219b61bb85,0.045123315,0.15934429331039876,130e6492ab88fa65aeef49e6
followup1,37,,variable_elimination,,,,,,,,,,,ca7790c684b7293477079c195062e91001c1154683fe9cddd1a54a219b61bb85,0.002307954,0.02730412945567286,658f25716f2e37ea43ef591a
followup1,37,,conditional_components,,,,,,,,,,,ca7790c684b7293477079c195062e91001c1154683fe9cddd1a54a219b61bb85,0.045335019,0.053159598389569324,658f25716f2e37ea43ef591a
followup1,37,,variable_elimination,,,,,,,,,,,029cdab8b81c2495a5e2c5c9c3744fcc1736127c8fd73844dd671fa22d8983f2,0.002320035,0.03216596346991333,8be1e55279a5973260d26b17
followup1,37,,conditional_components,,,,,,,,,,,029cdab8b81c2495a5e2c5c9c3744fcc1736127c8fd73844dd671fa22d8983f2,0.816738924,0.004690775874513034,8be1e55279a5973260d26b17
followup1,37,,variable_elimination,,,,,,,,,,,985e156e3c29e9c0bbd120eaf6a6db496a25a4f6210ed34413d72191f0c509e6,0.002532019,0.03898869228500469,c439da4fefe2fc7862391528
followup1,37,,conditional_components,,,,,,,,,,,985e156e3c29e9c0bbd120eaf6a6db496a25a4f6210ed34413d72191f0c509e6,0.229850403,0.013880209587729111,c439da4fefe2fc7862391528
followup1,38,,variable_elimination,,,,,,,,,,,7293a9f699602ee41b61f48b50097ceb05e07cdca23130790f824b48dff387b4,0.002345897,0.02938236680657088,dbe5c69251ed6c81879d7e3f
followup1,38,,conditional_components,,,,,,,,,,,7293a9f699602ee41b61f48b50097ceb05e07cdca23130790f824b48dff387b4,0.222272078,0.01757995356991515,dbe5c69251ed6c81879d7e3f
followup1,38,,variable_elimination,,,,,,,,,,,6140a699a722406368e5ba7bb447c5430b870486ec79471e0e6b443b101ad1ff,0.002308481,0.05153697706964672,00018fd0484b7749baba0e30
followup1,38,,conditional_components,,,,,,,,,,,6140a699a722406368e5ba7bb447c5430b870486ec79471e0e6b443b101ad1ff,0.039709372,0.06375857186976555,00018fd0484b7749baba0e30
followup1,38,,variable_elimination,,,,,,,,,,,08ea3b6be1cdacb1d8e14e86fc106093c84c7c7d1078a7912ba56cfb4b1a06df,0.002267908,0.028605118161095858,0252fa55ea9b9498747692b6
followup1,38,,conditional_components,,,,,,,,,,,08ea3b6be1cdacb1d8e14e86fc106093c84c7c7d1078a7912ba56cfb4b1a06df,0.159596274,0.009256235988629187,0252fa55ea9b9498747692b6
followup1,38,,variable_elimination,,,,,,,,,,,7c2b9b9ad6333beb7bdaa9931f7fa0d04c5abfae0a92703e933e67eed24fbd21,0.002584816,0.045757918719498816,0af9aa2521be34f0bef3f6ff
followup1,38,,conditional_components,,,,,,,,,,,7c2b9b9ad6333beb7bdaa9931f7fa0d04c5abfae0a92703e933e67eed24fbd21,0.017622067,0.007701818381807555,0af9aa2521be34f0bef3f6ff
followup1,38,,variable_elimination,,,,,,,,,,,0a4f70e3042805349a98302f0bd40b9dbdde3650281373d7a27586dfcc0c88fa,0.00247943,0.03509208359571246,818ce2c879d6fc6c0ddecfa5
followup1,38,,conditional_components,,,,,,,,,,,0a4f70e3042805349a98302f0bd40b9dbdde3650281373d7a27586dfcc0c88fa,0.218775501,0.0033733652895639255,818ce2c879d6fc6c0ddecfa5
followup1,38,,variable_elimination,,,,,,,,,,,9370def401f33c6ca37be0b982dd35cf89756d865a7db92c7483fa088c16d7cf,0.002461274,0.017869378778149304,9dff8a907d2e8c4f5a5c9e48
followup1,38,,conditional_components,,,,,,,,,,,9370def401f33c6ca37be0b982dd35cf89756d865a7db92c7483fa088c16d7cf,0.433945037,0.0059224601726836175,9dff8a907d2e8c4f5a5c9e48
followup1,38,,variable_elimination,,,,,,,,,,,94d8d9ad03f9e87f99cc68ad184ffcbafd7ce7ac060b7ed137c169040f06f000,0.002389746,0.029343647149543853,a5ea9eeb75c87c5415f1bc67
followup1,38,,conditional_components,,,,,,,,,,,94d8d9ad03f9e87f99cc68ad184ffcbafd7ce7ac060b7ed137c169040f06f000,0.222962826,0.021987600715341664,a5ea9eeb75c87c5415f1bc67
followup1,38,,variable_elimination,,,,,,,,,,,48779d186c8248743f955607cb3830dd60d0f07d11325ef4c15799ba3f12ff3b,0.002453684,0.15446426640608688,ecf3abd1be42be2776d5e951
followup1,38,,conditional_components,,,,,,,,,,,48779d186c8248743f955607cb3830dd60d0f07d11325ef4c15799ba3f12ff3b,0.122567109,0.019508843870448184,ecf3abd1be42be2776d5e951
followup1,38,,variable_elimination,,,,,,,,,,,48779d186c8248743f955607cb3830dd60d0f07d11325ef4c15799ba3f12ff3b,0.002406768,0.027726230588758227,db698414784bc2c6cbe39ea5
followup1,38,,conditional_components,,,,,,,,,,,48779d186c8248743f955607cb3830dd60d0f07d11325ef4c15799ba3f12ff3b,0.123040292,0.01663823656117939,db698414784bc2c6cbe39ea5
followup1,38,,variable_elimination,,,,,,,,,,,bb27d395d3b03015de6cdc4479e0e366f94e1a9d66191db7ca71e13bcf5a21f9,0.002479935,0.020651743042070892,42a243f0468dc958d1017ed4
followup1,38,,conditional_components,,,,,,,,,,,bb27d395d3b03015de6cdc4479e0e366f94e1a9d66191db7ca71e13bcf5a21f9,0.218518475,0.006772761621594778,42a243f0468dc958d1017ed4
followup1,38,,variable_elimination,,,,,,,,,,,ea6cdfc45e8859e83fa92fc89f475066b9d9e1dd6b79cec10db9c557ae9807dd,0.00250686,0.050411600817980316,6992bbf453687fada1925500
followup1,38,,conditional_components,,,,,,,,,,,ea6cdfc45e8859e83fa92fc89f475066b9d9e1dd6b79cec10db9c557ae9807dd,0.253370129,0.017109845642588342,6992bbf453687fada1925500
followup1,36,,variable_elimination,,,,,,,,,,,4c56e7bf05717a440d066851d0716279ac1841b4d86c6be1d11c28cbba4f2b62,0.002240304,0.027417049833345256,361ece0c1651221a71259c4a
followup1,36,,conditional_components,,,,,,,,,,,4c56e7bf05717a440d066851d0716279ac1841b4d86c6be1d11c28cbba4f2b62,0.071254405,0.03928060439787237,361ece0c1651221a71259c4a
followup1,36,,variable_elimination,,,,,,,,,,,69268e48067b04bb086b31404eb15866e1d86baf7d732f3542b4726be97645ed,0.00218948,0.028485858862643147,d6691cde570c0822316a2fd6
followup1,36,,conditional_components,,,,,,,,,,,69268e48067b04bb086b31404eb15866e1d86baf7d732f3542b4726be97645ed,0.034325733,0.042939649481480394,d6691cde570c0822316a2fd6
followup1,36,,variable_elimination,,,,,,,,,,,edc607ffa6d79241fa2ba19a697337ae4fdbe8aba2d2da7f0bd3516bca1e44f9,0.002230258,0.03095503426268051,85b64de9b2931f8429ac75be
followup1,36,,conditional_components,,,,,,,,,,,edc607ffa6d79241fa2ba19a697337ae4fdbe8aba2d2da7f0bd3516bca1e44f9,0.059838913,0.027274058431196995,85b64de9b2931f8429ac75be
followup1,36,,variable_elimination,,,,,,,,,,,b16bdc5b2f0318e1dfa95c9cee7362bd8b61147f8bc1ac3b8f067a598b0cd318,0.002173382,0.03854414782049971,ed92fc0034fd6d723066bda5
followup1,36,,conditional_components,,,,,,,,,,,b16bdc5b2f0318e1dfa95c9cee7362bd8b61147f8bc1ac3b8f067a598b0cd318,0.114191849,0.0020071098240684922,ed92fc0034fd6d723066bda5
followup1,36,,variable_elimination,,,,,,,,,,,fedf8bfcd82be0fa1321242387a16e827be37dd61fab82f3ef35ebda05f8651e,0.002181947,0.034501682407348834,8fec92e65d235207ccbe4be9
followup1,36,,conditional_components,,,,,,,,,,,fedf8bfcd82be0fa1321242387a16e827be37dd61fab82f3ef35ebda05f8651e,0.057780736,0.005572618930827011,8fec92e65d235207ccbe4be9
followup1,36,,variable_elimination,,,,,,,,,,,a6d2a913d78ed5463ce42107dd4cd0d610738e3592d583ef07de2aff1ffeec4a,0.002691378,0.08766107213339948,3a857593d140f4af3e68b4c5
followup1,36,,conditional_components,,,,,,,,,,,a6d2a913d78ed5463ce42107dd4cd0d610738e3592d583ef07de2aff1ffeec4a,0.037034902,0.07546911384101064,3a857593d140f4af3e68b4c5
followup1,39,,variable_elimination,,,,,,,,,,,973ecdd0f6b5f07cf3c07473cc908fa2e89a2781fced828465bbcb4701ccdd66,0.002403953,0.017229631674134962,9d4e407fd496346e41f2834f
followup1,39,,conditional_components,,,,,,,,,,,973ecdd0f6b5f07cf3c07473cc908fa2e89a2781fced828465bbcb4701ccdd66,0.117269282,0.02891907836354102,9d4e407fd496346e41f2834f
followup1,39,,variable_elimination,,,,,,,,,,,c7966a893631af06a59b7d7d494d6931ed13e5d18639c5eda497c4deb5e80a5a,0.002641436,0.576747846741731,a8cc788fec64aa3603a4697d
followup1,39,,conditional_components,,,,,,,,,,,c7966a893631af06a59b7d7d494d6931ed13e5d18639c5eda497c4deb5e80a5a,0.418040854,0.002882465325992879,a8cc788fec64aa3603a4697d
followup1,39,,variable_elimination,,,,,,,,,,,c7966a893631af06a59b7d7d494d6931ed13e5d18639c5eda497c4deb5e80a5a,0.002528117,0.5815264723856304,b3c7aa9e65e1c2a45f98fa05
followup1,39,,conditional_components,,,,,,,,,,,c7966a893631af06a59b7d7d494d6931ed13e5d18639c5eda497c4deb5e80a5a,0.419034354,0.0056548818584977074,b3c7aa9e65e1c2a45f98fa05
followup1,39,,variable_elimination,,,,,,,,,,,c7966a893631af06a59b7d7d494d6931ed13e5d18639c5eda497c4deb5e80a5a,0.002510079,0.578253947209765,ff7953d2e70bb5c2019ab0f9
followup1,39,,conditional_components,,,,,,,,,,,c7966a893631af06a59b7d7d494d6931ed13e5d18639c5eda497c4deb5e80a5a,0.419592197,0.021184567467794888,ff7953d2e70bb5c2019ab0f9
followup1,39,,variable_elimination,,,,,,,,,,,c7966a893631af06a59b7d7d494d6931ed13e5d18639c5eda497c4deb5e80a5a,0.002530593,0.5275323776091929,c7370c5e0bc5695a0cb838c8
followup1,39,,conditional_components,,,,,,,,,,,c7966a893631af06a59b7d7d494d6931ed13e5d18639c5eda497c4deb5e80a5a,0.418368531,0.010732938581903863,c7370c5e0bc5695a0cb838c8
followup1,39,,variable_elimination,,,,,,,,,,,3b75bac38b5b83f980cb6d63c1252598514eebb6d38261cb4ff79b603b67ab01,0.002665092,0.020420482388037835,557541adbe6d840482a02660
followup1,39,,conditional_components,,,,,,,,,,,3b75bac38b5b83f980cb6d63c1252598514eebb6d38261cb4ff79b603b67ab01,0.463460622,0.010968961648785724,557541adbe6d840482a02660
followup1,39,,variable_elimination,,,,,,,,,,,d725d3769b230dc5ab7617c7a35ce4997d9bb58541ccf7c9704edb03b366f456,0.002344218,0.040915384216430144,d79bca491b8fa1a1714b744d
followup1,39,,conditional_components,,,,,,,,,,,d725d3769b230dc5ab7617c7a35ce4997d9bb58541ccf7c9704edb03b366f456,0.039008408,0.0624175011862569,d79bca491b8fa1a1714b744d
followup1,39,,variable_elimination,,,,,,,,,,,67fde0a13065de25107612807a3b49cdf65e7508f138a237839c0d182e6d837b,0.002458463,0.02556284563144838,e63bbb28f6b23a3c97b12519
followup1,39,,conditional_components,,,,,,,,,,,67fde0a13065de25107612807a3b49cdf65e7508f138a237839c0d182e6d837b,0.174763876,0.023682970767083655,e63bbb28f6b23a3c97b12519
followup1,42,,variable_elimination,,,,,,,,,,,c9536901b0d4d29f04e49897dc817a1892189a1633ebf285136021cdaeb3175d,0.002868212,0.026286262650901494,1ec75587fee83d3e180267bb
followup1,42,,conditional_components,,,,,,,,,,,c9536901b0d4d29f04e49897dc817a1892189a1633ebf285136021cdaeb3175d,0.494032721,0.021638623168108606,1ec75587fee83d3e180267bb
followup1,41,,variable_elimination,,,,,,,,,,,2df8a4b3ebffd24073fec83dcf04281d1d6cb5b5ea982013a65d524ba660643a,0.002798763,0.02157235953781478,2ac5b1fed68ec85e7a5aeac0
followup1,41,,conditional_components,,,,,,,,,,,2df8a4b3ebffd24073fec83dcf04281d1d6cb5b5ea982013a65d524ba660643a,0.253960703,0.004853015367187354,2ac5b1fed68ec85e7a5aeac0
followup1,41,,variable_elimination,,,,,,,,,,,99d3f0a27e406e267d130b7328de8b4c8d987a981481d14e1727f90e2f818f73,0.002788864,0.6610296690599223,3b4abfbd9f99b22d53158101
followup1,41,,conditional_components,,,,,,,,,,,99d3f0a27e406e267d130b7328de8b4c8d987a981481d14e1727f90e2f818f73,0.043807236,0.00999177129630489,3b4abfbd9f99b22d53158101
followup1,41,,variable_elimination,,,,,,,,,,,99d3f0a27e406e267d130b7328de8b4c8d987a981481d14e1727f90e2f818f73,0.002701628,0.5853328486682866,24a33f2b488f43aac8491619
followup1,41,,conditional_components,,,,,,,,,,,99d3f0a27e406e267d130b7328de8b4c8d987a981481d14e1727f90e2f818f73,0.043860533,0.023473065295966596,24a33f2b488f43aac8491619
followup1,41,,variable_elimination,,,,,,,,,,,99d3f0a27e406e267d130b7328de8b4c8d987a981481d14e1727f90e2f818f73,0.002658283,0.5703380790180415,6663153c16da4b600ace483b
followup1,41,,conditional_components,,,,,,,,,,,99d3f0a27e406e267d130b7328de8b4c8d987a981481d14e1727f90e2f818f73,0.043510763,0.00690488642064403,6663153c16da4b600ace483b
followup1,41,,variable_elimination,,,,,,,,,,,99d3f0a27e406e267d130b7328de8b4c8d987a981481d14e1727f90e2f818f73,0.002651895,0.5169979990547963,0550adadc046afd765dbbb74
followup1,41,,conditional_components,,,,,,,,,,,99d3f0a27e406e267d130b7328de8b4c8d987a981481d14e1727f90e2f818f73,0.043671217,0.02316989612239311,0550adadc046afd765dbbb74
followup1,37,,variable_elimination,,,,,,,,,,,1f040c288ab26964a8fcd93d485d7118eadb172764813ef93be7485341267258,0.002320077,0.030577776436771155,8e9e5f66e36a6afc21f7f7a5
followup1,37,,conditional_components,,,,,,,,,,,1f040c288ab26964a8fcd93d485d7118eadb172764813ef93be7485341267258,0.449459871,0.006189634132902783,8e9e5f66e36a6afc21f7f7a5
followup1,37,,variable_elimination,,,,,,,,,,,24d9ce433c8167e4ee31521a082b4b03ca68b5a3eb6e0e098cac378a2e4557cd,0.002274558,0.038077256251767416,d111b8a3733d1092d5ea34d7
followup1,37,,conditional_components,,,,,,,,,,,24d9ce433c8167e4ee31521a082b4b03ca68b5a3eb6e0e098cac378a2e4557cd,0.440504085,0.011545720726793269,d111b8a3733d1092d5ea34d7
followup1,37,,variable_elimination,,,,,,,,,,,0c0cf1af5a68e39aedc1dd071bef4eb312c435f8e94e87214c58096f205e74ed,0.002280429,0.03784483924927985,21a7d3b97b42cb597c5a37e1
followup1,37,,conditional_components,,,,,,,,,,,0c0cf1af5a68e39aedc1dd071bef4eb312c435f8e94e87214c58096f205e74ed,0.142611386,0.027961635184055627,21a7d3b97b42cb597c5a37e1
followup1,37,,variable_elimination,,,,,,,,,,,81623d285c0fb8d60e7fd807ee8bac686f3e7c7aa70e8a29df721c18da687b2c,0.002150847,0.038046633968402514,f0797b4f3d6aa15895097a72
followup1,37,,conditional_components,,,,,,,,,,,81623d285c0fb8d60e7fd807ee8bac686f3e7c7aa70e8a29df721c18da687b2c,0.03472349,0.12535224424023758,f0797b4f3d6aa15895097a72
followup1,37,,variable_elimination,,,,,,,,,,,81623d285c0fb8d60e7fd807ee8bac686f3e7c7aa70e8a29df721c18da687b2c,0.002212139,0.10219724488316248,6cff97e48663a5929a190f7f
followup1,37,,conditional_components,,,,,,,,,,,81623d285c0fb8d60e7fd807ee8bac686f3e7c7aa70e8a29df721c18da687b2c,0.035174243,0.06590119484286892,6cff97e48663a5929a190f7f
followup1,37,,variable_elimination,,,,,,,,,,,0f9fab091d683dbe854574f0867d35d84692883d9ed40c33b36c4ec2e8b8d01a,0.002346382,0.023839136715377553,3347961582d4fcd9a405c90a
followup1,37,,conditional_components,,,,,,,,,,,0f9fab091d683dbe854574f0867d35d84692883d9ed40c33b36c4ec2e8b8d01a,0.856027431,0.01135730010766511,3347961582d4fcd9a405c90a
followup1,37,,variable_elimination,,,,,,,,,,,6931040d838152df031a3521d89d984eeba5f72892daa95138c6d730521b2505,0.002501691,0.06435322057773796,a7c74e2f3dc29ba60ea11dcb
followup1,37,,conditional_components,,,,,,,,,,,6931040d838152df031a3521d89d984eeba5f72892daa95138c6d730521b2505,0.086330544,0.050011901574453906,a7c74e2f3dc29ba60ea11dcb
followup1,37,,variable_elimination,,,,,,,,,,,dfd71a4ad2c90114fa2ef3881c75e01a0230bae2a8362d396760ac691b4d8b2a,0.002329129,0.030357578910708175,96ecc91a935ec7e21f201d68
followup1,37,,conditional_components,,,,,,,,,,,dfd71a4ad2c90114fa2ef3881c75e01a0230bae2a8362d396760ac691b4d8b2a,0.243609031,0.009094857031873049,96ecc91a935ec7e21f201d68
followup1,37,,variable_elimination,,,,,,,,,,,644f2fe3c939c373d08fda5b6c6f48a29f76dc7291057e1c8e9598b6d71663d1,0.002394604,0.043922409226303735,5c67e7d4355d593bcfdd53e8
followup1,37,,components,,,,,,,,,,,644f2fe3c939c373d08fda5b6c6f48a29f76dc7291057e1c8e9598b6d71663d1,0.116840393,0.012915989488661456,5c67e7d4355d593bcfdd53e8
followup1,37,,variable_elimination,,,,,,,,,,,f7898b52708409c7e821b99ae3ee13739a97eb8adad16d061e978f1f5ddfb27d,0.002260149,0.03736792564556921,944125fe1f42e7dd54eff398
followup1,37,,conditional_components,,,,,,,,,,,f7898b52708409c7e821b99ae3ee13739a97eb8adad16d061e978f1f5ddfb27d,0.431375633,0.017621468668909356,944125fe1f42e7dd54eff398
followup1,37,,variable_elimination,,,,,,,,,,,f095e02f12788348924f6a78e2883611c8d209c75eaac25a918585afa0f5ae58,0.002343679,0.04229482218835645,e92413aef1b749ef0c032fe3
followup1,37,,conditional_components,,,,,,,,,,,f095e02f12788348924f6a78e2883611c8d209c75eaac25a918585afa0f5ae58,0.030304034,0.08469156222833767,e92413aef1b749ef0c032fe3
followup1,37,,variable_elimination,,,,,,,,,,,22367b9f3e8041f4b8971f0ea88c8f839e24ffdc61f4c4ffbdf9c65991c53b5d,0.002265473,0.03062714356962053,73a7b727a1ecd55c88c29503
followup1,37,,conditional_components,,,,,,,,,,,22367b9f3e8041f4b8971f0ea88c8f839e24ffdc61f4c4ffbdf9c65991c53b5d,0.108196721,0.007116206498931003,73a7b727a1ecd55c88c29503
followup1,41,,variable_elimination,,,,,,,,,,,728966d0813cd266b423d6706e3c5ec3d8a1d59551a3a474747f6d775dee95c7,0.003350124,0.5164411376310531,8adcf0d2c94b562db83a6747
followup1,41,,conditional_components,,,,,,,,,,,728966d0813cd266b423d6706e3c5ec3d8a1d59551a3a474747f6d775dee95c7,0.241065945,0.016585272257790037,8adcf0d2c94b562db83a6747
followup1,41,,variable_elimination,,,,,,,,,,,728966d0813cd266b423d6706e3c5ec3d8a1d59551a3a474747f6d775dee95c7,0.002637893,0.5889737937408468,005b5a673dde09510d5c83dd
followup1,41,,conditional_components,,,,,,,,,,,728966d0813cd266b423d6706e3c5ec3d8a1d59551a3a474747f6d775dee95c7,0.237121797,0.012877917700181603,005b5a673dde09510d5c83dd
followup1,41,,variable_elimination,,,,,,,,,,,728966d0813cd266b423d6706e3c5ec3d8a1d59551a3a474747f6d775dee95c7,0.002664791,0.5814390234676975,12e867e7b14fe8c3f3294aff
followup1,41,,conditional_components,,,,,,,,,,,728966d0813cd266b423d6706e3c5ec3d8a1d59551a3a474747f6d775dee95c7,0.237445882,0.019856299146681966,12e867e7b14fe8c3f3294aff
followup1,41,,variable_elimination,,,,,,,,,,,728966d0813cd266b423d6706e3c5ec3d8a1d59551a3a474747f6d775dee95c7,0.002690835,0.5380517069065524,bc92d12a1db7388e67e87179
followup1,41,,conditional_components,,,,,,,,,,,728966d0813cd266b423d6706e3c5ec3d8a1d59551a3a474747f6d775dee95c7,0.237837729,0.008901818890063088,bc92d12a1db7388e67e87179
followup1,41,,variable_elimination,,,,,,,,,,,f7e76382294224f2dfa1cff5621e6ae234d1f9d6b3b6680f5c25cd413ba3d45c,0.004024607,0.4754955554047367,eb13255ab47a1b22431fdfcd
followup1,41,,conditional_components,,,,,,,,,,,f7e76382294224f2dfa1cff5621e6ae234d1f9d6b3b6680f5c25cd413ba3d45c,0.60473141,0.0035546369316861556,eb13255ab47a1b22431fdfcd
followup1,41,,variable_elimination,,,,,,,,,,,f7e76382294224f2dfa1cff5621e6ae234d1f9d6b3b6680f5c25cd413ba3d45c,0.002610538,0.6163241967830072,7fc715e6d728c78966ecdcd8
followup1,41,,conditional_components,,,,,,,,,,,f7e76382294224f2dfa1cff5621e6ae234d1f9d6b3b6680f5c25cd413ba3d45c,0.603991129,0.00867662200804979,7fc715e6d728c78966ecdcd8
followup1,41,,variable_elimination,,,,,,,,,,,f7e76382294224f2dfa1cff5621e6ae234d1f9d6b3b6680f5c25cd413ba3d45c,0.00262211,0.548287616257801,5f12f158ea2ad5d24e70b002
followup1,41,,conditional_components,,,,,,,,,,,f7e76382294224f2dfa1cff5621e6ae234d1f9d6b3b6680f5c25cd413ba3d45c,0.610538962,0.012470768967849112,5f12f158ea2ad5d24e70b002
followup1,41,,variable_elimination,,,,,,,,,,,f7e76382294224f2dfa1cff5621e6ae234d1f9d6b3b6680f5c25cd413ba3d45c,0.002627717,0.5606929891368271,10a099ead429693b93762967
followup1,41,,conditional_components,,,,,,,,,,,f7e76382294224f2dfa1cff5621e6ae234d1f9d6b3b6680f5c25cd413ba3d45c,0.607817285,0.011563731972084376,10a099ead429693b93762967
podrun1,100,,variable_elimination,,,,,,,,,,,d29058d8b9af220046711d898d37629965426acfd5b604f663f36e7a24e4ff47,0.02411371,0.010189522128150013,221056d4a5307319683e1bcf
podrun1,100,,conditional_components,,,,,,,,,,,d29058d8b9af220046711d898d37629965426acfd5b604f663f36e7a24e4ff47,0.453929575,0.005755257424598583,221056d4a5307319683e1bcf
podrun1,100,,variable_elimination,,,,,,,,,,,bafaacd30c59609ae0ac04c3372e9dab23f907d1b35dafef7de411c07e20b975,0.024456328,0.07433569913388527,24728d32980000795ae03a67
podrun1,100,,conditional_components,,,,,,,,,,,bafaacd30c59609ae0ac04c3372e9dab23f907d1b35dafef7de411c07e20b975,0.37018113,0.010896177510519696,24728d32980000795ae03a67
podrun1,105,,variable_elimination,,,,,,,,,,,27e9f049bc4fe9f2206af3a79e75600df39e5994b4915a5666ac74d1f58675e6,0.025176534,0.034820154490972303,1b5418cd2463ac4e3f717b83
podrun1,105,,conditional_components,,,,,,,,,,,27e9f049bc4fe9f2206af3a79e75600df39e5994b4915a5666ac74d1f58675e6,0.459918206,0.0045685364951468955,1b5418cd2463ac4e3f717b83
podrun1,105,,variable_elimination,,,,,,,,,,,c278dd4936917fc51b10b2a8e7b383499eca70582cf22161740d867bb4505c33,0.027292259,0.02984168575343175,663172cd78c16498fbbf566d
podrun1,105,,conditional_components,,,,,,,,,,,c278dd4936917fc51b10b2a8e7b383499eca70582cf22161740d867bb4505c33,0.393516876,0.017215813811538316,663172cd78c16498fbbf566d
podrun1,43,,variable_elimination,,,,,,,,,,,9182fb5ef9d1c36c73009a750b6f2507f61f42cac51ed943acac59d9f5e0d7d0,0.003944224,0.030801919472431716,101887c9fa1147ddc4241325
podrun1,43,,conditional_components,,,,,,,,,,,9182fb5ef9d1c36c73009a750b6f2507f61f42cac51ed943acac59d9f5e0d7d0,0.217938277,0.04184781788651105,101887c9fa1147ddc4241325
podrun1,43,,variable_elimination,,,,,,,,,,,3080d8c32c189ebfcd3746a724cffa9f181802990d8aaef7934ff9d93edafcca,0.003933793,0.028384964486673166,cc7607f7199d5194238c9504
podrun1,43,,conditional_components,,,,,,,,,,,3080d8c32c189ebfcd3746a724cffa9f181802990d8aaef7934ff9d93edafcca,0.416107146,0.0079057510807552,cc7607f7199d5194238c9504
podrun1,44,,variable_elimination,,,,,,,,,,,bbdc2283c4e0846f8cebd83971833ffab40bb1a5c3d90700649557e48ab4909d,0.00442398,0.12612393597138763,0372eac7f28f0ae65967ece3
podrun1,44,,conditional_components,,,,,,,,,,,bbdc2283c4e0846f8cebd83971833ffab40bb1a5c3d90700649557e48ab4909d,0.371059714,0.024936438065330944,0372eac7f28f0ae65967ece3
podrun1,43,,variable_elimination,,,,,,,,,,,9995ec9948e31c041867040b9db98a6efe9315cb9a8fc82dbf1b9a7051ae5ede,0.003726945,0.03291050859941519,23c06bab41dc7ef254df4607
podrun1,43,,conditional_components,,,,,,,,,,,9995ec9948e31c041867040b9db98a6efe9315cb9a8fc82dbf1b9a7051ae5ede,0.990711253,0.01108091020101519,23c06bab41dc7ef254df4607
podrun1,43,,variable_elimination,,,,,,,,,,,4dc694e405d37c095a7721150fea6c348c3ea23d965dac444d34de35653793ff,0.003725955,0.08813119969637528,473eecd6ce3fabbfc89f28a6
podrun1,43,,conditional_components,,,,,,,,,,,4dc694e405d37c095a7721150fea6c348c3ea23d965dac444d34de35653793ff,1.036078063,0.007872260096788994,473eecd6ce3fabbfc89f28a6
podrun1,44,,variable_elimination,,,,,,,,,,,8920f9183b23875fd7a0a94ce71f10d92664f2682d61bab546eb6e911e9f1fdc,0.004128433,0.013890450653112816,1d5a70d009bcf02a82ca06da
podrun1,44,,conditional_components,,,,,,,,,,,8920f9183b23875fd7a0a94ce71f10d92664f2682d61bab546eb6e911e9f1fdc,0.470007699,0.019916633181125087,1d5a70d009bcf02a82ca06da
podrun1,43,,variable_elimination,,,,,,,,,,,7646b782ab2d829e4f497d2bd429520d685853ffe98452031335b04cfd530e0c,0.004360001,0.030234664364401052,624c72480bb313ca67549934
podrun1,43,,conditional_components,,,,,,,,,,,7646b782ab2d829e4f497d2bd429520d685853ffe98452031335b04cfd530e0c,1.400796849,0.01983514270875542,624c72480bb313ca67549934
podrun1,44,,variable_elimination,,,,,,,,,,,4501f44100f130e2247e62ef9beb102dfa1e75ffee1b0c795578e87fe9c8739e,0.005024106,0.06041480878491742,3c2e4ab87a7f326ff9587ffe
podrun1,44,,conditional_components,,,,,,,,,,,4501f44100f130e2247e62ef9beb102dfa1e75ffee1b0c795578e87fe9c8739e,0.824074456,0.005851972577177705,3c2e4ab87a7f326ff9587ffe
podrun1,43,,variable_elimination,,,,,,,,,,,35fc9f29dea1ba756b8196b1588726347c6c7c4df60b7f994410ff3859aaac85,0.003797995,0.03086002879802018,60730e6643ea0ecf1512df8b
podrun1,43,,conditional_components,,,,,,,,,,,35fc9f29dea1ba756b8196b1588726347c6c7c4df60b7f994410ff3859aaac85,1.902355329,0.01015250078907944,60730e6643ea0ecf1512df8b
podrun1,44,,variable_elimination,,,,,,,,,,,27e76719ea5ec2bcc2096e5cffae79d2ad86e001fb12514eccdd86578e94b703,0.004272232,0.007931844089499278,d7feb6a75f7debe51016044b
podrun1,44,,conditional_components,,,,,,,,,,,27e76719ea5ec2bcc2096e5cffae79d2ad86e001fb12514eccdd86578e94b703,0.531533012,0.024710937325877657,d7feb6a75f7debe51016044b
podrun1,45,,variable_elimination,,,,,,,,,,,ea14a43d6ee95938191d09e4768e738d91b3721339e28c01dc309d22ee0dc2be,0.00453507,0.0312754037310244,1515935871c118f58913b994
podrun1,45,,conditional_components,,,,,,,,,,,ea14a43d6ee95938191d09e4768e738d91b3721339e28c01dc309d22ee0dc2be,0.338891568,0.015109639588033736,1515935871c118f58913b994
podrun1,39,,variable_elimination,,,,,,,,,,,4fa64c79660b16237c3f73c6fd630bc576ed40b1e2d28e2f451ca3d906c88d06,0.00302945,0.03016881332912958,72b1e349d5efd4dd3d0cdd48
podrun1,39,,conditional_components,,,,,,,,,,,4fa64c79660b16237c3f73c6fd630bc576ed40b1e2d28e2f451ca3d906c88d06,0.200343684,0.014515142866046674,72b1e349d5efd4dd3d0cdd48
podrun1,46,,variable_elimination,,,,,,,,,,,e553cda8fc5e4e98fef9a3940a36be26bf809581ff3b19da8573c413e7a5bc07,0.004288672,0.13009363995624934,428a0e1d0c6fe258145b7021
podrun1,46,,conditional_components,,,,,,,,,,,e553cda8fc5e4e98fef9a3940a36be26bf809581ff3b19da8573c413e7a5bc07,0.340314738,0.030440358010275965,428a0e1d0c6fe258145b7021
podrun1,41,,variable_elimination,,,,,,,,,,,9676010cf7edd05bf1f288851070a48f1497c60359ecd6077a79fa881c365edf,0.003349648,0.03750107297881273,7bc02d19b0c17391c9b5bb2c
podrun1,41,,conditional_components,,,,,,,,,,,9676010cf7edd05bf1f288851070a48f1497c60359ecd6077a79fa881c365edf,0.279101933,0.02388730977843003,7bc02d19b0c17391c9b5bb2c
podrun1,40,,variable_elimination,,,,,,,,,,,4982b61702457b49c8984200ccde01a874ffa231f1985d26a10e6daf55ecdcc0,0.00305572,0.03994524856357673,a6941b192923c14d413988ec
podrun1,40,,conditional_components,,,,,,,,,,,4982b61702457b49c8984200ccde01a874ffa231f1985d26a10e6daf55ecdcc0,0.06940112,0.11119726433032867,a6941b192923c14d413988ec
podrun1,33,,variable_elimination,,,,,,,,,,,989a8a397cf6deb01ced3803dc7487fd3e9ce1e5c79898d3a2df69672b6a6430,0.002306724,0.07930378723522598,868aff8d193d5c6c0c55285d
podrun1,33,,conditional_components,,,,,,,,,,,989a8a397cf6deb01ced3803dc7487fd3e9ce1e5c79898d3a2df69672b6a6430,0.043122135,0.11494239832195301,868aff8d193d5c6c0c55285d
podrun1,34,,variable_elimination,,,,,,,,,,,6b73a8770c0a458466ed67e4aa5c9dda42be395289a41ba8fd68d1cb6fc01197,0.002514033,0.034200957727976176,37a08c3c591457ed882f1a88
podrun1,34,,conditional_components,,,,,,,,,,,6b73a8770c0a458466ed67e4aa5c9dda42be395289a41ba8fd68d1cb6fc01197,0.048619198,0.11496517307259711,37a08c3c591457ed882f1a88
podrun1,40,,variable_elimination,,,,,,,,,,,5f88e22b09377f5932d3befb66c4d6186b5f50e3c42c7b231e5d713188ed425a,0.00298603,0.02506885685646599,7675ef89734bc2da0bb0d2f3
podrun1,40,,conditional_components,,,,,,,,,,,5f88e22b09377f5932d3befb66c4d6186b5f50e3c42c7b231e5d713188ed425a,0.11184699,0.02859300112005744,7675ef89734bc2da0bb0d2f3
podrun1,35,,variable_elimination,,,,,,,,,,,8ceefe88ac7270921fe84dee58fba091b56e44ccfe058e706582a237eff90cf3,0.002434664,0.029951477587961923,6aad4f5ed665d621d818febe
podrun1,35,,conditional_components,,,,,,,,,,,8ceefe88ac7270921fe84dee58fba091b56e44ccfe058e706582a237eff90cf3,0.053685094,0.06771423867176246,6aad4f5ed665d621d818febe
podrun1,37,,variable_elimination,,,,,,,,,,,22042657bf6c8ffd64239198413ec05eb8c4f23732a6fe94240e0ae4ce6d1f04,0.002804202,0.02953444643221573,cf28bdc50d3d3dffdec4b3f5
podrun1,37,,conditional_components,,,,,,,,,,,22042657bf6c8ffd64239198413ec05eb8c4f23732a6fe94240e0ae4ce6d1f04,1.103326988,0.01507392054272165,cf28bdc50d3d3dffdec4b3f5
podrun1,36,,variable_elimination,,,,,,,,,,,a470e9fe95f078c81eae0af49572b59da39d14b48b55cb9646ecbfdcf1971707,0.002994371,0.026137173066165933,632a47f3c7f5a9974eb7ee58
podrun1,36,,conditional_components,,,,,,,,,,,a470e9fe95f078c81eae0af49572b59da39d14b48b55cb9646ecbfdcf1971707,2.044497389,0.012007884956513757,632a47f3c7f5a9974eb7ee58
podrun1,40,,variable_elimination,,,,,,,,,,,5bfbf9b69caa24ec2989b0b7adb3fda84348abfb962ea888a91951c074ccc06b,0.003212758,0.014814161049801539,86867fd286ba566e45c5ee88
podrun1,40,,conditional_components,,,,,,,,,,,5bfbf9b69caa24ec2989b0b7adb3fda84348abfb962ea888a91951c074ccc06b,1.119194303,0.029262621945171003,86867fd286ba566e45c5ee88
podrun1,40,,variable_elimination,,,,,,,,,,,7fbc53cc932f854459cfa542cab33f1b03da97ce593913382c002bc3fe8daf70,0.003134969,0.07507400859567064,c95dc1718ae004af5b6d1956
podrun1,40,,conditional_components,,,,,,,,,,,7fbc53cc932f854459cfa542cab33f1b03da97ce593913382c002bc3fe8daf70,1.120019497,0.002985827945217642,c95dc1718ae004af5b6d1956
podrun1,40,,variable_elimination,,,,,,,,,,,dcf3b8110b9c5ba2ee4485b025875ef51e15c987646d09d7ee218525cb203798,0.003361287,0.030393762699057175,2220652c65667471bc7fcbae
podrun1,40,,conditional_components,,,,,,,,,,,dcf3b8110b9c5ba2ee4485b025875ef51e15c987646d09d7ee218525cb203798,1.123485505,0.0026851459353923607,2220652c65667471bc7fcbae
podrun1,37,,variable_elimination,,,,,,,,,,,442a3e2f4beee0364f026d3ae5008a05da773de302be31d6786be8985c72514f,0.002836991,0.04796063628308458,08a1e233a717f531d309c1dc
podrun1,37,,conditional_components,,,,,,,,,,,442a3e2f4beee0364f026d3ae5008a05da773de302be31d6786be8985c72514f,1.055591964,0.015090260724336346,08a1e233a717f531d309c1dc
podrun1,37,,variable_elimination,,,,,,,,,,,7f60d02352e70a4f03772105f94f3dc19b6c2b30307ca940651ebb53903545ff,0.002958901,0.043522807767374376,00efb640e204341e94bc59be
podrun1,37,,conditional_components,,,,,,,,,,,7f60d02352e70a4f03772105f94f3dc19b6c2b30307ca940651ebb53903545ff,1.056978105,0.004322326755371088,00efb640e204341e94bc59be
podrun1,38,,variable_elimination,,,,,,,,,,,097f5842c5631770f947fa662a0a056eab693265b99ed519e3c9a7763f02a62f,0.00309215,0.07213519599516241,2f74e610cd2d9c07e4d0a5ca
podrun1,38,,conditional_components,,,,,,,,,,,097f5842c5631770f947fa662a0a056eab693265b99ed519e3c9a7763f02a62f,0.103766223,0.07448633107848177,2f74e610cd2d9c07e4d0a5ca
podrun1,38,,variable_elimination,,,,,,,,,,,c3230ca712a324bb74bbbc79980cf5535c3e92afeee83319902e1f4c29ca30c9,0.002882141,0.06564537992677887,f0747adaa000899e12d90f0c
podrun1,38,,conditional_components,,,,,,,,,,,c3230ca712a324bb74bbbc79980cf5535c3e92afeee83319902e1f4c29ca30c9,0.312290183,0.0322783657677326,f0747adaa000899e12d90f0c
podrun1,38,,variable_elimination,,,,,,,,,,,0afe3b817de19edbe09bf27ce685cd4438be76a85a78372c4158ea788b466e48,0.00306891,0.04302680845657364,19208637c98619c2c9faf2f8
podrun1,38,,conditional_components,,,,,,,,,,,0afe3b817de19edbe09bf27ce685cd4438be76a85a78372c4158ea788b466e48,1.115566327,0.010383248629730488,19208637c98619c2c9faf2f8
podrun1,38,,variable_elimination,,,,,,,,,,,a9db358d2b16080baeed07c45a8b57f09b18cd83a6d9bf34738015e5429d7e11,0.003312358,0.09647137802186587,c86f69416381c77a76be0552
podrun1,38,,conditional_components,,,,,,,,,,,a9db358d2b16080baeed07c45a8b57f09b18cd83a6d9bf34738015e5429d7e11,0.110489648,0.12402850611428683,c86f69416381c77a76be0552
podrun1,40,,variable_elimination,,,,,,,,,,,d6acfffdf8c34ce08c53b607b3994d7677c22cc309fe981d838fc129176e045e,0.003257939,0.041779060911066555,9696defb131fec420e72a942
podrun1,40,,conditional_components,,,,,,,,,,,d6acfffdf8c34ce08c53b607b3994d7677c22cc309fe981d838fc129176e045e,2.117537946,0.004932192004937274,9696defb131fec420e72a942
podrun1,37,,variable_elimination,,,,,,,,,,,1987d0a735f1987b1a539b5ac3c324f72d745b5a596a4fe59e6d8bc0d732e192,0.002936011,0.036518357406361925,b7c43c10b95ba694c9c450ac
podrun1,37,,conditional_components,,,,,,,,,,,1987d0a735f1987b1a539b5ac3c324f72d745b5a596a4fe59e6d8bc0d732e192,2.122292734,0.016833038747738036,b7c43c10b95ba694c9c450ac
podrun1,38,,variable_elimination,,,,,,,,,,,290a62f0e0e766aaa9f1e04aa5875b8e38221682569ccc5e5459da9e64fb90de,0.00301931,0.04198122607478537,a72a3e445e7501a2619a4689
podrun1,38,,conditional_components,,,,,,,,,,,290a62f0e0e766aaa9f1e04aa5875b8e38221682569ccc5e5459da9e64fb90de,1.04697765,0.018856027336694482,a72a3e445e7501a2619a4689
podrun1,38,,variable_elimination,,,,,,,,,,,20c6e26bbfa94b53892e3683f38f81efe73f355123e1fe4e113e1789e517aad5,0.002817242,0.04216012131824255,ba43f0c5c499fb7e9d3ad93f
podrun1,38,,conditional_components,,,,,,,,,,,20c6e26bbfa94b53892e3683f38f81efe73f355123e1fe4e113e1789e517aad5,1.040347624,0.010471262926005394,ba43f0c5c499fb7e9d3ad93f
podrun1,38,,variable_elimination,,,,,,,,,,,61bb6ea65b5862a824f4bc124bfdbabec8f2fb600a6997dc456a5b35c968940c,0.002827571,0.054589845798922135,c7befba0b3f101aed97be297
podrun1,38,,conditional_components,,,,,,,,,,,61bb6ea65b5862a824f4bc124bfdbabec8f2fb600a6997dc456a5b35c968940c,2.062807337,0.013186558979391414,c7befba0b3f101aed97be297
podrun1,38,,variable_elimination,,,,,,,,,,,8232de448e12c34b11af037949e0aa425ebf231b56ce272983b5780b203d6adc,0.00303265,0.03963478747021208,cb708f8b94c877733f90396d
podrun1,38,,conditional_components,,,,,,,,,,,8232de448e12c34b11af037949e0aa425ebf231b56ce272983b5780b203d6adc,1.070439995,0.020434596710080934,cb708f8b94c877733f90396d
podrun1,38,,variable_elimination,,,,,,,,,,,e9b72553fc0bb40cb79a12a87e6d45267aa9949e00f76f1b8854a894eb459780,0.003058559,0.03886372759715026,f1dd2c582f0836904363bee5
podrun1,38,,conditional_components,,,,,,,,,,,e9b72553fc0bb40cb79a12a87e6d45267aa9949e00f76f1b8854a894eb459780,1.073430495,0.017631481472809,f1dd2c582f0836904363bee5
podrun1,36,,variable_elimination,,,,,,,,,,,9372015eb606e38994cefffe16b3b1168bf4078c8a98cdbcc42c088ba1b11d83,0.002590353,0.06660490722058343,63c28b95754bc1be5c005b58
podrun1,36,,conditional_components,,,,,,,,,,,9372015eb606e38994cefffe16b3b1168bf4078c8a98cdbcc42c088ba1b11d83,0.103567154,0.054043303318142305,63c28b95754bc1be5c005b58
podrun1,42,,variable_elimination,,,,,,,,,,,b5e7d448aad63d3f819776b5b506d285bc66134fc247ebe21b812f2933571706,0.003530436,0.01504985228145587,6c95fe34a17d0720bfc515b5
podrun1,42,,conditional_components,,,,,,,,,,,b5e7d448aad63d3f819776b5b506d285bc66134fc247ebe21b812f2933571706,0.111566721,0.08213662351077197,6c95fe34a17d0720bfc515b5
podrun1,42,,variable_elimination,,,,,,,,,,,ed1787193b8c079daf372b87fd86263a0e3599a16b54e81f2a206d0f51b8c749,0.003673426,0.2908493237745202,471f81f1bb21110e8dbd415b
podrun1,42,,conditional_components,,,,,,,,,,,ed1787193b8c079daf372b87fd86263a0e3599a16b54e81f2a206d0f51b8c749,0.326541918,0.020075087263083446,471f81f1bb21110e8dbd415b
podrun1,42,,variable_elimination,,,,,,,,,,,86c32d3a3233bd69a24285e7853073d719ef40a186158946dcf20c1f0a4c76ca,0.003801025,0.07304499639904279,18d95379f0052eb8f40b3df2
podrun1,42,,conditional_components,,,,,,,,,,,86c32d3a3233bd69a24285e7853073d719ef40a186158946dcf20c1f0a4c76ca,0.282887237,0.02478261476578246,18d95379f0052eb8f40b3df2
podrun1,42,,variable_elimination,,,,,,,,,,,c9990927033282c31b9267cb3b808d5588a3cc541ee8a50bda3e8274890ea770,0.003616766,0.05925654894588823,1ad637eb9d4a66d9e20cfe95
podrun1,42,,conditional_components,,,,,,,,,,,c9990927033282c31b9267cb3b808d5588a3cc541ee8a50bda3e8274890ea770,0.219996204,0.04085175715268804,1ad637eb9d4a66d9e20cfe95
podrun1,41,,variable_elimination,,,,,,,,,,,a390919123372a8fdac5746d81fe3d4ff8fbdfc013a59e7b8f7e00521b8f99dd,0.003257399,0.04617989432573099,d159744f96fdf655c60b81d5
podrun1,41,,conditional_components,,,,,,,,,,,a390919123372a8fdac5746d81fe3d4ff8fbdfc013a59e7b8f7e00521b8f99dd,0.20548381,0.043135147918883315,d159744f96fdf655c60b81d5
podrun1,36,,variable_elimination,,,,,,,,,,,d1536dab3d7ad397f74c4d39972cdea9fa64261d4980e6bc72e254b942127095,0.002665712,0.07157077004230082,d8be12096fbbb56cc41385d9
podrun1,36,,conditional_components,,,,,,,,,,,d1536dab3d7ad397f74c4d39972cdea9fa64261d4980e6bc72e254b942127095,2.02455731,0.00967729962684382,d8be12096fbbb56cc41385d9
podrun1,39,,variable_elimination,,,,,,,,,,,7350f9976651ae23dae81ed3573be6f54b98f5722ebfe5d89e73320e24f2f7c9,0.00301756,0.05755911801205545,9837598f2c93a594f3d834f9
podrun1,39,,conditional_components,,,,,,,,,,,7350f9976651ae23dae81ed3573be6f54b98f5722ebfe5d89e73320e24f2f7c9,1.191909382,0.018249960535282984,9837598f2c93a594f3d834f9
podrun1,41,,variable_elimination,,,,,,,,,,,d87de457ede6a8ca1e3473e07bfea2edc513795cf595378d723bbd2c54162ac1,0.003258738,0.03042253036029328,87778a8020c69944622677ff
podrun1,41,,conditional_components,,,,,,,,,,,d87de457ede6a8ca1e3473e07bfea2edc513795cf595378d723bbd2c54162ac1,0.606586005,0.02264419949445047,87778a8020c69944622677ff
podrun1,41,,variable_elimination,,,,,,,,,,,d8251642d42c7cfa6f6f2294835ae769e89ed4b89a53adddb3da657e9b41baa1,0.003521157,0.03291385455205682,483cd2892d2c0ae77fd64170
podrun1,41,,conditional_components,,,,,,,,,,,d8251642d42c7cfa6f6f2294835ae769e89ed4b89a53adddb3da657e9b41baa1,0.288364791,0.028369953733484048,483cd2892d2c0ae77fd64170
podrun1,41,,variable_elimination,,,,,,,,,,,979308f2bed93a4082c5f2d446c0cbc470c59687d0655b6b56a855058396abc3,0.004403641,0.06873191407317046,12cc3b30c118c8a76d0fab61
podrun1,41,,conditional_components,,,,,,,,,,,979308f2bed93a4082c5f2d446c0cbc470c59687d0655b6b56a855058396abc3,0.951833421,0.011625429834470255,12cc3b30c118c8a76d0fab61
podrun1,41,,variable_elimination,,,,,,,,,,,ff3f0650bc0e3d175d1f01ef96782d7287bf6bc892b9fdfcb36869c39920c7ff,0.003469737,0.11762849933622274,e2f4fd4099ec5c76cc8e6ef2
podrun1,41,,conditional_components,,,,,,,,,,,ff3f0650bc0e3d175d1f01ef96782d7287bf6bc892b9fdfcb36869c39920c7ff,0.21305194,0.036926916861623665,e2f4fd4099ec5c76cc8e6ef2
podrun1,41,,variable_elimination,,,,,,,,,,,3c9412c15c8a679e629e6279efa514e221688452bb7f1cc8ff0300550dd22f6b,0.005631563,0.19524433217060763,4c652c902e9719bb0ebb1582
podrun1,41,,conditional_components,,,,,,,,,,,3c9412c15c8a679e629e6279efa514e221688452bb7f1cc8ff0300550dd22f6b,1.11960026,0.008026510159761663,4c652c902e9719bb0ebb1582
podrun1,37,,variable_elimination,,,,,,,,,,,34696ef999b5cbe28a7127944b7d5cbd3abbc797559ecc73bb662555edf7f600,0.002824301,0.05929481734204486,60b577a762c7facbbe0658f7
podrun1,37,,conditional_components,,,,,,,,,,,34696ef999b5cbe28a7127944b7d5cbd3abbc797559ecc73bb662555edf7f600,1.087666401,0.008682336971961366,60b577a762c7facbbe0658f7
podrun1,41,,variable_elimination,,,,,,,,,,,b9677111bc7fd66a4729024d585eefeb7f2c2416bf8fcc292063cd7441f3df09,0.003726925,0.007047068334658764,c4974c999846629d8257a648
podrun1,41,,conditional_components,,,,,,,,,,,b9677111bc7fd66a4729024d585eefeb7f2c2416bf8fcc292063cd7441f3df09,0.381549454,0.030958878883772967,c4974c999846629d8257a648
podrun1,41,,variable_elimination,,,,,,,,,,,5e836208cbf8fe01cd9ed0fc1fe93ce8d47d025b5fe3248f9c43f587afb55043,0.003877334,0.07862734792526718,4c355c8edeeccf7452adf071
podrun1,41,,conditional_components,,,,,,,,,,,5e836208cbf8fe01cd9ed0fc1fe93ce8d47d025b5fe3248f9c43f587afb55043,2.165734396,0.003655206082020712,4c355c8edeeccf7452adf071
podrun1,41,,variable_elimination,,,,,,,,,,,1fc4efb5c702e14ec2526c8df3a8560aad73dbc3cf1c123056da340ccee72f1a,0.003430887,0.028749029633503974,43db7a277305a3fa11aadcbe
podrun1,41,,conditional_components,,,,,,,,,,,1fc4efb5c702e14ec2526c8df3a8560aad73dbc3cf1c123056da340ccee72f1a,1.111487814,0.013941147154942468,43db7a277305a3fa11aadcbe
podrun1,41,,variable_elimination,,,,,,,,,,,5ae07bb6799ad8ffeab868406a66a908a2dc5786a0a10fcd22b952edf7fa25c4,0.003897614,0.032462769483336845,dbfe57d634616e38db8b7ac1
podrun1,41,,conditional_components,,,,,,,,,,,5ae07bb6799ad8ffeab868406a66a908a2dc5786a0a10fcd22b952edf7fa25c4,2.128354264,0.010389903571836747,dbfe57d634616e38db8b7ac1
podrun1,41,,variable_elimination,,,,,,,,,,,8c79a6768a64fbd2b05a04f2ba371dd034dc676640bbe8e791d865facf25aaef,0.004239622,0.16171451149865396,bd37211ba4f7c17c8e35c656
podrun1,41,,conditional_components,,,,,,,,,,,8c79a6768a64fbd2b05a04f2ba371dd034dc676640bbe8e791d865facf25aaef,1.156072079,0.016510871549779975,bd37211ba4f7c17c8e35c656
podrun1,41,,variable_elimination,,,,,,,,,,,09a069562645caa35a697ddf5619430d326c2ae371c8d3cf1bd0603eb9b50ddf,0.003242509,0.13806876884947344,b07711486de51569f1d30747
podrun1,41,,conditional_components,,,,,,,,,,,09a069562645caa35a697ddf5619430d326c2ae371c8d3cf1bd0603eb9b50ddf,2.102724364,0.012208284487401175,b07711486de51569f1d30747
podrun1,48,,variable_elimination,,,,,,,,,,,861eb654b511fe3af6078587dacf5fc83cb657b083737bd1d023f344241c54f4,0.005357744,0.728024951331954,ce8a331bfea581560fe7c259
podrun1,48,,conditional_components,,,,,,,,,,,861eb654b511fe3af6078587dacf5fc83cb657b083737bd1d023f344241c54f4,0.794875969,0.00913309218312633,ce8a331bfea581560fe7c259
podrun1,100,,variable_elimination,,,,,,,,,,,f4f512facb6a5b46acbf03543c91d6653cb961b30ea9f2a1c1af33255bb1aa0b,0.023281555,0.0027641628327375995,82dafdc93ce656f33a9f5d96
podrun1,100,,components,,,,,,,,,,,f4f512facb6a5b46acbf03543c91d6653cb961b30ea9f2a1c1af33255bb1aa0b,0.189275548,0.016889863706230086,82dafdc93ce656f33a9f5d96
podrun1,105,,variable_elimination,,,,,,,,,,,5776b29715e9a50cd9f500c1b53e676b5e8d4ed040d40ac02cad5f3eb90e7774,0.02574703,0.061377035263511494,edf3673e221e7be7ecb5d578
podrun1,105,,components,,,,,,,,,,,5776b29715e9a50cd9f500c1b53e676b5e8d4ed040d40ac02cad5f3eb90e7774,0.188056455,0.009955211298463381,edf3673e221e7be7ecb5d578
podrun1,100,,variable_elimination,,,,,,,,,,,6d43be99a4507f763b4aefb62ff79ccc08704b7e8f63d57927b61fdcb73c6079,0.02565097,0.03875158607162972,7bbc04499fabac04be92ffcb
podrun1,100,,memo_components,,,,,,,,,,,6d43be99a4507f763b4aefb62ff79ccc08704b7e8f63d57927b61fdcb73c6079,0.086896445,0.0060668398054107165,7bbc04499fabac04be92ffcb
podrun1,105,,variable_elimination,,,,,,,,,,,2f0ee1908f70cfacdcaa935c9cf068812f88091fc3f555e3c77266b9746ed299,0.026039388,0.04289916800202096,2e11f8ed4ba65c05f7bf1f38
podrun1,105,,memo_components,,,,,,,,,,,2f0ee1908f70cfacdcaa935c9cf068812f88091fc3f555e3c77266b9746ed299,0.0876434,0.018171610500336402,2e11f8ed4ba65c05f7bf1f38
podrun1,100,,variable_elimination,,,,,,,,,,,f4f512facb6a5b46acbf03543c91d6653cb961b30ea9f2a1c1af33255bb1aa0b,0.021294969,0.0315505679508046,5c3c9eb23069d120ce45c1fd
podrun1,100,,memo_components,,,,,,,,,,,f4f512facb6a5b46acbf03543c91d6653cb961b30ea9f2a1c1af33255bb1aa0b,0.037989368,0.017778288613825122,5c3c9eb23069d120ce45c1fd
podrun1,100,,warm_components,,,,,,,,,,,f4f512facb6a5b46acbf03543c91d6653cb961b30ea9f2a1c1af33255bb1aa0b,0.001747519,1.25696874238588,5c3c9eb23069d120ce45c1fd
podrun1,100,,variable_elimination,,,,,,,,,,,f4f512facb6a5b46acbf03543c91d6653cb961b30ea9f2a1c1af33255bb1aa0b,0.021040261,0.05153629534601178,c7fc6d2a9dc3695a2f176a68
podrun1,100,,memo_components,,,,,,,,,,,f4f512facb6a5b46acbf03543c91d6653cb961b30ea9f2a1c1af33255bb1aa0b,0.077751375,0.022473855642046785,c7fc6d2a9dc3695a2f176a68
podrun1,100,,warm_components,,,,,,,,,,,f4f512facb6a5b46acbf03543c91d6653cb961b30ea9f2a1c1af33255bb1aa0b,0.002143936,1.305640327769761,c7fc6d2a9dc3695a2f176a68
podrun1,100,,variable_elimination,,,,,,,,,,,f4f512facb6a5b46acbf03543c91d6653cb961b30ea9f2a1c1af33255bb1aa0b,0.021026441,0.025319419593288685,7dad233c3ce16571059aaf9f
podrun1,100,,memo_components,,,,,,,,,,,f4f512facb6a5b46acbf03543c91d6653cb961b30ea9f2a1c1af33255bb1aa0b,0.076210006,0.008911821189090974,7dad233c3ce16571059aaf9f
podrun1,100,,warm_components,,,,,,,,,,,f4f512facb6a5b46acbf03543c91d6653cb961b30ea9f2a1c1af33255bb1aa0b,0.003534367,1.2444319647046465,7dad233c3ce16571059aaf9f
podrun1,105,,variable_elimination,,,,,,,,,,,5776b29715e9a50cd9f500c1b53e676b5e8d4ed040d40ac02cad5f3eb90e7774,0.021621567,0.011197511461085179,d6d2c9bb135c9899101f1f17
podrun1,105,,memo_components,,,,,,,,,,,5776b29715e9a50cd9f500c1b53e676b5e8d4ed040d40ac02cad5f3eb90e7774,0.039027172,0.02355803133904546,d6d2c9bb135c9899101f1f17
podrun1,105,,warm_components,,,,,,,,,,,5776b29715e9a50cd9f500c1b53e676b5e8d4ed040d40ac02cad5f3eb90e7774,0.0014685,1.2765747976840682,d6d2c9bb135c9899101f1f17
podrun1,105,,variable_elimination,,,,,,,,,,,5776b29715e9a50cd9f500c1b53e676b5e8d4ed040d40ac02cad5f3eb90e7774,0.021669537,0.006053267964122843,dd21bb63830c6eec91b548d2
podrun1,105,,memo_components,,,,,,,,,,,5776b29715e9a50cd9f500c1b53e676b5e8d4ed040d40ac02cad5f3eb90e7774,0.076393324,0.007318722395075249,dd21bb63830c6eec91b548d2
podrun1,105,,warm_components,,,,,,,,,,,5776b29715e9a50cd9f500c1b53e676b5e8d4ed040d40ac02cad5f3eb90e7774,0.002066416,1.304728723738622,dd21bb63830c6eec91b548d2
podrun1,105,,variable_elimination,,,,,,,,,,,5776b29715e9a50cd9f500c1b53e676b5e8d4ed040d40ac02cad5f3eb90e7774,0.02278203,0.03179852832997307,848e287ba6f967686ec47209
podrun1,105,,memo_components,,,,,,,,,,,5776b29715e9a50cd9f500c1b53e676b5e8d4ed040d40ac02cad5f3eb90e7774,0.07848609,0.006556044661557609,848e287ba6f967686ec47209
podrun1,105,,warm_components,,,,,,,,,,,5776b29715e9a50cd9f500c1b53e676b5e8d4ed040d40ac02cad5f3eb90e7774,0.003219848,1.2548960133697098,848e287ba6f967686ec47209
podrun1,105,,variable_elimination,,,,,,,,,,,5776b29715e9a50cd9f500c1b53e676b5e8d4ed040d40ac02cad5f3eb90e7774,0.026136927,0.2778917333444052,43f42155d8e0fc33e13be7ce
podrun1,105,,memo_components,,,,,,,,,,,5776b29715e9a50cd9f500c1b53e676b5e8d4ed040d40ac02cad5f3eb90e7774,0.089143659,0.057576053306984544,43f42155d8e0fc33e13be7ce
podrun1,105,,warm_components,,,,,,,,,,,5776b29715e9a50cd9f500c1b53e676b5e8d4ed040d40ac02cad5f3eb90e7774,0.010984028,1.156662275032983,43f42155d8e0fc33e13be7ce
podrun1,100,,variable_elimination,,,,,,,,,,,f4f512facb6a5b46acbf03543c91d6653cb961b30ea9f2a1c1af33255bb1aa0b,0.023181597,0.14122843807747343,53712987017a421e42ef2add
podrun1,100,,memo_components,,,,,,,,,,,f4f512facb6a5b46acbf03543c91d6653cb961b30ea9f2a1c1af33255bb1aa0b,0.085782753,0.037282640752622394,53712987017a421e42ef2add
podrun1,100,,warm_components,,,,,,,,,,,f4f512facb6a5b46acbf03543c91d6653cb961b30ea9f2a1c1af33255bb1aa0b,0.009938734,1.2049708654072768,53712987017a421e42ef2add
podrun1,48,,variable_elimination,,,,,,,,,,,861eb654b511fe3af6078587dacf5fc83cb657b083737bd1d023f344241c54f4,0.005614472,0.5993356076305723,ff2eea11d9ed1d573551a269
podrun1,48,,conditional_components,,,,,,,,,,,861eb654b511fe3af6078587dacf5fc83cb657b083737bd1d023f344241c54f4,0.802155191,0.01778797418742969,ff2eea11d9ed1d573551a269
podrun1,100,,variable_elimination,,,,,,,,,,,f4f512facb6a5b46acbf03543c91d6653cb961b30ea9f2a1c1af33255bb1aa0b,0.024584437,0.1719852562082924,11ecde8215c17a4a0ab06abf
podrun1,100,,memo_components,,,,,,,,,,,f4f512facb6a5b46acbf03543c91d6653cb961b30ea9f2a1c1af33255bb1aa0b,0.087785549,0.021531530064426544,11ecde8215c17a4a0ab06abf
podrun1,100,,warm_components,,,,,,,,,,,f4f512facb6a5b46acbf03543c91d6653cb961b30ea9f2a1c1af33255bb1aa0b,0.010907968,1.2262687523953164,11ecde8215c17a4a0ab06abf
podrun1,105,,variable_elimination,,,,,,,,,,,5776b29715e9a50cd9f500c1b53e676b5e8d4ed040d40ac02cad5f3eb90e7774,0.026109867,0.11828625993045055,3b9467727664a2f1811ab292
podrun1,105,,memo_components,,,,,,,,,,,5776b29715e9a50cd9f500c1b53e676b5e8d4ed040d40ac02cad5f3eb90e7774,0.090192503,0.01800993848661823,3b9467727664a2f1811ab292
podrun1,105,,warm_components,,,,,,,,,,,5776b29715e9a50cd9f500c1b53e676b5e8d4ed040d40ac02cad5f3eb90e7774,0.011385004,1.2245294839162595,3b9467727664a2f1811ab292
podrun1,42,,variable_elimination,,,,,,,,,,,ed1787193b8c079daf372b87fd86263a0e3599a16b54e81f2a206d0f51b8c749,0.003590536,0.04067666856058074,a8493685bd1b40636b7e1dc8
podrun1,42,,conditional_components,,,,,,,,,,,ed1787193b8c079daf372b87fd86263a0e3599a16b54e81f2a206d0f51b8c749,0.319946532,0.012346683172029582,a8493685bd1b40636b7e1dc8
podrun1,100,,variable_elimination,,,,,,,,,,,f4f512facb6a5b46acbf03543c91d6653cb961b30ea9f2a1c1af33255bb1aa0b,0.024094121,0.11984706658901956,e193dfe36c8903ccf5e47cff
podrun1,100,,memo_components,,,,,,,,,,,f4f512facb6a5b46acbf03543c91d6653cb961b30ea9f2a1c1af33255bb1aa0b,0.087952418,0.020540835790571838,e193dfe36c8903ccf5e47cff
podrun1,100,,warm_components,,,,,,,,,,,f4f512facb6a5b46acbf03543c91d6653cb961b30ea9f2a1c1af33255bb1aa0b,0.010557691,1.2729539714983569,e193dfe36c8903ccf5e47cff
podrun1,105,,variable_elimination,,,,,,,,,,,5776b29715e9a50cd9f500c1b53e676b5e8d4ed040d40ac02cad5f3eb90e7774,0.025805959,0.10377721859361722,2ee635eea0808f50c501f1b6
podrun1,105,,memo_components,,,,,,,,,,,5776b29715e9a50cd9f500c1b53e676b5e8d4ed040d40ac02cad5f3eb90e7774,0.089331808,0.024396036313391826,2ee635eea0808f50c501f1b6
podrun1,105,,warm_components,,,,,,,,,,,5776b29715e9a50cd9f500c1b53e676b5e8d4ed040d40ac02cad5f3eb90e7774,0.011228725,1.2058295944261845,2ee635eea0808f50c501f1b6
podrun1,46,,variable_elimination,,,,,,,,,,,e553cda8fc5e4e98fef9a3940a36be26bf809581ff3b19da8573c413e7a5bc07,0.004168373,0.07399521514916882,d6250956e989701741939478
podrun1,46,,conditional_components,,,,,,,,,,,e553cda8fc5e4e98fef9a3940a36be26bf809581ff3b19da8573c413e7a5bc07,0.332243321,0.017490007791014648,d6250956e989701741939478
podrun1,41,,variable_elimination,,,,,,,,,,,3c9412c15c8a679e629e6279efa514e221688452bb7f1cc8ff0300550dd22f6b,0.003416358,0.03751981283183603,ec7d18ca1c6fc9655b3fafa1
podrun1,41,,conditional_components,,,,,,,,,,,3c9412c15c8a679e629e6279efa514e221688452bb7f1cc8ff0300550dd22f6b,1.115496357,0.00951470526182315,ec7d18ca1c6fc9655b3fafa1
podrun1,44,,variable_elimination,,,,,,,,,,,bbdc2283c4e0846f8cebd83971833ffab40bb1a5c3d90700649557e48ab4909d,0.004289382,0.017861462459491106,dbc56f23234293388a0627e2
podrun1,44,,conditional_components,,,,,,,,,,,bbdc2283c4e0846f8cebd83971833ffab40bb1a5c3d90700649557e48ab4909d,0.371890609,0.023694062505292105,dbc56f23234293388a0627e2
podrun1,38,,variable_elimination,,,,,,,,,,,a9db358d2b16080baeed07c45a8b57f09b18cd83a6d9bf34738015e5429d7e11,0.00290491,0.03336344051379806,5748e608bc055711279530af
podrun1,38,,conditional_components,,,,,,,,,,,a9db358d2b16080baeed07c45a8b57f09b18cd83a6d9bf34738015e5429d7e11,0.108982919,0.04780665879226375,5748e608bc055711279530af
podrun1,48,,variable_elimination,,,,,,,,,,,861eb654b511fe3af6078587dacf5fc83cb657b083737bd1d023f344241c54f4,0.005301274,0.4278798520650191,e3e3641b8c79084e3f97cdcb
podrun1,48,,conditional_components,,,,,,,,,,,861eb654b511fe3af6078587dacf5fc83cb657b083737bd1d023f344241c54f4,0.792415106,0.017724210650183238,e3e3641b8c79084e3f97cdcb
podrun1,41,,variable_elimination,,,,,,,,,,,8c79a6768a64fbd2b05a04f2ba371dd034dc676640bbe8e791d865facf25aaef,0.003550897,0.024012101839976784,1c925cdbc7342abbe84d3629
podrun1,41,,conditional_components,,,,,,,,,,,8c79a6768a64fbd2b05a04f2ba371dd034dc676640bbe8e791d865facf25aaef,1.1468282,0.010900755762407118,1c925cdbc7342abbe84d3629
podrun1,41,,variable_elimination,,,,,,,,,,,09a069562645caa35a697ddf5619430d326c2ae371c8d3cf1bd0603eb9b50ddf,0.003327178,0.07722912080176977,4dfc72f1a22571ad9fc06f50
podrun1,41,,conditional_components,,,,,,,,,,,09a069562645caa35a697ddf5619430d326c2ae371c8d3cf1bd0603eb9b50ddf,2.10163661,0.01392653296287675,4dfc72f1a22571ad9fc06f50
podrun1,48,,variable_elimination,,,,,,,,,,,861eb654b511fe3af6078587dacf5fc83cb657b083737bd1d023f344241c54f4,0.005175126,0.8304560571438676,c74abb8c9442f9f4aa40fbfc
podrun1,48,,conditional_components,,,,,,,,,,,861eb654b511fe3af6078587dacf5fc83cb657b083737bd1d023f344241c54f4,0.786355155,0.022449423813791662,c74abb8c9442f9f4aa40fbfc
podrun1,46,,variable_elimination,,,,,,,,,,,c5f940cc2eedb76b2c00571adf2bf4238126f8ee0a1e15af30ba094079c04d89,0.005359695,0.045339257350414726,58ea615c0eaa5713a2f44d9c
podrun1,46,,conditional_components,,,,,,,,,,,c5f940cc2eedb76b2c00571adf2bf4238126f8ee0a1e15af30ba094079c04d89,0.957450853,0.015502591886913336,58ea615c0eaa5713a2f44d9c
podrun1,45,,variable_elimination,,,,,,,,,,,bf6d8fbdb659b06747cd56a5d29248947e64bb2c8295ebefacb282db16f76aa7,0.004938787,0.02393945908751444,11b4ddce2ebe86917a721aba
podrun1,45,,conditional_components,,,,,,,,,,,bf6d8fbdb659b06747cd56a5d29248947e64bb2c8295ebefacb282db16f76aa7,2.201256761,0.0035459401440385073,11b4ddce2ebe86917a721aba
podrun1,46,,variable_elimination,,,,,,,,,,,0c1b17e623e7cb2c85d7239622aca4e0c4acfcfbf2c179ee0e18a76eb2585651,0.00457389,0.042221737601946224,d5bb3d46982d263e0a1b0864
podrun1,46,,conditional_components,,,,,,,,,,,0c1b17e623e7cb2c85d7239622aca4e0c4acfcfbf2c179ee0e18a76eb2585651,1.162720155,0.015070991974352677,d5bb3d46982d263e0a1b0864
podrun1,46,,variable_elimination,,,,,,,,,,,cc77f63895fd7feb4cef9b4f3b962d4424dd812722766cc3975fdad034f3093b,0.005110626,0.0025057655839841775,3a5e76905983af388363f8ef
podrun1,46,,conditional_components,,,,,,,,,,,cc77f63895fd7feb4cef9b4f3b962d4424dd812722766cc3975fdad034f3093b,0.747596312,0.010942150609429263,3a5e76905983af388363f8ef
podrun1,48,,variable_elimination,,,,,,,,,,,90f33d13fa20e03c15eb6ec06d73de6de0d598e7cfc5c350c740d16906f159f1,0.006515856,0.02171510279001144,89b4904b15091e514c3f51a7
podrun1,48,,conditional_components,,,,,,,,,,,90f33d13fa20e03c15eb6ec06d73de6de0d598e7cfc5c350c740d16906f159f1,0.602116924,0.013553208625927824,89b4904b15091e514c3f51a7
podrun1,48,,variable_elimination,,,,,,,,,,,4fe7fcb91f37f1f6a25449fdb3719750fd9f86bd94d3c7f38719d7b5522ad309,0.005058816,0.052451949247622795,d888670ee3a1acdb2db234cd
podrun1,48,,conditional_components,,,,,,,,,,,4fe7fcb91f37f1f6a25449fdb3719750fd9f86bd94d3c7f38719d7b5522ad309,1.877783632,0.013619687503104463,d888670ee3a1acdb2db234cd
podrun1,48,,variable_elimination,,,,,,,,,,,65c41b555e45b42851c456f4d51ac6ee2ec9f4f152ab3b81797c2ea8d44f4675,0.006601666,0.016422836160074998,1f90368663dc58c923fbd749
podrun1,48,,conditional_components,,,,,,,,,,,65c41b555e45b42851c456f4d51ac6ee2ec9f4f152ab3b81797c2ea8d44f4675,1.929097883,0.002664502033499342,1f90368663dc58c923fbd749
podrun1,45,,variable_elimination,,,,,,,,,,,9f5b9054ad269027074ca9897609def023ac861d58bbcbf278242ddae05e26c7,0.004200562,0.5862279115081553,25f9bef0fad8f61f327750d3
podrun1,45,,conditional_components,,,,,,,,,,,9f5b9054ad269027074ca9897609def023ac861d58bbcbf278242ddae05e26c7,0.752224491,0.0029879586241195757,25f9bef0fad8f61f327750d3
podrun1,45,,variable_elimination,,,,,,,,,,,9f5b9054ad269027074ca9897609def023ac861d58bbcbf278242ddae05e26c7,0.005455994,0.518174077472822,e3e41019884c222cbbbc8ee7
podrun1,45,,conditional_components,,,,,,,,,,,9f5b9054ad269027074ca9897609def023ac861d58bbcbf278242ddae05e26c7,0.752893127,0.004806311264958242,e3e41019884c222cbbbc8ee7
podrun1,45,,variable_elimination,,,,,,,,,,,7cc5b391aab9a8119903d6eb9c5899a8baaf57d7b5aef366b1ff1138c7e5f382,0.004854008,0.09461098063553168,4d4e4c9d7a4e3b8d324c2f22
podrun1,45,,conditional_components,,,,,,,,,,,7cc5b391aab9a8119903d6eb9c5899a8baaf57d7b5aef366b1ff1138c7e5f382,2.969561677,0.002973066238245307,4d4e4c9d7a4e3b8d324c2f22
podrun1,46,,variable_elimination,,,,,,,,,,,99f63d8983787d3e8cf1f8fa380ec8168831fa828bf2fc80c11e021b379d2fbb,0.005567003,0.1440477298462768,0eff66cc61ba17cc439ec266
podrun1,46,,conditional_components,,,,,,,,,,,99f63d8983787d3e8cf1f8fa380ec8168831fa828bf2fc80c11e021b379d2fbb,0.879755878,0.012891257987210714,0eff66cc61ba17cc439ec266
podrun1,46,,variable_elimination,,,,,,,,,,,c3de30c3ea523ad2ed96a6036fb6e9deb53712a4a8395010a6903744bcb462e9,0.004171273,0.07728446130350305,f131796ad61b46894bc62be1
podrun1,46,,conditional_components,,,,,,,,,,,c3de30c3ea523ad2ed96a6036fb6e9deb53712a4a8395010a6903744bcb462e9,0.384855913,0.017786746248124794,f131796ad61b46894bc62be1
podrun1,45,,variable_elimination,,,,,,,,,,,9f5b9054ad269027074ca9897609def023ac861d58bbcbf278242ddae05e26c7,0.004292302,0.7133349509028999,4dd3d3cc686dcb437bd8219d
podrun1,45,,conditional_components,,,,,,,,,,,9f5b9054ad269027074ca9897609def023ac861d58bbcbf278242ddae05e26c7,0.751881104,0.011813045252479032,4dd3d3cc686dcb437bd8219d
podrun1,46,,variable_elimination,,,,,,,,,,,99f63d8983787d3e8cf1f8fa380ec8168831fa828bf2fc80c11e021b379d2fbb,0.00453828,0.025215578819632913,8b12f4d65e236646aeb4d005
podrun1,46,,conditional_components,,,,,,,,,,,99f63d8983787d3e8cf1f8fa380ec8168831fa828bf2fc80c11e021b379d2fbb,0.846786515,0.006613051118932759,8b12f4d65e236646aeb4d005
podrun1,46,,variable_elimination,,,,,,,,,,,99bf99d453dc3b5c0ea51e4bc87e05cb167a5fa28a6807e9a31b93e2836f6c82,0.00457095,0.04242305034243001,1a6777222d1c703cd7d587e9
podrun1,46,,conditional_components,,,,,,,,,,,99bf99d453dc3b5c0ea51e4bc87e05cb167a5fa28a6807e9a31b93e2836f6c82,0.987159377,0.011386122702157839,1a6777222d1c703cd7d587e9
podrun1,46,,variable_elimination,,,,,,,,,,,5a1df80079edf963326ac40b3e629fc3c077d8193facca50a66cc2c88285fe1b,0.004942427,0.029255751170096354,33ffaa5fb25a6a9abbd45a61
podrun1,46,,conditional_components,,,,,,,,,,,5a1df80079edf963326ac40b3e629fc3c077d8193facca50a66cc2c88285fe1b,0.27954294,0.07546126610961125,33ffaa5fb25a6a9abbd45a61
podrun1,45,,variable_elimination,,,,,,,,,,,9f5b9054ad269027074ca9897609def023ac861d58bbcbf278242ddae05e26c7,0.004134243,0.5413281406744206,36efe75a3f19263a6ad19e8d
podrun1,45,,conditional_components,,,,,,,,,,,9f5b9054ad269027074ca9897609def023ac861d58bbcbf278242ddae05e26c7,0.759617242,0.013280305697244007,36efe75a3f19263a6ad19e8d
podrun2,100,,variable_elimination,,,,,,,,,,,bafaacd30c59609ae0ac04c3372e9dab23f907d1b35dafef7de411c07e20b975,0.031608024,0.0030138866004403887,127e0035288c9d8202e24f36
podrun2,100,,conditional_components,,,,,,,,,,,bafaacd30c59609ae0ac04c3372e9dab23f907d1b35dafef7de411c07e20b975,0.454919172,0.008703000980578563,127e0035288c9d8202e24f36
podrun2,105,,variable_elimination,,,,,,,,,,,c278dd4936917fc51b10b2a8e7b383499eca70582cf22161740d867bb4505c33,0.033872057,0.0013544792983786649,bae460fadd34fd8cea4c59c8
podrun2,105,,conditional_components,,,,,,,,,,,c278dd4936917fc51b10b2a8e7b383499eca70582cf22161740d867bb4505c33,0.461327669,0.0081878050111059,bae460fadd34fd8cea4c59c8
podrun2,43,,variable_elimination,,,,,,,,,,,4dc694e405d37c095a7721150fea6c348c3ea23d965dac444d34de35653793ff,0.005762054,0.06901931151634473,38990ed76e96e67f5d034992
podrun2,43,,conditional_components,,,,,,,,,,,4dc694e405d37c095a7721150fea6c348c3ea23d965dac444d34de35653793ff,0.9502075809999999,0.0005443452676473665,38990ed76e96e67f5d034992
podrun2,44,,variable_elimination,,,,,,,,,,,bbdc2283c4e0846f8cebd83971833ffab40bb1a5c3d90700649557e48ab4909d,0.006253585000000001,0.050132044259412784,bc33c0f1a88ec9a314395d9a
podrun2,44,,conditional_components,,,,,,,,,,,bbdc2283c4e0846f8cebd83971833ffab40bb1a5c3d90700649557e48ab4909d,0.5061062860000001,0.010801367521445924,bc33c0f1a88ec9a314395d9a
podrun2,53,,variable_elimination,,,,,,,,,,,fe50db07119e098811e3bf1a0bda5ff57037dc4801afedb72a7d2ef1bf6db25b,0.010495537,0.00034871965102880855,209445b44a5373d547f96fb1
podrun2,53,,conditional_components,,,,,,,,,,,fe50db07119e098811e3bf1a0bda5ff57037dc4801afedb72a7d2ef1bf6db25b,6.534889346,0.00785453559843648,209445b44a5373d547f96fb1
podrun2,43,,variable_elimination,,,,,,,,,,,9182fb5ef9d1c36c73009a750b6f2507f61f42cac51ed943acac59d9f5e0d7d0,0.005602907000000001,0.06857565188927817,09bb3859802511e16ce66b08
podrun2,43,,conditional_components,,,,,,,,,,,9182fb5ef9d1c36c73009a750b6f2507f61f42cac51ed943acac59d9f5e0d7d0,10.4961856205,6.430359793577419e-05,09bb3859802511e16ce66b08
podrun2,44,,variable_elimination,,,,,,,,,,,4e1432c612b90f3cae691af35a2725b2cc687947e6a9d4acfbb6da9d2933fb8e,0.005852443000000001,0.08068442529042995,2e31fb0d4e55912aee7eaa76
podrun2,44,,conditional_components,,,,,,,,,,,4e1432c612b90f3cae691af35a2725b2cc687947e6a9d4acfbb6da9d2933fb8e,11.716967581999999,0.008729562344879411,2e31fb0d4e55912aee7eaa76
podrun2,36,,variable_elimination,,,,,,,,,,,a470e9fe95f078c81eae0af49572b59da39d14b48b55cb9646ecbfdcf1971707,0.0039223325,0.03057173250865396,d0911fd889f2442ca3a9b7f5
podrun2,36,,conditional_components,,,,,,,,,,,a470e9fe95f078c81eae0af49572b59da39d14b48b55cb9646ecbfdcf1971707,11.179556051999999,0.0010469374584786463,d0911fd889f2442ca3a9b7f5
podrun2,43,,variable_elimination,,,,,,,,,,,35fc9f29dea1ba756b8196b1588726347c6c7c4df60b7f994410ff3859aaac85,0.005811773,0.10247113918592483,e5c0b57050839d66f19c5cbe
podrun2,43,,conditional_components,,,,,,,,,,,35fc9f29dea1ba756b8196b1588726347c6c7c4df60b7f994410ff3859aaac85,20.372805020999998,0.01155745621465941,e5c0b57050839d66f19c5cbe
podrun2,42,,variable_elimination,,,,,,,,,,,059838fce86e1cee51b7f2dde9d6630cefae240f4d2e843c04523a9ab8820b53,0.004929999,0.02070548087332274,a1250ba82e8aa7f979558611
podrun2,42,,conditional_components,,,,,,,,,,,059838fce86e1cee51b7f2dde9d6630cefae240f4d2e843c04523a9ab8820b53,11.793837783499999,0.01005958591918094,a1250ba82e8aa7f979558611
podrun2,44,,variable_elimination,,,,,,,,,,,8920f9183b23875fd7a0a94ce71f10d92664f2682d61bab546eb6e911e9f1fdc,0.0059417615,0.07608879959251134,ab8cdf7d352cf3151c352dfa
podrun2,44,,conditional_components,,,,,,,,,,,8920f9183b23875fd7a0a94ce71f10d92664f2682d61bab546eb6e911e9f1fdc,22.682633291,0.004299707170185455,ab8cdf7d352cf3151c352dfa
podrun2,33,,variable_elimination,,,,,,,,,,,989a8a397cf6deb01ced3803dc7487fd3e9ce1e5c79898d3a2df69672b6a6430,0.0036679729999999997,0.041027292185629546,1c5ede76c42763a50df58861
podrun2,33,,conditional_components,,,,,,,,,,,989a8a397cf6deb01ced3803dc7487fd3e9ce1e5c79898d3a2df69672b6a6430,21.222252570000002,0.009301615148952043,1c5ede76c42763a50df58861
podrun2,34,,variable_elimination,,,,,,,,,,,6b73a8770c0a458466ed67e4aa5c9dda42be395289a41ba8fd68d1cb6fc01197,0.003542875,0.014620611791271197,ade536998a2b253522e38193
podrun2,34,,conditional_components,,,,,,,,,,,6b73a8770c0a458466ed67e4aa5c9dda42be395289a41ba8fd68d1cb6fc01197,21.033015264,0.0035703430087141524,ade536998a2b253522e38193
podrun2,44,,variable_elimination,,,,,,,,,,,3daaba8913ff135324dca697b75c367c581695cade43b13385261f0d33f2c597,0.005939481,0.0729427369159023,9afa4a2b0f622e017c57ef67
podrun2,44,,conditional_components,,,,,,,,,,,3daaba8913ff135324dca697b75c367c581695cade43b13385261f0d33f2c597,38.975953481000005,0.010461507996174318,9afa4a2b0f622e017c57ef67
podrun2,35,,variable_elimination,,,,,,,,,,,8ceefe88ac7270921fe84dee58fba091b56e44ccfe058e706582a237eff90cf3,0.0035926689999999997,0.021784361431570788,a684542aeedd14b5c69782d6
podrun2,35,,conditional_components,,,,,,,,,,,8ceefe88ac7270921fe84dee58fba091b56e44ccfe058e706582a237eff90cf3,21.255738504500002,0.003091058750374113,a684542aeedd14b5c69782d6
podrun2,41,,variable_elimination,,,,,,,,,,,2cf6590f82409c5e6d023730de2af9dec71c71018036e5d9c14ed75e33f7636d,0.0052866435,0.01593799544077447,5a3aacc19b073512d4323754
podrun2,41,,conditional_components,,,,,,,,,,,2cf6590f82409c5e6d023730de2af9dec71c71018036e5d9c14ed75e33f7636d,20.799132014,0.004715680776196837,5a3aacc19b073512d4323754
podrun2,38,,variable_elimination,,,,,,,,,,,c3230ca712a324bb74bbbc79980cf5535c3e92afeee83319902e1f4c29ca30c9,0.004083635,0.014180748279412741,a300e1e9d2f857b676098db7
podrun2,38,,conditional_components,,,,,,,,,,,c3230ca712a324bb74bbbc79980cf5535c3e92afeee83319902e1f4c29ca30c9,11.858806305,0.0009692382778149904,a300e1e9d2f857b676098db7
podrun2,43,,variable_elimination,,,,,,,,,,,7646b782ab2d829e4f497d2bd429520d685853ffe98452031335b04cfd530e0c,0.0060577735,0.07588043692950887,20c2b2879b3c4b2777ff7787
podrun2,43,,conditional_components,,,,,,,,,,,7646b782ab2d829e4f497d2bd429520d685853ffe98452031335b04cfd530e0c,45.4392687525,0.006254457945790891,20c2b2879b3c4b2777ff7787
podrun2,38,,variable_elimination,,,,,,,,,,,e9b72553fc0bb40cb79a12a87e6d45267aa9949e00f76f1b8854a894eb459780,0.004122169,0.011354216675735544,1cb49d90b305badcd01525af
podrun2,38,,conditional_components,,,,,,,,,,,e9b72553fc0bb40cb79a12a87e6d45267aa9949e00f76f1b8854a894eb459780,5.858560665,0.003356221796501604,1cb49d90b305badcd01525af
podrun2,37,,variable_elimination,,,,,,,,,,,442a3e2f4beee0364f026d3ae5008a05da773de302be31d6786be8985c72514f,0.0038889435000000003,0.02436741495473006,b210cc83a985bb564b00673d
podrun2,37,,conditional_components,,,,,,,,,,,442a3e2f4beee0364f026d3ae5008a05da773de302be31d6786be8985c72514f,22.977324125000003,0.0028500003152564755,b210cc83a985bb564b00673d
podrun2,42,,variable_elimination,,,,,,,,,,,ed1787193b8c079daf372b87fd86263a0e3599a16b54e81f2a206d0f51b8c749,0.0051823295,0.017309493732499976,23f502d40989603b6ffa4406
podrun2,42,,conditional_components,,,,,,,,,,,ed1787193b8c079daf372b87fd86263a0e3599a16b54e81f2a206d0f51b8c749,3.030953788,0.005750902263508888,23f502d40989603b6ffa4406
podrun2,41,,variable_elimination,,,,,,,,,,,979308f2bed93a4082c5f2d446c0cbc470c59687d0655b6b56a855058396abc3,0.005170679500000001,0.004679172244189593,10d908625cd8651200d43789
podrun2,41,,conditional_components,,,,,,,,,,,979308f2bed93a4082c5f2d446c0cbc470c59687d0655b6b56a855058396abc3,5.790430432,0.0015596524483034815,10d908625cd8651200d43789
podrun2,100,,variable_elimination,,,,,,,,,,,727e3c99207deea9f87e1edb6fa11a78cb3ba7a27639deff8cdacb716103fda8,0.03343591,0.000679957566580345,5dddf5ad7bee9a6c178eb3a7
podrun2,100,,conditional_components,,,,,,,,,,,727e3c99207deea9f87e1edb6fa11a78cb3ba7a27639deff8cdacb716103fda8,4.3763034495,0.003991979464311582,5dddf5ad7bee9a6c178eb3a7
podrun2,100,,variable_elimination,,,,,,,,,,,24700a5ed49b645c5cd195d559e3515e94709d8e20df682ed9956d82644b35e4,0.035838276,0.032961490669919546,139f809ae9bd70cfb1990098
podrun2,100,,conditional_components,,,,,,,,,,,24700a5ed49b645c5cd195d559e3515e94709d8e20df682ed9956d82644b35e4,5.1063688225,0.009784606877561684,139f809ae9bd70cfb1990098
podrun2,100,,variable_elimination,,,,,,,,,,,454b7974bf2156fdae2248c165a8aa5e0265f28b3343a540b2cb5cce3cc4414d,0.034459551,0.0020343851839509284,b0de5e482288b30db1582b1f
podrun2,100,,conditional_components,,,,,,,,,,,454b7974bf2156fdae2248c165a8aa5e0265f28b3343a540b2cb5cce3cc4414d,8.094439955,0.0016990628229324937,b0de5e482288b30db1582b1f
podrun2,105,,variable_elimination,,,,,,,,,,,92126ca253e31fb7ff76194f31706e6156d5b312773868daff839c3e942478ab,0.036462775,0.009511042426145522,26072c7b7c28240d6a861d76
podrun2,105,,conditional_components,,,,,,,,,,,92126ca253e31fb7ff76194f31706e6156d5b312773868daff839c3e942478ab,8.138065877999999,0.00108277422818875,26072c7b7c28240d6a861d76
podrun2,100,,variable_elimination,,,,,,,,,,,04d5851fe7921e6fe599a9fc59af051cf9f7c8913934f73a9a8accb7729e7548,0.03400792,0.0026085982324117645,f7df91157d2d8221ddb6ee3e
podrun2,100,,conditional_components,,,,,,,,,,,04d5851fe7921e6fe599a9fc59af051cf9f7c8913934f73a9a8accb7729e7548,2.6812013085000004,0.004216021551296347,f7df91157d2d8221ddb6ee3e
podrun2,38,,variable_elimination,,,,,,,,,,,8232de448e12c34b11af037949e0aa425ebf231b56ce272983b5780b203d6adc,0.0047631975,0.11928846116500522,5f00fa28867760d276c67fb4
podrun2,38,,conditional_components,,,,,,,,,,,8232de448e12c34b11af037949e0aa425ebf231b56ce272983b5780b203d6adc,22.9180639335,0.01847586042733125,5f00fa28867760d276c67fb4
podrun2,100,,variable_elimination,,,,,,,,,,,dab83e58929a88386d31bd9daced32442df212073c6e035c44c3b069392679ec,0.035566971,0.006093321806908988,49a0ff66a272d41f792772e9
podrun2,100,,conditional_components,,,,,,,,,,,dab83e58929a88386d31bd9daced32442df212073c6e035c44c3b069392679ec,6.2172193215,0.002467991992326594,49a0ff66a272d41f792772e9
podrun2,105,,variable_elimination,,,,,,,,,,,7c95ca442b039a2d96f3f27d83d2e5b6a4a70f52cfc03cc192593cd6ad5d40f6,0.036140691,0.015263819941904263,119082461b915c67fba47ac6
podrun2,105,,conditional_components,,,,,,,,,,,7c95ca442b039a2d96f3f27d83d2e5b6a4a70f52cfc03cc192593cd6ad5d40f6,8.612034759,0.014449523310383095,119082461b915c67fba47ac6
podrun2,105,,variable_elimination,,,,,,,,,,,94795746b0e3b8738a96f3a6bfa600e578061992a5783f52d4cb83ba8f1508eb,0.037102178,0.007603192459483095,d567d697481e072aff7d3538
podrun2,105,,conditional_components,,,,,,,,,,,94795746b0e3b8738a96f3a6bfa600e578061992a5783f52d4cb83ba8f1508eb,16.635220219,0.00553880620677101,d567d697481e072aff7d3538
podrun2,100,,variable_elimination,,,,,,,,,,,d46e6460bb10ef538ac341ef35feb0113f769bbb9578f826e7b194d3dd908703,0.0339998755,0.003732587197267789,f2c493b0f9f0a79f6212de0e
podrun2,100,,conditional_components,,,,,,,,,,,d46e6460bb10ef538ac341ef35feb0113f769bbb9578f826e7b194d3dd908703,2.700577312,0.007208396483781164,f2c493b0f9f0a79f6212de0e
podrun2,105,,variable_elimination,,,,,,,,,,,f1d7333ee520c065dfb1d62264fca8befd55a4e41a6f4663549d672744d35774,0.042288168,0.0027133594437101292,b9545448620338aec0489fc3
podrun2,105,,conditional_components,,,,,,,,,,,f1d7333ee520c065dfb1d62264fca8befd55a4e41a6f4663549d672744d35774,8.663213463,0.005439419702776345,b9545448620338aec0489fc3
podrun2,100,,variable_elimination,,,,,,,,,,,2abafa9db6eda6d967c317eb21a3a595231b9ecef6c3b6b57f880274440ba464,0.040890613000000006,0.00021875436301235654,ff3f35a3576438a0c6f478bf
podrun2,100,,conditional_components,,,,,,,,,,,2abafa9db6eda6d967c317eb21a3a595231b9ecef6c3b6b57f880274440ba464,1.6555330245,0.003945713799320242,ff3f35a3576438a0c6f478bf
podrun2,100,,variable_elimination,,,,,,,,,,,d5e2437aa4587e11dead423ab84e9e90c0cb921181ce9e3864413b57484edbb7,0.0343530985,0.005503914006475997,191f44c7ac5d996d729f3483
podrun2,100,,conditional_components,,,,,,,,,,,d5e2437aa4587e11dead423ab84e9e90c0cb921181ce9e3864413b57484edbb7,4.013528904499999,0.0025947635479399997,191f44c7ac5d996d729f3483
podrun2,105,,variable_elimination,,,,,,,,,,,6906926e2b6fa597f0bfd43b348bd7e59fa2b36fd348488a8d160aea4f281033,0.038788701999999994,0.032231859679140606,d1e9a30e46412cdf20c1cd04
podrun2,105,,conditional_components,,,,,,,,,,,6906926e2b6fa597f0bfd43b348bd7e59fa2b36fd348488a8d160aea4f281033,16.836201394,0.016147810936550426,d1e9a30e46412cdf20c1cd04
podrun2,100,,variable_elimination,,,,,,,,,,,e3236f06e69f0dc8eafb856db912dcee194c96f4efbe0e2878ea24c18931e02c,0.0358031715,0.038586372159795955,583e5f35d05c992a9bfc8248
podrun2,100,,conditional_components,,,,,,,,,,,e3236f06e69f0dc8eafb856db912dcee194c96f4efbe0e2878ea24c18931e02c,2.5558405225,0.018838927576319442,583e5f35d05c992a9bfc8248
podrun2,100,,variable_elimination,,,,,,,,,,,5c777a330529845fee448035487619367242aa0b988914fe8a26424b4ee10d55,0.033156891,0.01770187078155191,3a99fa2e4891c41db4d7f60c
podrun2,100,,conditional_components,,,,,,,,,,,5c777a330529845fee448035487619367242aa0b988914fe8a26424b4ee10d55,1.3680837245,0.003323335712996394,3a99fa2e4891c41db4d7f60c
podrun2,100,,variable_elimination,,,,,,,,,,,e185bc034149d157de54b55193189afac902fb39858d92b6281ecfa63a08e0f1,0.0364598545,0.00481136039640536,bf3a626ceb423d6bb11d120c
podrun2,100,,conditional_components,,,,,,,,,,,e185bc034149d157de54b55193189afac902fb39858d92b6281ecfa63a08e0f1,16.421181834,0.010902481064384534,bf3a626ceb423d6bb11d120c
podrun2,100,,variable_elimination,,,,,,,,,,,83c34cb09cb249140c1ac0a38d01cbec4e7497eb8c8de28b450d4398333ff01f,0.039647596,0.010800074738453201,1c322135980ad016467656c5
podrun2,100,,conditional_components,,,,,,,,,,,83c34cb09cb249140c1ac0a38d01cbec4e7497eb8c8de28b450d4398333ff01f,8.264007557500001,0.005866216017191784,1c322135980ad016467656c5
podrun2,100,,variable_elimination,,,,,,,,,,,f4f512facb6a5b46acbf03543c91d6653cb961b30ea9f2a1c1af33255bb1aa0b,0.031258765,0.003338878596824107,ca74f975df6d9efc61eed86e
podrun2,100,,components,,,,,,,,,,,f4f512facb6a5b46acbf03543c91d6653cb961b30ea9f2a1c1af33255bb1aa0b,0.272204885,0.008678036611672869,ca74f975df6d9efc61eed86e
podrun2,42,,variable_elimination,,,,,,,,,,,86c32d3a3233bd69a24285e7853073d719ef40a186158946dcf20c1f0a4c76ca,0.005253703,0.0233107962136421,a4fde992e71e5c73683a500a
podrun2,42,,conditional_components,,,,,,,,,,,86c32d3a3233bd69a24285e7853073d719ef40a186158946dcf20c1f0a4c76ca,45.188389865,0.007384600911803237,a4fde992e71e5c73683a500a
podrun2,105,,variable_elimination,,,,,,,,,,,5776b29715e9a50cd9f500c1b53e676b5e8d4ed040d40ac02cad5f3eb90e7774,0.033461495,0.005199908657139087,c3d3b3b77b18ffba6488673b
podrun2,105,,components,,,,,,,,,,,5776b29715e9a50cd9f500c1b53e676b5e8d4ed040d40ac02cad5f3eb90e7774,0.275160601,0.008631154513331546,c3d3b3b77b18ffba6488673b
podrun2,100,,variable_elimination,,,,,,,,,,,6d43be99a4507f763b4aefb62ff79ccc08704b7e8f63d57927b61fdcb73c6079,0.031102308,0.0046642221325519815,53aef6d4fc5df88e3be2a380
podrun2,100,,memo_components,,,,,,,,,,,6d43be99a4507f763b4aefb62ff79ccc08704b7e8f63d57927b61fdcb73c6079,0.123902443,0.004116208708554829,53aef6d4fc5df88e3be2a380
podrun2,100,,variable_elimination,,,,,,,,,,,f4f512facb6a5b46acbf03543c91d6653cb961b30ea9f2a1c1af33255bb1aa0b,0.026425214,0.006330105372167433,8c6c8aa8625c79705d424006
podrun2,100,,memo_components,,,,,,,,,,,f4f512facb6a5b46acbf03543c91d6653cb961b30ea9f2a1c1af33255bb1aa0b,0.057166309,0.009925987114426384,8c6c8aa8625c79705d424006
podrun2,100,,warm_components,,,,,,,,,,,f4f512facb6a5b46acbf03543c91d6653cb961b30ea9f2a1c1af33255bb1aa0b,0.002102831,1.2719312479564084,8c6c8aa8625c79705d424006
podrun2,100,,variable_elimination,,,,,,,,,,,f4f512facb6a5b46acbf03543c91d6653cb961b30ea9f2a1c1af33255bb1aa0b,0.026698989,0.0018360055475353633,f9e2ca107c8a5abb1b3a252f
podrun2,100,,memo_components,,,,,,,,,,,f4f512facb6a5b46acbf03543c91d6653cb961b30ea9f2a1c1af33255bb1aa0b,0.111051119,0.009677374310984805,f9e2ca107c8a5abb1b3a252f
podrun2,100,,warm_components,,,,,,,,,,,f4f512facb6a5b46acbf03543c91d6653cb961b30ea9f2a1c1af33255bb1aa0b,0.00326874,1.3013562739125661,f9e2ca107c8a5abb1b3a252f
podrun2,100,,variable_elimination,,,,,,,,,,,f4f512facb6a5b46acbf03543c91d6653cb961b30ea9f2a1c1af33255bb1aa0b,0.027931017,0.0255711234071688,bdf56d7b14a29deccd3a0373
podrun2,100,,memo_components,,,,,,,,,,,f4f512facb6a5b46acbf03543c91d6653cb961b30ea9f2a1c1af33255bb1aa0b,0.114335988,0.009273856525360417,bdf56d7b14a29deccd3a0373
podrun2,100,,warm_components,,,,,,,,,,,f4f512facb6a5b46acbf03543c91d6653cb961b30ea9f2a1c1af33255bb1aa0b,0.004765993,1.252436388410434,bdf56d7b14a29deccd3a0373
podrun2,105,,variable_elimination,,,,,,,,,,,2f0ee1908f70cfacdcaa935c9cf068812f88091fc3f555e3c77266b9746ed299,0.035844921,0.03717152021194815,11f1d20fb3dab15941573839
podrun2,105,,memo_components,,,,,,,,,,,2f0ee1908f70cfacdcaa935c9cf068812f88091fc3f555e3c77266b9746ed299,0.128328671,0.003075986242068686,11f1d20fb3dab15941573839
podrun2,105,,variable_elimination,,,,,,,,,,,5776b29715e9a50cd9f500c1b53e676b5e8d4ed040d40ac02cad5f3eb90e7774,0.028427877,0.003468062769881544,deb3dd21b3686f6f754837c1
podrun2,105,,memo_components,,,,,,,,,,,5776b29715e9a50cd9f500c1b53e676b5e8d4ed040d40ac02cad5f3eb90e7774,0.058292278,0.011369388872744012,deb3dd21b3686f6f754837c1
podrun2,105,,warm_components,,,,,,,,,,,5776b29715e9a50cd9f500c1b53e676b5e8d4ed040d40ac02cad5f3eb90e7774,0.00218293,1.2688094086306378,deb3dd21b3686f6f754837c1
podrun2,105,,variable_elimination,,,,,,,,,,,5776b29715e9a50cd9f500c1b53e676b5e8d4ed040d40ac02cad5f3eb90e7774,0.028540795,0.003591458636374109,adc6578f52b61bee8cdba909
podrun2,105,,memo_components,,,,,,,,,,,5776b29715e9a50cd9f500c1b53e676b5e8d4ed040d40ac02cad5f3eb90e7774,0.114581964,0.005858114743141969,adc6578f52b61bee8cdba909
podrun2,105,,warm_components,,,,,,,,,,,5776b29715e9a50cd9f500c1b53e676b5e8d4ed040d40ac02cad5f3eb90e7774,0.003708892,1.2915579067648217,adc6578f52b61bee8cdba909
podrun2,105,,variable_elimination,,,,,,,,,,,5776b29715e9a50cd9f500c1b53e676b5e8d4ed040d40ac02cad5f3eb90e7774,0.030875422,0.04885300003616575,b3619fb4e5905d710858186b
podrun2,105,,memo_components,,,,,,,,,,,5776b29715e9a50cd9f500c1b53e676b5e8d4ed040d40ac02cad5f3eb90e7774,0.116117026,0.004534895478948331,b3619fb4e5905d710858186b
podrun2,105,,warm_components,,,,,,,,,,,5776b29715e9a50cd9f500c1b53e676b5e8d4ed040d40ac02cad5f3eb90e7774,0.00491134,1.2522995922135955,b3619fb4e5905d710858186b
podrun2,100,,variable_elimination,,,,,,,,,,,f4f512facb6a5b46acbf03543c91d6653cb961b30ea9f2a1c1af33255bb1aa0b,0.031291374,0.10131330551887817,ffdc1b334a3b2f0dd767901d
podrun2,100,,memo_components,,,,,,,,,,,f4f512facb6a5b46acbf03543c91d6653cb961b30ea9f2a1c1af33255bb1aa0b,0.125504982,0.002931997744346242,ffdc1b334a3b2f0dd767901d
podrun2,100,,warm_components,,,,,,,,,,,f4f512facb6a5b46acbf03543c91d6653cb961b30ea9f2a1c1af33255bb1aa0b,0.015049783,1.1848855584776026,ffdc1b334a3b2f0dd767901d
podrun2,41,,variable_elimination,,,,,,,,,,,8c79a6768a64fbd2b05a04f2ba371dd034dc676640bbe8e791d865facf25aaef,0.0050907415,0.015909961250242285,29c390d5a0ba26a7b36d6d0a
podrun2,41,,conditional_components,,,,,,,,,,,8c79a6768a64fbd2b05a04f2ba371dd034dc676640bbe8e791d865facf25aaef,47.3575207575,0.0022518378875041023,29c390d5a0ba26a7b36d6d0a
podrun2,105,,variable_elimination,,,,,,,,,,,5776b29715e9a50cd9f500c1b53e676b5e8d4ed040d40ac02cad5f3eb90e7774,0.033772259,0.09595646336280639,082eb4762434593279070de1
podrun2,105,,memo_components,,,,,,,,,,,5776b29715e9a50cd9f500c1b53e676b5e8d4ed040d40ac02cad5f3eb90e7774,0.127884639,0.004925228401619953,082eb4762434593279070de1
podrun2,105,,warm_components,,,,,,,,,,,5776b29715e9a50cd9f500c1b53e676b5e8d4ed040d40ac02cad5f3eb90e7774,0.015589383,1.1799312637252297,082eb4762434593279070de1
podrun2,100,,variable_elimination,,,,,,,,,,,6d43be99a4507f763b4aefb62ff79ccc08704b7e8f63d57927b61fdcb73c6079,0.031056139,0.0021187635195716956,26031c50ae812c761579e3b3
podrun2,100,,memo_components,,,,,,,,,,,6d43be99a4507f763b4aefb62ff79ccc08704b7e8f63d57927b61fdcb73c6079,0.125426094,0.00199575786290321,26031c50ae812c761579e3b3
podrun2,100,,variable_elimination,,,,,,,,,,,f4f512facb6a5b46acbf03543c91d6653cb961b30ea9f2a1c1af33255bb1aa0b,0.027119271,0.016555238376191668,a1762e59124afda36ef80231
podrun2,100,,memo_components,,,,,,,,,,,f4f512facb6a5b46acbf03543c91d6653cb961b30ea9f2a1c1af33255bb1aa0b,0.056632189,0.006820702474028874,a1762e59124afda36ef80231
podrun2,100,,warm_components,,,,,,,,,,,f4f512facb6a5b46acbf03543c91d6653cb961b30ea9f2a1c1af33255bb1aa0b,0.002093632,1.2746703096446172,a1762e59124afda36ef80231
podrun2,100,,variable_elimination,,,,,,,,,,,f4f512facb6a5b46acbf03543c91d6653cb961b30ea9f2a1c1af33255bb1aa0b,0.026809717,0.0004048920171865866,9776cf2248492e93e0fe6fe3
podrun2,100,,memo_components,,,,,,,,,,,f4f512facb6a5b46acbf03543c91d6653cb961b30ea9f2a1c1af33255bb1aa0b,0.110358421,0.010201532734344461,9776cf2248492e93e0fe6fe3
podrun2,100,,warm_components,,,,,,,,,,,f4f512facb6a5b46acbf03543c91d6653cb961b30ea9f2a1c1af33255bb1aa0b,0.00325035,1.3020403240677474,9776cf2248492e93e0fe6fe3
podrun2,100,,variable_elimination,,,,,,,,,,,f4f512facb6a5b46acbf03543c91d6653cb961b30ea9f2a1c1af33255bb1aa0b,0.027239519,0.004090908570183566,e2f109b63e48ad7009af37cf
podrun2,100,,memo_components,,,,,,,,,,,f4f512facb6a5b46acbf03543c91d6653cb961b30ea9f2a1c1af33255bb1aa0b,0.114295559,0.0014525392346228473,e2f109b63e48ad7009af37cf
podrun2,100,,warm_components,,,,,,,,,,,f4f512facb6a5b46acbf03543c91d6653cb961b30ea9f2a1c1af33255bb1aa0b,0.004762372,1.2533517339196198,e2f109b63e48ad7009af37cf
podrun2,105,,variable_elimination,,,,,,,,,,,2f0ee1908f70cfacdcaa935c9cf068812f88091fc3f555e3c77266b9746ed299,0.034088963,0.009639451900230361,a74e9c50b482ae2e0b18e1e0
podrun2,105,,memo_components,,,,,,,,,,,2f0ee1908f70cfacdcaa935c9cf068812f88091fc3f555e3c77266b9746ed299,0.128969729,0.007654719718500863,a74e9c50b482ae2e0b18e1e0
podrun2,105,,variable_elimination,,,,,,,,,,,5776b29715e9a50cd9f500c1b53e676b5e8d4ed040d40ac02cad5f3eb90e7774,0.029060456,0.027055984759827584,0df50026fc97c9a71bc70f71
podrun2,105,,memo_components,,,,,,,,,,,5776b29715e9a50cd9f500c1b53e676b5e8d4ed040d40ac02cad5f3eb90e7774,0.058599443,0.013720514122889785,0df50026fc97c9a71bc70f71
podrun2,105,,warm_components,,,,,,,,,,,5776b29715e9a50cd9f500c1b53e676b5e8d4ed040d40ac02cad5f3eb90e7774,0.002273259,1.2670232274396689,0df50026fc97c9a71bc70f71
podrun2,105,,variable_elimination,,,,,,,,,,,5776b29715e9a50cd9f500c1b53e676b5e8d4ed040d40ac02cad5f3eb90e7774,0.029098595,0.011526196449747573,ffb6feef2d295501604db837
podrun2,105,,memo_components,,,,,,,,,,,5776b29715e9a50cd9f500c1b53e676b5e8d4ed040d40ac02cad5f3eb90e7774,0.113289087,0.0007994908126743536,ffb6feef2d295501604db837
podrun2,105,,warm_components,,,,,,,,,,,5776b29715e9a50cd9f500c1b53e676b5e8d4ed040d40ac02cad5f3eb90e7774,0.003089673,1.3044589554176753,ffb6feef2d295501604db837
podrun2,105,,variable_elimination,,,,,,,,,,,5776b29715e9a50cd9f500c1b53e676b5e8d4ed040d40ac02cad5f3eb90e7774,0.029661015,0.003974829384277354,6be15ae6a73eb35f0e87b9b1
podrun2,105,,memo_components,,,,,,,,,,,5776b29715e9a50cd9f500c1b53e676b5e8d4ed040d40ac02cad5f3eb90e7774,0.115143813,0.01423643073779396,6be15ae6a73eb35f0e87b9b1
podrun2,105,,warm_components,,,,,,,,,,,5776b29715e9a50cd9f500c1b53e676b5e8d4ed040d40ac02cad5f3eb90e7774,0.00489496,1.2460052159248434,6be15ae6a73eb35f0e87b9b1
podrun2,105,,variable_elimination,,,,,,,,,,,5776b29715e9a50cd9f500c1b53e676b5e8d4ed040d40ac02cad5f3eb90e7774,0.034027034,0.11236470908646727,80b1b07b6d7f4fae31f56774
podrun2,105,,memo_components,,,,,,,,,,,5776b29715e9a50cd9f500c1b53e676b5e8d4ed040d40ac02cad5f3eb90e7774,0.128608075,0.009737391880627246,80b1b07b6d7f4fae31f56774
podrun2,105,,warm_components,,,,,,,,,,,5776b29715e9a50cd9f500c1b53e676b5e8d4ed040d40ac02cad5f3eb90e7774,0.015648032,1.1791546445470562,80b1b07b6d7f4fae31f56774
podrun2,100,,variable_elimination,,,,,,,,,,,f4f512facb6a5b46acbf03543c91d6653cb961b30ea9f2a1c1af33255bb1aa0b,0.031160487,0.10062660415904161,b05a3105805022f4ffb30b12
podrun2,100,,memo_components,,,,,,,,,,,f4f512facb6a5b46acbf03543c91d6653cb961b30ea9f2a1c1af33255bb1aa0b,0.125615431,0.00810037092856038,b05a3105805022f4ffb30b12
podrun2,100,,warm_components,,,,,,,,,,,f4f512facb6a5b46acbf03543c91d6653cb961b30ea9f2a1c1af33255bb1aa0b,0.015160971,1.1775523224966344,b05a3105805022f4ffb30b12
podrun2,100,,variable_elimination,,,,,,,,,,,f4f512facb6a5b46acbf03543c91d6653cb961b30ea9f2a1c1af33255bb1aa0b,0.031512401,0.08355673918358346,a52f48d94ae5ac2766b2dd1f
podrun2,100,,memo_components,,,,,,,,,,,f4f512facb6a5b46acbf03543c91d6653cb961b30ea9f2a1c1af33255bb1aa0b,0.126365587,0.00805421208123923,a52f48d94ae5ac2766b2dd1f
podrun2,100,,warm_components,,,,,,,,,,,f4f512facb6a5b46acbf03543c91d6653cb961b30ea9f2a1c1af33255bb1aa0b,0.014974395,1.2528476661876264,a52f48d94ae5ac2766b2dd1f
podrun2,105,,variable_elimination,,,,,,,,,,,5776b29715e9a50cd9f500c1b53e676b5e8d4ed040d40ac02cad5f3eb90e7774,0.03427289,0.08247417532489382,197eeba29873fd5539f767ac
podrun2,105,,memo_components,,,,,,,,,,,5776b29715e9a50cd9f500c1b53e676b5e8d4ed040d40ac02cad5f3eb90e7774,0.129088267,0.006975489816771374,197eeba29873fd5539f767ac
podrun2,105,,warm_components,,,,,,,,,,,5776b29715e9a50cd9f500c1b53e676b5e8d4ed040d40ac02cad5f3eb90e7774,0.015648682,1.2260655130872884,197eeba29873fd5539f767ac
podrun2,105,,variable_elimination,,,,,,,,,,,5776b29715e9a50cd9f500c1b53e676b5e8d4ed040d40ac02cad5f3eb90e7774,0.033699731,0.09983249554440647,89808cc18f7dec7e8700628b
podrun2,105,,memo_components,,,,,,,,,,,5776b29715e9a50cd9f500c1b53e676b5e8d4ed040d40ac02cad5f3eb90e7774,0.128000966,0.00979361799767805,89808cc18f7dec7e8700628b
podrun2,105,,warm_components,,,,,,,,,,,5776b29715e9a50cd9f500c1b53e676b5e8d4ed040d40ac02cad5f3eb90e7774,0.01581608,1.1725919107858866,89808cc18f7dec7e8700628b
podrun2,105,,variable_elimination,,,,,,,,,,,2f0ee1908f70cfacdcaa935c9cf068812f88091fc3f555e3c77266b9746ed299,0.033833978,0.021813868038711305,397fad82acaafa53e795039c
podrun2,105,,memo_components,,,,,,,,,,,2f0ee1908f70cfacdcaa935c9cf068812f88091fc3f555e3c77266b9746ed299,0.127360538,0.00705179479610049,397fad82acaafa53e795039c
podrun2,100,,variable_elimination,,,,,,,,,,,6d43be99a4507f763b4aefb62ff79ccc08704b7e8f63d57927b61fdcb73c6079,0.031530621,0.019093610532442525,5db5c43ce414049b729b3279
podrun2,100,,memo_components,,,,,,,,,,,6d43be99a4507f763b4aefb62ff79ccc08704b7e8f63d57927b61fdcb73c6079,0.124185547,0.011841979167264375,5db5c43ce414049b729b3279
podrun2,105,,variable_elimination,,,,,,,,,,,5776b29715e9a50cd9f500c1b53e676b5e8d4ed040d40ac02cad5f3eb90e7774,0.02828093,0.05298503956191106,a84684738ff60688f418e7ff
podrun2,105,,memo_components,,,,,,,,,,,5776b29715e9a50cd9f500c1b53e676b5e8d4ed040d40ac02cad5f3eb90e7774,0.058985845,0.0076119198588785525,a84684738ff60688f418e7ff
podrun2,105,,warm_components,,,,,,,,,,,5776b29715e9a50cd9f500c1b53e676b5e8d4ed040d40ac02cad5f3eb90e7774,0.002590443,1.256736022703259,a84684738ff60688f418e7ff
podrun2,105,,variable_elimination,,,,,,,,,,,5776b29715e9a50cd9f500c1b53e676b5e8d4ed040d40ac02cad5f3eb90e7774,0.028377538,0.0021782514241423874,9e124e7cef31280c3ff4a577
podrun2,105,,memo_components,,,,,,,,,,,5776b29715e9a50cd9f500c1b53e676b5e8d4ed040d40ac02cad5f3eb90e7774,0.110655956,0.004704860326501329,9e124e7cef31280c3ff4a577
podrun2,105,,warm_components,,,,,,,,,,,5776b29715e9a50cd9f500c1b53e676b5e8d4ed040d40ac02cad5f3eb90e7774,0.003080643,1.303676868806274,9e124e7cef31280c3ff4a577
podrun2,100,,variable_elimination,,,,,,,,,,,f4f512facb6a5b46acbf03543c91d6653cb961b30ea9f2a1c1af33255bb1aa0b,0.02660139,0.040763033471824195,d2e31bde2d579ad5d64f70e7
podrun2,100,,memo_components,,,,,,,,,,,f4f512facb6a5b46acbf03543c91d6653cb961b30ea9f2a1c1af33255bb1aa0b,0.056631159,0.005690970805204099,d2e31bde2d579ad5d64f70e7
podrun2,100,,warm_components,,,,,,,,,,,f4f512facb6a5b46acbf03543c91d6653cb961b30ea9f2a1c1af33255bb1aa0b,0.002111751,1.2698238463378233,d2e31bde2d579ad5d64f70e7
podrun2,100,,variable_elimination,,,,,,,,,,,f4f512facb6a5b46acbf03543c91d6653cb961b30ea9f2a1c1af33255bb1aa0b,0.026980344,0.0029286385266938434,48ab8007b8c67677ebc0067e
podrun2,100,,memo_components,,,,,,,,,,,f4f512facb6a5b46acbf03543c91d6653cb961b30ea9f2a1c1af33255bb1aa0b,0.111910633,0.007520209451218605,48ab8007b8c67677ebc0067e
podrun2,100,,warm_components,,,,,,,,,,,f4f512facb6a5b46acbf03543c91d6653cb961b30ea9f2a1c1af33255bb1aa0b,0.00327005,1.303428745462924,48ab8007b8c67677ebc0067e
podrun2,105,,variable_elimination,,,,,,,,,,,5776b29715e9a50cd9f500c1b53e676b5e8d4ed040d40ac02cad5f3eb90e7774,0.031163108,0.02797148458334887,c13abf2040b94f4be931532b
podrun2,105,,memo_components,,,,,,,,,,,5776b29715e9a50cd9f500c1b53e676b5e8d4ed040d40ac02cad5f3eb90e7774,0.115710323,0.0066496131007837906,c13abf2040b94f4be931532b
podrun2,105,,warm_components,,,,,,,,,,,5776b29715e9a50cd9f500c1b53e676b5e8d4ed040d40ac02cad5f3eb90e7774,0.00492459,1.2497909843073567,c13abf2040b94f4be931532b
podrun2,105,,variable_elimination,,,,,,,,,,,2f0ee1908f70cfacdcaa935c9cf068812f88091fc3f555e3c77266b9746ed299,0.033620082,0.003529850085866547,f692ff9b0d95262afefe9e64
podrun2,105,,memo_components,,,,,,,,,,,2f0ee1908f70cfacdcaa935c9cf068812f88091fc3f555e3c77266b9746ed299,0.126518974,0.00803489327195211,f692ff9b0d95262afefe9e64
podrun2,105,,variable_elimination,,,,,,,,,,,5776b29715e9a50cd9f500c1b53e676b5e8d4ed040d40ac02cad5f3eb90e7774,0.028424377,0.004950851636514311,8ddf6ae855f4a3b127d07e27
podrun2,105,,memo_components,,,,,,,,,,,5776b29715e9a50cd9f500c1b53e676b5e8d4ed040d40ac02cad5f3eb90e7774,0.059826131,0.014509659995385346,8ddf6ae855f4a3b127d07e27
podrun2,105,,warm_components,,,,,,,,,,,5776b29715e9a50cd9f500c1b53e676b5e8d4ed040d40ac02cad5f3eb90e7774,0.00216643,1.2705540515838687,8ddf6ae855f4a3b127d07e27
podrun2,100,,variable_elimination,,,,,,,,,,,f4f512facb6a5b46acbf03543c91d6653cb961b30ea9f2a1c1af33255bb1aa0b,0.02824407,0.02654577281105254,441f8d012e8c37060e509471
podrun2,100,,memo_components,,,,,,,,,,,f4f512facb6a5b46acbf03543c91d6653cb961b30ea9f2a1c1af33255bb1aa0b,0.115251481,0.005100669124233055,441f8d012e8c37060e509471
podrun2,100,,warm_components,,,,,,,,,,,f4f512facb6a5b46acbf03543c91d6653cb961b30ea9f2a1c1af33255bb1aa0b,0.004728913,1.2544825670444115,441f8d012e8c37060e509471
podrun2,105,,variable_elimination,,,,,,,,,,,5776b29715e9a50cd9f500c1b53e676b5e8d4ed040d40ac02cad5f3eb90e7774,0.028602155,0.003596623270421831,4e3e49695bc6fae660d047c6
podrun2,105,,memo_components,,,,,,,,,,,5776b29715e9a50cd9f500c1b53e676b5e8d4ed040d40ac02cad5f3eb90e7774,0.112266236,0.0030278055832866292,4e3e49695bc6fae660d047c6
podrun2,105,,warm_components,,,,,,,,,,,5776b29715e9a50cd9f500c1b53e676b5e8d4ed040d40ac02cad5f3eb90e7774,0.003129012,1.3023715670498464,4e3e49695bc6fae660d047c6
podrun2,105,,variable_elimination,,,,,,,,,,,5776b29715e9a50cd9f500c1b53e676b5e8d4ed040d40ac02cad5f3eb90e7774,0.029652725,0.0016618179476075344,1ef18e5ebe4dfe9000c66b66
podrun2,105,,memo_components,,,,,,,,,,,5776b29715e9a50cd9f500c1b53e676b5e8d4ed040d40ac02cad5f3eb90e7774,0.114332058,0.0051765286287940495,1ef18e5ebe4dfe9000c66b66
podrun2,105,,warm_components,,,,,,,,,,,5776b29715e9a50cd9f500c1b53e676b5e8d4ed040d40ac02cad5f3eb90e7774,0.004965819,1.245070624333793,1ef18e5ebe4dfe9000c66b66
podrun2,100,,variable_elimination,,,,,,,,,,,f4f512facb6a5b46acbf03543c91d6653cb961b30ea9f2a1c1af33255bb1aa0b,0.031346204,0.10077937343543573,8aa23760bc71e936c1856c9a
podrun2,100,,memo_components,,,,,,,,,,,f4f512facb6a5b46acbf03543c91d6653cb961b30ea9f2a1c1af33255bb1aa0b,0.127099384,0.00693012665228993,8aa23760bc71e936c1856c9a
podrun2,100,,warm_components,,,,,,,,,,,f4f512facb6a5b46acbf03543c91d6653cb961b30ea9f2a1c1af33255bb1aa0b,0.015142041,1.1866357180686,8aa23760bc71e936c1856c9a
podrun2,100,,variable_elimination,,,,,,,,,,,f4f512facb6a5b46acbf03543c91d6653cb961b30ea9f2a1c1af33255bb1aa0b,0.031781526,0.07625205245410008,a66341ce4b9160a40157c2ab
podrun2,100,,memo_components,,,,,,,,,,,f4f512facb6a5b46acbf03543c91d6653cb961b30ea9f2a1c1af33255bb1aa0b,0.128864071,0.013815707173232567,a66341ce4b9160a40157c2ab
podrun2,100,,warm_components,,,,,,,,,,,f4f512facb6a5b46acbf03543c91d6653cb961b30ea9f2a1c1af33255bb1aa0b,0.01524507,1.2677880270626027,a66341ce4b9160a40157c2ab
podrun2,105,,variable_elimination,,,,,,,,,,,5776b29715e9a50cd9f500c1b53e676b5e8d4ed040d40ac02cad5f3eb90e7774,0.034195081,0.1122639660546451,de034955a0551ad58c27f88b
podrun2,105,,memo_components,,,,,,,,,,,5776b29715e9a50cd9f500c1b53e676b5e8d4ed040d40ac02cad5f3eb90e7774,0.128590716,0.014779621694135997,de034955a0551ad58c27f88b
podrun2,105,,warm_components,,,,,,,,,,,5776b29715e9a50cd9f500c1b53e676b5e8d4ed040d40ac02cad5f3eb90e7774,0.015936567,1.1792325768099252,de034955a0551ad58c27f88b
podrun2,105,,variable_elimination,,,,,,,,,,,5776b29715e9a50cd9f500c1b53e676b5e8d4ed040d40ac02cad5f3eb90e7774,0.033672401,0.07952268905592436,90917521fe3a4df38091d7be
podrun2,105,,memo_components,,,,,,,,,,,5776b29715e9a50cd9f500c1b53e676b5e8d4ed040d40ac02cad5f3eb90e7774,0.129318532,0.010722945074498794,90917521fe3a4df38091d7be
podrun2,105,,warm_components,,,,,,,,,,,5776b29715e9a50cd9f500c1b53e676b5e8d4ed040d40ac02cad5f3eb90e7774,0.015644233,1.2473674178374694,90917521fe3a4df38091d7be
podrun2,105,,variable_elimination,,,,,,,,,,,5776b29715e9a50cd9f500c1b53e676b5e8d4ed040d40ac02cad5f3eb90e7774,0.034065034,0.09159090599984226,b0befa080129efef54df7803
podrun2,105,,memo_components,,,,,,,,,,,5776b29715e9a50cd9f500c1b53e676b5e8d4ed040d40ac02cad5f3eb90e7774,0.12944015,0.016995426555536382,b0befa080129efef54df7803
podrun2,105,,warm_components,,,,,,,,,,,5776b29715e9a50cd9f500c1b53e676b5e8d4ed040d40ac02cad5f3eb90e7774,0.015908807,1.2433063199321235,b0befa080129efef54df7803
podrun2,105,,variable_elimination,,,,,,,,,,,5776b29715e9a50cd9f500c1b53e676b5e8d4ed040d40ac02cad5f3eb90e7774,0.036117236,0.0910311036046637,f91a79c791e854d826e4920f
podrun2,105,,memo_components,,,,,,,,,,,5776b29715e9a50cd9f500c1b53e676b5e8d4ed040d40ac02cad5f3eb90e7774,0.128721593,0.009548508315248092,f91a79c791e854d826e4920f
podrun2,105,,warm_components,,,,,,,,,,,5776b29715e9a50cd9f500c1b53e676b5e8d4ed040d40ac02cad5f3eb90e7774,0.015717451,1.1847750358634248,f91a79c791e854d826e4920f
podrun2,100,,variable_elimination,,,,,,,,,,,f4f512facb6a5b46acbf03543c91d6653cb961b30ea9f2a1c1af33255bb1aa0b,0.033099212,0.09068447389432176,df67c2e43abc65db2dbba4b8
podrun2,100,,memo_components,,,,,,,,,,,f4f512facb6a5b46acbf03543c91d6653cb961b30ea9f2a1c1af33255bb1aa0b,0.126272989,0.0066862924217734755,df67c2e43abc65db2dbba4b8
podrun2,100,,warm_components,,,,,,,,,,,f4f512facb6a5b46acbf03543c91d6653cb961b30ea9f2a1c1af33255bb1aa0b,0.015300369,1.180236855684042,df67c2e43abc65db2dbba4b8
podrun2,100,,variable_elimination,,,,,,,,,,,f4f512facb6a5b46acbf03543c91d6653cb961b30ea9f2a1c1af33255bb1aa0b,0.031457702,0.0938683552427857,dd9394510f394c178d2a2e55
podrun2,100,,memo_components,,,,,,,,,,,f4f512facb6a5b46acbf03543c91d6653cb961b30ea9f2a1c1af33255bb1aa0b,0.12675433,0.013538538306189712,dd9394510f394c178d2a2e55
podrun2,100,,warm_components,,,,,,,,,,,f4f512facb6a5b46acbf03543c91d6653cb961b30ea9f2a1c1af33255bb1aa0b,0.015298079,1.230151520423111,dd9394510f394c178d2a2e55
podrun2,100,,variable_elimination,,,,,,,,,,,6d43be99a4507f763b4aefb62ff79ccc08704b7e8f63d57927b61fdcb73c6079,0.031036289,0.006403305246349884,490377176e51fba20483268b
podrun2,100,,memo_components,,,,,,,,,,,6d43be99a4507f763b4aefb62ff79ccc08704b7e8f63d57927b61fdcb73c6079,0.124689177,0.002505099490286146,490377176e51fba20483268b
podrun2,105,,variable_elimination,,,,,,,,,,,2f0ee1908f70cfacdcaa935c9cf068812f88091fc3f555e3c77266b9746ed299,0.033502134,0.0026822760139060403,e6e6d6c57292d0e1be081aec
podrun2,105,,memo_components,,,,,,,,,,,2f0ee1908f70cfacdcaa935c9cf068812f88091fc3f555e3c77266b9746ed299,0.127240461,0.005514427343794123,e6e6d6c57292d0e1be081aec
podrun2,100,,variable_elimination,,,,,,,,,,,f4f512facb6a5b46acbf03543c91d6653cb961b30ea9f2a1c1af33255bb1aa0b,0.026496963,0.004212935752168233,9a145705fc76b3223a0fb2b6
podrun2,100,,memo_components,,,,,,,,,,,f4f512facb6a5b46acbf03543c91d6653cb961b30ea9f2a1c1af33255bb1aa0b,0.057320146,0.002629164748950002,9a145705fc76b3223a0fb2b6
podrun2,100,,warm_components,,,,,,,,,,,f4f512facb6a5b46acbf03543c91d6653cb961b30ea9f2a1c1af33255bb1aa0b,0.002139311,1.2705652625447235,9a145705fc76b3223a0fb2b6
podrun2,100,,variable_elimination,,,,,,,,,,,f4f512facb6a5b46acbf03543c91d6653cb961b30ea9f2a1c1af33255bb1aa0b,0.028853769,0.030422125091138938,6a0e20e1c70bfed8d4835e7c
podrun2,100,,memo_components,,,,,,,,,,,f4f512facb6a5b46acbf03543c91d6653cb961b30ea9f2a1c1af33255bb1aa0b,0.111928672,0.017319462337040112,6a0e20e1c70bfed8d4835e7c
podrun2,100,,warm_components,,,,,,,,,,,f4f512facb6a5b46acbf03543c91d6653cb961b30ea9f2a1c1af33255bb1aa0b,0.00327522,1.3033054374460844,6a0e20e1c70bfed8d4835e7c
podrun2,100,,variable_elimination,,,,,,,,,,,f4f512facb6a5b46acbf03543c91d6653cb961b30ea9f2a1c1af33255bb1aa0b,0.02720981,0.0049707783592992695,3f0811009639e55f9dff6305
podrun2,100,,memo_components,,,,,,,,,,,f4f512facb6a5b46acbf03543c91d6653cb961b30ea9f2a1c1af33255bb1aa0b,0.114365138,0.010603972491674295,3f0811009639e55f9dff6305
podrun2,100,,warm_components,,,,,,,,,,,f4f512facb6a5b46acbf03543c91d6653cb961b30ea9f2a1c1af33255bb1aa0b,0.004693584,1.2537370768554161,3f0811009639e55f9dff6305
podrun2,105,,variable_elimination,,,,,,,,,,,2f0ee1908f70cfacdcaa935c9cf068812f88091fc3f555e3c77266b9746ed299,0.033415825,0.0024164106965761226,f31bcbd5d1a5faca84ea56b2
podrun2,105,,memo_components,,,,,,,,,,,2f0ee1908f70cfacdcaa935c9cf068812f88091fc3f555e3c77266b9746ed299,0.127070014,0.0065703999947621,f31bcbd5d1a5faca84ea56b2
podrun2,100,,variable_elimination,,,,,,,,,,,6d43be99a4507f763b4aefb62ff79ccc08704b7e8f63d57927b61fdcb73c6079,0.031255275,0.02490400396209145,4c2f9a12e85411cae4b1a253
podrun2,100,,memo_components,,,,,,,,,,,6d43be99a4507f763b4aefb62ff79ccc08704b7e8f63d57927b61fdcb73c6079,0.128014257,0.00807871777732494,4c2f9a12e85411cae4b1a253
podrun2,105,,variable_elimination,,,,,,,,,,,5776b29715e9a50cd9f500c1b53e676b5e8d4ed040d40ac02cad5f3eb90e7774,0.02826699,0.006942403949489708,90ee0607452de85f8cd8e84a
podrun2,105,,memo_components,,,,,,,,,,,5776b29715e9a50cd9f500c1b53e676b5e8d4ed040d40ac02cad5f3eb90e7774,0.058719461,0.013592524703346166,90ee0607452de85f8cd8e84a
podrun2,105,,warm_components,,,,,,,,,,,5776b29715e9a50cd9f500c1b53e676b5e8d4ed040d40ac02cad5f3eb90e7774,0.002160281,1.2724233670115654,90ee0607452de85f8cd8e84a
podrun2,100,,variable_elimination,,,,,,,,,,,f4f512facb6a5b46acbf03543c91d6653cb961b30ea9f2a1c1af33255bb1aa0b,0.026445954,0.0046778494795271875,eb539aa50795ed011499d91b
podrun2,100,,memo_components,,,,,,,,,,,f4f512facb6a5b46acbf03543c91d6653cb961b30ea9f2a1c1af33255bb1aa0b,0.056323374,0.004944402818564927,eb539aa50795ed011499d91b
podrun2,100,,warm_components,,,,,,,,,,,f4f512facb6a5b46acbf03543c91d6653cb961b30ea9f2a1c1af33255bb1aa0b,0.002079641,1.2710847609011995,eb539aa50795ed011499d91b
podrun2,105,,variable_elimination,,,,,,,,,,,5776b29715e9a50cd9f500c1b53e676b5e8d4ed040d40ac02cad5f3eb90e7774,0.028479086,0.005892191659407264,de4f36111df156b18b71cbf0
podrun2,105,,memo_components,,,,,,,,,,,5776b29715e9a50cd9f500c1b53e676b5e8d4ed040d40ac02cad5f3eb90e7774,0.114304919,0.00701241453306467,de4f36111df156b18b71cbf0
podrun2,105,,warm_components,,,,,,,,,,,5776b29715e9a50cd9f500c1b53e676b5e8d4ed040d40ac02cad5f3eb90e7774,0.003092673,1.3067170107596529,de4f36111df156b18b71cbf0
podrun2,105,,variable_elimination,,,,,,,,,,,5776b29715e9a50cd9f500c1b53e676b5e8d4ed040d40ac02cad5f3eb90e7774,0.029578187,0.005500189897672582,4e25ff43f911ff683964d4b5
podrun2,105,,memo_components,,,,,,,,,,,5776b29715e9a50cd9f500c1b53e676b5e8d4ed040d40ac02cad5f3eb90e7774,0.115053654,0.007720505709388247,4e25ff43f911ff683964d4b5
podrun2,105,,warm_components,,,,,,,,,,,5776b29715e9a50cd9f500c1b53e676b5e8d4ed040d40ac02cad5f3eb90e7774,0.00490341,1.2469151341779983,4e25ff43f911ff683964d4b5
podrun2,100,,variable_elimination,,,,,,,,,,,f4f512facb6a5b46acbf03543c91d6653cb961b30ea9f2a1c1af33255bb1aa0b,0.026853217,0.0018055312092867932,574bf6ca34ddba423085f99f
podrun2,100,,memo_components,,,,,,,,,,,f4f512facb6a5b46acbf03543c91d6653cb961b30ea9f2a1c1af33255bb1aa0b,0.110765184,0.00775303566054953,574bf6ca34ddba423085f99f
podrun2,100,,warm_components,,,,,,,,,,,f4f512facb6a5b46acbf03543c91d6653cb961b30ea9f2a1c1af33255bb1aa0b,0.00325006,1.3021244411105453,574bf6ca34ddba423085f99f
podrun2,100,,variable_elimination,,,,,,,,,,,f4f512facb6a5b46acbf03543c91d6653cb961b30ea9f2a1c1af33255bb1aa0b,0.028216151,0.028920998513470422,d5ab49973bfd207cf716d655
podrun2,100,,memo_components,,,,,,,,,,,f4f512facb6a5b46acbf03543c91d6653cb961b30ea9f2a1c1af33255bb1aa0b,0.115445028,0.0015041469086149954,d5ab49973bfd207cf716d655
podrun2,100,,warm_components,,,,,,,,,,,f4f512facb6a5b46acbf03543c91d6653cb961b30ea9f2a1c1af33255bb1aa0b,0.004750382,1.2538073927008357,d5ab49973bfd207cf716d655
podrun2,105,,variable_elimination,,,,,,,,,,,5776b29715e9a50cd9f500c1b53e676b5e8d4ed040d40ac02cad5f3eb90e7774,0.033920386,0.09599648507037055,5533db99bfb72d51288d85dd
podrun2,105,,memo_components,,,,,,,,,,,5776b29715e9a50cd9f500c1b53e676b5e8d4ed040d40ac02cad5f3eb90e7774,0.129061957,0.012363692756533338,5533db99bfb72d51288d85dd
podrun2,105,,warm_components,,,,,,,,,,,5776b29715e9a50cd9f500c1b53e676b5e8d4ed040d40ac02cad5f3eb90e7774,0.01576412,1.1812565177990355,5533db99bfb72d51288d85dd
podrun2,100,,variable_elimination,,,,,,,,,,,f4f512facb6a5b46acbf03543c91d6653cb961b30ea9f2a1c1af33255bb1aa0b,0.031236675,0.10134003430739874,5ea548a535c6da8e3f049bb0
podrun2,100,,memo_components,,,,,,,,,,,f4f512facb6a5b46acbf03543c91d6653cb961b30ea9f2a1c1af33255bb1aa0b,0.126212079,0.011615380038772388,5ea548a535c6da8e3f049bb0
podrun2,100,,warm_components,,,,,,,,,,,f4f512facb6a5b46acbf03543c91d6653cb961b30ea9f2a1c1af33255bb1aa0b,0.014993454,1.1873196446167766,5ea548a535c6da8e3f049bb0
podrun2,105,,variable_elimination,,,,,,,,,,,5776b29715e9a50cd9f500c1b53e676b5e8d4ed040d40ac02cad5f3eb90e7774,0.034542695,0.07443789056812265,d500f2372ac9b3a7a4a770dd
podrun2,105,,memo_components,,,,,,,,,,,5776b29715e9a50cd9f500c1b53e676b5e8d4ed040d40ac02cad5f3eb90e7774,0.129581737,0.009940636603415624,d500f2372ac9b3a7a4a770dd
podrun2,105,,warm_components,,,,,,,,,,,5776b29715e9a50cd9f500c1b53e676b5e8d4ed040d40ac02cad5f3eb90e7774,0.015842919,1.257253685232137,d500f2372ac9b3a7a4a770dd
podrun2,100,,variable_elimination,,,,,,,,,,,f4f512facb6a5b46acbf03543c91d6653cb961b30ea9f2a1c1af33255bb1aa0b,0.031970793,0.07791496364548035,3a74356c858104e1ed118951
podrun2,100,,memo_components,,,,,,,,,,,f4f512facb6a5b46acbf03543c91d6653cb961b30ea9f2a1c1af33255bb1aa0b,0.126940047,0.01251064474854529,3a74356c858104e1ed118951
podrun2,100,,warm_components,,,,,,,,,,,f4f512facb6a5b46acbf03543c91d6653cb961b30ea9f2a1c1af33255bb1aa0b,0.015235,1.2629490709920486,3a74356c858104e1ed118951
podrun2,105,,variable_elimination,,,,,,,,,,,5776b29715e9a50cd9f500c1b53e676b5e8d4ed040d40ac02cad5f3eb90e7774,0.033779878,0.09921843605390646,6ac2e178cc68c23bbe07a599
podrun2,105,,memo_components,,,,,,,,,,,5776b29715e9a50cd9f500c1b53e676b5e8d4ed040d40ac02cad5f3eb90e7774,0.128152714,0.005648322827478593,6ac2e178cc68c23bbe07a599
podrun2,105,,warm_components,,,,,,,,,,,5776b29715e9a50cd9f500c1b53e676b5e8d4ed040d40ac02cad5f3eb90e7774,0.01572761,1.1765621872366014,6ac2e178cc68c23bbe07a599
podrun2,100,,variable_elimination,,,,,,,,,,,f4f512facb6a5b46acbf03543c91d6653cb961b30ea9f2a1c1af33255bb1aa0b,0.032035411,0.09801024088701199,8a041c43fc866c816b2d4cac
podrun2,100,,memo_components,,,,,,,,,,,f4f512facb6a5b46acbf03543c91d6653cb961b30ea9f2a1c1af33255bb1aa0b,0.128106445,0.008361250683651981,8a041c43fc866c816b2d4cac
podrun2,100,,warm_components,,,,,,,,,,,f4f512facb6a5b46acbf03543c91d6653cb961b30ea9f2a1c1af33255bb1aa0b,0.015344548,1.1897262976537888,8a041c43fc866c816b2d4cac
podrun2,100,,variable_elimination,,,,,,,,,,,f4f512facb6a5b46acbf03543c91d6653cb961b30ea9f2a1c1af33255bb1aa0b,0.032867375,0.08893471179047965,5a27701019cb46ea257e9f4c
podrun2,100,,memo_components,,,,,,,,,,,f4f512facb6a5b46acbf03543c91d6653cb961b30ea9f2a1c1af33255bb1aa0b,0.126144651,0.013847672491010155,5a27701019cb46ea257e9f4c
podrun2,100,,warm_components,,,,,,,,,,,f4f512facb6a5b46acbf03543c91d6653cb961b30ea9f2a1c1af33255bb1aa0b,0.015064843,1.2520220997742058,5a27701019cb46ea257e9f4c
podrun2,105,,variable_elimination,,,,,,,,,,,5776b29715e9a50cd9f500c1b53e676b5e8d4ed040d40ac02cad5f3eb90e7774,0.03374787,0.085979472133855,5227a268fb7256e1ecad3127
podrun2,105,,memo_components,,,,,,,,,,,5776b29715e9a50cd9f500c1b53e676b5e8d4ed040d40ac02cad5f3eb90e7774,0.132233869,0.008612540189653756,5227a268fb7256e1ecad3127
podrun2,105,,warm_components,,,,,,,,,,,5776b29715e9a50cd9f500c1b53e676b5e8d4ed040d40ac02cad5f3eb90e7774,0.015933127,1.2492490778606862,5227a268fb7256e1ecad3127
podrun2,105,,variable_elimination,,,,,,,,,,,2f0ee1908f70cfacdcaa935c9cf068812f88091fc3f555e3c77266b9746ed299,0.033588713,0.006014137890037395,ac7aaf597a0a96ca38345a0d
podrun2,105,,memo_components,,,,,,,,,,,2f0ee1908f70cfacdcaa935c9cf068812f88091fc3f555e3c77266b9746ed299,0.127691933,0.0024635762968466444,ac7aaf597a0a96ca38345a0d
podrun2,100,,variable_elimination,,,,,,,,,,,6d43be99a4507f763b4aefb62ff79ccc08704b7e8f63d57927b61fdcb73c6079,0.031417403,0.005833726235439931,755a807e8ef0f1c0c2737a11
podrun2,100,,memo_components,,,,,,,,,,,6d43be99a4507f763b4aefb62ff79ccc08704b7e8f63d57927b61fdcb73c6079,0.124745137,0.002140075576857975,755a807e8ef0f1c0c2737a11
podrun2,105,,variable_elimination,,,,,,,,,,,5776b29715e9a50cd9f500c1b53e676b5e8d4ed040d40ac02cad5f3eb90e7774,0.033885197,0.0039172088680360295,14b0bb21d57661994338603a
podrun2,105,,memo_components,,,,,,,,,,,5776b29715e9a50cd9f500c1b53e676b5e8d4ed040d40ac02cad5f3eb90e7774,0.059658673,0.005087580261804245,14b0bb21d57661994338603a
podrun2,105,,warm_components,,,,,,,,,,,5776b29715e9a50cd9f500c1b53e676b5e8d4ed040d40ac02cad5f3eb90e7774,0.002246289,1.2667940139542415,14b0bb21d57661994338603a
podrun2,100,,variable_elimination,,,,,,,,,,,f4f512facb6a5b46acbf03543c91d6653cb961b30ea9f2a1c1af33255bb1aa0b,0.026562151,0.011426073693030296,999e2740fa47a5befe87405a
podrun2,100,,memo_components,,,,,,,,,,,f4f512facb6a5b46acbf03543c91d6653cb961b30ea9f2a1c1af33255bb1aa0b,0.056809415,0.0069099547022791466,999e2740fa47a5befe87405a
podrun2,100,,warm_components,,,,,,,,,,,f4f512facb6a5b46acbf03543c91d6653cb961b30ea9f2a1c1af33255bb1aa0b,0.002123841,1.2690750724566529,999e2740fa47a5befe87405a
podrun2,105,,variable_elimination,,,,,,,,,,,5776b29715e9a50cd9f500c1b53e676b5e8d4ed040d40ac02cad5f3eb90e7774,0.029076386,0.01236363206114294,202777da811fe7b3c82151f8
podrun2,105,,memo_components,,,,,,,,,,,5776b29715e9a50cd9f500c1b53e676b5e8d4ed040d40ac02cad5f3eb90e7774,0.113568312,0.007399189014166268,202777da811fe7b3c82151f8
podrun2,105,,warm_components,,,,,,,,,,,5776b29715e9a50cd9f500c1b53e676b5e8d4ed040d40ac02cad5f3eb90e7774,0.003113093,1.3058072905154996,202777da811fe7b3c82151f8
podrun2,105,,variable_elimination,,,,,,,,,,,5776b29715e9a50cd9f500c1b53e676b5e8d4ed040d40ac02cad5f3eb90e7774,0.029773832,0.005316783077420809,a5a46cab3aa24182fb30c79a
podrun2,105,,memo_components,,,,,,,,,,,5776b29715e9a50cd9f500c1b53e676b5e8d4ed040d40ac02cad5f3eb90e7774,0.11475527,0.004213059855688662,a5a46cab3aa24182fb30c79a
podrun2,105,,warm_components,,,,,,,,,,,5776b29715e9a50cd9f500c1b53e676b5e8d4ed040d40ac02cad5f3eb90e7774,0.0049044,1.2472254986697364,a5a46cab3aa24182fb30c79a
podrun2,100,,variable_elimination,,,,,,,,,,,f4f512facb6a5b46acbf03543c91d6653cb961b30ea9f2a1c1af33255bb1aa0b,0.026785317,0.003309633525354326,0e6f5ba6195826f28be78c54
podrun2,100,,memo_components,,,,,,,,,,,f4f512facb6a5b46acbf03543c91d6653cb961b30ea9f2a1c1af33255bb1aa0b,0.110740415,0.010205705491984256,0e6f5ba6195826f28be78c54
podrun2,100,,warm_components,,,,,,,,,,,f4f512facb6a5b46acbf03543c91d6653cb961b30ea9f2a1c1af33255bb1aa0b,0.0032545,1.301370346274199,0e6f5ba6195826f28be78c54
podrun2,100,,variable_elimination,,,,,,,,,,,f4f512facb6a5b46acbf03543c91d6653cb961b30ea9f2a1c1af33255bb1aa0b,0.027464965,0.008232447332696966,a7ffa2185e513440edba3c1f
podrun2,100,,memo_components,,,,,,,,,,,f4f512facb6a5b46acbf03543c91d6653cb961b30ea9f2a1c1af33255bb1aa0b,0.113926866,0.00753731809023099,a7ffa2185e513440edba3c1f
podrun2,100,,warm_components,,,,,,,,,,,f4f512facb6a5b46acbf03543c91d6653cb961b30ea9f2a1c1af33255bb1aa0b,0.004747642,1.251917624202826,a7ffa2185e513440edba3c1f
podrun2,100,,variable_elimination,,,,,,,,,,,f4f512facb6a5b46acbf03543c91d6653cb961b30ea9f2a1c1af33255bb1aa0b,0.031828865,0.11456138464600354,c08824e28f6b5715f57f48f1
podrun2,100,,memo_components,,,,,,,,,,,f4f512facb6a5b46acbf03543c91d6653cb961b30ea9f2a1c1af33255bb1aa0b,0.129283613,0.01453214547620917,c08824e28f6b5715f57f48f1
podrun2,100,,warm_components,,,,,,,,,,,f4f512facb6a5b46acbf03543c91d6653cb961b30ea9f2a1c1af33255bb1aa0b,0.015058783,1.191295873937544,c08824e28f6b5715f57f48f1
podrun2,105,,variable_elimination,,,,,,,,,,,5776b29715e9a50cd9f500c1b53e676b5e8d4ed040d40ac02cad5f3eb90e7774,0.033668571,0.09673332705136126,378de31233c94ac53203de4c
podrun2,105,,memo_components,,,,,,,,,,,5776b29715e9a50cd9f500c1b53e676b5e8d4ed040d40ac02cad5f3eb90e7774,0.128116755,0.009685687064353979,378de31233c94ac53203de4c
podrun2,105,,warm_components,,,,,,,,,,,5776b29715e9a50cd9f500c1b53e676b5e8d4ed040d40ac02cad5f3eb90e7774,0.015544524,1.1721744150845914,378de31233c94ac53203de4c
podrun2,100,,variable_elimination,,,,,,,,,,,f4f512facb6a5b46acbf03543c91d6653cb961b30ea9f2a1c1af33255bb1aa0b,0.031841905,0.07668305653205064,9998038691d944a59bc69ec5
podrun2,100,,memo_components,,,,,,,,,,,f4f512facb6a5b46acbf03543c91d6653cb961b30ea9f2a1c1af33255bb1aa0b,0.129170115,0.013600000861379928,9998038691d944a59bc69ec5
podrun2,100,,warm_components,,,,,,,,,,,f4f512facb6a5b46acbf03543c91d6653cb961b30ea9f2a1c1af33255bb1aa0b,0.015184131,1.277285085672007,9998038691d944a59bc69ec5
podrun2,105,,variable_elimination,,,,,,,,,,,5776b29715e9a50cd9f500c1b53e676b5e8d4ed040d40ac02cad5f3eb90e7774,0.033903496,0.07630710237878559,6fec7012ca5b47faa8e0e4fe
podrun2,105,,memo_components,,,,,,,,,,,5776b29715e9a50cd9f500c1b53e676b5e8d4ed040d40ac02cad5f3eb90e7774,0.12889495,0.011372724078936124,6fec7012ca5b47faa8e0e4fe
podrun2,105,,warm_components,,,,,,,,,,,5776b29715e9a50cd9f500c1b53e676b5e8d4ed040d40ac02cad5f3eb90e7774,0.01579668,1.2525342662202434,6fec7012ca5b47faa8e0e4fe
podrun2,105,,variable_elimination,,,,,,,,,,,5776b29715e9a50cd9f500c1b53e676b5e8d4ed040d40ac02cad5f3eb90e7774,0.036062257,0.11639891464264045,e3f46c636d121e3ae0aa98a1
podrun2,105,,memo_components,,,,,,,,,,,5776b29715e9a50cd9f500c1b53e676b5e8d4ed040d40ac02cad5f3eb90e7774,0.128575966,0.010526406717974985,e3f46c636d121e3ae0aa98a1
podrun2,105,,warm_components,,,,,,,,,,,5776b29715e9a50cd9f500c1b53e676b5e8d4ed040d40ac02cad5f3eb90e7774,0.017295812,1.1456317316622404,e3f46c636d121e3ae0aa98a1
podrun2,100,,variable_elimination,,,,,,,,,,,f4f512facb6a5b46acbf03543c91d6653cb961b30ea9f2a1c1af33255bb1aa0b,0.031254346,0.1022023705746025,ac6df07e107da955044694d3
podrun2,100,,memo_components,,,,,,,,,,,f4f512facb6a5b46acbf03543c91d6653cb961b30ea9f2a1c1af33255bb1aa0b,0.126621392,0.010997848338076825,ac6df07e107da955044694d3
podrun2,100,,warm_components,,,,,,,,,,,f4f512facb6a5b46acbf03543c91d6653cb961b30ea9f2a1c1af33255bb1aa0b,0.015168831,1.1839503359416814,ac6df07e107da955044694d3
podrun2,100,,variable_elimination,,,,,,,,,,,f4f512facb6a5b46acbf03543c91d6653cb961b30ea9f2a1c1af33255bb1aa0b,0.031575279,0.08944789451415433,41f8952fed4fb63227ced30a
podrun2,100,,memo_components,,,,,,,,,,,f4f512facb6a5b46acbf03543c91d6653cb961b30ea9f2a1c1af33255bb1aa0b,0.125454613,0.010454316713367792,41f8952fed4fb63227ced30a
podrun2,100,,warm_components,,,,,,,,,,,f4f512facb6a5b46acbf03543c91d6653cb961b30ea9f2a1c1af33255bb1aa0b,0.015469236,1.2230050573117561,41f8952fed4fb63227ced30a
podrun2,105,,variable_elimination,,,,,,,,,,,5776b29715e9a50cd9f500c1b53e676b5e8d4ed040d40ac02cad5f3eb90e7774,0.034393718,0.08262240007912663,e571efffbfa5507d82c49746
podrun2,105,,memo_components,,,,,,,,,,,5776b29715e9a50cd9f500c1b53e676b5e8d4ed040d40ac02cad5f3eb90e7774,0.129031007,0.010096455600948795,e571efffbfa5507d82c49746
podrun2,105,,warm_components,,,,,,,,,,,5776b29715e9a50cd9f500c1b53e676b5e8d4ed040d40ac02cad5f3eb90e7774,0.015851869,1.235759655190098,e571efffbfa5507d82c49746
podrun2,100,,variable_elimination,,,,,,,,,,,6d43be99a4507f763b4aefb62ff79ccc08704b7e8f63d57927b61fdcb73c6079,0.031279405,0.0050203821161152,beed67601dbf7e9070e0f2c9
podrun2,100,,memo_components,,,,,,,,,,,6d43be99a4507f763b4aefb62ff79ccc08704b7e8f63d57927b61fdcb73c6079,0.12400426,0.007870065539394308,beed67601dbf7e9070e0f2c9
podrun2,105,,variable_elimination,,,,,,,,,,,2f0ee1908f70cfacdcaa935c9cf068812f88091fc3f555e3c77266b9746ed299,0.033461335,0.0011333677741824503,a53bd969a182c79cc600d886
podrun2,105,,memo_components,,,,,,,,,,,2f0ee1908f70cfacdcaa935c9cf068812f88091fc3f555e3c77266b9746ed299,0.131047241,0.00797772903800565,a53bd969a182c79cc600d886
podrun2,100,,variable_elimination,,,,,,,,,,,f4f512facb6a5b46acbf03543c91d6653cb961b30ea9f2a1c1af33255bb1aa0b,0.02721367,0.007364236574371926,3d9d7245f6bcacb43026fb85
podrun2,100,,memo_components,,,,,,,,,,,f4f512facb6a5b46acbf03543c91d6653cb961b30ea9f2a1c1af33255bb1aa0b,0.056725387,0.0054031323732766715,3d9d7245f6bcacb43026fb85
podrun2,100,,warm_components,,,,,,,,,,,f4f512facb6a5b46acbf03543c91d6653cb961b30ea9f2a1c1af33255bb1aa0b,0.00217077,1.2654145994175086,3d9d7245f6bcacb43026fb85
podrun2,100,,variable_elimination,,,,,,,,,,,f4f512facb6a5b46acbf03543c91d6653cb961b30ea9f2a1c1af33255bb1aa0b,0.027088992,0.011866766462814362,ad133fd9577b6f1e219695eb
podrun2,100,,memo_components,,,,,,,,,,,f4f512facb6a5b46acbf03543c91d6653cb961b30ea9f2a1c1af33255bb1aa0b,0.111642617,0.004803600190141507,ad133fd9577b6f1e219695eb
podrun2,100,,warm_components,,,,,,,,,,,f4f512facb6a5b46acbf03543c91d6653cb961b30ea9f2a1c1af33255bb1aa0b,0.003219711,1.303452703496764,ad133fd9577b6f1e219695eb
podrun2,105,,variable_elimination,,,,,,,,,,,2f0ee1908f70cfacdcaa935c9cf068812f88091fc3f555e3c77266b9746ed299,0.033518814,0.0016034445086243,b9ef282a43fbe5a6ec94f7f3
podrun2,105,,memo_components,,,,,,,,,,,2f0ee1908f70cfacdcaa935c9cf068812f88091fc3f555e3c77266b9746ed299,0.126999145,0.0044277814071066795,b9ef282a43fbe5a6ec94f7f3
podrun2,100,,variable_elimination,,,,,,,,,,,6d43be99a4507f763b4aefb62ff79ccc08704b7e8f63d57927b61fdcb73c6079,0.031313435,0.004620420507161555,21c90ab369dc1830ea7bd788
podrun2,100,,memo_components,,,,,,,,,,,6d43be99a4507f763b4aefb62ff79ccc08704b7e8f63d57927b61fdcb73c6079,0.126432926,0.003825560203641354,21c90ab369dc1830ea7bd788
podrun2,105,,variable_elimination,,,,,,,,,,,5776b29715e9a50cd9f500c1b53e676b5e8d4ed040d40ac02cad5f3eb90e7774,0.028341689,0.026408436807769057,15325a1407162217d85d8ef4
podrun2,105,,memo_components,,,,,,,,,,,5776b29715e9a50cd9f500c1b53e676b5e8d4ed040d40ac02cad5f3eb90e7774,0.057863567,0.0054557196606034334,15325a1407162217d85d8ef4
podrun2,105,,warm_components,,,,,,,,,,,5776b29715e9a50cd9f500c1b53e676b5e8d4ed040d40ac02cad5f3eb90e7774,0.00216661,1.2716059399154456,15325a1407162217d85d8ef4
podrun2,100,,variable_elimination,,,,,,,,,,,f4f512facb6a5b46acbf03543c91d6653cb961b30ea9f2a1c1af33255bb1aa0b,0.026687259,0.008937272704871525,3484d50776c1c1c879fc1296
podrun2,100,,memo_components,,,,,,,,,,,f4f512facb6a5b46acbf03543c91d6653cb961b30ea9f2a1c1af33255bb1aa0b,0.057013272,0.009065912668257087,3484d50776c1c1c879fc1296
podrun2,100,,warm_components,,,,,,,,,,,f4f512facb6a5b46acbf03543c91d6653cb961b30ea9f2a1c1af33255bb1aa0b,0.002109641,1.2740136568008071,3484d50776c1c1c879fc1296
podrun2,100,,variable_elimination,,,,,,,,,,,f4f512facb6a5b46acbf03543c91d6653cb961b30ea9f2a1c1af33255bb1aa0b,0.027538513,0.003607412534811097,c1b1798edde62be8ab598b0a
podrun2,100,,memo_components,,,,,,,,,,,f4f512facb6a5b46acbf03543c91d6653cb961b30ea9f2a1c1af33255bb1aa0b,0.113055412,0.016265166686746147,c1b1798edde62be8ab598b0a
podrun2,100,,warm_components,,,,,,,,,,,f4f512facb6a5b46acbf03543c91d6653cb961b30ea9f2a1c1af33255bb1aa0b,0.004721673,1.2573221472912435,c1b1798edde62be8ab598b0a
podrun2,105,,variable_elimination,,,,,,,,,,,5776b29715e9a50cd9f500c1b53e676b5e8d4ed040d40ac02cad5f3eb90e7774,0.030066597,0.0039333555883787836,856568654408d37efe5958ed
podrun2,105,,memo_components,,,,,,,,,,,5776b29715e9a50cd9f500c1b53e676b5e8d4ed040d40ac02cad5f3eb90e7774,0.112930404,0.004926037298280961,856568654408d37efe5958ed
podrun2,105,,warm_components,,,,,,,,,,,5776b29715e9a50cd9f500c1b53e676b5e8d4ed040d40ac02cad5f3eb90e7774,0.003112923,1.304395390653738,856568654408d37efe5958ed
podrun2,105,,variable_elimination,,,,,,,,,,,5776b29715e9a50cd9f500c1b53e676b5e8d4ed040d40ac02cad5f3eb90e7774,0.029760813,0.0033039794422825056,8bb4c7cc0d4d87139eb5044b
podrun2,105,,memo_components,,,,,,,,,,,5776b29715e9a50cd9f500c1b53e676b5e8d4ed040d40ac02cad5f3eb90e7774,0.114170031,0.0025548246881108073,8bb4c7cc0d4d87139eb5044b
podrun2,105,,warm_components,,,,,,,,,,,5776b29715e9a50cd9f500c1b53e676b5e8d4ed040d40ac02cad5f3eb90e7774,0.00491274,1.2488438978266134,8bb4c7cc0d4d87139eb5044b
podrun2,100,,variable_elimination,,,,,,,,,,,f4f512facb6a5b46acbf03543c91d6653cb961b30ea9f2a1c1af33255bb1aa0b,0.026744628,0.00896409264756162,e81e06d172baea33bd6e98d7
podrun2,100,,memo_components,,,,,,,,,,,f4f512facb6a5b46acbf03543c91d6653cb961b30ea9f2a1c1af33255bb1aa0b,0.110909331,0.008821852222320644,e81e06d172baea33bd6e98d7
podrun2,100,,warm_components,,,,,,,,,,,f4f512facb6a5b46acbf03543c91d6653cb961b30ea9f2a1c1af33255bb1aa0b,0.003222331,1.304316697616865,e81e06d172baea33bd6e98d7
podrun2,105,,variable_elimination,,,,,,,,,,,5776b29715e9a50cd9f500c1b53e676b5e8d4ed040d40ac02cad5f3eb90e7774,0.033929637,0.10098125958311063,983ad97661a98a386924faac
podrun2,105,,memo_components,,,,,,,,,,,5776b29715e9a50cd9f500c1b53e676b5e8d4ed040d40ac02cad5f3eb90e7774,0.128738633,0.012176059342477098,983ad97661a98a386924faac
podrun2,105,,warm_components,,,,,,,,,,,5776b29715e9a50cd9f500c1b53e676b5e8d4ed040d40ac02cad5f3eb90e7774,0.016003336,1.166005824703627,983ad97661a98a386924faac
podrun2,100,,variable_elimination,,,,,,,,,,,f4f512facb6a5b46acbf03543c91d6653cb961b30ea9f2a1c1af33255bb1aa0b,0.031100038,0.10112978235168783,05893f86308cca55592e54e6
podrun2,100,,memo_components,,,,,,,,,,,f4f512facb6a5b46acbf03543c91d6653cb961b30ea9f2a1c1af33255bb1aa0b,0.126318338,0.013943660720459288,05893f86308cca55592e54e6
podrun2,100,,warm_components,,,,,,,,,,,f4f512facb6a5b46acbf03543c91d6653cb961b30ea9f2a1c1af33255bb1aa0b,0.015148681,1.1805134091655485,05893f86308cca55592e54e6
podrun2,105,,variable_elimination,,,,,,,,,,,5776b29715e9a50cd9f500c1b53e676b5e8d4ed040d40ac02cad5f3eb90e7774,0.034413277,0.09267685856125746,fb2787f913ed3a770a8677a3
podrun2,105,,memo_components,,,,,,,,,,,5776b29715e9a50cd9f500c1b53e676b5e8d4ed040d40ac02cad5f3eb90e7774,0.130732987,0.011099008746032901,fb2787f913ed3a770a8677a3
podrun2,105,,warm_components,,,,,,,,,,,5776b29715e9a50cd9f500c1b53e676b5e8d4ed040d40ac02cad5f3eb90e7774,0.015991916,1.242637533006889,fb2787f913ed3a770a8677a3
podrun2,100,,variable_elimination,,,,,,,,,,,f4f512facb6a5b46acbf03543c91d6653cb961b30ea9f2a1c1af33255bb1aa0b,0.031820435,0.08141403439442421,59a7da18e2aad3e35d0429e1
podrun2,100,,memo_components,,,,,,,,,,,f4f512facb6a5b46acbf03543c91d6653cb961b30ea9f2a1c1af33255bb1aa0b,0.128548217,0.014841096980335927,59a7da18e2aad3e35d0429e1
podrun2,100,,warm_components,,,,,,,,,,,f4f512facb6a5b46acbf03543c91d6653cb961b30ea9f2a1c1af33255bb1aa0b,0.015183961,1.2680639463076866,59a7da18e2aad3e35d0429e1
podrun2,105,,variable_elimination,,,,,,,,,,,5776b29715e9a50cd9f500c1b53e676b5e8d4ed040d40ac02cad5f3eb90e7774,0.033850807,0.09500872106058929,8b979ab57161f0d1e1968edc
podrun2,105,,memo_components,,,,,,,,,,,5776b29715e9a50cd9f500c1b53e676b5e8d4ed040d40ac02cad5f3eb90e7774,0.128435799,0.005104647344352073,8b979ab57161f0d1e1968edc
podrun2,105,,warm_components,,,,,,,,,,,5776b29715e9a50cd9f500c1b53e676b5e8d4ed040d40ac02cad5f3eb90e7774,0.015682901,1.1816011930554478,8b979ab57161f0d1e1968edc
podrun2,100,,variable_elimination,,,,,,,,,,,f4f512facb6a5b46acbf03543c91d6653cb961b30ea9f2a1c1af33255bb1aa0b,0.031289545,0.10371485142659591,f3c9b67ae7a2cbe3f69c87d3
podrun2,100,,memo_components,,,,,,,,,,,f4f512facb6a5b46acbf03543c91d6653cb961b30ea9f2a1c1af33255bb1aa0b,0.125478123,0.012040580329456,f3c9b67ae7a2cbe3f69c87d3
podrun2,100,,warm_components,,,,,,,,,,,f4f512facb6a5b46acbf03543c91d6653cb961b30ea9f2a1c1af33255bb1aa0b,0.015348008,1.1831341827012984,f3c9b67ae7a2cbe3f69c87d3
podrun2,100,,variable_elimination,,,,,,,,,,,f4f512facb6a5b46acbf03543c91d6653cb961b30ea9f2a1c1af33255bb1aa0b,0.031415502,0.08638428722288412,1fcba860dd8b96ee7f4738c3
podrun2,100,,memo_components,,,,,,,,,,,f4f512facb6a5b46acbf03543c91d6653cb961b30ea9f2a1c1af33255bb1aa0b,0.125555232,0.006212337999149201,1fcba860dd8b96ee7f4738c3
podrun2,100,,warm_components,,,,,,,,,,,f4f512facb6a5b46acbf03543c91d6653cb961b30ea9f2a1c1af33255bb1aa0b,0.01525719,1.2456076874933306,1fcba860dd8b96ee7f4738c3
podrun2,105,,variable_elimination,,,,,,,,,,,5776b29715e9a50cd9f500c1b53e676b5e8d4ed040d40ac02cad5f3eb90e7774,0.035033176,0.08029068574675702,3c9bfa19067c1c43abd74397
podrun2,105,,memo_components,,,,,,,,,,,5776b29715e9a50cd9f500c1b53e676b5e8d4ed040d40ac02cad5f3eb90e7774,0.132533054,0.006300069421593517,3c9bfa19067c1c43abd74397
podrun2,105,,warm_components,,,,,,,,,,,5776b29715e9a50cd9f500c1b53e676b5e8d4ed040d40ac02cad5f3eb90e7774,0.016241871,1.239791373799846,3c9bfa19067c1c43abd74397
podrun2,105,,variable_elimination,,,,,,,,,,,2f0ee1908f70cfacdcaa935c9cf068812f88091fc3f555e3c77266b9746ed299,0.03370741,0.002985070917919046,deb32bc10cde769d8e1030ea
podrun2,105,,memo_components,,,,,,,,,,,2f0ee1908f70cfacdcaa935c9cf068812f88091fc3f555e3c77266b9746ed299,0.128779522,0.009135680435480081,deb32bc10cde769d8e1030ea
podrun2,100,,variable_elimination,,,,,,,,,,,6d43be99a4507f763b4aefb62ff79ccc08704b7e8f63d57927b61fdcb73c6079,0.031404622,0.03812876306044952,c4261e763077e0b1ec9ea218
podrun2,100,,memo_components,,,,,,,,,,,6d43be99a4507f763b4aefb62ff79ccc08704b7e8f63d57927b61fdcb73c6079,0.127424207,0.003236423347093582,c4261e763077e0b1ec9ea218
podrun2,105,,variable_elimination,,,,,,,,,,,5776b29715e9a50cd9f500c1b53e676b5e8d4ed040d40ac02cad5f3eb90e7774,0.029063286,0.002375840902983417,063c80b207704d5b065fe47b
podrun2,105,,memo_components,,,,,,,,,,,5776b29715e9a50cd9f500c1b53e676b5e8d4ed040d40ac02cad5f3eb90e7774,0.058971386,0.0068044483296741,063c80b207704d5b065fe47b
podrun2,105,,warm_components,,,,,,,,,,,5776b29715e9a50cd9f500c1b53e676b5e8d4ed040d40ac02cad5f3eb90e7774,0.00219866,1.269497161653361,063c80b207704d5b065fe47b
podrun2,105,,variable_elimination,,,,,,,,,,,5776b29715e9a50cd9f500c1b53e676b5e8d4ed040d40ac02cad5f3eb90e7774,0.028939758,0.009150502263032507,2da63ceec2d99fd104194de2
podrun2,105,,memo_components,,,,,,,,,,,5776b29715e9a50cd9f500c1b53e676b5e8d4ed040d40ac02cad5f3eb90e7774,0.113616892,0.004967670676826677,2da63ceec2d99fd104194de2
podrun2,105,,warm_components,,,,,,,,,,,5776b29715e9a50cd9f500c1b53e676b5e8d4ed040d40ac02cad5f3eb90e7774,0.003054364,1.306811620294561,2da63ceec2d99fd104194de2
podrun2,105,,variable_elimination,,,,,,,,,,,2f0ee1908f70cfacdcaa935c9cf068812f88091fc3f555e3c77266b9746ed299,0.035096205,0.022409253204069727,b796904c07706fabc7f8a915
podrun2,105,,memo_components,,,,,,,,,,,2f0ee1908f70cfacdcaa935c9cf068812f88091fc3f555e3c77266b9746ed299,0.128458468,0.0032940406426294356,b796904c07706fabc7f8a915
podrun2,100,,variable_elimination,,,,,,,,,,,6d43be99a4507f763b4aefb62ff79ccc08704b7e8f63d57927b61fdcb73c6079,0.031354374,0.004604969752370416,6e8289bd33dcb3905658d9d3
podrun2,100,,memo_components,,,,,,,,,,,6d43be99a4507f763b4aefb62ff79ccc08704b7e8f63d57927b61fdcb73c6079,0.127352749,0.007711537374821402,6e8289bd33dcb3905658d9d3
podrun2,100,,variable_elimination,,,,,,,,,,,f4f512facb6a5b46acbf03543c91d6653cb961b30ea9f2a1c1af33255bb1aa0b,0.027862377,0.026663728980337167,a22bd4cbfc635aee1a6cc692
podrun2,100,,memo_components,,,,,,,,,,,f4f512facb6a5b46acbf03543c91d6653cb961b30ea9f2a1c1af33255bb1aa0b,0.056173067,0.005082623058414455,a22bd4cbfc635aee1a6cc692
podrun2,100,,warm_components,,,,,,,,,,,f4f512facb6a5b46acbf03543c91d6653cb961b30ea9f2a1c1af33255bb1aa0b,0.002399086,1.2643957310429292,a22bd4cbfc635aee1a6cc692
podrun2,105,,variable_elimination,,,,,,,,,,,5776b29715e9a50cd9f500c1b53e676b5e8d4ed040d40ac02cad5f3eb90e7774,0.028989137,0.0329679826596351,f43a5e84965d59178f485285
podrun2,105,,memo_components,,,,,,,,,,,5776b29715e9a50cd9f500c1b53e676b5e8d4ed040d40ac02cad5f3eb90e7774,0.058296528,0.015477975044232402,f43a5e84965d59178f485285
podrun2,105,,warm_components,,,,,,,,,,,5776b29715e9a50cd9f500c1b53e676b5e8d4ed040d40ac02cad5f3eb90e7774,0.00216568,1.2705552777463955,f43a5e84965d59178f485285
podrun2,105,,variable_elimination,,,,,,,,,,,5776b29715e9a50cd9f500c1b53e676b5e8d4ed040d40ac02cad5f3eb90e7774,0.030026278,0.03887381321817472,da1e15565aa4f01260c1c9d1
podrun2,105,,memo_components,,,,,,,,,,,5776b29715e9a50cd9f500c1b53e676b5e8d4ed040d40ac02cad5f3eb90e7774,0.117003649,0.0044993306185639815,da1e15565aa4f01260c1c9d1
podrun2,105,,warm_components,,,,,,,,,,,5776b29715e9a50cd9f500c1b53e676b5e8d4ed040d40ac02cad5f3eb90e7774,0.00491199,1.2475074258784042,da1e15565aa4f01260c1c9d1
podrun2,100,,variable_elimination,,,,,,,,,,,f4f512facb6a5b46acbf03543c91d6653cb961b30ea9f2a1c1af33255bb1aa0b,0.026809147,0.003134774605342349,b8bab67366720af252a9a2a6
podrun2,100,,memo_components,,,,,,,,,,,f4f512facb6a5b46acbf03543c91d6653cb961b30ea9f2a1c1af33255bb1aa0b,0.111065508,0.005707897415496897,b8bab67366720af252a9a2a6
podrun2,100,,warm_components,,,,,,,,,,,f4f512facb6a5b46acbf03543c91d6653cb961b30ea9f2a1c1af33255bb1aa0b,0.003224061,1.3030162414899862,b8bab67366720af252a9a2a6
podrun2,100,,variable_elimination,,,,,,,,,,,f4f512facb6a5b46acbf03543c91d6653cb961b30ea9f2a1c1af33255bb1aa0b,0.027814599,0.004280568850279646,99c012729ddeb09a6b5ae6ae
podrun2,100,,memo_components,,,,,,,,,,,f4f512facb6a5b46acbf03543c91d6653cb961b30ea9f2a1c1af33255bb1aa0b,0.113321017,0.0037859466047755847,99c012729ddeb09a6b5ae6ae
podrun2,100,,warm_components,,,,,,,,,,,f4f512facb6a5b46acbf03543c91d6653cb961b30ea9f2a1c1af33255bb1aa0b,0.004747393,1.2514959455846613,99c012729ddeb09a6b5ae6ae
podrun2,105,,variable_elimination,,,,,,,,,,,5776b29715e9a50cd9f500c1b53e676b5e8d4ed040d40ac02cad5f3eb90e7774,0.028797721,0.004813595362762136,5c5c9bbd7e8871700870a97f
podrun2,105,,memo_components,,,,,,,,,,,5776b29715e9a50cd9f500c1b53e676b5e8d4ed040d40ac02cad5f3eb90e7774,0.115496027,0.009975484016444104,5c5c9bbd7e8871700870a97f
podrun2,105,,warm_components,,,,,,,,,,,5776b29715e9a50cd9f500c1b53e676b5e8d4ed040d40ac02cad5f3eb90e7774,0.003172001,1.3047083411054974,5c5c9bbd7e8871700870a97f
podrun2,105,,variable_elimination,,,,,,,,,,,5776b29715e9a50cd9f500c1b53e676b5e8d4ed040d40ac02cad5f3eb90e7774,0.033593572,0.09661770517768171,89ba7ff2c4c62c7c77b14659
podrun2,105,,memo_components,,,,,,,,,,,5776b29715e9a50cd9f500c1b53e676b5e8d4ed040d40ac02cad5f3eb90e7774,0.128029506,0.010672266794771146,89ba7ff2c4c62c7c77b14659
podrun2,105,,warm_components,,,,,,,,,,,5776b29715e9a50cd9f500c1b53e676b5e8d4ed040d40ac02cad5f3eb90e7774,0.015697042,1.178500290160901,89ba7ff2c4c62c7c77b14659
podrun2,100,,variable_elimination,,,,,,,,,,,f4f512facb6a5b46acbf03543c91d6653cb961b30ea9f2a1c1af33255bb1aa0b,0.031404293,0.09926196101742782,c351196bf44c995698a142dd
podrun2,100,,memo_components,,,,,,,,,,,f4f512facb6a5b46acbf03543c91d6653cb961b30ea9f2a1c1af33255bb1aa0b,0.125441474,0.007445001812475619,c351196bf44c995698a142dd
podrun2,100,,warm_components,,,,,,,,,,,f4f512facb6a5b46acbf03543c91d6653cb961b30ea9f2a1c1af33255bb1aa0b,0.015187441,1.1811928548337147,c351196bf44c995698a142dd
podrun2,100,,variable_elimination,,,,,,,,,,,f4f512facb6a5b46acbf03543c91d6653cb961b30ea9f2a1c1af33255bb1aa0b,0.032363275,0.07742245209719857,9c22c2ddc139b568a2212c4e
podrun2,100,,memo_components,,,,,,,,,,,f4f512facb6a5b46acbf03543c91d6653cb961b30ea9f2a1c1af33255bb1aa0b,0.125848806,0.007338644292749667,9c22c2ddc139b568a2212c4e
podrun2,100,,warm_components,,,,,,,,,,,f4f512facb6a5b46acbf03543c91d6653cb961b30ea9f2a1c1af33255bb1aa0b,0.0152243,1.2542807660585296,9c22c2ddc139b568a2212c4e
podrun2,105,,variable_elimination,,,,,,,,,,,5776b29715e9a50cd9f500c1b53e676b5e8d4ed040d40ac02cad5f3eb90e7774,0.033979006,0.07414561909609525,8230adbeb2fb282b281df7a2
podrun2,105,,memo_components,,,,,,,,,,,5776b29715e9a50cd9f500c1b53e676b5e8d4ed040d40ac02cad5f3eb90e7774,0.130822745,0.017368620242926996,8230adbeb2fb282b281df7a2
podrun2,105,,warm_components,,,,,,,,,,,5776b29715e9a50cd9f500c1b53e676b5e8d4ed040d40ac02cad5f3eb90e7774,0.015668202,1.234458518261215,8230adbeb2fb282b281df7a2
podrun2,100,,variable_elimination,,,,,,,,,,,f4f512facb6a5b46acbf03543c91d6653cb961b30ea9f2a1c1af33255bb1aa0b,0.031395703,0.10168233771614463,ac352cf410d12a0749470b84
podrun2,100,,memo_components,,,,,,,,,,,f4f512facb6a5b46acbf03543c91d6653cb961b30ea9f2a1c1af33255bb1aa0b,0.126619022,0.009968753113656524,ac352cf410d12a0749470b84
podrun2,100,,warm_components,,,,,,,,,,,f4f512facb6a5b46acbf03543c91d6653cb961b30ea9f2a1c1af33255bb1aa0b,0.015111812,1.18445840822422,ac352cf410d12a0749470b84
podrun2,105,,variable_elimination,,,,,,,,,,,5776b29715e9a50cd9f500c1b53e676b5e8d4ed040d40ac02cad5f3eb90e7774,0.033818329,0.12747659657057472,e802d5c547bc33de68d12528
podrun2,105,,memo_components,,,,,,,,,,,5776b29715e9a50cd9f500c1b53e676b5e8d4ed040d40ac02cad5f3eb90e7774,0.127167752,0.007555046548771105,e802d5c547bc33de68d12528
podrun2,105,,warm_components,,,,,,,,,,,5776b29715e9a50cd9f500c1b53e676b5e8d4ed040d40ac02cad5f3eb90e7774,0.015698541,1.1726407544588355,e802d5c547bc33de68d12528
podrun2,100,,variable_elimination,,,,,,,,,,,f4f512facb6a5b46acbf03543c91d6653cb961b30ea9f2a1c1af33255bb1aa0b,0.031262855,0.08817708723042358,51afc34792cfe9d2e21fbbee
podrun2,100,,memo_components,,,,,,,,,,,f4f512facb6a5b46acbf03543c91d6653cb961b30ea9f2a1c1af33255bb1aa0b,0.125905935,0.008052611172677228,51afc34792cfe9d2e21fbbee
podrun2,100,,warm_components,,,,,,,,,,,f4f512facb6a5b46acbf03543c91d6653cb961b30ea9f2a1c1af33255bb1aa0b,0.014983045,1.2451905390202958,51afc34792cfe9d2e21fbbee
podrun2,105,,variable_elimination,,,,,,,,,,,5776b29715e9a50cd9f500c1b53e676b5e8d4ed040d40ac02cad5f3eb90e7774,0.034007555,0.08215157544394427,4283b532ca68326c4873808a
podrun2,105,,memo_components,,,,,,,,,,,5776b29715e9a50cd9f500c1b53e676b5e8d4ed040d40ac02cad5f3eb90e7774,0.12946961,0.01534656726081917,4283b532ca68326c4873808a
podrun2,105,,warm_components,,,,,,,,,,,5776b29715e9a50cd9f500c1b53e676b5e8d4ed040d40ac02cad5f3eb90e7774,0.015948037,1.2079187675082463,4283b532ca68326c4873808a
podrun2,105,,variable_elimination,,,,,,,,,,,2f0ee1908f70cfacdcaa935c9cf068812f88091fc3f555e3c77266b9746ed299,0.035304381,0.032024459222024126,1db6d01148960fff0c2ac78c
podrun2,105,,memo_components,,,,,,,,,,,2f0ee1908f70cfacdcaa935c9cf068812f88091fc3f555e3c77266b9746ed299,0.131000092,0.006801230798406018,1db6d01148960fff0c2ac78c
podrun2,100,,variable_elimination,,,,,,,,,,,6d43be99a4507f763b4aefb62ff79ccc08704b7e8f63d57927b61fdcb73c6079,0.031353453,0.009645069850858631,cbed74fbac52ae3390edb2db
podrun2,100,,memo_components,,,,,,,,,,,6d43be99a4507f763b4aefb62ff79ccc08704b7e8f63d57927b61fdcb73c6079,0.124159648,0.003815678393932891,cbed74fbac52ae3390edb2db
podrun2,105,,variable_elimination,,,,,,,,,,,5776b29715e9a50cd9f500c1b53e676b5e8d4ed040d40ac02cad5f3eb90e7774,0.028234491,0.005906293433303604,fb58698a0cf13cbd0eeeb602
podrun2,105,,memo_components,,,,,,,,,,,5776b29715e9a50cd9f500c1b53e676b5e8d4ed040d40ac02cad5f3eb90e7774,0.057907366,0.008499827520298757,fb58698a0cf13cbd0eeeb602
podrun2,105,,warm_components,,,,,,,,,,,5776b29715e9a50cd9f500c1b53e676b5e8d4ed040d40ac02cad5f3eb90e7774,0.002160501,1.2680496387519848,fb58698a0cf13cbd0eeeb602
podrun2,105,,variable_elimination,,,,,,,,,,,5776b29715e9a50cd9f500c1b53e676b5e8d4ed040d40ac02cad5f3eb90e7774,0.028465686,0.012824726150808393,571b46ddb3e638bc1cda71f0
podrun2,105,,memo_components,,,,,,,,,,,5776b29715e9a50cd9f500c1b53e676b5e8d4ed040d40ac02cad5f3eb90e7774,0.113772349,0.005461961591024938,571b46ddb3e638bc1cda71f0
podrun2,105,,warm_components,,,,,,,,,,,5776b29715e9a50cd9f500c1b53e676b5e8d4ed040d40ac02cad5f3eb90e7774,0.003100513,1.307241723554129,571b46ddb3e638bc1cda71f0
podrun2,100,,variable_elimination,,,,,,,,,,,6d43be99a4507f763b4aefb62ff79ccc08704b7e8f63d57927b61fdcb73c6079,0.031324834,0.0038860666475151063,6d3a76728a61b02c81b53369
podrun2,100,,memo_components,,,,,,,,,,,6d43be99a4507f763b4aefb62ff79ccc08704b7e8f63d57927b61fdcb73c6079,0.127783861,0.0016347176280597968,6d3a76728a61b02c81b53369
podrun2,105,,variable_elimination,,,,,,,,,,,2f0ee1908f70cfacdcaa935c9cf068812f88091fc3f555e3c77266b9746ed299,0.033482914,0.0023677264746704064,c26ea975a3fc7ff9ad59c5fe
podrun2,105,,memo_components,,,,,,,,,,,2f0ee1908f70cfacdcaa935c9cf068812f88091fc3f555e3c77266b9746ed299,0.128878511,0.013702378073850711,c26ea975a3fc7ff9ad59c5fe
podrun2,100,,variable_elimination,,,,,,,,,,,f4f512facb6a5b46acbf03543c91d6653cb961b30ea9f2a1c1af33255bb1aa0b,0.026952504,0.025170897299259826,a85427c3d250bd6066e18261
podrun2,100,,memo_components,,,,,,,,,,,f4f512facb6a5b46acbf03543c91d6653cb961b30ea9f2a1c1af33255bb1aa0b,0.056104408,0.011488365890345348,a85427c3d250bd6066e18261
podrun2,100,,warm_components,,,,,,,,,,,f4f512facb6a5b46acbf03543c91d6653cb961b30ea9f2a1c1af33255bb1aa0b,0.002085192,1.2739397201130171,a85427c3d250bd6066e18261
podrun2,100,,variable_elimination,,,,,,,,,,,f4f512facb6a5b46acbf03543c91d6653cb961b30ea9f2a1c1af33255bb1aa0b,0.026754188,0.0027523329774980206,8de8782cdf02833e55c9e8f5
podrun2,100,,memo_components,,,,,,,,,,,f4f512facb6a5b46acbf03543c91d6653cb961b30ea9f2a1c1af33255bb1aa0b,0.11202924,0.010574073909662194,8de8782cdf02833e55c9e8f5
podrun2,100,,warm_components,,,,,,,,,,,f4f512facb6a5b46acbf03543c91d6653cb961b30ea9f2a1c1af33255bb1aa0b,0.003241021,1.302230751351044,8de8782cdf02833e55c9e8f5
podrun2,105,,variable_elimination,,,,,,,,,,,5776b29715e9a50cd9f500c1b53e676b5e8d4ed040d40ac02cad5f3eb90e7774,0.028415947,0.013869740616449933,0ec78284c7a3d13cb416ce4b
podrun2,105,,memo_components,,,,,,,,,,,5776b29715e9a50cd9f500c1b53e676b5e8d4ed040d40ac02cad5f3eb90e7774,0.061282624,0.01388433911360327,0ec78284c7a3d13cb416ce4b
podrun2,105,,warm_components,,,,,,,,,,,5776b29715e9a50cd9f500c1b53e676b5e8d4ed040d40ac02cad5f3eb90e7774,0.002673371,1.2578006085254272,0ec78284c7a3d13cb416ce4b
podrun2,105,,variable_elimination,,,,,,,,,,,5776b29715e9a50cd9f500c1b53e676b5e8d4ed040d40ac02cad5f3eb90e7774,0.030805764,0.06783281638605484,b28121de6693392c105408bd
podrun2,105,,memo_components,,,,,,,,,,,5776b29715e9a50cd9f500c1b53e676b5e8d4ed040d40ac02cad5f3eb90e7774,0.11803578,0.014620544228601075,b28121de6693392c105408bd
podrun2,105,,warm_components,,,,,,,,,,,5776b29715e9a50cd9f500c1b53e676b5e8d4ed040d40ac02cad5f3eb90e7774,0.00491214,1.253083898894692,b28121de6693392c105408bd
podrun2,100,,variable_elimination,,,,,,,,,,,f4f512facb6a5b46acbf03543c91d6653cb961b30ea9f2a1c1af33255bb1aa0b,0.027333287,0.005557100939914043,586344eb111afa027ec84f04
podrun2,100,,memo_components,,,,,,,,,,,f4f512facb6a5b46acbf03543c91d6653cb961b30ea9f2a1c1af33255bb1aa0b,0.113529913,0.008801856155844752,586344eb111afa027ec84f04
podrun2,100,,warm_components,,,,,,,,,,,f4f512facb6a5b46acbf03543c91d6653cb961b30ea9f2a1c1af33255bb1aa0b,0.004771732,1.2521197402391415,586344eb111afa027ec84f04
podrun2,105,,variable_elimination,,,,,,,,,,,5776b29715e9a50cd9f500c1b53e676b5e8d4ed040d40ac02cad5f3eb90e7774,0.028783971,0.005492951361884641,508c1d22ba681e080e938f23
podrun2,105,,memo_components,,,,,,,,,,,5776b29715e9a50cd9f500c1b53e676b5e8d4ed040d40ac02cad5f3eb90e7774,0.114106352,0.0022970009636688066,508c1d22ba681e080e938f23
podrun2,105,,warm_components,,,,,,,,,,,5776b29715e9a50cd9f500c1b53e676b5e8d4ed040d40ac02cad5f3eb90e7774,0.003096743,1.3049184047800575,508c1d22ba681e080e938f23
podrun2,100,,variable_elimination,,,,,,,,,,,f4f512facb6a5b46acbf03543c91d6653cb961b30ea9f2a1c1af33255bb1aa0b,0.0326304,0.09400664855475435,3ebf5b9cdf339aeca15a156a
podrun2,100,,memo_components,,,,,,,,,,,f4f512facb6a5b46acbf03543c91d6653cb961b30ea9f2a1c1af33255bb1aa0b,0.126137851,0.010209616029383927,3ebf5b9cdf339aeca15a156a
podrun2,100,,warm_components,,,,,,,,,,,f4f512facb6a5b46acbf03543c91d6653cb961b30ea9f2a1c1af33255bb1aa0b,0.01524478,1.1771515429944344,3ebf5b9cdf339aeca15a156a
podrun2,105,,variable_elimination,,,,,,,,,,,5776b29715e9a50cd9f500c1b53e676b5e8d4ed040d40ac02cad5f3eb90e7774,0.033901116,0.09184550313135084,babf0f17197ee62e53cda7e0
podrun2,105,,memo_components,,,,,,,,,,,5776b29715e9a50cd9f500c1b53e676b5e8d4ed040d40ac02cad5f3eb90e7774,0.129748375,0.008030705174484197,babf0f17197ee62e53cda7e0
podrun2,105,,warm_components,,,,,,,,,,,5776b29715e9a50cd9f500c1b53e676b5e8d4ed040d40ac02cad5f3eb90e7774,0.015628603,1.182815099086591,babf0f17197ee62e53cda7e0
podrun2,100,,variable_elimination,,,,,,,,,,,f4f512facb6a5b46acbf03543c91d6653cb961b30ea9f2a1c1af33255bb1aa0b,0.03154711,0.07978575215893255,0ec5d093f6fe92ea60b7b890
podrun2,100,,memo_components,,,,,,,,,,,f4f512facb6a5b46acbf03543c91d6653cb961b30ea9f2a1c1af33255bb1aa0b,0.12891248,0.012345008122756712,0ec5d093f6fe92ea60b7b890
podrun2,100,,warm_components,,,,,,,,,,,f4f512facb6a5b46acbf03543c91d6653cb961b30ea9f2a1c1af33255bb1aa0b,0.015099412,1.2685524043133127,0ec5d093f6fe92ea60b7b890
podrun2,105,,variable_elimination,,,,,,,,,,,5776b29715e9a50cd9f500c1b53e676b5e8d4ed040d40ac02cad5f3eb90e7774,0.033813059,0.07460479554113462,b267aced9e6c2b6b02a841b9
podrun2,105,,memo_components,,,,,,,,,,,5776b29715e9a50cd9f500c1b53e676b5e8d4ed040d40ac02cad5f3eb90e7774,0.130362793,0.008840106651548389,b267aced9e6c2b6b02a841b9
podrun2,105,,warm_components,,,,,,,,,,,5776b29715e9a50cd9f500c1b53e676b5e8d4ed040d40ac02cad5f3eb90e7774,0.015728101,1.2382484536761609,b267aced9e6c2b6b02a841b9
podrun2,100,,variable_elimination,,,,,,,,,,,f4f512facb6a5b46acbf03543c91d6653cb961b30ea9f2a1c1af33255bb1aa0b,0.03153932,0.08876454446340845,dbb77a144813286e7650ad0f
podrun2,100,,memo_components,,,,,,,,,,,f4f512facb6a5b46acbf03543c91d6653cb961b30ea9f2a1c1af33255bb1aa0b,0.126038213,0.008401527636904106,dbb77a144813286e7650ad0f
podrun2,100,,warm_components,,,,,,,,,,,f4f512facb6a5b46acbf03543c91d6653cb961b30ea9f2a1c1af33255bb1aa0b,0.015015754,1.2465318500816498,dbb77a144813286e7650ad0f
podrun2,105,,variable_elimination,,,,,,,,,,,5776b29715e9a50cd9f500c1b53e676b5e8d4ed040d40ac02cad5f3eb90e7774,0.034025784,0.09479752908040157,3012c4f883787a88edd7474a
podrun2,105,,memo_components,,,,,,,,,,,5776b29715e9a50cd9f500c1b53e676b5e8d4ed040d40ac02cad5f3eb90e7774,0.129080497,0.009382064555442484,3012c4f883787a88edd7474a
podrun2,105,,warm_components,,,,,,,,,,,5776b29715e9a50cd9f500c1b53e676b5e8d4ed040d40ac02cad5f3eb90e7774,0.015661582,1.1764561027357097,3012c4f883787a88edd7474a
podrun2,100,,variable_elimination,,,,,,,,,,,f4f512facb6a5b46acbf03543c91d6653cb961b30ea9f2a1c1af33255bb1aa0b,0.031585819,0.12951258063663204,c9961a4d4f2a64c521983361
podrun2,100,,memo_components,,,,,,,,,,,f4f512facb6a5b46acbf03543c91d6653cb961b30ea9f2a1c1af33255bb1aa0b,0.131790077,0.007560393432235696,c9961a4d4f2a64c521983361
podrun2,100,,warm_components,,,,,,,,,,,f4f512facb6a5b46acbf03543c91d6653cb961b30ea9f2a1c1af33255bb1aa0b,0.015250749,1.1988273147200783,c9961a4d4f2a64c521983361
podrun2,105,,variable_elimination,,,,,,,,,,,5776b29715e9a50cd9f500c1b53e676b5e8d4ed040d40ac02cad5f3eb90e7774,0.033585942,0.08878697524748771,5ac4c5242c0cf31b6810a3a3
podrun2,105,,memo_components,,,,,,,,,,,5776b29715e9a50cd9f500c1b53e676b5e8d4ed040d40ac02cad5f3eb90e7774,0.129117736,0.010126141540947107,5ac4c5242c0cf31b6810a3a3
podrun2,105,,warm_components,,,,,,,,,,,5776b29715e9a50cd9f500c1b53e676b5e8d4ed040d40ac02cad5f3eb90e7774,0.01576521,1.2772269115458292,5ac4c5242c0cf31b6810a3a3
podrun2,100,,variable_elimination,,,,,,,,,,,6d43be99a4507f763b4aefb62ff79ccc08704b7e8f63d57927b61fdcb73c6079,0.031075409,0.006945074407538368,61ec9d586faa008fbee32442
podrun2,100,,memo_components,,,,,,,,,,,6d43be99a4507f763b4aefb62ff79ccc08704b7e8f63d57927b61fdcb73c6079,0.124444392,0.004738532597184225,61ec9d586faa008fbee32442
podrun2,105,,variable_elimination,,,,,,,,,,,2f0ee1908f70cfacdcaa935c9cf068812f88091fc3f555e3c77266b9746ed299,0.033391926,0.002686905303377234,dc41cb1043f212a9cf245e2a
podrun2,105,,memo_components,,,,,,,,,,,2f0ee1908f70cfacdcaa935c9cf068812f88091fc3f555e3c77266b9746ed299,0.127489846,0.004442698910778574,dc41cb1043f212a9cf245e2a
podrun2,100,,variable_elimination,,,,,,,,,,,f4f512facb6a5b46acbf03543c91d6653cb961b30ea9f2a1c1af33255bb1aa0b,0.02665909,0.005585524555636808,fdf12867d0d79c5aa233c9c3
podrun2,100,,memo_components,,,,,,,,,,,f4f512facb6a5b46acbf03543c91d6653cb961b30ea9f2a1c1af33255bb1aa0b,0.05711767,0.004934368787163866,fdf12867d0d79c5aa233c9c3
podrun2,100,,warm_components,,,,,,,,,,,f4f512facb6a5b46acbf03543c91d6653cb961b30ea9f2a1c1af33255bb1aa0b,0.002111671,1.2712838378538274,fdf12867d0d79c5aa233c9c3
podrun2,100,,variable_elimination,,,,,,,,,,,f4f512facb6a5b46acbf03543c91d6653cb961b30ea9f2a1c1af33255bb1aa0b,0.02665789,0.003413185648576966,be1796ba79b3403727ae121f
podrun2,100,,memo_components,,,,,,,,,,,f4f512facb6a5b46acbf03543c91d6653cb961b30ea9f2a1c1af33255bb1aa0b,0.110715415,0.012092582856567093,be1796ba79b3403727ae121f
podrun2,100,,warm_components,,,,,,,,,,,f4f512facb6a5b46acbf03543c91d6653cb961b30ea9f2a1c1af33255bb1aa0b,0.003224441,1.3021834212560353,be1796ba79b3403727ae121f
podrun2,100,,variable_elimination,,,,,,,,,,,f4f512facb6a5b46acbf03543c91d6653cb961b30ea9f2a1c1af33255bb1aa0b,0.027496874,0.006388658652038516,7c7a36143db4816c91243124
podrun2,100,,memo_components,,,,,,,,,,,f4f512facb6a5b46acbf03543c91d6653cb961b30ea9f2a1c1af33255bb1aa0b,0.112795986,0.0040451884600581425,7c7a36143db4816c91243124
podrun2,100,,warm_components,,,,,,,,,,,f4f512facb6a5b46acbf03543c91d6653cb961b30ea9f2a1c1af33255bb1aa0b,0.004752643,1.2513099019436196,7c7a36143db4816c91243124
podrun2,105,,variable_elimination,,,,,,,,,,,2f0ee1908f70cfacdcaa935c9cf068812f88091fc3f555e3c77266b9746ed299,0.035037436,0.029796949958530626,0abb047f3e6364aa20951491
podrun2,105,,memo_components,,,,,,,,,,,2f0ee1908f70cfacdcaa935c9cf068812f88091fc3f555e3c77266b9746ed299,0.127789881,0.007621250392450537,0abb047f3e6364aa20951491
podrun2,100,,variable_elimination,,,,,,,,,,,6d43be99a4507f763b4aefb62ff79ccc08704b7e8f63d57927b61fdcb73c6079,0.031155287,0.0055916532262135455,569159a9962c3446131d6d55
podrun2,100,,memo_components,,,,,,,,,,,6d43be99a4507f763b4aefb62ff79ccc08704b7e8f63d57927b61fdcb73c6079,0.125792617,0.0035579162049097705,569159a9962c3446131d6d55
podrun2,105,,variable_elimination,,,,,,,,,,,5776b29715e9a50cd9f500c1b53e676b5e8d4ed040d40ac02cad5f3eb90e7774,0.028521715,0.006509753359046853,51b52848ed0b93bf338d334b
podrun2,105,,memo_components,,,,,,,,,,,5776b29715e9a50cd9f500c1b53e676b5e8d4ed040d40ac02cad5f3eb90e7774,0.059515826,0.007435645046504713,51b52848ed0b93bf338d334b
podrun2,105,,warm_components,,,,,,,,,,,5776b29715e9a50cd9f500c1b53e676b5e8d4ed040d40ac02cad5f3eb90e7774,0.002644011,1.2565373594583533,51b52848ed0b93bf338d334b
podrun2,105,,variable_elimination,,,,,,,,,,,5776b29715e9a50cd9f500c1b53e676b5e8d4ed040d40ac02cad5f3eb90e7774,0.028713612,0.00842552669997514,307ebffcb8367dbb095885ef
podrun2,105,,memo_components,,,,,,,,,,,5776b29715e9a50cd9f500c1b53e676b5e8d4ed040d40ac02cad5f3eb90e7774,0.114803189,0.010099816130454235,307ebffcb8367dbb095885ef
podrun2,105,,warm_components,,,,,,,,,,,5776b29715e9a50cd9f500c1b53e676b5e8d4ed040d40ac02cad5f3eb90e7774,0.003107583,1.3053205977321876,307ebffcb8367dbb095885ef
podrun2,105,,variable_elimination,,,,,,,,,,,5776b29715e9a50cd9f500c1b53e676b5e8d4ed040d40ac02cad5f3eb90e7774,0.029637226,0.005464112404864238,3710a39f4b45258a719c3bbe
podrun2,105,,memo_components,,,,,,,,,,,5776b29715e9a50cd9f500c1b53e676b5e8d4ed040d40ac02cad5f3eb90e7774,0.11693112,0.00443210329740529,3710a39f4b45258a719c3bbe
podrun2,105,,warm_components,,,,,,,,,,,5776b29715e9a50cd9f500c1b53e676b5e8d4ed040d40ac02cad5f3eb90e7774,0.005046927,1.2489937585758226,3710a39f4b45258a719c3bbe
podrun2,100,,variable_elimination,,,,,,,,,,,f4f512facb6a5b46acbf03543c91d6653cb961b30ea9f2a1c1af33255bb1aa0b,0.02665883,0.00895764812351687,1f0ab58203b642f4378181d3
podrun2,100,,memo_components,,,,,,,,,,,f4f512facb6a5b46acbf03543c91d6653cb961b30ea9f2a1c1af33255bb1aa0b,0.056798566,0.007281641764857323,1f0ab58203b642f4378181d3
podrun2,100,,warm_components,,,,,,,,,,,f4f512facb6a5b46acbf03543c91d6653cb961b30ea9f2a1c1af33255bb1aa0b,0.002102561,1.2704424593163628,1f0ab58203b642f4378181d3
podrun2,100,,variable_elimination,,,,,,,,,,,f4f512facb6a5b46acbf03543c91d6653cb961b30ea9f2a1c1af33255bb1aa0b,0.02667466,0.0030118590728993077,d2a87d28e78faa2643fb2535
podrun2,100,,memo_components,,,,,,,,,,,f4f512facb6a5b46acbf03543c91d6653cb961b30ea9f2a1c1af33255bb1aa0b,0.110637836,0.0065659131936273585,d2a87d28e78faa2643fb2535
podrun2,100,,warm_components,,,,,,,,,,,f4f512facb6a5b46acbf03543c91d6653cb961b30ea9f2a1c1af33255bb1aa0b,0.003240521,1.3017621390487515,d2a87d28e78faa2643fb2535
podrun2,100,,variable_elimination,,,,,,,,,,,f4f512facb6a5b46acbf03543c91d6653cb961b30ea9f2a1c1af33255bb1aa0b,0.02720149,0.004851895396463422,718a60ae0752b998f2c9fb0d
podrun2,100,,memo_components,,,,,,,,,,,f4f512facb6a5b46acbf03543c91d6653cb961b30ea9f2a1c1af33255bb1aa0b,0.113249508,0.005394759631920712,718a60ae0752b998f2c9fb0d
podrun2,100,,warm_components,,,,,,,,,,,f4f512facb6a5b46acbf03543c91d6653cb961b30ea9f2a1c1af33255bb1aa0b,0.004740303,1.2539512435709192,718a60ae0752b998f2c9fb0d
podrun2,105,,variable_elimination,,,,,,,,,,,5776b29715e9a50cd9f500c1b53e676b5e8d4ed040d40ac02cad5f3eb90e7774,0.033980775,0.08279326919778078,2aab3eded2c841ad3f7a3d61
podrun2,105,,memo_components,,,,,,,,,,,5776b29715e9a50cd9f500c1b53e676b5e8d4ed040d40ac02cad5f3eb90e7774,0.131440933,0.013793755808774143,2aab3eded2c841ad3f7a3d61
podrun2,105,,warm_components,,,,,,,,,,,5776b29715e9a50cd9f500c1b53e676b5e8d4ed040d40ac02cad5f3eb90e7774,0.015870259,1.2478351940601788,2aab3eded2c841ad3f7a3d61
podrun2,100,,variable_elimination,,,,,,,,,,,f4f512facb6a5b46acbf03543c91d6653cb961b30ea9f2a1c1af33255bb1aa0b,0.031356264,0.1011477096902317,5fb6385cfbda1dad83ee0e35
podrun2,100,,memo_components,,,,,,,,,,,f4f512facb6a5b46acbf03543c91d6653cb961b30ea9f2a1c1af33255bb1aa0b,0.125092841,0.007436127304804862,5fb6385cfbda1dad83ee0e35
podrun2,100,,warm_components,,,,,,,,,,,f4f512facb6a5b46acbf03543c91d6653cb961b30ea9f2a1c1af33255bb1aa0b,0.015077052,1.180440147294007,5fb6385cfbda1dad83ee0e35
podrun2,105,,variable_elimination,,,,,,,,,,,5776b29715e9a50cd9f500c1b53e676b5e8d4ed040d40ac02cad5f3eb90e7774,0.033781299,0.09805186004494122,52770617234b5d77e6c739ad
podrun2,105,,memo_components,,,,,,,,,,,5776b29715e9a50cd9f500c1b53e676b5e8d4ed040d40ac02cad5f3eb90e7774,0.128827932,0.010308208236890586,52770617234b5d77e6c739ad
podrun2,105,,warm_components,,,,,,,,,,,5776b29715e9a50cd9f500c1b53e676b5e8d4ed040d40ac02cad5f3eb90e7774,0.015595693,1.1792364078771422,52770617234b5d77e6c739ad
podrun2,100,,variable_elimination,,,,,,,,,,,f4f512facb6a5b46acbf03543c91d6653cb961b30ea9f2a1c1af33255bb1aa0b,0.031353624,0.07920093950404271,0f6a31d10cb1b323c388fc2e
podrun2,100,,memo_components,,,,,,,,,,,f4f512facb6a5b46acbf03543c91d6653cb961b30ea9f2a1c1af33255bb1aa0b,0.127429467,0.017124864941085144,0f6a31d10cb1b323c388fc2e
podrun2,100,,warm_components,,,,,,,,,,,f4f512facb6a5b46acbf03543c91d6653cb961b30ea9f2a1c1af33255bb1aa0b,0.015333548,1.2581995274154094,0f6a31d10cb1b323c388fc2e
podrun2,105,,variable_elimination,,,,,,,,,,,5776b29715e9a50cd9f500c1b53e676b5e8d4ed040d40ac02cad5f3eb90e7774,0.033762429,0.0819906387535373,2973f44190d518067e081628
podrun2,105,,memo_components,,,,,,,,,,,5776b29715e9a50cd9f500c1b53e676b5e8d4ed040d40ac02cad5f3eb90e7774,0.127376899,0.011315616966108588,2973f44190d518067e081628
podrun2,105,,warm_components,,,,,,,,,,,5776b29715e9a50cd9f500c1b53e676b5e8d4ed040d40ac02cad5f3eb90e7774,0.015617663,1.237920333287443,2973f44190d518067e081628
podrun2,100,,variable_elimination,,,,,,,,,,,f4f512facb6a5b46acbf03543c91d6653cb961b30ea9f2a1c1af33255bb1aa0b,0.031500481,0.08983516063502858,7b8b734348c9698caf9d97da
podrun2,100,,memo_components,,,,,,,,,,,f4f512facb6a5b46acbf03543c91d6653cb961b30ea9f2a1c1af33255bb1aa0b,0.127255641,0.011396076987054717,7b8b734348c9698caf9d97da
podrun2,100,,warm_components,,,,,,,,,,,f4f512facb6a5b46acbf03543c91d6653cb961b30ea9f2a1c1af33255bb1aa0b,0.015377868,1.2470722223034274,7b8b734348c9698caf9d97da
podrun2,105,,variable_elimination,,,,,,,,,,,2f0ee1908f70cfacdcaa935c9cf068812f88091fc3f555e3c77266b9746ed299,0.033325697,0.0032361360661047134,cab32bb4f658cfc9f23c70e4
podrun2,105,,memo_components,,,,,,,,,,,2f0ee1908f70cfacdcaa935c9cf068812f88091fc3f555e3c77266b9746ed299,0.125660289,0.007660457887715612,cab32bb4f658cfc9f23c70e4
podrun2,100,,variable_elimination,,,,,,,,,,,6d43be99a4507f763b4aefb62ff79ccc08704b7e8f63d57927b61fdcb73c6079,0.031051789,0.004016942288535352,a4a4e43cec2740bcf88f36ba
podrun2,100,,memo_components,,,,,,,,,,,6d43be99a4507f763b4aefb62ff79ccc08704b7e8f63d57927b61fdcb73c6079,0.125165859,0.010267580566709008,a4a4e43cec2740bcf88f36ba
podrun2,105,,variable_elimination,,,,,,,,,,,5776b29715e9a50cd9f500c1b53e676b5e8d4ed040d40ac02cad5f3eb90e7774,0.028391628,0.0016580497661800814,4508160020c49b7803eceab5
podrun2,105,,memo_components,,,,,,,,,,,5776b29715e9a50cd9f500c1b53e676b5e8d4ed040d40ac02cad5f3eb90e7774,0.058256129,0.018577476996252375,4508160020c49b7803eceab5
podrun2,105,,warm_components,,,,,,,,,,,5776b29715e9a50cd9f500c1b53e676b5e8d4ed040d40ac02cad5f3eb90e7774,0.00218125,1.2675224605016193,4508160020c49b7803eceab5
podrun2,100,,variable_elimination,,,,,,,,,,,f4f512facb6a5b46acbf03543c91d6653cb961b30ea9f2a1c1af33255bb1aa0b,0.026768017,0.009098946975349484,b7dac1c480cd5277524c1c40
podrun2,100,,memo_components,,,,,,,,,,,f4f512facb6a5b46acbf03543c91d6653cb961b30ea9f2a1c1af33255bb1aa0b,0.056260575,0.005288345010702048,b7dac1c480cd5277524c1c40
podrun2,100,,warm_components,,,,,,,,,,,f4f512facb6a5b46acbf03543c91d6653cb961b30ea9f2a1c1af33255bb1aa0b,0.002108371,1.2687182291111403,b7dac1c480cd5277524c1c40
podrun2,105,,variable_elimination,,,,,,,,,,,5776b29715e9a50cd9f500c1b53e676b5e8d4ed040d40ac02cad5f3eb90e7774,0.028930348,0.0063552153501529795,80098c762b5e2133779dec7b
podrun2,105,,memo_components,,,,,,,,,,,5776b29715e9a50cd9f500c1b53e676b5e8d4ed040d40ac02cad5f3eb90e7774,0.113337686,0.003678817949835639,80098c762b5e2133779dec7b
podrun2,105,,warm_components,,,,,,,,,,,5776b29715e9a50cd9f500c1b53e676b5e8d4ed040d40ac02cad5f3eb90e7774,0.003094453,1.3037436318805795,80098c762b5e2133779dec7b
podrun2,105,,variable_elimination,,,,,,,,,,,5776b29715e9a50cd9f500c1b53e676b5e8d4ed040d40ac02cad5f3eb90e7774,0.029742353,0.0045712494927080205,b986954345d0249901918b76
podrun2,105,,memo_components,,,,,,,,,,,5776b29715e9a50cd9f500c1b53e676b5e8d4ed040d40ac02cad5f3eb90e7774,0.114101192,0.010844235950306117,b986954345d0249901918b76
podrun2,105,,warm_components,,,,,,,,,,,5776b29715e9a50cd9f500c1b53e676b5e8d4ed040d40ac02cad5f3eb90e7774,0.00490879,1.246241455783932,b986954345d0249901918b76
podrun2,100,,variable_elimination,,,,,,,,,,,f4f512facb6a5b46acbf03543c91d6653cb961b30ea9f2a1c1af33255bb1aa0b,0.026792777,0.004459126441819468,073e0ce5ec641cff0ae993ae
podrun2,100,,memo_components,,,,,,,,,,,f4f512facb6a5b46acbf03543c91d6653cb961b30ea9f2a1c1af33255bb1aa0b,0.111373683,0.01566487667243635,073e0ce5ec641cff0ae993ae
podrun2,100,,warm_components,,,,,,,,,,,f4f512facb6a5b46acbf03543c91d6653cb961b30ea9f2a1c1af33255bb1aa0b,0.003529475,1.292005880628453,073e0ce5ec641cff0ae993ae
podrun2,100,,variable_elimination,,,,,,,,,,,f4f512facb6a5b46acbf03543c91d6653cb961b30ea9f2a1c1af33255bb1aa0b,0.027342657,0.004157574867166607,894bb63ce4d24ab68eb0a623
podrun2,100,,memo_components,,,,,,,,,,,f4f512facb6a5b46acbf03543c91d6653cb961b30ea9f2a1c1af33255bb1aa0b,0.112383744,0.018594016156277562,894bb63ce4d24ab68eb0a623
podrun2,100,,warm_components,,,,,,,,,,,f4f512facb6a5b46acbf03543c91d6653cb961b30ea9f2a1c1af33255bb1aa0b,0.00488617,1.2499216050666662,894bb63ce4d24ab68eb0a623
podrun2,100,,variable_elimination,,,,,,,,,,,f4f512facb6a5b46acbf03543c91d6653cb961b30ea9f2a1c1af33255bb1aa0b,0.031625279,0.18809659208471757,7bb4ca54e2f9f20d9e572d6a
podrun2,100,,memo_components,,,,,,,,,,,f4f512facb6a5b46acbf03543c91d6653cb961b30ea9f2a1c1af33255bb1aa0b,0.125889246,0.007206138419608745,7bb4ca54e2f9f20d9e572d6a
podrun2,100,,warm_components,,,,,,,,,,,f4f512facb6a5b46acbf03543c91d6653cb961b30ea9f2a1c1af33255bb1aa0b,0.015104892,1.181791372010843,7bb4ca54e2f9f20d9e572d6a
podrun2,105,,variable_elimination,,,,,,,,,,,5776b29715e9a50cd9f500c1b53e676b5e8d4ed040d40ac02cad5f3eb90e7774,0.034005415,0.09189866645619343,a481f59f1182cee169a5da76
podrun2,105,,memo_components,,,,,,,,,,,5776b29715e9a50cd9f500c1b53e676b5e8d4ed040d40ac02cad5f3eb90e7774,0.128485408,0.004784308175690902,a481f59f1182cee169a5da76
podrun2,105,,warm_components,,,,,,,,,,,5776b29715e9a50cd9f500c1b53e676b5e8d4ed040d40ac02cad5f3eb90e7774,0.015567413,1.1795959408562178,a481f59f1182cee169a5da76
podrun2,105,,variable_elimination,,,,,,,,,,,5776b29715e9a50cd9f500c1b53e676b5e8d4ed040d40ac02cad5f3eb90e7774,0.033622602,0.09707036072482535,c976b3bf7ecb1713c4122a37
podrun2,105,,memo_components,,,,,,,,,,,5776b29715e9a50cd9f500c1b53e676b5e8d4ed040d40ac02cad5f3eb90e7774,0.128976989,0.029858923086916428,c976b3bf7ecb1713c4122a37
podrun2,105,,warm_components,,,,,,,,,,,5776b29715e9a50cd9f500c1b53e676b5e8d4ed040d40ac02cad5f3eb90e7774,0.015682911,1.1766515832555675,c976b3bf7ecb1713c4122a37
podrun2,100,,variable_elimination,,,,,,,,,,,f4f512facb6a5b46acbf03543c91d6653cb961b30ea9f2a1c1af33255bb1aa0b,0.031360284,0.10251200824945221,907a4d89e5e020f7ef032d91
podrun2,100,,memo_components,,,,,,,,,,,f4f512facb6a5b46acbf03543c91d6653cb961b30ea9f2a1c1af33255bb1aa0b,0.125345096,0.008319336723593376,907a4d89e5e020f7ef032d91
podrun2,100,,warm_components,,,,,,,,,,,f4f512facb6a5b46acbf03543c91d6653cb961b30ea9f2a1c1af33255bb1aa0b,0.015149821,1.1868400466773767,907a4d89e5e020f7ef032d91
podrun2,100,,variable_elimination,,,,,,,,,,,f4f512facb6a5b46acbf03543c91d6653cb961b30ea9f2a1c1af33255bb1aa0b,0.031390892,0.07939244941027022,b3918fe2d30555d018516f5d
podrun2,100,,memo_components,,,,,,,,,,,f4f512facb6a5b46acbf03543c91d6653cb961b30ea9f2a1c1af33255bb1aa0b,0.125774817,0.009828471726443286,b3918fe2d30555d018516f5d
podrun2,100,,warm_components,,,,,,,,,,,f4f512facb6a5b46acbf03543c91d6653cb961b30ea9f2a1c1af33255bb1aa0b,0.015021584,1.2574657531632751,b3918fe2d30555d018516f5d
podrun2,105,,variable_elimination,,,,,,,,,,,5776b29715e9a50cd9f500c1b53e676b5e8d4ed040d40ac02cad5f3eb90e7774,0.03373629,0.07332402922680577,503fd44fec6830a05ecb20b9
podrun2,105,,memo_components,,,,,,,,,,,5776b29715e9a50cd9f500c1b53e676b5e8d4ed040d40ac02cad5f3eb90e7774,0.128666095,0.013667549948385083,503fd44fec6830a05ecb20b9
podrun2,105,,warm_components,,,,,,,,,,,5776b29715e9a50cd9f500c1b53e676b5e8d4ed040d40ac02cad5f3eb90e7774,0.015696152,1.2527104239944264,503fd44fec6830a05ecb20b9
podrun2,100,,variable_elimination,,,,,,,,,,,6d43be99a4507f763b4aefb62ff79ccc08704b7e8f63d57927b61fdcb73c6079,0.031297194,0.0061665302960038785,473d944f292a95dd8cf70cc9
podrun2,100,,memo_components,,,,,,,,,,,6d43be99a4507f763b4aefb62ff79ccc08704b7e8f63d57927b61fdcb73c6079,0.126385766,0.013422622657783172,473d944f292a95dd8cf70cc9
podrun2,105,,variable_elimination,,,,,,,,,,,2f0ee1908f70cfacdcaa935c9cf068812f88091fc3f555e3c77266b9746ed299,0.033396736,0.0007405496016021832,5aee4aecaf8db650d372f9a7
podrun2,105,,memo_components,,,,,,,,,,,2f0ee1908f70cfacdcaa935c9cf068812f88091fc3f555e3c77266b9746ed299,0.126818919,0.013891123907685876,5aee4aecaf8db650d372f9a7
podrun2,105,,variable_elimination,,,,,,,,,,,2f0ee1908f70cfacdcaa935c9cf068812f88091fc3f555e3c77266b9746ed299,0.033475605,0.0006348636749392314,df418bf153e670d10a7c28ec
podrun2,105,,memo_components,,,,,,,,,,,2f0ee1908f70cfacdcaa935c9cf068812f88091fc3f555e3c77266b9746ed299,0.126987236,0.009435317991435415,df418bf153e670d10a7c28ec
podrun2,100,,variable_elimination,,,,,,,,,,,6d43be99a4507f763b4aefb62ff79ccc08704b7e8f63d57927b61fdcb73c6079,0.031302224,0.007449833806179627,1be71e7a898554db487d198d
podrun2,100,,memo_components,,,,,,,,,,,6d43be99a4507f763b4aefb62ff79ccc08704b7e8f63d57927b61fdcb73c6079,0.126583663,0.0034522212521691394,1be71e7a898554db487d198d
podrun2,100,,variable_elimination,,,,,,,,,,,f4f512facb6a5b46acbf03543c91d6653cb961b30ea9f2a1c1af33255bb1aa0b,0.027306908,0.01057193766571174,c3f680f01a6a5227b2a5c7f8
podrun2,100,,memo_components,,,,,,,,,,,f4f512facb6a5b46acbf03543c91d6653cb961b30ea9f2a1c1af33255bb1aa0b,0.056957673,0.005613131716110614,c3f680f01a6a5227b2a5c7f8
podrun2,100,,warm_components,,,,,,,,,,,f4f512facb6a5b46acbf03543c91d6653cb961b30ea9f2a1c1af33255bb1aa0b,0.002113651,1.2712964381666436,c3f680f01a6a5227b2a5c7f8
podrun2,100,,variable_elimination,,,,,,,,,,,f4f512facb6a5b46acbf03543c91d6653cb961b30ea9f2a1c1af33255bb1aa0b,0.026732428,0.007443302599494084,ba0ca2372205f96931ce2ba1
podrun2,100,,memo_components,,,,,,,,,,,f4f512facb6a5b46acbf03543c91d6653cb961b30ea9f2a1c1af33255bb1aa0b,0.110513569,0.010156020613986794,ba0ca2372205f96931ce2ba1
podrun2,100,,warm_components,,,,,,,,,,,f4f512facb6a5b46acbf03543c91d6653cb961b30ea9f2a1c1af33255bb1aa0b,0.003242841,1.3016373259408094,ba0ca2372205f96931ce2ba1
podrun2,105,,variable_elimination,,,,,,,,,,,5776b29715e9a50cd9f500c1b53e676b5e8d4ed040d40ac02cad5f3eb90e7774,0.028143283,0.0015508925982882984,664c27325e482abd3bf1eed5
podrun2,105,,memo_components,,,,,,,,,,,5776b29715e9a50cd9f500c1b53e676b5e8d4ed040d40ac02cad5f3eb90e7774,0.058474345,0.0039849493164855355,664c27325e482abd3bf1eed5
podrun2,105,,warm_components,,,,,,,,,,,5776b29715e9a50cd9f500c1b53e676b5e8d4ed040d40ac02cad5f3eb90e7774,0.00219774,1.2676433470597688,664c27325e482abd3bf1eed5
podrun2,100,,variable_elimination,,,,,,,,,,,f4f512facb6a5b46acbf03543c91d6653cb961b30ea9f2a1c1af33255bb1aa0b,0.027183061,0.003196384448185152,854fbb078a1b04ad4ceb7a9c
podrun2,100,,memo_components,,,,,,,,,,,f4f512facb6a5b46acbf03543c91d6653cb961b30ea9f2a1c1af33255bb1aa0b,0.113225218,0.009759138754810315,854fbb078a1b04ad4ceb7a9c
podrun2,100,,warm_components,,,,,,,,,,,f4f512facb6a5b46acbf03543c91d6653cb961b30ea9f2a1c1af33255bb1aa0b,0.004790242,1.2504523746485836,854fbb078a1b04ad4ceb7a9c
podrun2,105,,variable_elimination,,,,,,,,,,,5776b29715e9a50cd9f500c1b53e676b5e8d4ed040d40ac02cad5f3eb90e7774,0.028598824,0.024564541878409167,484b357865b2294bda1f8edd
podrun2,105,,memo_components,,,,,,,,,,,5776b29715e9a50cd9f500c1b53e676b5e8d4ed040d40ac02cad5f3eb90e7774,0.112731508,0.002759387489169573,484b357865b2294bda1f8edd
podrun2,105,,warm_components,,,,,,,,,,,5776b29715e9a50cd9f500c1b53e676b5e8d4ed040d40ac02cad5f3eb90e7774,0.003096823,1.304545760390846,484b357865b2294bda1f8edd
podrun2,105,,variable_elimination,,,,,,,,,,,5776b29715e9a50cd9f500c1b53e676b5e8d4ed040d40ac02cad5f3eb90e7774,0.029666024,0.006982728250188996,c0e2997ec9dcefd0c6f2c862
podrun2,105,,memo_components,,,,,,,,,,,5776b29715e9a50cd9f500c1b53e676b5e8d4ed040d40ac02cad5f3eb90e7774,0.116017908,0.0033848618997656507,c0e2997ec9dcefd0c6f2c862
podrun2,105,,warm_components,,,,,,,,,,,5776b29715e9a50cd9f500c1b53e676b5e8d4ed040d40ac02cad5f3eb90e7774,0.004961889,1.2479654773363462,c0e2997ec9dcefd0c6f2c862
podrun2,100,,variable_elimination,,,,,,,,,,,f4f512facb6a5b46acbf03543c91d6653cb961b30ea9f2a1c1af33255bb1aa0b,0.031284704,0.10275820941088229,a829de4373bf2295e0bb2498
podrun2,100,,memo_components,,,,,,,,,,,f4f512facb6a5b46acbf03543c91d6653cb961b30ea9f2a1c1af33255bb1aa0b,0.125783538,0.006830490817900078,a829de4373bf2295e0bb2498
podrun2,100,,warm_components,,,,,,,,,,,f4f512facb6a5b46acbf03543c91d6653cb961b30ea9f2a1c1af33255bb1aa0b,0.015159421,1.1803080393384018,a829de4373bf2295e0bb2498
podrun2,105,,variable_elimination,,,,,,,,,,,5776b29715e9a50cd9f500c1b53e676b5e8d4ed040d40ac02cad5f3eb90e7774,0.03484144,0.08822074946141725,5a2b77b53e084ac1d15a3b01
podrun2,105,,memo_components,,,,,,,,,,,5776b29715e9a50cd9f500c1b53e676b5e8d4ed040d40ac02cad5f3eb90e7774,0.12890997,0.005037933467590955,5a2b77b53e084ac1d15a3b01
podrun2,105,,warm_components,,,,,,,,,,,5776b29715e9a50cd9f500c1b53e676b5e8d4ed040d40ac02cad5f3eb90e7774,0.015924077,1.172440262459353,5a2b77b53e084ac1d15a3b01
podrun2,100,,variable_elimination,,,,,,,,,,,f4f512facb6a5b46acbf03543c91d6653cb961b30ea9f2a1c1af33255bb1aa0b,0.031284405,0.08847800492258583,289f70209a183eb558e3b7b3
podrun2,100,,memo_components,,,,,,,,,,,f4f512facb6a5b46acbf03543c91d6653cb961b30ea9f2a1c1af33255bb1aa0b,0.125171699,0.007805407064561483,289f70209a183eb558e3b7b3
podrun2,100,,warm_components,,,,,,,,,,,f4f512facb6a5b46acbf03543c91d6653cb961b30ea9f2a1c1af33255bb1aa0b,0.015301839,1.2380138891782433,289f70209a183eb558e3b7b3
podrun2,53,,variable_elimination,,,,,,,,,,,2cf40efd4eedaf4e1289908d85f9e91f0029bb96db6f0728084b18509d700fac,0.014967655,0.01845110799887916,6de96c6e5fd037695e4b00f3
podrun2,53,,conditional_components,,,,,,,,,,,2cf40efd4eedaf4e1289908d85f9e91f0029bb96db6f0728084b18509d700fac,5.814077773,0.00829229647177615,6de96c6e5fd037695e4b00f3
podrun2,105,,variable_elimination,,,,,,,,,,,5776b29715e9a50cd9f500c1b53e676b5e8d4ed040d40ac02cad5f3eb90e7774,0.033780269,0.0985667367299009,863628968ff27ac259d9c4a0
podrun2,105,,memo_components,,,,,,,,,,,5776b29715e9a50cd9f500c1b53e676b5e8d4ed040d40ac02cad5f3eb90e7774,0.130255245,0.006422514886248162,863628968ff27ac259d9c4a0
podrun2,105,,warm_components,,,,,,,,,,,5776b29715e9a50cd9f500c1b53e676b5e8d4ed040d40ac02cad5f3eb90e7774,0.01577224,1.1791367436029996,863628968ff27ac259d9c4a0
podrun2,100,,variable_elimination,,,,,,,,,,,f4f512facb6a5b46acbf03543c91d6653cb961b30ea9f2a1c1af33255bb1aa0b,0.031315655,0.10000919592147256,5211c1644bfc6b2bf7d3a045
podrun2,100,,memo_components,,,,,,,,,,,f4f512facb6a5b46acbf03543c91d6653cb961b30ea9f2a1c1af33255bb1aa0b,0.128969169,0.011604928097411888,5211c1644bfc6b2bf7d3a045
podrun2,100,,warm_components,,,,,,,,,,,f4f512facb6a5b46acbf03543c91d6653cb961b30ea9f2a1c1af33255bb1aa0b,0.015007494,1.1981668539726276,5211c1644bfc6b2bf7d3a045
podrun2,105,,variable_elimination,,,,,,,,,,,5776b29715e9a50cd9f500c1b53e676b5e8d4ed040d40ac02cad5f3eb90e7774,0.033926676,0.08196404807448462,f5219259cdb56235eae64797
podrun2,105,,memo_components,,,,,,,,,,,5776b29715e9a50cd9f500c1b53e676b5e8d4ed040d40ac02cad5f3eb90e7774,0.130911183,0.012314869090095602,f5219259cdb56235eae64797
podrun2,105,,warm_components,,,,,,,,,,,5776b29715e9a50cd9f500c1b53e676b5e8d4ed040d40ac02cad5f3eb90e7774,0.015992896,1.2310817591677201,f5219259cdb56235eae64797
podrun2,100,,variable_elimination,,,,,,,,,,,6d43be99a4507f763b4aefb62ff79ccc08704b7e8f63d57927b61fdcb73c6079,0.031268435,0.013275099128587816,134e9dfe76d82e06b4942c92
podrun2,100,,memo_components,,,,,,,,,,,6d43be99a4507f763b4aefb62ff79ccc08704b7e8f63d57927b61fdcb73c6079,0.12561775,0.0028466456699986205,134e9dfe76d82e06b4942c92
podrun2,105,,variable_elimination,,,,,,,,,,,2f0ee1908f70cfacdcaa935c9cf068812f88091fc3f555e3c77266b9746ed299,0.033473635,0.00337491291863358,a85f366ea3f36aad5c3f13e8
podrun2,105,,memo_components,,,,,,,,,,,2f0ee1908f70cfacdcaa935c9cf068812f88091fc3f555e3c77266b9746ed299,0.125743858,0.0059903676852239435,a85f366ea3f36aad5c3f13e8
podrun2,100,,variable_elimination,,,,,,,,,,,f4f512facb6a5b46acbf03543c91d6653cb961b30ea9f2a1c1af33255bb1aa0b,0.02663106,0.0015596762478698888,28ba948f97dbb8e3f57a94c6
podrun2,100,,memo_components,,,,,,,,,,,f4f512facb6a5b46acbf03543c91d6653cb961b30ea9f2a1c1af33255bb1aa0b,0.058150681,0.006488387762103761,28ba948f97dbb8e3f57a94c6
podrun2,100,,warm_components,,,,,,,,,,,f4f512facb6a5b46acbf03543c91d6653cb961b30ea9f2a1c1af33255bb1aa0b,0.002090492,1.2730559320424468,28ba948f97dbb8e3f57a94c6
podrun2,105,,variable_elimination,,,,,,,,,,,2f0ee1908f70cfacdcaa935c9cf068812f88091fc3f555e3c77266b9746ed299,0.034413168,0.013720546203884569,8e0f5081fa7054313f1b61b2
podrun2,105,,memo_components,,,,,,,,,,,2f0ee1908f70cfacdcaa935c9cf068812f88091fc3f555e3c77266b9746ed299,0.132342107,0.011063930259645855,8e0f5081fa7054313f1b61b2
podrun2,100,,variable_elimination,,,,,,,,,,,6d43be99a4507f763b4aefb62ff79ccc08704b7e8f63d57927b61fdcb73c6079,0.031057459,0.007241671827464351,2b058e9343aaca53f9ee77bb
podrun2,100,,memo_components,,,,,,,,,,,6d43be99a4507f763b4aefb62ff79ccc08704b7e8f63d57927b61fdcb73c6079,0.125453993,0.00746896913080905,2b058e9343aaca53f9ee77bb
podrun2,100,,variable_elimination,,,,,,,,,,,f4f512facb6a5b46acbf03543c91d6653cb961b30ea9f2a1c1af33255bb1aa0b,0.026783037,0.002766146689602713,85545c0d22e63a3f334fcb48
podrun2,100,,memo_components,,,,,,,,,,,f4f512facb6a5b46acbf03543c91d6653cb961b30ea9f2a1c1af33255bb1aa0b,0.112334625,0.01615263830564575,85545c0d22e63a3f334fcb48
podrun2,100,,warm_components,,,,,,,,,,,f4f512facb6a5b46acbf03543c91d6653cb961b30ea9f2a1c1af33255bb1aa0b,0.00321849,1.3011943143446212,85545c0d22e63a3f334fcb48
podrun2,105,,variable_elimination,,,,,,,,,,,5776b29715e9a50cd9f500c1b53e676b5e8d4ed040d40ac02cad5f3eb90e7774,0.028450267,0.021268103077077907,14d5649d4bb663cdfa798564
podrun2,105,,memo_components,,,,,,,,,,,5776b29715e9a50cd9f500c1b53e676b5e8d4ed040d40ac02cad5f3eb90e7774,0.059001505,0.008489109185202529,14d5649d4bb663cdfa798564
podrun2,105,,warm_components,,,,,,,,,,,5776b29715e9a50cd9f500c1b53e676b5e8d4ed040d40ac02cad5f3eb90e7774,0.00217,1.267487442667234,14d5649d4bb663cdfa798564
podrun2,100,,variable_elimination,,,,,,,,,,,f4f512facb6a5b46acbf03543c91d6653cb961b30ea9f2a1c1af33255bb1aa0b,0.027494585,0.01466977637958824,e9264326b99eead3907b092f
podrun2,100,,memo_components,,,,,,,,,,,f4f512facb6a5b46acbf03543c91d6653cb961b30ea9f2a1c1af33255bb1aa0b,0.114828789,0.001747829944727207,e9264326b99eead3907b092f
podrun2,100,,warm_components,,,,,,,,,,,f4f512facb6a5b46acbf03543c91d6653cb961b30ea9f2a1c1af33255bb1aa0b,0.004763172,1.2519682219104036,e9264326b99eead3907b092f
podrun2,105,,variable_elimination,,,,,,,,,,,5776b29715e9a50cd9f500c1b53e676b5e8d4ed040d40ac02cad5f3eb90e7774,0.028741022,0.004918420665482402,7cc18af5eb8f436e2f4acd74
podrun2,105,,memo_components,,,,,,,,,,,5776b29715e9a50cd9f500c1b53e676b5e8d4ed040d40ac02cad5f3eb90e7774,0.113841817,0.003095319107473665,7cc18af5eb8f436e2f4acd74
podrun2,105,,warm_components,,,,,,,,,,,5776b29715e9a50cd9f500c1b53e676b5e8d4ed040d40ac02cad5f3eb90e7774,0.003093883,1.3042159504116637,7cc18af5eb8f436e2f4acd74
podrun2,105,,variable_elimination,,,,,,,,,,,5776b29715e9a50cd9f500c1b53e676b5e8d4ed040d40ac02cad5f3eb90e7774,0.030234404,0.020935273264349637,7d95e21a40b0b215c605462b
podrun2,105,,memo_components,,,,,,,,,,,5776b29715e9a50cd9f500c1b53e676b5e8d4ed040d40ac02cad5f3eb90e7774,0.116273102,0.0035675900334984144,7d95e21a40b0b215c605462b
podrun2,105,,warm_components,,,,,,,,,,,5776b29715e9a50cd9f500c1b53e676b5e8d4ed040d40ac02cad5f3eb90e7774,0.004926849,1.2500023677580865,7d95e21a40b0b215c605462b
podrun2,100,,variable_elimination,,,,,,,,,,,f4f512facb6a5b46acbf03543c91d6653cb961b30ea9f2a1c1af33255bb1aa0b,0.026837397,0.008410770117072908,0a2fc78e637f1ffcb6f639db
podrun2,100,,memo_components,,,,,,,,,,,f4f512facb6a5b46acbf03543c91d6653cb961b30ea9f2a1c1af33255bb1aa0b,0.056819175,0.0043024949523482415,0a2fc78e637f1ffcb6f639db
podrun2,100,,warm_components,,,,,,,,,,,f4f512facb6a5b46acbf03543c91d6653cb961b30ea9f2a1c1af33255bb1aa0b,0.002102801,1.2714500368557098,0a2fc78e637f1ffcb6f639db
podrun2,100,,variable_elimination,,,,,,,,,,,f4f512facb6a5b46acbf03543c91d6653cb961b30ea9f2a1c1af33255bb1aa0b,0.031417472,0.10040479786953262,488e8c4eb5c210b05110fbae
podrun2,100,,memo_components,,,,,,,,,,,f4f512facb6a5b46acbf03543c91d6653cb961b30ea9f2a1c1af33255bb1aa0b,0.126226919,0.006674306975371986,488e8c4eb5c210b05110fbae
podrun2,100,,warm_components,,,,,,,,,,,f4f512facb6a5b46acbf03543c91d6653cb961b30ea9f2a1c1af33255bb1aa0b,0.015071503,1.185809950007959,488e8c4eb5c210b05110fbae
podrun2,105,,variable_elimination,,,,,,,,,,,5776b29715e9a50cd9f500c1b53e676b5e8d4ed040d40ac02cad5f3eb90e7774,0.034000605,0.09685463858285691,6c48b42a05d19bed27f3b7cd
podrun2,105,,memo_components,,,,,,,,,,,5776b29715e9a50cd9f500c1b53e676b5e8d4ed040d40ac02cad5f3eb90e7774,0.129286723,0.009880280977093168,6c48b42a05d19bed27f3b7cd
podrun2,105,,warm_components,,,,,,,,,,,5776b29715e9a50cd9f500c1b53e676b5e8d4ed040d40ac02cad5f3eb90e7774,0.015693562,1.1704270619740862,6c48b42a05d19bed27f3b7cd
podrun2,100,,variable_elimination,,,,,,,,,,,f4f512facb6a5b46acbf03543c91d6653cb961b30ea9f2a1c1af33255bb1aa0b,0.031667047,0.08194569684817422,af9e900388d65a6cd0489d5d
podrun2,100,,memo_components,,,,,,,,,,,f4f512facb6a5b46acbf03543c91d6653cb961b30ea9f2a1c1af33255bb1aa0b,0.127534736,0.016681795890499784,af9e900388d65a6cd0489d5d
podrun2,100,,warm_components,,,,,,,,,,,f4f512facb6a5b46acbf03543c91d6653cb961b30ea9f2a1c1af33255bb1aa0b,0.015140412,1.2747198703085663,af9e900388d65a6cd0489d5d
podrun2,105,,variable_elimination,,,,,,,,,,,5776b29715e9a50cd9f500c1b53e676b5e8d4ed040d40ac02cad5f3eb90e7774,0.033829178,0.09222571086234425,324a0a0c1ec068630844abad
podrun2,105,,memo_components,,,,,,,,,,,5776b29715e9a50cd9f500c1b53e676b5e8d4ed040d40ac02cad5f3eb90e7774,0.131044781,0.01935905681095795,324a0a0c1ec068630844abad
podrun2,105,,warm_components,,,,,,,,,,,5776b29715e9a50cd9f500c1b53e676b5e8d4ed040d40ac02cad5f3eb90e7774,0.016050255,1.184917768518338,324a0a0c1ec068630844abad
podrun2,100,,variable_elimination,,,,,,,,,,,f4f512facb6a5b46acbf03543c91d6653cb961b30ea9f2a1c1af33255bb1aa0b,0.031321334,0.10079101835977762,f70668390f7bca5b1418e713
podrun2,100,,memo_components,,,,,,,,,,,f4f512facb6a5b46acbf03543c91d6653cb961b30ea9f2a1c1af33255bb1aa0b,0.12511667,0.0069641046030035365,f70668390f7bca5b1418e713
podrun2,100,,warm_components,,,,,,,,,,,f4f512facb6a5b46acbf03543c91d6653cb961b30ea9f2a1c1af33255bb1aa0b,0.015077193,1.1836869583061804,f70668390f7bca5b1418e713
podrun2,105,,variable_elimination,,,,,,,,,,,5776b29715e9a50cd9f500c1b53e676b5e8d4ed040d40ac02cad5f3eb90e7774,0.033672521,0.07837384338138752,5a2d07d67c6f9f9050530fa8
podrun2,105,,memo_components,,,,,,,,,,,5776b29715e9a50cd9f500c1b53e676b5e8d4ed040d40ac02cad5f3eb90e7774,0.130082779,0.012038378043930632,5a2d07d67c6f9f9050530fa8
podrun2,105,,warm_components,,,,,,,,,,,5776b29715e9a50cd9f500c1b53e676b5e8d4ed040d40ac02cad5f3eb90e7774,0.01580323,1.253295460119964,5a2d07d67c6f9f9050530fa8
podrun2,100,,variable_elimination,,,,,,,,,,,f4f512facb6a5b46acbf03543c91d6653cb961b30ea9f2a1c1af33255bb1aa0b,0.031808285,0.08112886047041493,97764414feabefcd78ea663c
podrun2,100,,memo_components,,,,,,,,,,,f4f512facb6a5b46acbf03543c91d6653cb961b30ea9f2a1c1af33255bb1aa0b,0.127991127,0.011059174678461549,97764414feabefcd78ea663c
podrun2,100,,warm_components,,,,,,,,,,,f4f512facb6a5b46acbf03543c91d6653cb961b30ea9f2a1c1af33255bb1aa0b,0.015315569,1.240065573116646,97764414feabefcd78ea663c
podrun2,100,,variable_elimination,,,,,,,,,,,6d43be99a4507f763b4aefb62ff79ccc08704b7e8f63d57927b61fdcb73c6079,0.031210086,0.0052130465176913185,b0b6e9798df96e62ff0f4457
podrun2,100,,memo_components,,,,,,,,,,,6d43be99a4507f763b4aefb62ff79ccc08704b7e8f63d57927b61fdcb73c6079,0.124740587,0.005765853652181832,b0b6e9798df96e62ff0f4457
podrun2,105,,variable_elimination,,,,,,,,,,,2f0ee1908f70cfacdcaa935c9cf068812f88091fc3f555e3c77266b9746ed299,0.033642042,0.0018590355969850384,7df4fce5fb666fb46fbf4fc1
podrun2,105,,memo_components,,,,,,,,,,,2f0ee1908f70cfacdcaa935c9cf068812f88091fc3f555e3c77266b9746ed299,0.127108573,0.008709617266029234,7df4fce5fb666fb46fbf4fc1
podrun2,100,,variable_elimination,,,,,,,,,,,f4f512facb6a5b46acbf03543c91d6653cb961b30ea9f2a1c1af33255bb1aa0b,0.026577091,0.005321493472757684,8b30bc0bc9f864c04b65540f
podrun2,100,,memo_components,,,,,,,,,,,f4f512facb6a5b46acbf03543c91d6653cb961b30ea9f2a1c1af33255bb1aa0b,0.056475392,0.007376808990050232,8b30bc0bc9f864c04b65540f
podrun2,100,,warm_components,,,,,,,,,,,f4f512facb6a5b46acbf03543c91d6653cb961b30ea9f2a1c1af33255bb1aa0b,0.002079492,1.2710438887453035,8b30bc0bc9f864c04b65540f
podrun2,105,,variable_elimination,,,,,,,,,,,2f0ee1908f70cfacdcaa935c9cf068812f88091fc3f555e3c77266b9746ed299,0.033918167,0.02499550463314369,ce6423cdbdf6f8c9fd2d31a7
podrun2,105,,memo_components,,,,,,,,,,,2f0ee1908f70cfacdcaa935c9cf068812f88091fc3f555e3c77266b9746ed299,0.125629111,0.008803123649706037,ce6423cdbdf6f8c9fd2d31a7
podrun2,100,,variable_elimination,,,,,,,,,,,6d43be99a4507f763b4aefb62ff79ccc08704b7e8f63d57927b61fdcb73c6079,0.03101862,0.00801560487513699,921a94d4e4c5b7778769c2ca
podrun2,100,,memo_components,,,,,,,,,,,6d43be99a4507f763b4aefb62ff79ccc08704b7e8f63d57927b61fdcb73c6079,0.125268277,0.006318399419048069,921a94d4e4c5b7778769c2ca
podrun2,100,,variable_elimination,,,,,,,,,,,f4f512facb6a5b46acbf03543c91d6653cb961b30ea9f2a1c1af33255bb1aa0b,0.027098452,0.026153707551520612,ba7bff8e38eeea22df4abf6f
podrun2,100,,memo_components,,,,,,,,,,,f4f512facb6a5b46acbf03543c91d6653cb961b30ea9f2a1c1af33255bb1aa0b,0.112892105,0.010049849427749643,ba7bff8e38eeea22df4abf6f
podrun2,100,,warm_components,,,,,,,,,,,f4f512facb6a5b46acbf03543c91d6653cb961b30ea9f2a1c1af33255bb1aa0b,0.00325656,1.3035671942820313,ba7bff8e38eeea22df4abf6f
podrun2,105,,variable_elimination,,,,,,,,,,,5776b29715e9a50cd9f500c1b53e676b5e8d4ed040d40ac02cad5f3eb90e7774,0.028785151,0.02209432896677747,354ebc646fc62843cebd24ae
podrun2,105,,memo_components,,,,,,,,,,,5776b29715e9a50cd9f500c1b53e676b5e8d4ed040d40ac02cad5f3eb90e7774,0.059365439,0.011380586321069803,354ebc646fc62843cebd24ae
podrun2,105,,warm_components,,,,,,,,,,,5776b29715e9a50cd9f500c1b53e676b5e8d4ed040d40ac02cad5f3eb90e7774,0.002522083,1.2591620033636053,354ebc646fc62843cebd24ae
podrun2,100,,variable_elimination,,,,,,,,,,,f4f512facb6a5b46acbf03543c91d6653cb961b30ea9f2a1c1af33255bb1aa0b,0.027470845,0.007012599000724974,27ff171f3e42c5a2c3b9b1ca
podrun2,100,,memo_components,,,,,,,,,,,f4f512facb6a5b46acbf03543c91d6653cb961b30ea9f2a1c1af33255bb1aa0b,0.113310907,0.003811717130962756,27ff171f3e42c5a2c3b9b1ca
podrun2,100,,warm_components,,,,,,,,,,,f4f512facb6a5b46acbf03543c91d6653cb961b30ea9f2a1c1af33255bb1aa0b,0.00491714,1.2502666973523282,27ff171f3e42c5a2c3b9b1ca
podrun2,105,,variable_elimination,,,,,,,,,,,5776b29715e9a50cd9f500c1b53e676b5e8d4ed040d40ac02cad5f3eb90e7774,0.02933629,0.02456759701500196,091bb2c755c7eff3c3dce943
podrun2,105,,memo_components,,,,,,,,,,,5776b29715e9a50cd9f500c1b53e676b5e8d4ed040d40ac02cad5f3eb90e7774,0.113324277,0.005040540265224078,091bb2c755c7eff3c3dce943
podrun2,105,,warm_components,,,,,,,,,,,5776b29715e9a50cd9f500c1b53e676b5e8d4ed040d40ac02cad5f3eb90e7774,0.003103983,1.304226170897399,091bb2c755c7eff3c3dce943
podrun2,105,,variable_elimination,,,,,,,,,,,5776b29715e9a50cd9f500c1b53e676b5e8d4ed040d40ac02cad5f3eb90e7774,0.029697754,0.006439607194065898,d8a31f5b586f022ccbae4633
podrun2,105,,memo_components,,,,,,,,,,,5776b29715e9a50cd9f500c1b53e676b5e8d4ed040d40ac02cad5f3eb90e7774,0.115423688,0.0023656730171996085,d8a31f5b586f022ccbae4633
podrun2,105,,warm_components,,,,,,,,,,,5776b29715e9a50cd9f500c1b53e676b5e8d4ed040d40ac02cad5f3eb90e7774,0.004945389,1.24501755745056,d8a31f5b586f022ccbae4633
podrun2,100,,variable_elimination,,,,,,,,,,,f4f512facb6a5b46acbf03543c91d6653cb961b30ea9f2a1c1af33255bb1aa0b,0.026759798,0.007243435554591582,5afcf3d395893d8847e7b919
podrun2,100,,memo_components,,,,,,,,,,,f4f512facb6a5b46acbf03543c91d6653cb961b30ea9f2a1c1af33255bb1aa0b,0.056631919,0.010694096639289706,5afcf3d395893d8847e7b919
podrun2,100,,warm_components,,,,,,,,,,,f4f512facb6a5b46acbf03543c91d6653cb961b30ea9f2a1c1af33255bb1aa0b,0.002098171,1.2688449154774042,5afcf3d395893d8847e7b919
podrun2,100,,variable_elimination,,,,,,,,,,,f4f512facb6a5b46acbf03543c91d6653cb961b30ea9f2a1c1af33255bb1aa0b,0.031459941,0.12740712072895638,5c1858ec8daa50f07c090573
podrun2,100,,memo_components,,,,,,,,,,,f4f512facb6a5b46acbf03543c91d6653cb961b30ea9f2a1c1af33255bb1aa0b,0.127787121,0.01209258931804956,5c1858ec8daa50f07c090573
podrun2,100,,warm_components,,,,,,,,,,,f4f512facb6a5b46acbf03543c91d6653cb961b30ea9f2a1c1af33255bb1aa0b,0.014946745,1.186358367797196,5c1858ec8daa50f07c090573
podrun2,105,,variable_elimination,,,,,,,,,,,5776b29715e9a50cd9f500c1b53e676b5e8d4ed040d40ac02cad5f3eb90e7774,0.034342699,0.08852612799236294,da955945eb95e3a6500ca7d0
podrun2,105,,memo_components,,,,,,,,,,,5776b29715e9a50cd9f500c1b53e676b5e8d4ed040d40ac02cad5f3eb90e7774,0.131320416,0.01237659134291471,da955945eb95e3a6500ca7d0
podrun2,105,,warm_components,,,,,,,,,,,5776b29715e9a50cd9f500c1b53e676b5e8d4ed040d40ac02cad5f3eb90e7774,0.015872539,1.185587976648759,da955945eb95e3a6500ca7d0
podrun2,100,,variable_elimination,,,,,,,,,,,f4f512facb6a5b46acbf03543c91d6653cb961b30ea9f2a1c1af33255bb1aa0b,0.031702207,0.07848424606502477,fb69956430cef01a020e847e
podrun2,100,,memo_components,,,,,,,,,,,f4f512facb6a5b46acbf03543c91d6653cb961b30ea9f2a1c1af33255bb1aa0b,0.126323987,0.009206324790490647,fb69956430cef01a020e847e
podrun2,100,,warm_components,,,,,,,,,,,f4f512facb6a5b46acbf03543c91d6653cb961b30ea9f2a1c1af33255bb1aa0b,0.01523283,1.2495802013159965,fb69956430cef01a020e847e
podrun2,105,,variable_elimination,,,,,,,,,,,5776b29715e9a50cd9f500c1b53e676b5e8d4ed040d40ac02cad5f3eb90e7774,0.033502964,0.09659664957094555,b25d8fab3139ab4875740b11
podrun2,105,,memo_components,,,,,,,,,,,5776b29715e9a50cd9f500c1b53e676b5e8d4ed040d40ac02cad5f3eb90e7774,0.126605082,0.0057717703784741425,b25d8fab3139ab4875740b11
podrun2,105,,warm_components,,,,,,,,,,,5776b29715e9a50cd9f500c1b53e676b5e8d4ed040d40ac02cad5f3eb90e7774,0.015551734,1.1739851528327183,b25d8fab3139ab4875740b11
podrun2,100,,variable_elimination,,,,,,,,,,,f4f512facb6a5b46acbf03543c91d6653cb961b30ea9f2a1c1af33255bb1aa0b,0.031933953,0.09615424018307793,77c8f185e2c77895383ddd6a
podrun2,100,,memo_components,,,,,,,,,,,f4f512facb6a5b46acbf03543c91d6653cb961b30ea9f2a1c1af33255bb1aa0b,0.127488806,0.009906936857342511,77c8f185e2c77895383ddd6a
podrun2,100,,warm_components,,,,,,,,,,,f4f512facb6a5b46acbf03543c91d6653cb961b30ea9f2a1c1af33255bb1aa0b,0.015057664,1.1947044005470038,77c8f185e2c77895383ddd6a
podrun2,100,,variable_elimination,,,,,,,,,,,f4f512facb6a5b46acbf03543c91d6653cb961b30ea9f2a1c1af33255bb1aa0b,0.031307224,0.08905823411552236,6479781ef1bc9aa6e1b7521d
podrun2,100,,memo_components,,,,,,,,,,,f4f512facb6a5b46acbf03543c91d6653cb961b30ea9f2a1c1af33255bb1aa0b,0.124527821,0.008080894901507613,6479781ef1bc9aa6e1b7521d
podrun2,100,,warm_components,,,,,,,,,,,f4f512facb6a5b46acbf03543c91d6653cb961b30ea9f2a1c1af33255bb1aa0b,0.015023824,1.2456958204901323,6479781ef1bc9aa6e1b7521d
podrun2,105,,variable_elimination,,,,,,,,,,,5776b29715e9a50cd9f500c1b53e676b5e8d4ed040d40ac02cad5f3eb90e7774,0.033943956,0.10222812518893294,e123ea61ec4db6a6bddb7a09
podrun2,105,,memo_components,,,,,,,,,,,5776b29715e9a50cd9f500c1b53e676b5e8d4ed040d40ac02cad5f3eb90e7774,0.130161517,0.010510682655338686,e123ea61ec4db6a6bddb7a09
podrun2,105,,warm_components,,,,,,,,,,,5776b29715e9a50cd9f500c1b53e676b5e8d4ed040d40ac02cad5f3eb90e7774,0.015987446,1.2285153694353854,e123ea61ec4db6a6bddb7a09
podrun2,100,,variable_elimination,,,,,,,,,,,6d43be99a4507f763b4aefb62ff79ccc08704b7e8f63d57927b61fdcb73c6079,0.031258325,0.012701898808828039,8e896bb966a71718b06c87c3
podrun2,100,,memo_components,,,,,,,,,,,6d43be99a4507f763b4aefb62ff79ccc08704b7e8f63d57927b61fdcb73c6079,0.12617325,0.0067262223794586585,8e896bb966a71718b06c87c3
podrun2,105,,variable_elimination,,,,,,,,,,,2f0ee1908f70cfacdcaa935c9cf068812f88091fc3f555e3c77266b9746ed299,0.033969866,0.02243000407800659,e897cdeb48dd461f4991f051
podrun2,105,,memo_components,,,,,,,,,,,2f0ee1908f70cfacdcaa935c9cf068812f88091fc3f555e3c77266b9746ed299,0.126983626,0.006419249378573046,e897cdeb48dd461f4991f051
podrun2,100,,variable_elimination,,,,,,,,,,,f4f512facb6a5b46acbf03543c91d6653cb961b30ea9f2a1c1af33255bb1aa0b,0.026443784,0.005887693039794169,f8fba700a19ec6ff958e54dc
podrun2,100,,memo_components,,,,,,,,,,,f4f512facb6a5b46acbf03543c91d6653cb961b30ea9f2a1c1af33255bb1aa0b,0.05712066,0.00831816771869379,f8fba700a19ec6ff958e54dc
podrun2,100,,warm_components,,,,,,,,,,,f4f512facb6a5b46acbf03543c91d6653cb961b30ea9f2a1c1af33255bb1aa0b,0.002086412,1.2717137905410842,f8fba700a19ec6ff958e54dc
podrun2,105,,variable_elimination,,,,,,,,,,,2f0ee1908f70cfacdcaa935c9cf068812f88091fc3f555e3c77266b9746ed299,0.033626222,0.0017814269669893942,45eadf073d8db5dec0beb009
podrun2,105,,memo_components,,,,,,,,,,,2f0ee1908f70cfacdcaa935c9cf068812f88091fc3f555e3c77266b9746ed299,0.128064405,0.0034172608782210095,45eadf073d8db5dec0beb009
podrun2,100,,variable_elimination,,,,,,,,,,,6d43be99a4507f763b4aefb62ff79ccc08704b7e8f63d57927b61fdcb73c6079,0.033409606,0.03197801023674754,d54975c91ca16966eec2e506
podrun2,100,,memo_components,,,,,,,,,,,6d43be99a4507f763b4aefb62ff79ccc08704b7e8f63d57927b61fdcb73c6079,0.125844337,0.0018945362912561369,d54975c91ca16966eec2e506
podrun2,100,,variable_elimination,,,,,,,,,,,f4f512facb6a5b46acbf03543c91d6653cb961b30ea9f2a1c1af33255bb1aa0b,0.026991384,0.007055357598804806,aef02d8d7f81a1b4102af6d9
podrun2,100,,memo_components,,,,,,,,,,,f4f512facb6a5b46acbf03543c91d6653cb961b30ea9f2a1c1af33255bb1aa0b,0.114535704,0.01728954535553697,aef02d8d7f81a1b4102af6d9
podrun2,100,,warm_components,,,,,,,,,,,f4f512facb6a5b46acbf03543c91d6653cb961b30ea9f2a1c1af33255bb1aa0b,0.003315909,1.3028171013000123,aef02d8d7f81a1b4102af6d9
podrun2,105,,variable_elimination,,,,,,,,,,,5776b29715e9a50cd9f500c1b53e676b5e8d4ed040d40ac02cad5f3eb90e7774,0.029293852,0.03395957890158451,fba90702bb655d17f27e3fe4
podrun2,105,,memo_components,,,,,,,,,,,5776b29715e9a50cd9f500c1b53e676b5e8d4ed040d40ac02cad5f3eb90e7774,0.059054375,0.016511164359669366,fba90702bb655d17f27e3fe4
podrun2,105,,warm_components,,,,,,,,,,,5776b29715e9a50cd9f500c1b53e676b5e8d4ed040d40ac02cad5f3eb90e7774,0.00217513,1.2753629451759336,fba90702bb655d17f27e3fe4
podrun2,100,,variable_elimination,,,,,,,,,,,f4f512facb6a5b46acbf03543c91d6653cb961b30ea9f2a1c1af33255bb1aa0b,0.027342847,0.006969130781662471,be050b314a85ed41c6b867c3
podrun2,100,,memo_components,,,,,,,,,,,f4f512facb6a5b46acbf03543c91d6653cb961b30ea9f2a1c1af33255bb1aa0b,0.115299361,0.004522176762932549,be050b314a85ed41c6b867c3
podrun2,100,,warm_components,,,,,,,,,,,f4f512facb6a5b46acbf03543c91d6653cb961b30ea9f2a1c1af33255bb1aa0b,0.004781462,1.253960641444713,be050b314a85ed41c6b867c3
podrun2,105,,variable_elimination,,,,,,,,,,,5776b29715e9a50cd9f500c1b53e676b5e8d4ed040d40ac02cad5f3eb90e7774,0.029259762,0.028146220435047328,6180db40b47120c83e058868
podrun2,105,,memo_components,,,,,,,,,,,5776b29715e9a50cd9f500c1b53e676b5e8d4ed040d40ac02cad5f3eb90e7774,0.115495937,0.0034989073084516964,6180db40b47120c83e058868
podrun2,105,,warm_components,,,,,,,,,,,5776b29715e9a50cd9f500c1b53e676b5e8d4ed040d40ac02cad5f3eb90e7774,0.003081414,1.3062337978694645,6180db40b47120c83e058868
podrun2,105,,variable_elimination,,,,,,,,,,,5776b29715e9a50cd9f500c1b53e676b5e8d4ed040d40ac02cad5f3eb90e7774,0.030327422,0.003959572403078351,757a3f17818445bce5da79b4
podrun2,105,,memo_components,,,,,,,,,,,5776b29715e9a50cd9f500c1b53e676b5e8d4ed040d40ac02cad5f3eb90e7774,0.114573083,0.006152327896797413,757a3f17818445bce5da79b4
podrun2,105,,warm_components,,,,,,,,,,,5776b29715e9a50cd9f500c1b53e676b5e8d4ed040d40ac02cad5f3eb90e7774,0.004873961,1.2484088774235973,757a3f17818445bce5da79b4
podrun2,100,,variable_elimination,,,,,,,,,,,f4f512facb6a5b46acbf03543c91d6653cb961b30ea9f2a1c1af33255bb1aa0b,0.026747238,0.036859943770361066,ad89b3ce1dfa6cc70988a5a9
podrun2,100,,memo_components,,,,,,,,,,,f4f512facb6a5b46acbf03543c91d6653cb961b30ea9f2a1c1af33255bb1aa0b,0.056439782,0.017055140179171827,ad89b3ce1dfa6cc70988a5a9
podrun2,100,,warm_components,,,,,,,,,,,f4f512facb6a5b46acbf03543c91d6653cb961b30ea9f2a1c1af33255bb1aa0b,0.002450685,1.2591917138935582,ad89b3ce1dfa6cc70988a5a9
podrun2,105,,variable_elimination,,,,,,,,,,,5776b29715e9a50cd9f500c1b53e676b5e8d4ed040d40ac02cad5f3eb90e7774,0.033853127,0.09495988429727717,9e4afe33fcb0b522d13f6f1c
podrun2,105,,memo_components,,,,,,,,,,,5776b29715e9a50cd9f500c1b53e676b5e8d4ed040d40ac02cad5f3eb90e7774,0.129612498,0.006809274131433951,9e4afe33fcb0b522d13f6f1c
podrun2,105,,warm_components,,,,,,,,,,,5776b29715e9a50cd9f500c1b53e676b5e8d4ed040d40ac02cad5f3eb90e7774,0.015679262,1.1851804259273937,9e4afe33fcb0b522d13f6f1c
podrun2,100,,variable_elimination,,,,,,,,,,,f4f512facb6a5b46acbf03543c91d6653cb961b30ea9f2a1c1af33255bb1aa0b,0.031315654,0.09820112253848946,5896f54e677621c7693e88ff
podrun2,100,,memo_components,,,,,,,,,,,f4f512facb6a5b46acbf03543c91d6653cb961b30ea9f2a1c1af33255bb1aa0b,0.125725449,0.006117570650991759,5896f54e677621c7693e88ff
podrun2,100,,warm_components,,,,,,,,,,,f4f512facb6a5b46acbf03543c91d6653cb961b30ea9f2a1c1af33255bb1aa0b,0.015344278,1.1815698090320674,5896f54e677621c7693e88ff
podrun2,100,,variable_elimination,,,,,,,,,,,f4f512facb6a5b46acbf03543c91d6653cb961b30ea9f2a1c1af33255bb1aa0b,0.031564799,0.07987541189372935,43a2d885d5d5c001924d1a0c
podrun2,100,,memo_components,,,,,,,,,,,f4f512facb6a5b46acbf03543c91d6653cb961b30ea9f2a1c1af33255bb1aa0b,0.125830606,0.011377565050669017,43a2d885d5d5c001924d1a0c
podrun2,100,,warm_components,,,,,,,,,,,f4f512facb6a5b46acbf03543c91d6653cb961b30ea9f2a1c1af33255bb1aa0b,0.015087863,1.2646145283041952,43a2d885d5d5c001924d1a0c
podrun2,105,,variable_elimination,,,,,,,,,,,5776b29715e9a50cd9f500c1b53e676b5e8d4ed040d40ac02cad5f3eb90e7774,0.033864868,0.09770438072549019,88ddea2660aafa27d9905587
podrun2,105,,memo_components,,,,,,,,,,,5776b29715e9a50cd9f500c1b53e676b5e8d4ed040d40ac02cad5f3eb90e7774,0.128732983,0.008558534497858851,88ddea2660aafa27d9905587
podrun2,105,,warm_components,,,,,,,,,,,5776b29715e9a50cd9f500c1b53e676b5e8d4ed040d40ac02cad5f3eb90e7774,0.015596863,1.1776536292363704,88ddea2660aafa27d9905587
podrun2,100,,variable_elimination,,,,,,,,,,,f4f512facb6a5b46acbf03543c91d6653cb961b30ea9f2a1c1af33255bb1aa0b,0.032133659,0.09443915474628022,41e1c71535b55c7a641e194b
podrun2,100,,memo_components,,,,,,,,,,,f4f512facb6a5b46acbf03543c91d6653cb961b30ea9f2a1c1af33255bb1aa0b,0.12727394,0.014431452579537414,41e1c71535b55c7a641e194b
podrun2,100,,warm_components,,,,,,,,,,,f4f512facb6a5b46acbf03543c91d6653cb961b30ea9f2a1c1af33255bb1aa0b,0.015508645,1.180097024517645,41e1c71535b55c7a641e194b
podrun2,105,,variable_elimination,,,,,,,,,,,5776b29715e9a50cd9f500c1b53e676b5e8d4ed040d40ac02cad5f3eb90e7774,0.034199281,0.07524324365961242,d099b06e677b0bf100ceb8fc
podrun2,105,,memo_components,,,,,,,,,,,5776b29715e9a50cd9f500c1b53e676b5e8d4ed040d40ac02cad5f3eb90e7774,0.131708449,0.02102114513119312,d099b06e677b0bf100ceb8fc
podrun2,105,,warm_components,,,,,,,,,,,5776b29715e9a50cd9f500c1b53e676b5e8d4ed040d40ac02cad5f3eb90e7774,0.015664932,1.2720668495724272,d099b06e677b0bf100ceb8fc
podrun2,100,,variable_elimination,,,,,,,,,,,f4f512facb6a5b46acbf03543c91d6653cb961b30ea9f2a1c1af33255bb1aa0b,0.031739626,0.08632964840526149,967ab1a96f3b69b82cb768e5
podrun2,100,,memo_components,,,,,,,,,,,f4f512facb6a5b46acbf03543c91d6653cb961b30ea9f2a1c1af33255bb1aa0b,0.127122733,0.0072146545290156724,967ab1a96f3b69b82cb768e5
podrun2,100,,warm_components,,,,,,,,,,,f4f512facb6a5b46acbf03543c91d6653cb961b30ea9f2a1c1af33255bb1aa0b,0.015315318,1.2421413646593453,967ab1a96f3b69b82cb768e5
podrun2,105,,variable_elimination,,,,,,,,,,,2f0ee1908f70cfacdcaa935c9cf068812f88091fc3f555e3c77266b9746ed299,0.033355087,0.000655463701675901,f7f7e52a05253ecf9df6cfa8
podrun2,105,,memo_components,,,,,,,,,,,2f0ee1908f70cfacdcaa935c9cf068812f88091fc3f555e3c77266b9746ed299,0.127390448,0.005609624986772549,f7f7e52a05253ecf9df6cfa8
podrun2,100,,variable_elimination,,,,,,,,,,,6d43be99a4507f763b4aefb62ff79ccc08704b7e8f63d57927b61fdcb73c6079,0.031266155,0.009328351468349186,7c2e8b025d51c90d60c49a33
podrun2,100,,memo_components,,,,,,,,,,,6d43be99a4507f763b4aefb62ff79ccc08704b7e8f63d57927b61fdcb73c6079,0.127757812,0.0022056766268944857,7c2e8b025d51c90d60c49a33
podrun2,105,,variable_elimination,,,,,,,,,,,5776b29715e9a50cd9f500c1b53e676b5e8d4ed040d40ac02cad5f3eb90e7774,0.029326011,0.034585473152116596,00d1203c1d63a77a1b4e1a9c
podrun2,105,,memo_components,,,,,,,,,,,5776b29715e9a50cd9f500c1b53e676b5e8d4ed040d40ac02cad5f3eb90e7774,0.057809527,0.013139084286402446,00d1203c1d63a77a1b4e1a9c
podrun2,105,,warm_components,,,,,,,,,,,5776b29715e9a50cd9f500c1b53e676b5e8d4ed040d40ac02cad5f3eb90e7774,0.002651071,1.2582151775001602,00d1203c1d63a77a1b4e1a9c
podrun2,105,,variable_elimination,,,,,,,,,,,2f0ee1908f70cfacdcaa935c9cf068812f88091fc3f555e3c77266b9746ed299,0.033584333,0.03906318594990125,5ec0aba8ea39d4c1ea57d7cb
podrun2,105,,memo_components,,,,,,,,,,,2f0ee1908f70cfacdcaa935c9cf068812f88091fc3f555e3c77266b9746ed299,0.125033822,0.010641206772608162,5ec0aba8ea39d4c1ea57d7cb
podrun2,100,,variable_elimination,,,,,,,,,,,6d43be99a4507f763b4aefb62ff79ccc08704b7e8f63d57927b61fdcb73c6079,0.03103906,0.008022651536792099,5c9b1f83b368cea337d313e4
podrun2,100,,memo_components,,,,,,,,,,,6d43be99a4507f763b4aefb62ff79ccc08704b7e8f63d57927b61fdcb73c6079,0.12406361,0.007912115192661098,5c9b1f83b368cea337d313e4
podrun2,105,,variable_elimination,,,,,,,,,,,5776b29715e9a50cd9f500c1b53e676b5e8d4ed040d40ac02cad5f3eb90e7774,0.028898209,0.006567648103547419,92fd9b25973c0a0bee1e2f1a
podrun2,105,,memo_components,,,,,,,,,,,5776b29715e9a50cd9f500c1b53e676b5e8d4ed040d40ac02cad5f3eb90e7774,0.114560084,0.00978353123641748,92fd9b25973c0a0bee1e2f1a
podrun2,105,,warm_components,,,,,,,,,,,5776b29715e9a50cd9f500c1b53e676b5e8d4ed040d40ac02cad5f3eb90e7774,0.003101843,1.3045769201202657,92fd9b25973c0a0bee1e2f1a
podrun2,100,,variable_elimination,,,,,,,,,,,f4f512facb6a5b46acbf03543c91d6653cb961b30ea9f2a1c1af33255bb1aa0b,0.026634131,0.0033959887339996605,514a128a8dfbd14f7a38f7f1
podrun2,100,,memo_components,,,,,,,,,,,f4f512facb6a5b46acbf03543c91d6653cb961b30ea9f2a1c1af33255bb1aa0b,0.057261908,0.00648596055132177,514a128a8dfbd14f7a38f7f1
podrun2,100,,warm_components,,,,,,,,,,,f4f512facb6a5b46acbf03543c91d6653cb961b30ea9f2a1c1af33255bb1aa0b,0.002116541,1.2735291335671428,514a128a8dfbd14f7a38f7f1
podrun2,100,,variable_elimination,,,,,,,,,,,f4f512facb6a5b46acbf03543c91d6653cb961b30ea9f2a1c1af33255bb1aa0b,0.026714679,0.0037419375739842498,02d4d76c38704ecd3b1013b7
podrun2,100,,memo_components,,,,,,,,,,,f4f512facb6a5b46acbf03543c91d6653cb961b30ea9f2a1c1af33255bb1aa0b,0.110564728,0.006117722194648193,02d4d76c38704ecd3b1013b7
podrun2,100,,warm_components,,,,,,,,,,,f4f512facb6a5b46acbf03543c91d6653cb961b30ea9f2a1c1af33255bb1aa0b,0.00324384,1.3021205064342372,02d4d76c38704ecd3b1013b7
podrun2,105,,variable_elimination,,,,,,,,,,,5776b29715e9a50cd9f500c1b53e676b5e8d4ed040d40ac02cad5f3eb90e7774,0.030048828,0.026531839164685673,056e6792d9ac8bea13ff8815
podrun2,105,,memo_components,,,,,,,,,,,5776b29715e9a50cd9f500c1b53e676b5e8d4ed040d40ac02cad5f3eb90e7774,0.115638004,0.0117838558858421,056e6792d9ac8bea13ff8815
podrun2,105,,warm_components,,,,,,,,,,,5776b29715e9a50cd9f500c1b53e676b5e8d4ed040d40ac02cad5f3eb90e7774,0.004949849,1.2451166634516124,056e6792d9ac8bea13ff8815
podrun2,100,,variable_elimination,,,,,,,,,,,f4f512facb6a5b46acbf03543c91d6653cb961b30ea9f2a1c1af33255bb1aa0b,0.027518444,0.005565854613523402,0a0a797dc9c66b2fddcae041
podrun2,100,,memo_components,,,,,,,,,,,f4f512facb6a5b46acbf03543c91d6653cb961b30ea9f2a1c1af33255bb1aa0b,0.113822288,0.004896538225271456,0a0a797dc9c66b2fddcae041
podrun2,100,,warm_components,,,,,,,,,,,f4f512facb6a5b46acbf03543c91d6653cb961b30ea9f2a1c1af33255bb1aa0b,0.00486344,1.2476609510627457,0a0a797dc9c66b2fddcae041
podrun2,105,,variable_elimination,,,,,,,,,,,5776b29715e9a50cd9f500c1b53e676b5e8d4ed040d40ac02cad5f3eb90e7774,0.028391618,0.003393619393927316,80e74d8b8e1539ce012ad77c
podrun2,105,,memo_components,,,,,,,,,,,5776b29715e9a50cd9f500c1b53e676b5e8d4ed040d40ac02cad5f3eb90e7774,0.059967088,0.01579638545574892,80e74d8b8e1539ce012ad77c
podrun2,105,,warm_components,,,,,,,,,,,5776b29715e9a50cd9f500c1b53e676b5e8d4ed040d40ac02cad5f3eb90e7774,0.002159941,1.270728274057863,80e74d8b8e1539ce012ad77c
podrun2,100,,variable_elimination,,,,,,,,,,,f4f512facb6a5b46acbf03543c91d6653cb961b30ea9f2a1c1af33255bb1aa0b,0.032007552,0.09598179268493355,52d8ade7a23a725303663fa9
podrun2,100,,memo_components,,,,,,,,,,,f4f512facb6a5b46acbf03543c91d6653cb961b30ea9f2a1c1af33255bb1aa0b,0.127426707,0.007916233220160926,52d8ade7a23a725303663fa9
podrun2,100,,warm_components,,,,,,,,,,,f4f512facb6a5b46acbf03543c91d6653cb961b30ea9f2a1c1af33255bb1aa0b,0.015049864,1.194249474850428,52d8ade7a23a725303663fa9
podrun2,105,,variable_elimination,,,,,,,,,,,5776b29715e9a50cd9f500c1b53e676b5e8d4ed040d40ac02cad5f3eb90e7774,0.033888907,0.11311273231070508,a233116f463a5a529974026d
podrun2,105,,memo_components,,,,,,,,,,,5776b29715e9a50cd9f500c1b53e676b5e8d4ed040d40ac02cad5f3eb90e7774,0.128319181,0.011669336463018787,a233116f463a5a529974026d
podrun2,105,,warm_components,,,,,,,,,,,5776b29715e9a50cd9f500c1b53e676b5e8d4ed040d40ac02cad5f3eb90e7774,0.015905568,1.165127963268768,a233116f463a5a529974026d
podrun2,100,,variable_elimination,,,,,,,,,,,f4f512facb6a5b46acbf03543c91d6653cb961b30ea9f2a1c1af33255bb1aa0b,0.033534913,0.09705316572123569,c6c88713f03b752fa81b1a28
podrun2,100,,memo_components,,,,,,,,,,,f4f512facb6a5b46acbf03543c91d6653cb961b30ea9f2a1c1af33255bb1aa0b,0.132540873,0.022122636466085834,c6c88713f03b752fa81b1a28
podrun2,100,,warm_components,,,,,,,,,,,f4f512facb6a5b46acbf03543c91d6653cb961b30ea9f2a1c1af33255bb1aa0b,0.015491215,1.2498116073789618,c6c88713f03b752fa81b1a28
podrun2,105,,variable_elimination,,,,,,,,,,,5776b29715e9a50cd9f500c1b53e676b5e8d4ed040d40ac02cad5f3eb90e7774,0.033608442,0.08539398711902588,992085abeeb47c54bfa88750
podrun2,105,,memo_components,,,,,,,,,,,5776b29715e9a50cd9f500c1b53e676b5e8d4ed040d40ac02cad5f3eb90e7774,0.129826313,0.01279754457317728,992085abeeb47c54bfa88750
podrun2,105,,warm_components,,,,,,,,,,,5776b29715e9a50cd9f500c1b53e676b5e8d4ed040d40ac02cad5f3eb90e7774,0.015531575,1.2171144698572238,992085abeeb47c54bfa88750
podrun2,100,,variable_elimination,,,,,,,,,,,f4f512facb6a5b46acbf03543c91d6653cb961b30ea9f2a1c1af33255bb1aa0b,0.031681688,0.09400210067048995,341920091e9af0b59cd0ec7c
podrun2,100,,memo_components,,,,,,,,,,,f4f512facb6a5b46acbf03543c91d6653cb961b30ea9f2a1c1af33255bb1aa0b,0.130617749,0.0065377409578985315,341920091e9af0b59cd0ec7c
podrun2,100,,warm_components,,,,,,,,,,,f4f512facb6a5b46acbf03543c91d6653cb961b30ea9f2a1c1af33255bb1aa0b,0.015426087,1.1917792140675494,341920091e9af0b59cd0ec7c
podrun2,105,,variable_elimination,,,,,,,,,,,5776b29715e9a50cd9f500c1b53e676b5e8d4ed040d40ac02cad5f3eb90e7774,0.034098363,0.09237664649732857,091cfb97771f2d9de5e8159c
podrun2,105,,memo_components,,,,,,,,,,,5776b29715e9a50cd9f500c1b53e676b5e8d4ed040d40ac02cad5f3eb90e7774,0.130016239,0.009052622570057447,091cfb97771f2d9de5e8159c
podrun2,105,,warm_components,,,,,,,,,,,5776b29715e9a50cd9f500c1b53e676b5e8d4ed040d40ac02cad5f3eb90e7774,0.015901307,1.1715287956959242,091cfb97771f2d9de5e8159c
podrun2,100,,variable_elimination,,,,,,,,,,,f4f512facb6a5b46acbf03543c91d6653cb961b30ea9f2a1c1af33255bb1aa0b,0.032014982,0.08669020287646714,4c2ef2f1d52f9233db5d52e6
podrun2,100,,memo_components,,,,,,,,,,,f4f512facb6a5b46acbf03543c91d6653cb961b30ea9f2a1c1af33255bb1aa0b,0.128089015,0.007705013926821373,4c2ef2f1d52f9233db5d52e6
podrun2,100,,warm_components,,,,,,,,,,,f4f512facb6a5b46acbf03543c91d6653cb961b30ea9f2a1c1af33255bb1aa0b,0.015299719,1.2419195626307555,4c2ef2f1d52f9233db5d52e6
podrun2,100,,variable_elimination,,,,,,,,,,,6d43be99a4507f763b4aefb62ff79ccc08704b7e8f63d57927b61fdcb73c6079,0.031371753,0.007873466427594655,9b98de25a0ca1e84694ad7ad
podrun2,100,,memo_components,,,,,,,,,,,6d43be99a4507f763b4aefb62ff79ccc08704b7e8f63d57927b61fdcb73c6079,0.124966523,0.014864238144302303,9b98de25a0ca1e84694ad7ad
podrun2,105,,variable_elimination,,,,,,,,,,,2f0ee1908f70cfacdcaa935c9cf068812f88091fc3f555e3c77266b9746ed299,0.034658743,0.018529022291623766,8bc460d14eb8bacc8d5b79af
podrun2,105,,memo_components,,,,,,,,,,,2f0ee1908f70cfacdcaa935c9cf068812f88091fc3f555e3c77266b9746ed299,0.127665923,0.003714356782821406,8bc460d14eb8bacc8d5b79af
podrun2,100,,variable_elimination,,,,,,,,,,,f4f512facb6a5b46acbf03543c91d6653cb961b30ea9f2a1c1af33255bb1aa0b,0.026408314,0.02132507330117428,645e83fbd30aeb61a2d20084
podrun2,100,,memo_components,,,,,,,,,,,f4f512facb6a5b46acbf03543c91d6653cb961b30ea9f2a1c1af33255bb1aa0b,0.056601589,0.0008775687901772308,645e83fbd30aeb61a2d20084
podrun2,100,,warm_components,,,,,,,,,,,f4f512facb6a5b46acbf03543c91d6653cb961b30ea9f2a1c1af33255bb1aa0b,0.002111411,1.2694756399777722,645e83fbd30aeb61a2d20084
podrun2,100,,variable_elimination,,,,,,,,,,,f4f512facb6a5b46acbf03543c91d6653cb961b30ea9f2a1c1af33255bb1aa0b,0.026880415,0.004872271297383607,9a213d3fc8ade5377bcf81fa
podrun2,100,,memo_components,,,,,,,,,,,f4f512facb6a5b46acbf03543c91d6653cb961b30ea9f2a1c1af33255bb1aa0b,0.113744559,0.012467087871954786,9a213d3fc8ade5377bcf81fa
podrun2,100,,warm_components,,,,,,,,,,,f4f512facb6a5b46acbf03543c91d6653cb961b30ea9f2a1c1af33255bb1aa0b,0.00324827,1.3028605571983864,9a213d3fc8ade5377bcf81fa
podrun2,100,,variable_elimination,,,,,,,,,,,d29058d8b9af220046711d898d37629965426acfd5b604f663f36e7a24e4ff47,0.031732277,0.013742478743482337,245f4a595b09f8a79ca93324
podrun2,100,,conditional_components,,,,,,,,,,,d29058d8b9af220046711d898d37629965426acfd5b604f663f36e7a24e4ff47,0.636761755,0.0071920900567643605,245f4a595b09f8a79ca93324
podrun2,105,,variable_elimination,,,,,,,,,,,27e9f049bc4fe9f2206af3a79e75600df39e5994b4915a5666ac74d1f58675e6,0.033542893,0.02397127664383279,b313fb14f36f688d71aa23b8
podrun2,105,,conditional_components,,,,,,,,,,,27e9f049bc4fe9f2206af3a79e75600df39e5994b4915a5666ac74d1f58675e6,0.660426281,0.005951564783543854,b313fb14f36f688d71aa23b8
podrun2,56,,variable_elimination,,,,,,,,,,,6fc10065c9b57c2f5be05aec0ba4638fc0db4ee81f662aa98b05fe0539df56e8,0.019754137,0.6410196606216904,16741abeb30829864fc25567
podrun2,56,,conditional_components,,,,,,,,,,,6fc10065c9b57c2f5be05aec0ba4638fc0db4ee81f662aa98b05fe0539df56e8,30.026640501,0.023360817309945384,16741abeb30829864fc25567
podrun2,49,,variable_elimination,,,,,,,,,,,f48f595ee6300e1a762892c3901a5cdbdd34dc3f4a1918d3fcd6256a9cdbb470,0.008976555,0.007860507707192743,c4260d5e7461db320281e50d
podrun2,49,,conditional_components,,,,,,,,,,,f48f595ee6300e1a762892c3901a5cdbdd34dc3f4a1918d3fcd6256a9cdbb470,1.431155665,0.002087991956129221,c4260d5e7461db320281e50d
podrun2,50,,variable_elimination,,,,,,,,,,,74f368fe65ec3d8387e8cd243404539c3c287f763bfbfd46c435d530a47b9fab,0.00981877,0.016513452314716594,bfff235a7ce9042e5c11875f
podrun2,50,,conditional_components,,,,,,,,,,,74f368fe65ec3d8387e8cd243404539c3c287f763bfbfd46c435d530a47b9fab,6.119903741,0.007789902062145877,bfff235a7ce9042e5c11875f
podrun2,51,,variable_elimination,,,,,,,,,,,cfdd759755b2d60351e63ebdc6875c791497bfc0e1686dbe55ffe1f48651658d,0.009988917,0.023740736412511596,41db9b35c04121d15dbbc150
podrun2,51,,conditional_components,,,,,,,,,,,cfdd759755b2d60351e63ebdc6875c791497bfc0e1686dbe55ffe1f48651658d,2.975430539,0.00046713264295281744,41db9b35c04121d15dbbc150
podrun2,52,,variable_elimination,,,,,,,,,,,d10d4421867be101a537f7cf9db57b5abd274305a5390973cd768b29d59a05b9,0.010078675,0.007698912301353952,c9b5f2a2d351e3a87a5aeb5d
podrun2,52,,conditional_components,,,,,,,,,,,d10d4421867be101a537f7cf9db57b5abd274305a5390973cd768b29d59a05b9,3.004081333,0.0035511888343357847,c9b5f2a2d351e3a87a5aeb5d
podrun2,54,,variable_elimination,,,,,,,,,,,64302b2b4851bc4ad2c318c30f809495867eb812d8e6f8ed38ae1a61c00047d5,0.01465031,0.03710216739146195,5205abc847b18d8914c35667
podrun2,54,,conditional_components,,,,,,,,,,,64302b2b4851bc4ad2c318c30f809495867eb812d8e6f8ed38ae1a61c00047d5,5.208281437,0.0035839607294751736,5205abc847b18d8914c35667
podrun3,44,,variable_elimination,,,,,,,,,,,8c29aa758f866c5074d07b40b4db2a760c5de3c2281a9371659f707fe34da3b4,0.004745333,0.027481354792822103,f02c0300bb1dee84354715cf
podrun3,44,,conditional_components,,,,,,,,,,,8c29aa758f866c5074d07b40b4db2a760c5de3c2281a9371659f707fe34da3b4,39.014951648,0.012479178827064527,f02c0300bb1dee84354715cf
podrun3,44,,variable_elimination,,,,,,,,,,,27e76719ea5ec2bcc2096e5cffae79d2ad86e001fb12514eccdd86578e94b703,0.004953789,0.031732421411136524,99b08ec16d1c673c6dc9a4d7
podrun3,44,,conditional_components,,,,,,,,,,,27e76719ea5ec2bcc2096e5cffae79d2ad86e001fb12514eccdd86578e94b703,2.854697577,0.0012766529512410977,99b08ec16d1c673c6dc9a4d7
podrun3,44,,variable_elimination,,,,,,,,,,,ffb9d9fbd16d92158a304a89ca10001721cc556cda01b15ba141c8b66f33da52,0.005669816,0.01605411650317408,bee22c5cb8f0cce29acf5805
podrun3,44,,conditional_components,,,,,,,,,,,ffb9d9fbd16d92158a304a89ca10001721cc556cda01b15ba141c8b66f33da52,38.541748292,0.009706141713082178,bee22c5cb8f0cce29acf5805
podrun3,45,,variable_elimination,,,,,,,,,,,ea14a43d6ee95938191d09e4768e738d91b3721339e28c01dc309d22ee0dc2be,0.005012908,0.014654820055754575,87b95bebb3857511c4ee6cdf
podrun3,45,,conditional_components,,,,,,,,,,,ea14a43d6ee95938191d09e4768e738d91b3721339e28c01dc309d22ee0dc2be,4.692098376,0.0011275828258764799,87b95bebb3857511c4ee6cdf
podrun3,46,,variable_elimination,,,,,,,,,,,e553cda8fc5e4e98fef9a3940a36be26bf809581ff3b19da8573c413e7a5bc07,0.005260374,0.06462494129333178,b8894aa6e07e4483507756df
podrun3,46,,conditional_components,,,,,,,,,,,e553cda8fc5e4e98fef9a3940a36be26bf809581ff3b19da8573c413e7a5bc07,7.23203749,0.009154344361062668,b8894aa6e07e4483507756df
podrun3,41,,variable_elimination,,,,,,,,,,,9676010cf7edd05bf1f288851070a48f1497c60359ecd6077a79fa881c365edf,0.005132316,0.5847551562363432,18f01183cf76b0e218f419f1
podrun3,41,,conditional_components,,,,,,,,,,,9676010cf7edd05bf1f288851070a48f1497c60359ecd6077a79fa881c365edf,19.053775746,0.006051185510094132,18f01183cf76b0e218f419f1
podrun3,37,,variable_elimination,,,,,,,,,,,22042657bf6c8ffd64239198413ec05eb8c4f23732a6fe94240e0ae4ce6d1f04,0.003495616,0.5845899883057358,637e13b068a88d3d1b8af303
podrun3,37,,conditional_components,,,,,,,,,,,22042657bf6c8ffd64239198413ec05eb8c4f23732a6fe94240e0ae4ce6d1f04,19.131778724,0.0036152577896863872,637e13b068a88d3d1b8af303
podrun3,40,,variable_elimination,,,,,,,,,,,5bfbf9b69caa24ec2989b0b7adb3fda84348abfb962ea888a91951c074ccc06b,0.003792931,0.9566008290924065,3252ec8d0d9fb2e21749e880
podrun3,40,,conditional_components,,,,,,,,,,,5bfbf9b69caa24ec2989b0b7adb3fda84348abfb962ea888a91951c074ccc06b,9.804995928,0.003765703673582099,3252ec8d0d9fb2e21749e880
podrun3,40,,variable_elimination,,,,,,,,,,,5f88e22b09377f5932d3befb66c4d6186b5f50e3c42c7b231e5d713188ed425a,0.004536557,0.6979916994427721,5af08f9730ca6cb0997b326f
podrun3,40,,conditional_components,,,,,,,,,,,5f88e22b09377f5932d3befb66c4d6186b5f50e3c42c7b231e5d713188ed425a,39.252329682,0.0022550196867121377,5af08f9730ca6cb0997b326f
