pre_N,pre_source_family,pre_graph_hash,pre_source_hash,pre_edges,pre_degree_min,pre_degree_max,pre_degree_mean,pre_degree_std,pre_components,pre_component_sizes,pre_max_component,pre_local_assignments,pre_minfill_width,pre_minfill_work,pre_minfill_order,pre_energy_bound,pre_root_bound,pre_crt_primes,pre_arithmetic_burden,pre_coefficient_bound,pre_coupling_multiplicities,pre_symmetry,pre_degree_signature,N,provenance,post_seconds,post_method,post_hardware,post_retained_width,post_branches,post_work,post_roots,post_primes,post_ground,post_degeneracy,post_bins,post_output_hash,post_stages,post_plan_selection
1,N96_INDUCED_TRANSITION_LADDER_V1,0331dad0a9029b132d63bb9b1ddede5947c48855519a04db93b24baeb1dc6278,a491b793e84c1e1b274a7012e3d86241c5344fabe6412f3ea99ebfd03ac603cf,0,0,0,0,0.0,1,[1],1,2,0,1,[0],1,2,1,2,2,{},not assumed,[0],1,INHERITED; graph features NEWLY_DERIVED retrospectively,0.000964084,fresh_min_fill,14_MIG_GPU_retained_readout,0,1,0,2,1,-1,1,2,93e7f7c54156e268beb99edfc2853a3cc8c829a7cb70334c497ae77a1e184e49,{},historical selected plan; descriptive only
2,N96_INDUCED_TRANSITION_LADDER_V1,97cae03cf91610ceacc7f88e7f97637763d4a96f50c9da364fc8d3ee33768940,99c151a7f54c9f60633fb0580f3836cc4fccdbca6f9762c6376ef037b21b6eeb,1,1,1,1,0.0,1,[2],2,4,1,3,"[0, 1]",6,8,1,24,4,"{""3"": 1}",not assumed,"[1, 1]",2,INHERITED; graph features NEWLY_DERIVED retrospectively,0.001725339,fresh_min_fill,14_MIG_GPU_retained_readout,0,1,0,4,1,-4,1,4,2c1a8ae937f28bd943208b98f43ccf94722a772909d8999728fbbf5a4f09b01a,{},historical selected plan; descriptive only
3,N96_INDUCED_TRANSITION_LADDER_V1,f265fe2e57b727c320898db59998da41ac85e6d5e31c74c62f500f035949bed0,2bfd67b1ad8c9744f8345f8a84d2cd13d21a3e0442576b86e3c57419801cd052,1,0,1,0.6666666666666666,0.4714045207910317,2,"[1, 2]",2,6,1,4,"[2, 0, 1]",7,8,1,32,8,"{""3"": 1}",not assumed,"[0, 1, 1]",3,INHERITED; graph features NEWLY_DERIVED retrospectively,0.005727895,fresh_min_fill,14_MIG_GPU_retained_readout,0,1,0,8,1,-5,1,6,fe4a072c661ef20c8e204330b481a4890541ff69ac7787ccf66a70b6ef9ac2c5,{},historical selected plan; descriptive only
4,N96_INDUCED_TRANSITION_LADDER_V1,a8c44314d5a0f4a572f35090390d1cfd45e9a78e0825ca982b933dab376e2ca2,5e20e2d2ff7a6f1a772bf7de96200cd3bcfb51157387d3446a196ba0e2ec64d3,2,1,1,1,0.0,2,"[2, 2]",2,8,1,6,"[0, 1, 2, 3]",8,16,1,96,16,"{""1"": 1, ""3"": 1}",not assumed,"[1, 1, 1, 1]",4,INHERITED; graph features NEWLY_DERIVED retrospectively,0.011163541,fresh_min_fill,14_MIG_GPU_retained_readout,0,1,0,8,1,-6,1,8,76b45425ff55c0ae7f74ef6e0592b642f2c1952ceaa68f0e0ef47f74cf8265f4,{},historical selected plan; descriptive only
5,N96_INDUCED_TRANSITION_LADDER_V1,b12aeb04b3a418b08334fa42db6ae4a6df73710d77eb6291438c8e6a4b679f04,258c2a4ff949114577ec2e8e11949dbaeec7ef3432cd2f634fefcde861ae0117,2,0,1,0.8,0.4,3,"[1, 2, 2]",2,10,1,7,"[4, 0, 1, 2, 3]",10,16,1,112,32,"{""1"": 1, ""3"": 1}",not assumed,"[0, 1, 1, 1, 1]",5,INHERITED; graph features NEWLY_DERIVED retrospectively,0.011275421,fresh_min_fill,14_MIG_GPU_retained_readout,0,1,1,8,1,-8,1,10,ef6083516f58e7ba8d965702c673e00c94d7c05f226bcecb15340e74cc142f56,{},historical selected plan; descriptive only
6,N96_INDUCED_TRANSITION_LADDER_V1,a9f16488caafaee8ea2a35c2d5be548374d8c039abd6b17bc44b6b67f0983827,473d02574cc7a661b725c821ba67e57e00b12ef300aeb1d47602959376a040a6,3,1,1,1,0.0,3,"[2, 2, 2]",2,12,1,9,"[0, 1, 2, 3, 4, 5]",12,16,1,144,64,"{""-1"": 1, ""1"": 1, ""3"": 1}",not assumed,"[1, 1, 1, 1, 1, 1]",6,INHERITED; graph features NEWLY_DERIVED retrospectively,0.021103411,fresh_min_fill,14_MIG_GPU_retained_readout,1,1,3,16,1,-10,1,11,f1513180f38df7750726b948144307ff8bfd749d3c6935456a0df2bf82bfe819,{},historical selected plan; descriptive only
7,N96_INDUCED_TRANSITION_LADDER_V1,a6fceaeda19c55db63f19297a75c6ed62f1760e1af2b9dc498b7dc2277eb8ac6,4034394a52387d4c50dc492d42caace86d7da5f5de824fe39a27a1e9eae7882c,4,1,2,1.1428571428571428,0.3499271061118826,3,"[2, 2, 3]",3,16,1,11,"[0, 1, 2, 3, 4, 5, 6]",15,16,1,176,128,"{""-1"": 1, ""-3"": 1, ""1"": 1, ""3"": 1}",not assumed,"[1, 1, 1, 1, 1, 1, 2]",7,INHERITED; graph features NEWLY_DERIVED retrospectively,0.02103705,fresh_min_fill,14_MIG_GPU_retained_readout,1,1,5,16,1,-13,1,14,42a69d073e07bd133a65cf3867a156eee550dd19c969155295b1e0c3bd659def,{},historical selected plan; descriptive only
8,N96_INDUCED_TRANSITION_LADDER_V1,e6a6ae8a40cb24c67b825840d08857af1c8be84eaa850338c74a61cdb8d4939b,567e11eb337603247dc37b986e36bc1520dd5166e21f234c7e57bdfa812c67e9,6,1,2,1.5,0.5,3,"[2, 2, 4]",4,24,2,17,"[0, 1, 2, 3, 4, 5, 6, 7]",20,32,1,544,256,"{""-1"": 2, ""-2"": 1, ""-3"": 1, ""1"": 1, ""3"": 1}",not assumed,"[1, 1, 1, 1, 2, 2, 2, 2]",8,INHERITED; graph features NEWLY_DERIVED retrospectively,0.041411615,fresh_min_fill,14_MIG_GPU_retained_readout,2,1,11,32,1,-18,1,18,173e50be6a33b3bbae5b075ff340215f71c62f0c8551c3221b19e8324ca68ce8,{},historical selected plan; descriptive only
9,N96_INDUCED_TRANSITION_LADDER_V1,6eb6b41dbc2d0443ca06b7a248bb1a24e071813b28459e4c2d24e225c1196f43,0de9fb2f1238632cf721304595a3822207684f650a0992dcf900ad92b8618fe3,8,1,3,1.7777777777777777,0.7856742013183862,3,"[2, 2, 5]",5,40,2,21,"[0, 1, 2, 3, 4, 6, 5, 7, 8]",24,32,1,672,512,"{""-1"": 2, ""-2"": 3, ""-3"": 1, ""1"": 1, ""3"": 1}",not assumed,"[1, 1, 1, 1, 2, 2, 2, 3, 3]",9,INHERITED; graph features NEWLY_DERIVED retrospectively,0.04062197,fresh_min_fill,14_MIG_GPU_retained_readout,2,1,15,32,1,-22,1,22,204c132286dfc5913c3785bf5e7eeaa6515b54deb52202bbc1bd4ca080cfb2f2,{},historical selected plan; descriptive only
10,N96_INDUCED_TRANSITION_LADDER_V1,da6e8366d87aa4e6c1ffd4ae23c08f29d7821b1031156fde6999ebb52829b772,10a7c79308377a16a943effe68b59a085f69c569b04047ea28a88cb8962b1725,11,1,3,2.2,0.9797958971132712,3,"[2, 2, 6]",6,72,3,37,"[0, 1, 2, 3, 4, 6, 5, 7, 8, 9]",30,32,1,1184,1024,"{""-1"": 2, ""-2"": 3, ""-3"": 1, ""1"": 3, ""3"": 2}",not assumed,"[1, 1, 1, 1, 3, 3, 3, 3, 3, 3]",10,INHERITED; graph features NEWLY_DERIVED retrospectively,0.042138651,fresh_min_fill,14_MIG_GPU_retained_readout,3,1,31,32,1,-28,1,28,34af9476349add85f62dd73ae6ee2a624073826ce4ccaa9a0ad0955d19254117,{},historical selected plan; descriptive only
11,N96_INDUCED_TRANSITION_LADDER_V1,07ebd5d72dd504f6b849651c8ebe3b43cf2afb0081e571ecc6b9b1dacae7d81c,2cd005310f5e125be4f3793e7039865435b7cca3f722ecc8b24a5d4ea6683d13,12,1,4,2.1818181818181817,1.1134044285378082,3,"[2, 2, 7]",7,136,3,39,"[0, 1, 2, 3, 10, 4, 6, 5, 7, 8, 9]",33,64,1,2496,2048,"{""-1"": 2, ""-2"": 3, ""-3"": 2, ""1"": 3, ""3"": 2}",not assumed,"[1, 1, 1, 1, 1, 3, 3, 3, 3, 3, 4]",11,INHERITED; graph features NEWLY_DERIVED retrospectively,0.041135097,fresh_min_fill,14_MIG_GPU_retained_readout,3,1,33,32,1,-31,1,31,9d239b0904bdb1964d86be9344c0e29a5f743a704b3e183671933dcce5a70765,{},historical selected plan; descriptive only
12,N96_INDUCED_TRANSITION_LADDER_V1,b0c6aee437ee5e552348898d0e758b3a075e0e218d3c7b942e0a49f27c0a7749,d43f02bf50cba6c1f979836775c85f22cf565bc1897f098c6c402ce05669c017,13,1,4,2.1666666666666665,1.0671873729054748,3,"[2, 2, 8]",8,264,3,41,"[0, 1, 2, 3, 11, 10, 4, 6, 5, 7, 8, 9]",36,64,1,2624,4096,"{""-1"": 3, ""-2"": 3, ""-3"": 2, ""1"": 3, ""3"": 2}",not assumed,"[1, 1, 1, 1, 1, 2, 3, 3, 3, 3, 3, 4]",12,INHERITED; graph features NEWLY_DERIVED retrospectively,0.081917216,fresh_min_fill,14_MIG_GPU_retained_readout,3,1,35,64,1,-32,1,33,4773766820d3ba9b72a60643c0dc07c5d904d20e93f15429c74a2fef259f2af9,{},historical selected plan; descriptive only
13,N96_INDUCED_TRANSITION_LADDER_V1,b73c91be46fedf4cc98b43da65e7d426cb8cdd204ac0bf154fd3bf0d22936b72,509a79b91dffd206dd81d6c5c95283bdc567735dd9e701df5e5049b25debadec,13,0,4,2,1.1766968108291043,4,"[1, 2, 2, 8]",8,266,3,42,"[12, 0, 1, 2, 3, 11, 10, 4, 6, 5, 7, 8, 9]",36,64,1,2688,8192,"{""-1"": 3, ""-2"": 3, ""-3"": 2, ""1"": 3, ""3"": 2}",not assumed,"[0, 1, 1, 1, 1, 1, 2, 3, 3, 3, 3, 3, 4]",13,INHERITED; graph features NEWLY_DERIVED retrospectively,0.081135041,fresh_min_fill,14_MIG_GPU_retained_readout,3,1,36,64,1,-32,2,33,5e6a8d439104c8c7d18d0b67ec2aa5de7d9ab7a07d369f9c9d80bf337f51753c,{},historical selected plan; descriptive only
14,N96_INDUCED_TRANSITION_LADDER_V1,9d0c75a8ee839c9643e39dbce8e3529c1d8afaf7ad6c461c2e35a98c9a63ac98,855ba61d8a1e476ab9f4a366f2b3cf320b37fb40b4200110740f2c9b86f8e195,14,0,4,2,1.1338934190276817,4,"[1, 2, 3, 8]",8,270,3,44,"[12, 0, 1, 2, 3, 13, 11, 10, 4, 6, 5, 7, 8, 9]",39,64,1,2816,16384,"{""-1"": 3, ""-2"": 4, ""-3"": 2, ""1"": 3, ""3"": 2}",not assumed,"[0, 1, 1, 1, 1, 1, 2, 2, 3, 3, 3, 3, 3, 4]",14,INHERITED; graph features NEWLY_DERIVED retrospectively,0.080012038,fresh_min_fill,14_MIG_GPU_retained_readout,3,1,38,64,1,-33,6,34,24a20451ee29c301e0c1c1df731e3f2adc4c784952900e530c1a3a7e50e1606c,{},historical selected plan; descriptive only
15,N96_INDUCED_TRANSITION_LADDER_V1,856cc7c2df6baa0e9970f26289434951114eac1900efbaf1b562fe23636b448f,2b8e55b1d695f87b2d8949f5627f50f0b303a3ed7b0a249f18d829714c01617e,14,0,4,1.8666666666666667,1.2036980056845192,5,"[1, 1, 2, 3, 8]",8,272,3,45,"[12, 14, 0, 1, 2, 3, 13, 11, 10, 4, 6, 5, 7, 8, 9]",40,64,1,2880,32768,"{""-1"": 3, ""-2"": 4, ""-3"": 2, ""1"": 3, ""3"": 2}",not assumed,"[0, 0, 1, 1, 1, 1, 1, 2, 2, 3, 3, 3, 3, 3, 4]",15,INHERITED; graph features NEWLY_DERIVED retrospectively,0.081020752,fresh_min_fill,14_MIG_GPU_retained_readout,3,1,39,64,1,-34,6,35,a88e3120bfba458e49c37ef4769efbd69eafe750dd4470d04c55495fafd0dbf9,{},historical selected plan; descriptive only
16,N96_INDUCED_TRANSITION_LADDER_V1,cb7545d1662e7dd1c239a1e3cfb2e614f0cede3fe6b2a5d5fba624d8760aea01,25661c6ee48d9ffc98b3f70adcda03eb3e60f39e301c927fd9a7188bac7634b2,15,0,4,1.875,1.165922381636102,5,"[1, 1, 2, 4, 8]",8,280,3,47,"[12, 14, 0, 1, 11, 10, 13, 3, 2, 15, 4, 6, 5, 7, 8, 9]",41,64,1,3008,65536,"{""-1"": 4, ""-2"": 4, ""-3"": 2, ""1"": 3, ""3"": 2}",not assumed,"[0, 0, 1, 1, 1, 1, 1, 2, 2, 2, 3, 3, 3, 3, 3, 4]",16,INHERITED; graph features NEWLY_DERIVED retrospectively,0.081931955,fresh_min_fill,14_MIG_GPU_retained_readout,3,1,41,64,1,-35,6,36,98afe96a624489375ae84193ca0ecdcb53bd3bc00e892d1a77d2790e582f1865,{},historical selected plan; descriptive only
17,N96_INDUCED_TRANSITION_LADDER_V1,672cbb5cefa5cc637e7a12461611aa0735f40b55896c5c8830023c28a7bb8dbb,49df486bd5f14593f7d0c68ccafd2b2662ac87abfe8b9c129ce8b8c1124c0faa,15,0,4,1.7647058823529411,1.2141039670911937,6,"[1, 1, 1, 2, 4, 8]",8,282,3,48,"[12, 14, 16, 0, 1, 11, 10, 13, 3, 2, 15, 4, 6, 5, 7, 8, 9]",42,64,1,3072,131072,"{""-1"": 4, ""-2"": 4, ""-3"": 2, ""1"": 3, ""3"": 2}",not assumed,"[0, 0, 0, 1, 1, 1, 1, 1, 2, 2, 2, 3, 3, 3, 3, 3, 4]",17,INHERITED; graph features NEWLY_DERIVED retrospectively,0.101043598,fresh_min_fill,14_MIG_GPU_retained_readout,3,1,42,64,1,-36,6,37,291043bc26f1b51e527e1c61fe221aa0ebdca389941303fd7b35602c9aa86279,{},historical selected plan; descriptive only
18,N96_INDUCED_TRANSITION_LADDER_V1,a40a19d8c31cbd342f0c81f4af3cbef5820d0e35b571e96899b683753f34469c,1232a84a0582bb726c124d0930d0231adee6735906b94ed02e7da25fdc6d8fef,16,0,4,1.7777777777777777,1.1331154474650633,6,"[1, 1, 2, 2, 4, 8]",8,284,3,50,"[12, 16, 0, 1, 11, 10, 13, 3, 2, 15, 14, 17, 4, 6, 5, 7, 8, 9]",46,64,1,3200,262144,"{""-1"": 4, ""-2"": 4, ""-3"": 2, ""1"": 3, ""3"": 3}",not assumed,"[0, 0, 1, 1, 1, 1, 1, 1, 1, 2, 2, 2, 3, 3, 3, 3, 3, 4]",18,INHERITED; graph features NEWLY_DERIVED retrospectively,0.080691493,fresh_min_fill,14_MIG_GPU_retained_readout,3,1,44,64,1,-38,12,40,493f9257a01fca2da9ffd281dccb6c6be49dac1b216401bb9637c9358b232f2b,{},historical selected plan; descriptive only
19,N96_INDUCED_TRANSITION_LADDER_V1,bc55c7af7c3b307d92b31cb4aa648c16d6e64a87ef40e8dd3b9a43349ab215c8,326689f0a8d846691dec4fc4750ee2bc9275755d76ea466e214eeb6c6788d677,16,0,4,1.6842105263157894,1.1721609184905308,7,"[1, 1, 1, 2, 2, 4, 8]",8,286,3,51,"[12, 16, 18, 0, 1, 11, 10, 13, 3, 2, 15, 14, 17, 4, 6, 5, 7, 8, 9]",48,64,1,3264,524288,"{""-1"": 4, ""-2"": 4, ""-3"": 2, ""1"": 3, ""3"": 3}",not assumed,"[0, 0, 0, 1, 1, 1, 1, 1, 1, 1, 2, 2, 2, 3, 3, 3, 3, 3, 4]",19,INHERITED; graph features NEWLY_DERIVED retrospectively,0.080789092,fresh_min_fill,14_MIG_GPU_retained_readout,3,1,45,64,1,-40,12,42,05acbba3be54f0c238a3cb28e8987fcc12533aff64d9a99ad4e090186e0715f6,{},historical selected plan; descriptive only
20,N96_INDUCED_TRANSITION_LADDER_V1,53886713c0ee96b145757b0bcce1cbae991d518199b316f5548a794e3c2acecf,9cb37e3de3b3abb56f127007b4d48f147f82cd8c1708a7eb831754b10a01e84c,17,0,4,1.7,1.2288205727444508,7,"[1, 1, 1, 2, 2, 4, 9]",9,542,3,53,"[12, 16, 18, 0, 1, 11, 10, 13, 3, 2, 15, 14, 17, 19, 4, 6, 5, 7, 8, 9]",51,64,1,3392,1048576,"{""-1"": 5, ""-2"": 4, ""-3"": 2, ""1"": 3, ""3"": 3}",not assumed,"[0, 0, 0, 1, 1, 1, 1, 1, 1, 1, 1, 2, 2, 2, 3, 3, 3, 3, 4, 4]",20,INHERITED; graph features NEWLY_DERIVED retrospectively,0.08277423,fresh_min_fill,14_MIG_GPU_retained_readout,3,1,47,64,1,-43,12,44,e03e0b5e1f493d12bafaf890f4eabb36e138799a43bce333b4a333a72ed787be,{},historical selected plan; descriptive only
21,N96_INDUCED_TRANSITION_LADDER_V1,e795d5b9cd4bbb10b827c580ebdc31a970e485377a64d864fa72e23b6e01bdcd,50f6cb3f01e659454ac535833fe01689b82a8280bb7fae86e8ce661b1965ac91,18,0,4,1.7142857142857142,1.2399253872658607,7,"[1, 1, 1, 2, 2, 5, 9]",9,558,3,55,"[12, 16, 18, 0, 1, 11, 10, 13, 3, 14, 17, 15, 2, 20, 19, 4, 6, 5, 7, 8, 9]",55,64,1,3520,2097152,"{""-1"": 5, ""-2"": 4, ""-3"": 2, ""1"": 3, ""3"": 4}",not assumed,"[0, 0, 0, 1, 1, 1, 1, 1, 1, 1, 1, 1, 2, 2, 3, 3, 3, 3, 3, 4, 4]",21,INHERITED; graph features NEWLY_DERIVED retrospectively,0.082524972,fresh_min_fill,14_MIG_GPU_retained_readout,3,1,49,64,1,-47,4,48,00e55ade005133def9b8c2dc9c9b60a1e4b09411f9dd1f109a697371866fe0dd,{},historical selected plan; descriptive only
22,N96_INDUCED_TRANSITION_LADDER_V1,c790e3bd4bcb6180e0d01fcd403d17e9822ca468bc0f714cf54b9f3bd15151b9,e2e0b0207a0711b21f93a408e06df2b15201f0f66d8e720aabeeba38272c455e,19,0,4,1.7272727272727273,1.2128785512842122,7,"[1, 1, 1, 2, 2, 5, 10]",10,1070,3,57,"[12, 16, 18, 0, 1, 11, 10, 13, 3, 14, 17, 15, 2, 20, 21, 19, 4, 6, 5, 7, 8, 9]",57,64,1,3648,4194304,"{""-1"": 5, ""-2"": 5, ""-3"": 2, ""1"": 3, ""3"": 4}",not assumed,"[0, 0, 0, 1, 1, 1, 1, 1, 1, 1, 1, 1, 2, 2, 2, 3, 3, 3, 3, 3, 4, 4]",22,INHERITED; graph features NEWLY_DERIVED retrospectively,0.08277646,fresh_min_fill,14_MIG_GPU_retained_readout,3,1,51,64,1,-49,4,50,5cacbb13056c9e7255c13d23d713fc67a36c0afaef7880e6e7d87ab381f0ec65,{},historical selected plan; descriptive only
23,N96_INDUCED_TRANSITION_LADDER_V1,995c3310d69091096396163513e41195162528bef7d4eb5826f2c7d6342d145e,0b5b315d2e763c00390a5bf64eb4856563cf3f7b01ecdcaa4b81841d42cc4d72,19,0,4,1.6521739130434783,1.237412997457192,8,"[1, 1, 1, 1, 2, 2, 5, 10]",10,1072,3,58,"[12, 16, 18, 22, 0, 1, 11, 10, 13, 3, 14, 17, 15, 2, 20, 21, 19, 4, 6, 5, 7, 8, 9]",59,64,1,3712,8388608,"{""-1"": 5, ""-2"": 5, ""-3"": 2, ""1"": 3, ""3"": 4}",not assumed,"[0, 0, 0, 0, 1, 1, 1, 1, 1, 1, 1, 1, 1, 2, 2, 2, 3, 3, 3, 3, 3, 4, 4]",23,INHERITED; graph features NEWLY_DERIVED retrospectively,0.082559831,fresh_min_fill,14_MIG_GPU_retained_readout,3,1,52,64,1,-51,4,52,1aa3ceb17e4387e4fde94ef029351541f51dea6061c571e112d763e1b32fcc98,{},historical selected plan; descriptive only
24,N96_INDUCED_TRANSITION_LADDER_V1,0d755115e88cb2d11c89c56622c66ea8d189ef5ff7dc6e5913bdc590a1e3e374,23e5189c367e97c6f5689f15ec54e6d0aa61cd43346758be28ea6c77327c3ed6,19,0,4,1.5833333333333333,1.2555432644432802,9,"[1, 1, 1, 1, 1, 2, 2, 5, 10]",10,1074,3,59,"[12, 16, 18, 22, 23, 0, 1, 11, 10, 13, 3, 14, 17, 15, 2, 20, 21, 19, 4, 6, 5, 7, 8, 9]",61,64,1,3776,16777216,"{""-1"": 5, ""-2"": 5, ""-3"": 2, ""1"": 3, ""3"": 4}",not assumed,"[0, 0, 0, 0, 0, 1, 1, 1, 1, 1, 1, 1, 1, 1, 2, 2, 2, 3, 3, 3, 3, 3, 4, 4]",24,INHERITED; graph features NEWLY_DERIVED retrospectively,0.083306847,fresh_min_fill,14_MIG_GPU_retained_readout,3,1,53,64,1,-53,4,54,249a4d5512368417c7f7ab7d30658aef511f57b5dff2402e6270956b6fa49d23,{},historical selected plan; descriptive only
25,N96_INDUCED_TRANSITION_LADDER_V1,5e8cf625de83b3ec1a82dee421bb12f368545a57e1b29972707b99417d499fe1,73c9dcb5319a4ef289b3c6705a2570b06ea5bf03af865fa465fca046687fe447,22,0,4,1.76,1.1757550765359255,7,"[1, 1, 1, 2, 5, 5, 10]",10,1098,3,63,"[12, 16, 18, 0, 1, 11, 10, 13, 3, 15, 2, 20, 17, 14, 21, 19, 22, 23, 24, 4, 6, 5, 7, 8, 9]",68,128,1,8064,33554432,"{""-1"": 6, ""-2"": 6, ""-3"": 2, ""1"": 3, ""3"": 5}",not assumed,"[0, 0, 0, 1, 1, 1, 1, 1, 1, 1, 1, 1, 1, 2, 2, 2, 2, 3, 3, 3, 3, 3, 3, 4, 4]",25,INHERITED; graph features NEWLY_DERIVED retrospectively,0.160507742,fresh_min_fill,14_MIG_GPU_retained_readout,3,1,57,128,1,-58,2,58,e08c690751031ed0ac7c9de6619ba834e063e43244bded982b4427730c754af5,{},historical selected plan; descriptive only
26,N96_INDUCED_TRANSITION_LADDER_V1,7c3d9bdf2634ace7927653c2fa84e52a80b73bb4abebbcc773983992f38e2788,9cfc8d76c5ed049a3560d62c05e15577c481572e2255ecc5616dd5650242317d,22,0,4,1.6923076923076923,1.2015768732164083,8,"[1, 1, 1, 1, 2, 5, 5, 10]",10,1100,3,64,"[12, 16, 18, 25, 0, 1, 11, 10, 13, 3, 15, 2, 20, 17, 14, 21, 19, 22, 23, 24, 4, 6, 5, 7, 8, 9]",70,128,1,8192,67108864,"{""-1"": 6, ""-2"": 6, ""-3"": 2, ""1"": 3, ""3"": 5}",not assumed,"[0, 0, 0, 0, 1, 1, 1, 1, 1, 1, 1, 1, 1, 1, 2, 2, 2, 2, 3, 3, 3, 3, 3, 3, 4, 4]",26,INHERITED; graph features NEWLY_DERIVED retrospectively,0.161445176,fresh_min_fill,14_MIG_GPU_retained_readout,3,1,58,128,1,-60,2,60,0b3223ab2977ea640fe601f88b1bd839787d1284a112e8502d688df80b8be628,{},historical selected plan; descriptive only
27,N96_INDUCED_TRANSITION_LADDER_V1,8ab52c3c1ba8602bfc092d6a4c08b79e5e300dc887e15f212d8a8dc716fd616f,9a750cc6dae3c97a69ca9d7b7f81134e5882d31b270df0c6146fb2582561940f,25,0,4,1.8518518518518519,1.1770554505237558,6,"[1, 1, 1, 2, 5, 17]",17,131114,3,68,"[16, 18, 25, 0, 1, 11, 10, 12, 15, 17, 14, 20, 2, 3, 13, 21, 22, 23, 24, 26, 19, 4, 6, 5, 7, 8, 9]",76,128,1,8704,134217728,"{""-1"": 6, ""-2"": 7, ""-3"": 2, ""1"": 4, ""3"": 6}",not assumed,"[0, 0, 0, 1, 1, 1, 1, 1, 1, 1, 1, 1, 1, 2, 2, 2, 2, 3, 3, 3, 3, 3, 3, 3, 3, 4, 4]",27,INHERITED; graph features NEWLY_DERIVED retrospectively,0.161358117,fresh_min_fill,14_MIG_GPU_retained_readout,3,1,68,128,1,-64,2,65,9827f132b58fbab12d421a730916e48862343f315de89a00b6a4a7239e1e2efc,{},historical selected plan; descriptive only
28,N96_INDUCED_TRANSITION_LADDER_V1,4e0754edaded26cd121da264c8f9ccdde17a42fe5425afba1e1a6e48c50623d3,ef6a22075d49330d49a2d9da5d0fdef280f524a6143a454e7cd57aa44d57887f,25,0,4,1.7857142857142858,1.2058530725810095,7,"[1, 1, 1, 1, 2, 5, 17]",17,131116,3,69,"[16, 18, 25, 27, 0, 1, 11, 10, 12, 15, 17, 14, 20, 2, 3, 13, 21, 22, 23, 24, 26, 19, 4, 6, 5, 7, 8, 9]",77,128,1,8832,268435456,"{""-1"": 6, ""-2"": 7, ""-3"": 2, ""1"": 4, ""3"": 6}",not assumed,"[0, 0, 0, 0, 1, 1, 1, 1, 1, 1, 1, 1, 1, 1, 2, 2, 2, 2, 3, 3, 3, 3, 3, 3, 3, 3, 4, 4]",28,INHERITED; graph features NEWLY_DERIVED retrospectively,0.16069029,fresh_min_fill,14_MIG_GPU_retained_readout,3,1,69,128,1,-65,2,66,5e45b3e6f47f10c6f72394884297451023d3c560e84b9343575fd683f63a0511,{},historical selected plan; descriptive only
29,N96_INDUCED_TRANSITION_LADDER_V1,fc43c6f1cafea1dfcbe6c051c8707a853b4019053f4b5690cebeacde7329724c,185f08ed8b7f564170edf87a168ac6636aca2012113b6154cc8342a40e44763c,27,0,4,1.8620689655172413,1.1955128154041184,6,"[1, 1, 1, 1, 2, 23]",23,8388620,3,72,"[16, 18, 25, 27, 0, 1, 11, 10, 12, 15, 20, 2, 21, 22, 23, 24, 14, 17, 28, 3, 13, 26, 19, 4, 6, 5, 7, 8, 9]",83,128,1,9216,536870912,"{""-1"": 6, ""-2"": 7, ""-3"": 2, ""1"": 5, ""3"": 7}",not assumed,"[0, 0, 0, 0, 1, 1, 1, 1, 1, 1, 1, 1, 1, 2, 2, 2, 2, 2, 3, 3, 3, 3, 3, 3, 3, 3, 3, 4, 4]",29,INHERITED; graph features NEWLY_DERIVED retrospectively,0.160671691,fresh_min_fill,14_MIG_GPU_retained_readout,3,1,72,128,1,-71,1,72,e15b0fbf053bade5b3086248e3bc21f5434fbaa5737c79689da9e350aebe8b0d,{},historical selected plan; descriptive only
30,N96_INDUCED_TRANSITION_LADDER_V1,7a48c9368e15c3343ea647f0d2c608725afbebdc1cf8da95fd3a9d936e381fbd,3804183b232bc107520e8c8c56d448788353792550cff504d5216a5171684499,28,0,4,1.8666666666666667,1.1756794725698931,6,"[1, 1, 1, 1, 2, 24]",24,16777228,3,74,"[16, 18, 25, 27, 0, 1, 11, 10, 15, 20, 2, 21, 22, 23, 24, 14, 17, 28, 3, 13, 29, 12, 26, 19, 4, 6, 5, 7, 8, 9]",87,128,2,18944,1073741824,"{""-1"": 6, ""-2"": 8, ""-3"": 2, ""1"": 5, ""3"": 7}",not assumed,"[0, 0, 0, 0, 1, 1, 1, 1, 1, 1, 1, 1, 1, 2, 2, 2, 2, 2, 2, 3, 3, 3, 3, 3, 3, 3, 3, 3, 4, 4]",30,INHERITED; graph features NEWLY_DERIVED retrospectively,0.166381875,fresh_min_fill,14_MIG_GPU_retained_readout,3,1,74,128,2,-71,3,74,c07edf9500c6d15035b2d8314eed6afd12df5e3081283e8a11fe17a13a2e85cd,{},historical selected plan; descriptive only
31,N96_INDUCED_TRANSITION_LADDER_V1,5e0fb002f28cc9a435e969e19ca6b0feb291e41d3393f266880ab4475247b44e,3900a48bafcdeedbe5f5d06e0f26156e4b65747e4dd1536bf4ae43d8cd3b9932,30,0,4,1.935483870967742,1.1621860344936659,5,"[1, 1, 1, 2, 26]",26,67108874,3,77,"[16, 18, 25, 0, 1, 11, 10, 15, 20, 2, 21, 22, 23, 24, 14, 17, 27, 28, 3, 13, 29, 12, 26, 19, 30, 4, 6, 5, 7, 8, 9]",93,128,2,19712,2147483648,"{""-1"": 7, ""-2"": 8, ""-3"": 2, ""1"": 5, ""3"": 8}",not assumed,"[0, 0, 0, 1, 1, 1, 1, 1, 1, 1, 1, 1, 1, 2, 2, 2, 2, 2, 2, 2, 3, 3, 3, 3, 3, 3, 3, 3, 4, 4, 4]",31,INHERITED; graph features NEWLY_DERIVED retrospectively,0.183232392,fresh_min_fill,14_MIG_GPU_retained_readout,3,1,77,128,2,-75,6,77,59ae4a768e167317d1e32069a9d55d25624338ec125152824d7c5a6c25ed0f22,{},historical selected plan; descriptive only
32,N96_INDUCED_TRANSITION_LADDER_V1,5ffa4007ca770f390118a755dfe36849153c4a1a362229fb36134c7ddeb0fb50,d769092a71b3dd083f068c21f5a86a87b18cedf27ea7fb0852e7af0d7dec49ed,30,0,4,1.875,1.192424001771182,6,"[1, 1, 1, 1, 2, 26]",26,67108876,3,78,"[16, 18, 25, 31, 0, 1, 11, 10, 15, 20, 2, 21, 22, 23, 24, 14, 17, 27, 28, 3, 13, 29, 12, 26, 19, 30, 4, 6, 5, 7, 8, 9]",95,128,2,19968,4294967296,"{""-1"": 7, ""-2"": 8, ""-3"": 2, ""1"": 5, ""3"": 8}",not assumed,"[0, 0, 0, 0, 1, 1, 1, 1, 1, 1, 1, 1, 1, 1, 2, 2, 2, 2, 2, 2, 2, 3, 3, 3, 3, 3, 3, 3, 3, 4, 4, 4]",32,INHERITED; graph features NEWLY_DERIVED retrospectively,0.185093591,fresh_min_fill,14_MIG_GPU_retained_readout,3,1,78,128,2,-77,6,79,8ffefc2d6aed9e28af2e9b0396de36fae3ab8dbd00120332402f980d78c33bb8,{},historical selected plan; descriptive only
33,N96_INDUCED_TRANSITION_LADDER_V1,4b1f6c9257c9527ef985400c2279e46b77b0e551c5ef36bcbe059758862d66e5,c818b467ee101c282d1e7bdb73de2fb67b08ca7fcd50dc165b61ace75b0862d0,31,0,4,1.878787878787879,1.1744134772773396,6,"[1, 1, 1, 1, 2, 27]",27,134217740,3,80,"[16, 18, 25, 31, 0, 1, 11, 10, 15, 20, 2, 22, 23, 24, 14, 17, 27, 28, 3, 13, 29, 12, 26, 30, 32, 21, 19, 4, 6, 5, 7, 8, 9]",99,128,2,20480,8589934592,"{""-1"": 7, ""-2"": 8, ""-3"": 3, ""1"": 5, ""3"": 8}",not assumed,"[0, 0, 0, 0, 1, 1, 1, 1, 1, 1, 1, 1, 1, 1, 2, 2, 2, 2, 2, 2, 2, 2, 3, 3, 3, 3, 3, 3, 3, 3, 4, 4, 4]",33,INHERITED; graph features NEWLY_DERIVED retrospectively,0.234611216,fresh_min_fill,14_MIG_GPU_retained_readout,3,1,80,128,2,-79,8,81,cb97427553fc382241a7dd4e4d8608f0d633082cdeab868a991a2e75af5887ed,{},historical selected plan; descriptive only
34,N96_INDUCED_TRANSITION_LADDER_V1,d84cc7994bd17e0f260521c3d140940ce088341365ac5e03bc47a3d3c671b45c,1549bf31fe5a8a261652c1485d828c40fbe5b518a9f95656f24dd69e75d68873,31,0,4,1.8235294117647058,1.1997692973159493,7,"[1, 1, 1, 1, 1, 2, 27]",27,134217742,3,81,"[16, 18, 25, 31, 33, 0, 1, 11, 10, 15, 20, 2, 22, 23, 24, 14, 17, 27, 28, 3, 13, 29, 12, 26, 30, 32, 21, 19, 4, 6, 5, 7, 8, 9]",100,128,2,20736,17179869184,"{""-1"": 7, ""-2"": 8, ""-3"": 3, ""1"": 5, ""3"": 8}",not assumed,"[0, 0, 0, 0, 0, 1, 1, 1, 1, 1, 1, 1, 1, 1, 1, 2, 2, 2, 2, 2, 2, 2, 2, 3, 3, 3, 3, 3, 3, 3, 3, 4, 4, 4]",34,INHERITED; graph features NEWLY_DERIVED retrospectively,0.194114145,fresh_min_fill,14_MIG_GPU_retained_readout,3,1,81,128,2,-80,8,82,be0babda207f9ba82327b4f71a5cf57c8e97e0db49162a6f0ac47d5c23172e24,{},historical selected plan; descriptive only
35,N96_INDUCED_TRANSITION_LADDER_V1,f0d25c2be0e32baf0e39b1da72f697de68f8ffeef6e3da5deb7afcc3e2fae78a,1fafe6cd5b5fa225f5c38b954bbd74c5e5cee3d9cb0e1873cfd97032c515dd7c,31,0,4,1.7714285714285714,1.2209063210983713,8,"[1, 1, 1, 1, 1, 1, 2, 27]",27,134217744,3,82,"[16, 18, 25, 31, 33, 34, 0, 1, 11, 10, 15, 20, 2, 22, 23, 24, 14, 17, 27, 28, 3, 13, 29, 12, 26, 30, 32, 21, 19, 4, 6, 5, 7, 8, 9]",101,128,2,20992,34359738368,"{""-1"": 7, ""-2"": 8, ""-3"": 3, ""1"": 5, ""3"": 8}",not assumed,"[0, 0, 0, 0, 0, 0, 1, 1, 1, 1, 1, 1, 1, 1, 1, 1, 2, 2, 2, 2, 2, 2, 2, 2, 3, 3, 3, 3, 3, 3, 3, 3, 4, 4, 4]",35,INHERITED; graph features NEWLY_DERIVED retrospectively,0.194650611,fresh_min_fill,14_MIG_GPU_retained_readout,3,1,82,128,2,-81,8,83,e5a367884e9467954511faa60d067d1a79c3e84b7f9003b9724ef4d1cde38997,{},historical selected plan; descriptive only
36,N96_INDUCED_TRANSITION_LADDER_V1,e5a3a94ca5ea9138462f26f48b2a89f7486378ff340211b1754d788c8896bd7b,a918a2d9a2b00eb29293a11df8ec5b461519f2d8da7de9bf05ee81cad626a270,34,0,4,1.8888888888888888,1.1732617823301599,7,"[1, 1, 1, 1, 1, 2, 29]",29,536870926,3,93,"[18, 25, 31, 33, 34, 0, 1, 11, 10, 16, 22, 23, 24, 14, 17, 27, 28, 29, 12, 30, 32, 21, 3, 13, 15, 20, 35, 2, 26, 19, 4, 6, 5, 7, 8, 9]",107,128,2,23808,68719476736,"{""-1"": 8, ""-2"": 9, ""-3"": 3, ""1"": 5, ""3"": 9}",not assumed,"[0, 0, 0, 0, 0, 1, 1, 1, 1, 1, 1, 1, 1, 1, 2, 2, 2, 2, 2, 2, 2, 2, 2, 2, 3, 3, 3, 3, 3, 3, 3, 3, 3, 4, 4, 4]",36,INHERITED; graph features NEWLY_DERIVED retrospectively,0.201039262,fresh_min_fill,14_MIG_GPU_retained_readout,3,1,89,128,2,-87,4,88,f8a77855ba2adc1dcb5ec4aa36b991c26f9e3bcaabed21cc7c80a66a396b623d,{},historical selected plan; descriptive only
37,N96_INDUCED_TRANSITION_LADDER_V1,634c8b338704913158b7a00e526530bf4b1ee7cc2dcff3d38f113c20a39f2ff8,7568aee6dcbce7999ed3839850d05c46ed50b4af02ab62cbbd30f0f95ccc1756,37,0,4,2,1.1854979567276382,6,"[1, 1, 1, 1, 2, 31]",31,2147483660,3,98,"[18, 25, 31, 34, 0, 1, 11, 10, 16, 22, 23, 24, 14, 17, 27, 28, 29, 12, 30, 32, 21, 33, 36, 3, 13, 15, 20, 35, 2, 26, 19, 4, 6, 5, 7, 8, 9]",114,128,2,25088,137438953472,"{""-1"": 9, ""-2"": 9, ""-3"": 3, ""1"": 6, ""3"": 10}",not assumed,"[0, 0, 0, 0, 1, 1, 1, 1, 1, 1, 1, 1, 1, 1, 2, 2, 2, 2, 2, 2, 2, 2, 2, 3, 3, 3, 3, 3, 3, 3, 3, 3, 3, 4, 4, 4, 4]",37,INHERITED; graph features NEWLY_DERIVED retrospectively,0.18842413,fresh_min_fill,14_MIG_GPU_retained_readout,3,1,94,128,2,-90,4,91,8a6247d357ec841be842feb77efc678cead88c68f98d9317955771592d0b4592,{},historical selected plan; descriptive only
38,N96_INDUCED_TRANSITION_LADDER_V1,95217b4472e386d0df4a9b999fe162537d8978cd41fa8989efd513abd06e902b,946bb85dfc7e27d095dd4683b951f0d071db199831303ae6c008d89ee72d7780,38,0,4,2,1.1697953037312037,6,"[1, 1, 1, 1, 2, 32]",32,4294967308,3,100,"[18, 25, 31, 34, 0, 1, 11, 10, 16, 23, 27, 29, 12, 30, 32, 21, 33, 37, 22, 24, 14, 17, 28, 36, 3, 13, 15, 20, 35, 2, 26, 19, 4, 6, 5, 7, 8, 9]",118,128,2,25600,274877906944,"{""-1"": 9, ""-2"": 9, ""-3"": 3, ""1"": 6, ""2"": 1, ""3"": 10}",not assumed,"[0, 0, 0, 0, 1, 1, 1, 1, 1, 1, 1, 1, 1, 1, 2, 2, 2, 2, 2, 2, 2, 2, 2, 2, 3, 3, 3, 3, 3, 3, 3, 3, 3, 3, 4, 4, 4, 4]",38,INHERITED; graph features NEWLY_DERIVED retrospectively,0.196067203,fresh_min_fill,14_MIG_GPU_retained_readout,3,1,96,128,2,-90,8,93,89872284c877ba2d05c8235060e949fa33911ada8dddd8b7033ff2f3a2b7ce1f,{},historical selected plan; descriptive only
39,N96_INDUCED_TRANSITION_LADDER_V1,9aae373a6f47e027f18f0e53c628ae83799df8163392a8b297864902c773860b,d8c6f44cedcd5356514fb10a5cd6aa9175951f99dedbef43b545712c6708b59e,39,0,4,2,1.1547005383792515,6,"[1, 1, 1, 1, 3, 32]",32,4294967312,3,102,"[18, 25, 31, 34, 0, 1, 38, 11, 10, 16, 23, 27, 29, 12, 30, 32, 21, 33, 37, 22, 24, 14, 17, 28, 36, 3, 13, 15, 20, 35, 2, 26, 19, 4, 6, 5, 7, 8, 9]",121,128,2,26112,549755813888,"{""-1"": 10, ""-2"": 9, ""-3"": 3, ""1"": 6, ""2"": 1, ""3"": 10}",not assumed,"[0, 0, 0, 0, 1, 1, 1, 1, 1, 1, 1, 1, 1, 1, 2, 2, 2, 2, 2, 2, 2, 2, 2, 2, 2, 3, 3, 3, 3, 3, 3, 3, 3, 3, 3, 4, 4, 4, 4]",39,INHERITED; graph features NEWLY_DERIVED retrospectively,0.29233693,fresh_min_fill,14_MIG_GPU_retained_readout,3,1,98,128,2,-91,16,95,edc1245a80402618f20d165682b31c8fed4c9dc2539f38e4f2d060157cebe485,{},historical selected plan; descriptive only
40,N96_INDUCED_TRANSITION_LADDER_V1,6423e0459423ed7baa2983a0678c79a79a6b433d163dcc057684d416a5d22acf,7b8fe66f12d716c8f30e540b1b9bcc5bfc0bcbbed8d1e73788084defaf91a626,41,0,4,2.05,1.182159041753689,6,"[1, 1, 1, 1, 3, 33]",33,8589934608,3,112,"[18, 25, 31, 34, 0, 1, 38, 11, 16, 23, 27, 29, 12, 30, 32, 21, 33, 37, 22, 24, 14, 17, 28, 36, 3, 10, 13, 15, 20, 35, 2, 19, 26, 39, 4, 6, 5, 7, 8, 9]",126,128,2,28672,1099511627776,"{""-1"": 10, ""-2"": 9, ""-3"": 3, ""1"": 7, ""2"": 1, ""3"": 11}",not assumed,"[0, 0, 0, 0, 1, 1, 1, 1, 1, 1, 1, 1, 1, 1, 2, 2, 2, 2, 2, 2, 2, 2, 2, 2, 2, 3, 3, 3, 3, 3, 3, 3, 3, 3, 3, 4, 4, 4, 4, 4]",40,INHERITED; graph features NEWLY_DERIVED retrospectively,0.200627995,fresh_min_fill,14_MIG_GPU_retained_readout,3,1,110,128,2,-94,16,98,dfd7a0c9c76f3a672c08e78ea14fbce59be6872786280bda0e63fcd917d902b2,{},historical selected plan; descriptive only
41,N96_INDUCED_TRANSITION_LADDER_V1,4cb6658cc7114c7a33eaf652f3c78840ee595665df345d979e5a3f44b7556702,a64a9f7078c3025aecdc6b166d2addc35c2f7e9e7fa8adc5e37f076f0811a9a7,44,0,4,2.1463414634146343,1.1166364041228876,4,"[1, 1, 1, 38]",38,274877906950,3,116,"[25, 31, 34, 0, 1, 11, 16, 18, 23, 29, 12, 32, 21, 33, 37, 22, 24, 14, 17, 28, 38, 40, 27, 30, 36, 3, 10, 13, 15, 20, 35, 2, 19, 26, 39, 4, 6, 5, 7, 8, 9]",135,256,2,59392,2199023255552,"{""-1"": 10, ""-2"": 9, ""-3"": 4, ""1"": 8, ""2"": 1, ""3"": 12}",not assumed,"[0, 0, 0, 1, 1, 1, 1, 1, 1, 1, 1, 1, 2, 2, 2, 2, 2, 2, 2, 2, 2, 2, 2, 2, 2, 3, 3, 3, 3, 3, 3, 3, 3, 3, 3, 3, 4, 4, 4, 4, 4]",41,INHERITED; graph features NEWLY_DERIVED retrospectively,0.361906872,fresh_min_fill,14_MIG_GPU_retained_readout,3,1,127,256,2,-101,12,104,b458ca388de4ccb0d2d2b76f87ade4f37561cbaa4b5d863e8cfe736a5fba4aaa,{},historical selected plan; descriptive only
42,N96_INDUCED_TRANSITION_LADDER_V1,473c5db1d8151d582db2b6ffb3e68692b36864a9f4a8e6e3b408e45a5eeb263a,be7cafb8e17c92fb38ad5db2f39575b53122137a0560a2b51956308b8b1f8958,46,0,5,2.1904761904761907,1.1799534946060826,4,"[1, 1, 1, 39]",39,549755813894,3,124,"[25, 31, 34, 0, 1, 11, 16, 18, 23, 29, 12, 32, 21, 33, 37, 22, 24, 14, 17, 28, 38, 40, 27, 30, 36, 3, 10, 13, 15, 20, 35, 2, 19, 39, 41, 26, 4, 6, 5, 7, 8, 9]",140,256,2,63488,4398046511104,"{""-1"": 10, ""-2"": 9, ""-3"": 4, ""1"": 9, ""2"": 2, ""3"": 12}",not assumed,"[0, 0, 0, 1, 1, 1, 1, 1, 1, 1, 1, 1, 2, 2, 2, 2, 2, 2, 2, 2, 2, 2, 2, 2, 2, 2, 3, 3, 3, 3, 3, 3, 3, 3, 3, 3, 4, 4, 4, 4, 4, 5]",42,INHERITED; graph features NEWLY_DERIVED retrospectively,0.359212499,fresh_min_fill,14_MIG_GPU_retained_readout,4,1,135,256,2,-106,12,107,89bf0b268a958c082a9176beca0ba23199acaa5a0d72f13ad07cc891781b5440,{},historical selected plan; descriptive only
43,N96_INDUCED_TRANSITION_LADDER_V1,73878c1f42ba1ecfdeb9165c0e57d7f165686da88d46ebbe4ffa621d6137f528,ed6635a16b8f03159ee17eb158de6fc08eb8379a05c70bed3c7ab42520122ddf,48,0,5,2.2325581395348837,1.1780395480850177,4,"[1, 1, 1, 40]",40,1099511627782,4,148,"[25, 31, 34, 0, 1, 11, 16, 23, 29, 12, 32, 21, 33, 37, 22, 24, 14, 17, 28, 38, 36, 3, 10, 13, 15, 20, 35, 2, 18, 27, 30, 39, 40, 41, 42, 26, 4, 6, 5, 7, 8, 9, 19]",147,256,2,75776,8796093022208,"{""-1"": 10, ""-2"": 10, ""-3"": 5, ""1"": 9, ""2"": 2, ""3"": 12}",not assumed,"[0, 0, 0, 1, 1, 1, 1, 1, 1, 1, 1, 2, 2, 2, 2, 2, 2, 2, 2, 2, 2, 2, 2, 2, 2, 2, 2, 3, 3, 3, 3, 3, 3, 3, 3, 3, 4, 4, 4, 4, 4, 4, 5]",43,INHERITED; graph features NEWLY_DERIVED retrospectively,0.357199501,fresh_min_fill,14_MIG_GPU_retained_readout,4,1,149,256,2,-113,6,112,c0f3ba7edf9336e06713a0ed27d034ee918e630775b3471d86581b52ed2ca346,{},historical selected plan; descriptive only
44,N96_INDUCED_TRANSITION_LADDER_V1,2aab846c60aa88d54f6d5dd1342307d5861f88e65ef10f8965a8e4a71766dbbc,520df7432ceb2bc0c57f45cb009de497f2851b4582146f3c04455425e5bdb227,50,0,5,2.272727272727273,1.1552968206489849,4,"[1, 1, 1, 41]",41,2199023255558,4,154,"[25, 31, 34, 0, 1, 16, 23, 29, 12, 32, 21, 33, 37, 22, 24, 14, 17, 28, 38, 36, 3, 11, 15, 20, 35, 2, 13, 18, 27, 30, 39, 43, 10, 40, 41, 42, 26, 4, 6, 5, 7, 8, 9, 19]",155,256,2,78848,17592186044416,"{""-1"": 10, ""-2"": 10, ""-3"": 5, ""1"": 9, ""2"": 2, ""3"": 14}",not assumed,"[0, 0, 0, 1, 1, 1, 1, 1, 1, 1, 2, 2, 2, 2, 2, 2, 2, 2, 2, 2, 2, 2, 2, 2, 2, 2, 2, 3, 3, 3, 3, 3, 3, 3, 3, 3, 3, 4, 4, 4, 4, 4, 4, 5]",44,INHERITED; graph features NEWLY_DERIVED retrospectively,0.363718871,fresh_min_fill,14_MIG_GPU_retained_readout,4,1,175,256,2,-117,6,118,051af4d8878b42606f287cf8e8a2371feb6aace0ec713af1fd86aeb948c4774b,{},historical selected plan; descriptive only
45,N96_INDUCED_TRANSITION_LADDER_V1,3b67529bae1370dd780e585adfd5e37a56465e1b15e49db9f541fc78686f51e6,ea14a43d6ee95938191d09e4768e738d91b3721339e28c01dc309d22ee0dc2be,52,0,5,2.311111111111111,1.1119996447286047,4,"[1, 1, 1, 42]",42,4398046511110,4,196,"[25, 31, 34, 16, 23, 29, 12, 32, 21, 33, 36, 0, 1, 11, 14, 15, 20, 35, 2, 3, 17, 18, 22, 24, 27, 28, 30, 37, 38, 39, 41, 42, 43, 44, 10, 13, 19, 26, 4, 6, 5, 7, 8, 9, 40]",159,256,2,100352,35184372088832,"{""-1"": 11, ""-2"": 10, ""-3"": 5, ""1"": 9, ""2"": 3, ""3"": 14}",not assumed,"[0, 0, 0, 1, 1, 1, 1, 1, 2, 2, 2, 2, 2, 2, 2, 2, 2, 2, 2, 2, 2, 2, 2, 2, 2, 2, 2, 2, 3, 3, 3, 3, 3, 3, 3, 3, 3, 3, 4, 4, 4, 4, 4, 4, 5]",45,INHERITED; graph features NEWLY_DERIVED retrospectively,0.369011989,fresh_min_fill,14_MIG_GPU_retained_readout,4,1,191,256,2,-121,1,121,01df02e197af473d9433c120539436f2d630ed5dbc373203a9e7a2e766d7a15f,{},historical selected plan; descriptive only
46,N96_INDUCED_TRANSITION_LADDER_V1,a7b6c82673ddc4698b23379fc90c00df83cdbf07d7beda3dbb27e02af9739dce,e553cda8fc5e4e98fef9a3940a36be26bf809581ff3b19da8573c413e7a5bc07,54,0,5,2.347826086956522,1.127085338853541,4,"[1, 1, 1, 43]",43,8796093022214,4,202,"[25, 31, 34, 23, 29, 12, 32, 21, 33, 36, 0, 1, 11, 14, 15, 20, 16, 35, 45, 2, 3, 17, 18, 22, 24, 27, 28, 30, 37, 38, 39, 41, 42, 43, 44, 10, 13, 19, 26, 4, 6, 5, 7, 8, 9, 40]",161,256,2,103424,70368744177664,"{""-1"": 11, ""-2"": 10, ""-3"": 5, ""1"": 11, ""2"": 3, ""3"": 14}",not assumed,"[0, 0, 0, 1, 1, 1, 1, 2, 2, 2, 2, 2, 2, 2, 2, 2, 2, 2, 2, 2, 2, 2, 2, 2, 2, 2, 2, 2, 2, 3, 3, 3, 3, 3, 3, 3, 3, 3, 3, 4, 4, 4, 4, 4, 5, 5]",46,INHERITED; graph features NEWLY_DERIVED retrospectively,0.371543943,fresh_min_fill,14_MIG_GPU_retained_readout,4,1,197,256,2,-123,1,122,7ef44a4b9984c7db20dbdaf936c86f45d98923c0d802c0e6d37144c5750e8de0,{},historical selected plan; descriptive only
47,N96_INDUCED_TRANSITION_LADDER_V1,34b26b0cf3abda3f373b14c30383d8bd9af8dc9dfb532e48d3584978f5d5485e,6e8d1dc4b56e161c91bc546688ab6eb3578be1402e81cb135bd3ff783b459dc8,56,0,5,2.382978723404255,1.0629783827061103,3,"[1, 1, 45]",45,35184372088836,4,205,"[25, 31, 23, 29, 12, 32, 21, 34, 46, 33, 36, 0, 1, 11, 14, 15, 20, 16, 35, 45, 2, 3, 17, 18, 22, 24, 27, 28, 30, 37, 38, 39, 41, 42, 43, 44, 10, 13, 19, 26, 4, 6, 5, 7, 8, 9, 40]",168,256,2,104960,140737488355328,"{""-1"": 11, ""-2"": 10, ""-3"": 5, ""1"": 11, ""2"": 4, ""3"": 15}",not assumed,"[0, 0, 1, 1, 1, 1, 2, 2, 2, 2, 2, 2, 2, 2, 2, 2, 2, 2, 2, 2, 2, 2, 2, 2, 2, 2, 2, 2, 2, 2, 3, 3, 3, 3, 3, 3, 3, 3, 3, 3, 4, 4, 4, 4, 4, 5, 5]",47,INHERITED; graph features NEWLY_DERIVED retrospectively,0.368883109,fresh_min_fill,14_MIG_GPU_retained_readout,4,1,200,256,2,-128,1,128,5fe1d0d46b2d1634c3c35559f90d2693eba13c80cc497429c9fce11998e2d0bb,{},historical selected plan; descriptive only
48,N96_INDUCED_TRANSITION_LADDER_V1,1fa7eeab7ac163936aec4104685bda5863cffc66c74f2720c370ff390300d432,861eb654b511fe3af6078587dacf5fc83cb657b083737bd1d023f344241c54f4,58,0,5,2.4166666666666665,1.0573814617041266,3,"[1, 1, 46]",46,70368744177668,4,225,"[25, 31, 23, 29, 12, 32, 21, 34, 46, 33, 36, 0, 1, 11, 14, 15, 20, 16, 35, 45, 2, 3, 17, 18, 24, 27, 28, 30, 37, 38, 39, 42, 43, 44, 47, 10, 13, 41, 4, 6, 19, 7, 9, 5, 8, 22, 26, 40]",173,256,2,115200,281474976710656,"{""-1"": 11, ""-2"": 11, ""-3"": 5, ""1"": 11, ""2"": 4, ""3"": 16}",not assumed,"[0, 0, 1, 1, 1, 1, 2, 2, 2, 2, 2, 2, 2, 2, 2, 2, 2, 2, 2, 2, 2, 2, 2, 2, 2, 2, 2, 2, 2, 3, 3, 3, 3, 3, 3, 3, 3, 3, 3, 3, 3, 4, 4, 4, 4, 4, 5, 5]",48,INHERITED; graph features NEWLY_DERIVED retrospectively,0.374349666,fresh_min_fill,14_MIG_GPU_retained_readout,4,1,236,256,2,-133,1,133,a8642563eba1f314b7df4198c314f6ea771e66fbf21e5d7bb1b273047616a14c,{},historical selected plan; descriptive only
49,N96_INDUCED_TRANSITION_LADDER_V1,775cbd076297a897e52717d2efe48a45326514c6da25360976f2a18334aad76d,f48f595ee6300e1a762892c3901a5cdbdd34dc3f4a1918d3fcd6256a9cdbb470,60,0,5,2.4489795918367347,1.0702131103777057,3,"[1, 1, 47]",47,140737488355332,5,281,"[25, 31, 23, 29, 12, 32, 21, 34, 46, 33, 36, 0, 1, 11, 14, 15, 20, 16, 45, 2, 17, 18, 24, 27, 28, 35, 37, 38, 39, 42, 43, 44, 47, 48, 10, 13, 4, 6, 19, 22, 30, 5, 3, 7, 8, 9, 26, 40, 41]",180,256,2,143872,562949953421312,"{""-1"": 11, ""-2"": 12, ""-3"": 5, ""1"": 11, ""2"": 4, ""3"": 17}",not assumed,"[0, 0, 1, 1, 1, 1, 2, 2, 2, 2, 2, 2, 2, 2, 2, 2, 2, 2, 2, 2, 2, 2, 2, 2, 2, 2, 2, 2, 2, 3, 3, 3, 3, 3, 3, 3, 3, 3, 3, 3, 3, 4, 4, 4, 4, 4, 4, 5, 5]",49,INHERITED; graph features NEWLY_DERIVED retrospectively,0.367541927,tie_portfolio,14_MIG_GPU_retained_readout,4,1,278,256,2,-138,1,138,04aba6634a1cbabdf84b658ca2345005e7f8f309e0ebf835c4c16836cc4d7193,{},historical selected plan; descriptive only
50,N96_INDUCED_TRANSITION_LADDER_V1,e6cb3632a28ddd6e4d80cfcf3c23d712925363c5ae821d78b9f2c311a59c161b,74f368fe65ec3d8387e8cd243404539c3c287f763bfbfd46c435d530a47b9fab,64,0,5,2.56,1.08,3,"[1, 1, 48]",48,281474976710660,5,343,"[25, 31, 23, 29, 12, 32, 21, 34, 46, 0, 1, 11, 16, 17, 18, 20, 24, 27, 28, 33, 37, 38, 39, 42, 43, 44, 48, 15, 10, 13, 36, 45, 2, 14, 35, 47, 4, 6, 19, 5, 7, 49, 22, 3, 8, 9, 26, 30, 40, 41]",190,256,2,175616,1125899906842624,"{""-1"": 12, ""-2"": 12, ""-3"": 5, ""1"": 11, ""2"": 6, ""3"": 18}",not assumed,"[0, 0, 1, 1, 1, 1, 2, 2, 2, 2, 2, 2, 2, 2, 2, 2, 2, 2, 2, 2, 2, 2, 2, 2, 2, 3, 3, 3, 3, 3, 3, 3, 3, 3, 3, 3, 3, 3, 3, 3, 3, 4, 4, 4, 4, 4, 4, 4, 5, 5]",50,INHERITED; graph features NEWLY_DERIVED retrospectively,0.36553431,fresh_min_fill,14_MIG_GPU_retained_readout,5,1,392,256,2,-140,2,143,469750ad78b6f0b912dd0715d244f548d029bb054bdd3b50f37dde7bc0409a0b,{},historical selected plan; descriptive only
51,N96_INDUCED_TRANSITION_LADDER_V1,d80a06ebf0c61ecc92309bc014264f8af23876847109e34687e656582976cd4f,cfdd759755b2d60351e63ebdc6875c791497bfc0e1686dbe55ffe1f48651658d,66,0,5,2.588235294117647,1.069661309567518,3,"[1, 1, 49]",49,562949953421316,5,351,"[25, 31, 23, 32, 21, 34, 46, 0, 1, 11, 12, 16, 17, 18, 20, 24, 27, 28, 29, 33, 37, 38, 39, 42, 43, 44, 48, 50, 15, 10, 13, 36, 45, 2, 14, 35, 47, 4, 6, 19, 5, 7, 49, 8, 22, 3, 9, 26, 30, 40, 41]",193,256,2,179712,2251799813685248,"{""-1"": 13, ""-2"": 12, ""-3"": 5, ""1"": 11, ""2"": 7, ""3"": 18}",not assumed,"[0, 0, 1, 1, 1, 2, 2, 2, 2, 2, 2, 2, 2, 2, 2, 2, 2, 2, 2, 2, 2, 2, 2, 2, 2, 2, 3, 3, 3, 3, 3, 3, 3, 3, 3, 3, 3, 3, 3, 3, 3, 4, 4, 4, 4, 4, 4, 4, 4, 5, 5]",51,INHERITED; graph features NEWLY_DERIVED retrospectively,0.37354757,transition_priority,14_MIG_GPU_retained_readout,5,1,384,256,2,-143,2,146,c54a8ccbc265509a03f666f8fece9da59a8c7d194e9ad5f21f382b255d91aa46,{},historical selected plan; descriptive only
52,N96_INDUCED_TRANSITION_LADDER_V1,85daa2f7471b72204ffb9d1cd931864573b8cbe0d673987303b7d1731be48715,d10d4421867be101a537f7cf9db57b5abd274305a5390973cd768b29d59a05b9,67,0,5,2.576923076923077,1.0803516850144723,3,"[1, 1, 50]",50,1125899906842628,5,353,"[25, 31, 23, 32, 21, 34, 46, 51, 0, 1, 11, 12, 16, 17, 18, 20, 24, 27, 28, 29, 33, 37, 38, 39, 42, 43, 44, 48, 50, 15, 10, 13, 36, 45, 2, 14, 35, 47, 4, 6, 19, 5, 7, 49, 8, 22, 3, 9, 26, 30, 40, 41]",194,256,2,180736,4503599627370496,"{""-1"": 14, ""-2"": 12, ""-3"": 5, ""1"": 11, ""2"": 7, ""3"": 18}",not assumed,"[0, 0, 1, 1, 1, 1, 2, 2, 2, 2, 2, 2, 2, 2, 2, 2, 2, 2, 2, 2, 2, 2, 2, 2, 2, 2, 3, 3, 3, 3, 3, 3, 3, 3, 3, 3, 3, 3, 3, 3, 3, 3, 4, 4, 4, 4, 4, 4, 4, 4, 5, 5]",52,INHERITED; graph features NEWLY_DERIVED retrospectively,0.369624895,transition_priority,14_MIG_GPU_retained_readout,5,1,386,256,2,-144,2,147,86589fdf502458fc06272e181a868e949f4db81b3405e87d35e9dad8fb55cfbd,{},historical selected plan; descriptive only
53,N96_INDUCED_TRANSITION_LADDER_V1,cf5bee2f568adc135b0620a75edeaf5e3ebb6a120de3feaee9761a7acd8c4da0,fe50db07119e098811e3bf1a0bda5ff57037dc4801afedb72a7d2ef1bf6db25b,69,0,5,2.6037735849056602,1.0699959908496472,3,"[1, 1, 51]",51,2251799813685252,5,371,"[25, 31, 23, 32, 21, 34, 46, 0, 1, 11, 12, 16, 17, 18, 20, 24, 28, 29, 33, 37, 38, 39, 42, 43, 44, 48, 50, 51, 52, 15, 13, 36, 45, 2, 14, 35, 47, 4, 6, 19, 27, 5, 7, 8, 9, 49, 22, 3, 10, 26, 30, 40, 41]",198,256,2,189952,9007199254740992,"{""-1"": 14, ""-2"": 12, ""-3"": 5, ""1"": 13, ""2"": 7, ""3"": 18}",not assumed,"[0, 0, 1, 1, 1, 2, 2, 2, 2, 2, 2, 2, 2, 2, 2, 2, 2, 2, 2, 2, 2, 2, 2, 2, 2, 2, 2, 3, 3, 3, 3, 3, 3, 3, 3, 3, 3, 3, 3, 3, 3, 3, 4, 4, 4, 4, 4, 4, 4, 4, 4, 5, 5]",53,INHERITED; graph features NEWLY_DERIVED retrospectively,0.370547359,fresh_min_fill,14_MIG_GPU_retained_readout,5,1,420,256,2,-144,6,149,171b2f79bc61ddb3eff4089e8506b251761e4bc2b3b39df73fa1e4cceffd61d4,{},historical selected plan; descriptive only
54,N96_INDUCED_TRANSITION_LADDER_V1,5b5f02a980b5f58cfaa7139b4be094f78ce3f545f944bb727e8592873a5f89fd,64302b2b4851bc4ad2c318c30f809495867eb812d8e6f8ed38ae1a61c00047d5,72,0,5,2.6666666666666665,1.0363754503432017,3,"[1, 1, 52]",52,4503599627370500,5,483,"[25, 31, 23, 32, 21, 1, 11, 12, 16, 17, 18, 20, 24, 28, 29, 34, 37, 38, 39, 42, 43, 44, 46, 48, 50, 52, 15, 13, 36, 45, 0, 4, 6, 14, 47, 2, 19, 27, 5, 7, 8, 9, 51, 33, 35, 26, 10, 22, 3, 30, 40, 41, 49, 53]",208,256,2,247296,18014398509481984,"{""-1"": 14, ""-2"": 13, ""-3"": 5, ""1"": 13, ""2"": 7, ""3"": 20}",not assumed,"[0, 0, 1, 1, 2, 2, 2, 2, 2, 2, 2, 2, 2, 2, 2, 2, 2, 2, 2, 2, 2, 2, 2, 2, 2, 3, 3, 3, 3, 3, 3, 3, 3, 3, 3, 3, 3, 3, 3, 3, 3, 3, 3, 4, 4, 4, 4, 4, 4, 4, 4, 4, 5, 5]",54,INHERITED; graph features NEWLY_DERIVED retrospectively,0.372714525,transition_priority,14_MIG_GPU_retained_readout,6,1,568,256,2,-150,10,155,5cc5228aff81d03f4fdd6c631a8693e988078118d016d1a8a9053b8c16d67e2d,{},historical selected plan; descriptive only
55,N96_INDUCED_TRANSITION_LADDER_V1,5823722666cb7250c047d37a409e73b57cc6a0becd38a2021d0bb3aa08c4f19b,47db7f446a0c6aa6488e75f326ef36eb39fac466acfe13578032d4c47073ebcd,75,0,5,2.727272727272727,1.0172073258690446,3,"[1, 1, 53]",53,9007199254740996,5,575,"[25, 31, 23, 32, 21, 1, 11, 12, 17, 18, 24, 28, 29, 34, 37, 39, 42, 43, 44, 46, 48, 50, 52, 13, 15, 20, 16, 36, 0, 4, 6, 14, 47, 19, 27, 5, 7, 8, 9, 45, 33, 51, 54, 2, 22, 49, 26, 10, 30, 3, 35, 38, 40, 41, 53]",213,256,2,294400,36028797018963968,"{""-1"": 15, ""-2"": 13, ""-3"": 5, ""1"": 14, ""2"": 8, ""3"": 20}",not assumed,"[0, 0, 1, 1, 2, 2, 2, 2, 2, 2, 2, 2, 2, 2, 2, 2, 2, 2, 2, 2, 2, 2, 3, 3, 3, 3, 3, 3, 3, 3, 3, 3, 3, 3, 3, 3, 3, 3, 3, 3, 3, 3, 3, 3, 4, 4, 4, 4, 4, 4, 4, 4, 4, 5, 5]",55,INHERITED; graph features NEWLY_DERIVED retrospectively,0.366231185,transition_priority,14_MIG_GPU_retained_readout,6,1,684,256,2,-155,4,159,4a265ab2f9d9e250a4407cf7f52ce4b06273a87aa652df837a10d1d8ea288946,{},historical selected plan; descriptive only
56,N96_INDUCED_TRANSITION_LADDER_V1,e534bf2a39a1ab1f9b545d57d73ad42a54e75667cadab06ff31b55d8708ac2bd,6fc10065c9b57c2f5be05aec0ba4638fc0db4ee81f662aa98b05fe0539df56e8,77,0,5,2.75,0.9865162369237952,3,"[1, 1, 54]",54,18014398509481988,6,733,"[25, 31, 32, 21, 1, 11, 12, 17, 23, 28, 29, 34, 37, 39, 42, 43, 44, 46, 48, 50, 52, 55, 13, 15, 20, 16, 36, 0, 4, 6, 14, 18, 27, 41, 7, 8, 9, 45, 33, 54, 2, 5, 26, 10, 35, 22, 49, 53, 40, 3, 19, 24, 30, 38, 47, 51]",216,256,2,375296,72057594037927936,"{""-1"": 15, ""-2"": 13, ""-3"": 5, ""1"": 16, ""2"": 8, ""3"": 20}",not assumed,"[0, 0, 1, 2, 2, 2, 2, 2, 2, 2, 2, 2, 2, 2, 2, 2, 2, 2, 2, 2, 2, 2, 3, 3, 3, 3, 3, 3, 3, 3, 3, 3, 3, 3, 3, 3, 3, 3, 3, 3, 3, 3, 3, 3, 3, 4, 4, 4, 4, 4, 4, 4, 4, 4, 5, 5]",56,INHERITED; graph features NEWLY_DERIVED retrospectively,0.357533689,fresh_min_fill,14_MIG_GPU_retained_readout,7,1,1002,256,2,-158,4,161,64cfe33f0098a51325f265b01f6b2e3ac82d8a10ff3e35548d2d1d418828108b,{},historical selected plan; descriptive only
57,N96_INDUCED_TRANSITION_LADDER_V1,1e2e4c31536f2c9048fb3a7bab94b6b3dad2347ad6dc6373308dac98d2eccdf7,986767a29753ce0f33650ae3a63a52aa0afb2514d700ecba9597db36a7000f12,81,0,5,2.8421052631578947,0.9695264476946035,2,"[1, 56]",56,72057594037927938,8,1698,"[25, 31, 32, 21, 1, 11, 12, 17, 23, 28, 29, 34, 37, 39, 42, 43, 44, 48, 50, 52, 55, 13, 15, 20, 16, 36, 0, 6, 18, 27, 41, 46, 4, 8, 45, 54, 3, 19, 22, 51, 7, 35, 5, 33, 9, 40, 47, 14, 2, 10, 24, 26, 30, 38, 49, 53, 56]",226,256,2,869376,144115188075855872,"{""-1"": 16, ""-2"": 13, ""-3"": 5, ""1"": 16, ""2"": 10, ""3"": 21}",not assumed,"[0, 1, 1, 2, 2, 2, 2, 2, 2, 2, 2, 2, 2, 2, 2, 2, 2, 2, 2, 2, 2, 3, 3, 3, 3, 3, 3, 3, 3, 3, 3, 3, 3, 3, 3, 3, 3, 3, 3, 3, 3, 3, 3, 4, 4, 4, 4, 4, 4, 4, 4, 4, 4, 4, 4, 5, 5]",57,INHERITED; graph features NEWLY_DERIVED retrospectively,0.377525696,tie_portfolio,14_MIG_GPU_retained_readout,7,1,1471,256,2,-164,2,167,739e23539917aeba5984d9154f469f201215a6f77c2da9c38088381cba74ea74,{},historical selected plan; descriptive only
58,N96_INDUCED_TRANSITION_LADDER_V1,d819b6df41d03c6e64b8099063eb5eddc81716b1f7fab58076c67a37b81526f6,cca0fa5236bf34624fab111aa12727060e40bf24aefb9370370a75f45cdaf74c,85,0,5,2.9310344827586206,0.9624334991001974,2,"[1, 57]",57,144115188075855874,8,1878,"[25, 31, 32, 21, 1, 11, 12, 28, 29, 34, 37, 39, 42, 43, 48, 50, 52, 55, 13, 15, 20, 16, 36, 0, 6, 17, 18, 22, 27, 41, 46, 4, 8, 54, 19, 24, 49, 51, 7, 2, 35, 57, 5, 9, 26, 10, 40, 44, 14, 3, 23, 30, 33, 38, 45, 47, 53, 56]",235,256,2,961536,288230376151711744,"{""-1"": 16, ""-2"": 15, ""-3"": 5, ""1"": 16, ""2"": 12, ""3"": 21}",not assumed,"[0, 1, 1, 2, 2, 2, 2, 2, 2, 2, 2, 2, 2, 2, 2, 2, 2, 2, 3, 3, 3, 3, 3, 3, 3, 3, 3, 3, 3, 3, 3, 3, 3, 3, 3, 3, 3, 3, 3, 3, 3, 3, 4, 4, 4, 4, 4, 4, 4, 4, 4, 4, 4, 4, 4, 4, 5, 5]",58,INHERITED; graph features NEWLY_DERIVED retrospectively,0.373003144,tie_portfolio,14_MIG_GPU_retained_readout,8,1,1803,256,2,-169,4,172,c4dd374b4de24b075d3503c71a6484ac37bb0693e5d454a91a3ed853228a24c2,{},historical selected plan; descriptive only
59,N96_INDUCED_TRANSITION_LADDER_V1,f68b3fc1c9ae82c9fbfd07aa9523fdeab5350863656bec85e0218de63687a013,5f22e854cf1a906578c06be4d218ee775c3fac81740063d37d49283fa7ccae74,88,0,5,2.983050847457627,0.9827585772423203,2,"[1, 58]",58,288230376151711746,9,2256,"[25, 31, 32, 1, 11, 12, 21, 28, 29, 34, 37, 39, 42, 43, 48, 50, 52, 55, 13, 15, 20, 16, 36, 0, 6, 17, 18, 22, 27, 41, 46, 58, 4, 8, 54, 9, 7, 51, 23, 5, 26, 49, 2, 35, 10, 56, 24, 57, 38, 3, 14, 19, 30, 33, 40, 44, 45, 47, 53]",241,256,2,1155072,576460752303423488,"{""-1"": 16, ""-2"": 17, ""-3"": 5, ""1"": 16, ""2"": 13, ""3"": 21}",not assumed,"[0, 1, 1, 2, 2, 2, 2, 2, 2, 2, 2, 2, 2, 2, 2, 2, 2, 3, 3, 3, 3, 3, 3, 3, 3, 3, 3, 3, 3, 3, 3, 3, 3, 3, 3, 3, 3, 3, 3, 3, 3, 3, 4, 4, 4, 4, 4, 4, 4, 4, 4, 4, 4, 4, 4, 4, 5, 5, 5]",59,INHERITED; graph features NEWLY_DERIVED retrospectively,0.373817409,fresh_min_fill,14_MIG_GPU_retained_readout,8,1,2205,256,2,-173,4,177,4496e96fc2bd24d02e6c029a83c158d1bcc9bdd171c9de1f1bf1be93078dd2e8,{},historical selected plan; descriptive only
60,N96_INDUCED_TRANSITION_LADDER_V1,e3a7aeb77170df2e26a113e029e5973f29ffa6f512083edfcc86f15c3cbb4a1f,0ff04bdb566a8450ef04e17c3ca206247c60c15dc1ec6593ced22365b58b8589,91,0,5,3.033333333333333,1.0322575044801348,2,"[1, 59]",59,576460752303423490,9,2936,"[25, 31, 32, 1, 11, 12, 21, 28, 29, 34, 37, 39, 42, 43, 48, 50, 52, 55, 13, 15, 20, 16, 36, 0, 6, 17, 18, 22, 27, 41, 46, 58, 59, 8, 54, 23, 51, 7, 9, 5, 26, 2, 35, 56, 10, 44, 24, 40, 19, 45, 3, 4, 14, 30, 33, 38, 47, 49, 53, 57]",247,256,3,2254848,1152921504606846976,"{""-1"": 18, ""-2"": 17, ""-3"": 5, ""1"": 16, ""2"": 14, ""3"": 21}",not assumed,"[0, 1, 1, 2, 2, 2, 2, 2, 2, 2, 2, 2, 2, 2, 2, 2, 2, 3, 3, 3, 3, 3, 3, 3, 3, 3, 3, 3, 3, 3, 3, 3, 3, 3, 3, 3, 3, 3, 3, 3, 3, 3, 4, 4, 4, 4, 4, 4, 4, 4, 4, 4, 4, 4, 4, 5, 5, 5, 5, 5]",60,INHERITED; graph features NEWLY_DERIVED retrospectively,0.375024852,fresh_min_fill,14_MIG_GPU_retained_readout,9,1,2661,256,3,-177,4,180,527b02a43c8ba370bc6aa901c8caf81ab9801f3454ef8c1c0e4c335779b8d1e9,{},historical selected plan; descriptive only
61,N96_INDUCED_TRANSITION_LADDER_V1,3bb6cb0976ac1c01c7602fa75a6012faf87e984837d08fa85a876f0bc8fe579c,1db6679f0fa4c024634fd2ed228cfbbbda206e5c94706b1f6c4a2be280c8a3b5,93,0,5,3.0491803278688523,1.015070529863129,2,"[1, 60]",60,1152921504606846978,10,4050,"[25, 31, 1, 11, 12, 28, 29, 32, 34, 37, 39, 42, 43, 48, 50, 52, 55, 60, 13, 15, 20, 36, 0, 6, 17, 18, 21, 22, 27, 41, 46, 59, 8, 54, 58, 23, 45, 51, 7, 9, 35, 5, 26, 10, 44, 24, 56, 40, 47, 2, 3, 4, 14, 16, 19, 30, 33, 38, 49, 53, 57]",251,256,3,3110400,2305843009213693952,"{""-1"": 19, ""-2"": 18, ""-3"": 5, ""1"": 16, ""2"": 14, ""3"": 21}",not assumed,"[0, 1, 2, 2, 2, 2, 2, 2, 2, 2, 2, 2, 2, 2, 2, 2, 2, 2, 3, 3, 3, 3, 3, 3, 3, 3, 3, 3, 3, 3, 3, 3, 3, 3, 3, 3, 3, 3, 3, 3, 3, 3, 4, 4, 4, 4, 4, 4, 4, 4, 4, 4, 4, 4, 4, 4, 5, 5, 5, 5, 5]",61,INHERITED; graph features NEWLY_DERIVED retrospectively,0.376629841,fresh_min_fill,14_MIG_GPU_retained_readout,11,1,7327,256,3,-181,4,182,3ddc0386e2f72584f6ee06ebd0e652e24e118fa71f291ca36fe6ace8ba7824de,{},historical selected plan; descriptive only
62,N96_INDUCED_TRANSITION_LADDER_V1,96e80047ca61dd214669a558f30f4c6012d133ce8a91fa1586564a534e4b4f05,9f9c7be5ccc783511221060aaedb1206c06dbf858cd3b5d099d484ba7df44d1d,98,0,5,3.161290322580645,1.0347751569255124,2,"[1, 61]",61,2305843009213693954,10,4390,"[25, 31, 1, 11, 12, 28, 32, 34, 37, 39, 42, 48, 52, 55, 60, 15, 20, 29, 36, 50, 0, 3, 6, 18, 21, 22, 27, 41, 43, 46, 59, 8, 54, 58, 17, 45, 23, 51, 7, 9, 35, 61, 26, 5, 10, 44, 24, 56, 40, 13, 49, 2, 4, 14, 16, 19, 30, 33, 38, 47, 53, 57]",264,512,3,6743040,4611686018427387904,"{""-1"": 19, ""-2"": 18, ""-3"": 7, ""1"": 18, ""2"": 14, ""3"": 22}",not assumed,"[0, 1, 2, 2, 2, 2, 2, 2, 2, 2, 2, 2, 2, 2, 2, 3, 3, 3, 3, 3, 3, 3, 3, 3, 3, 3, 3, 3, 3, 3, 3, 3, 3, 3, 3, 3, 3, 3, 3, 3, 3, 4, 4, 4, 4, 4, 4, 4, 4, 4, 4, 4, 4, 4, 4, 5, 5, 5, 5, 5, 5, 5]",62,INHERITED; graph features NEWLY_DERIVED retrospectively,0.715100107,fresh_min_fill,14_MIG_GPU_retained_readout,11,1,7539,512,3,-188,4,189,7b3a24e2ab9c6b4dfdde88ac55656b873c1c7fd3cb43ed870bcc80105c3e49fd,{},historical selected plan; descriptive only
63,N96_INDUCED_TRANSITION_LADDER_V1,b0154c65f193f9ee3e0e3e278a54569cdd64a2f876610958a6c50180fa83b331,b83904ac48c2ce76b2f4a4d7cb92fd8976ce9d12ec9366413f798f9262d58d4a,100,0,5,3.1746031746031744,1.062188255512483,2,"[1, 62]",62,4611686018427387906,10,4394,"[25, 31, 1, 11, 62, 12, 28, 32, 34, 37, 39, 42, 48, 52, 55, 60, 15, 20, 29, 36, 50, 0, 3, 6, 18, 21, 22, 27, 41, 43, 46, 59, 8, 54, 58, 17, 45, 23, 51, 7, 9, 35, 61, 26, 5, 10, 44, 24, 56, 40, 13, 49, 2, 4, 14, 16, 19, 30, 33, 38, 47, 53, 57]",270,512,3,6749184,9223372036854775808,"{""-1"": 19, ""-2"": 18, ""-3"": 8, ""1"": 18, ""2"": 15, ""3"": 22}",not assumed,"[0, 1, 2, 2, 2, 2, 2, 2, 2, 2, 2, 2, 2, 2, 2, 2, 3, 3, 3, 3, 3, 3, 3, 3, 3, 3, 3, 3, 3, 3, 3, 3, 3, 3, 3, 3, 3, 3, 3, 3, 3, 4, 4, 4, 4, 4, 4, 4, 4, 4, 4, 4, 4, 4, 4, 5, 5, 5, 5, 5, 5, 5, 5]",63,INHERITED; graph features NEWLY_DERIVED retrospectively,0.733872582,fresh_min_fill,14_MIG_GPU_retained_readout,11,1,7543,512,3,-190,4,193,f506f284b57804a342924860981da414feb1887942b79fa804837eb79bd0d6e4,{},historical selected plan; descriptive only
64,N96_INDUCED_TRANSITION_LADDER_V1,03a8a51f5eefd4d5b1368ae3cc6bb4fc72e027abe10b8261b2db5e6efd3bd1bf,69ab422a328b7029304a18d328ac6405c1a3f2d7185053275a182b9551cecaa7,103,0,5,3.21875,1.0528050329951886,2,"[1, 63]",63,9223372036854775810,10,5110,"[25, 31, 1, 11, 62, 12, 32, 34, 37, 39, 42, 48, 52, 55, 60, 15, 20, 29, 36, 50, 0, 3, 6, 17, 18, 22, 27, 41, 43, 46, 58, 59, 63, 8, 16, 23, 38, 51, 7, 9, 61, 26, 5, 10, 24, 30, 44, 56, 49, 2, 57, 21, 13, 4, 14, 19, 28, 33, 35, 40, 45, 47, 53, 54]",277,512,3,7848960,18446744073709551616,"{""-1"": 20, ""-2"": 20, ""-3"": 8, ""1"": 18, ""2"": 15, ""3"": 22}",not assumed,"[0, 1, 2, 2, 2, 2, 2, 2, 2, 2, 2, 2, 2, 2, 2, 3, 3, 3, 3, 3, 3, 3, 3, 3, 3, 3, 3, 3, 3, 3, 3, 3, 3, 3, 3, 3, 3, 3, 3, 3, 4, 4, 4, 4, 4, 4, 4, 4, 4, 4, 4, 4, 4, 4, 4, 4, 5, 5, 5, 5, 5, 5, 5, 5]",64,INHERITED; graph features NEWLY_DERIVED retrospectively,0.746583753,fresh_min_fill,14_MIG_GPU_retained_readout,10,1,5483,512,3,-193,2,197,e79934b81ebe46c47618c4253e0e6c498ca73e4d02d5e3b4b2a66984783e09aa,{},historical selected plan; descriptive only
65,N96_INDUCED_TRANSITION_LADDER_V1,a7ce05864a9e1a6ca0f1b553ab6c8fef41fdfd21c9c1301c5fe6a27c2f14c7c5,404020a937d335d1c6972e35b1d07f9c2d960ae4da60034cd919ff72fe92d4f7,106,0,5,3.2615384615384615,1.0269734934325314,2,"[1, 64]",64,18446744073709551618,10,5438,"[25, 31, 1, 11, 62, 12, 32, 34, 37, 42, 48, 55, 60, 15, 20, 29, 36, 50, 0, 3, 6, 17, 18, 22, 27, 39, 52, 41, 43, 64, 46, 58, 59, 63, 8, 16, 23, 38, 7, 9, 61, 51, 10, 5, 26, 24, 30, 44, 56, 49, 2, 57, 21, 13, 4, 14, 19, 28, 33, 35, 40, 45, 47, 53, 54]",284,512,3,8352768,36893488147419103232,"{""-1"": 21, ""-2"": 21, ""-3"": 8, ""1"": 18, ""2"": 15, ""3"": 23}",not assumed,"[0, 1, 2, 2, 2, 2, 2, 2, 2, 2, 2, 2, 2, 3, 3, 3, 3, 3, 3, 3, 3, 3, 3, 3, 3, 3, 3, 3, 3, 3, 3, 3, 3, 3, 3, 3, 3, 3, 3, 3, 4, 4, 4, 4, 4, 4, 4, 4, 4, 4, 4, 4, 4, 4, 4, 4, 4, 5, 5, 5, 5, 5, 5, 5, 5]",65,INHERITED; graph features NEWLY_DERIVED retrospectively,0.757182848,fresh_min_fill,14_MIG_GPU_retained_readout,10,1,5955,512,3,-198,2,201,2a62784a70ddeb4ff67185914548c53f1f64ad49671d5a515050f7caae2ab695,{},historical selected plan; descriptive only
66,N96_INDUCED_TRANSITION_LADDER_V1,d765e83e0f0aef7266a2564282cdf49f181aff230e9d25ac5dcbe56feb62e9fe,1c0a8dc14477e8d6d97f22bb58749cca198ce0e854fa461561bf893699fba466,111,0,5,3.3636363636363638,1.0820346103852803,2,"[1, 65]",65,36893488147419103234,10,6834,"[25, 31, 1, 11, 62, 12, 32, 34, 37, 48, 55, 60, 15, 20, 29, 36, 0, 3, 6, 17, 18, 22, 27, 39, 52, 41, 43, 64, 46, 58, 59, 63, 8, 16, 50, 23, 38, 7, 19, 65, 56, 51, 61, 10, 9, 35, 2, 5, 26, 24, 49, 44, 28, 33, 45, 4, 13, 14, 21, 30, 40, 42, 47, 53, 54, 57]",296,512,3,10497024,73786976294838206464,"{""-1"": 21, ""-2"": 22, ""-3"": 9, ""1"": 19, ""2"": 15, ""3"": 25}",not assumed,"[0, 1, 2, 2, 2, 2, 2, 2, 2, 2, 2, 2, 3, 3, 3, 3, 3, 3, 3, 3, 3, 3, 3, 3, 3, 3, 3, 3, 3, 3, 3, 3, 3, 3, 3, 3, 3, 3, 3, 4, 4, 4, 4, 4, 4, 4, 4, 4, 4, 4, 4, 4, 4, 4, 5, 5, 5, 5, 5, 5, 5, 5, 5, 5, 5, 5]",66,INHERITED; graph features NEWLY_DERIVED retrospectively,0.709148664,fresh_min_fill,14_MIG_GPU_retained_readout,10,1,7703,512,3,-202,2,206,3606fcd27922224a5299ab0f7e9ac0c4067ed413a5d33a7cc0906ce4cd177413,{},historical selected plan; descriptive only
67,N96_INDUCED_TRANSITION_LADDER_V1,fd0640328dcb0056660b5fafc8a8879830df454193d28ea94eec5d375f139505,1aa3d94ee66a2d6915cbf162960fd593ff144be463fb7eb01db7746b759445b8,114,0,5,3.4029850746268657,1.0230142978026144,2,"[1, 66]",66,73786976294838206466,11,13804,"[25, 1, 11, 62, 31, 32, 34, 37, 48, 60, 15, 20, 29, 36, 0, 3, 6, 17, 18, 22, 23, 27, 39, 52, 41, 43, 64, 46, 58, 59, 63, 66, 8, 16, 50, 38, 42, 7, 24, 9, 35, 57, 2, 51, 61, 14, 21, 33, 54, 4, 10, 12, 65, 5, 26, 13, 19, 28, 30, 40, 44, 45, 47, 49, 53, 55, 56]",305,512,3,21202944,147573952589676412928,"{""-1"": 21, ""-2"": 22, ""-3"": 10, ""1"": 20, ""2"": 15, ""3"": 26}",not assumed,"[0, 2, 2, 2, 2, 2, 2, 2, 2, 2, 3, 3, 3, 3, 3, 3, 3, 3, 3, 3, 3, 3, 3, 3, 3, 3, 3, 3, 3, 3, 3, 3, 3, 3, 3, 3, 3, 3, 3, 3, 4, 4, 4, 4, 4, 4, 4, 4, 4, 4, 4, 4, 4, 4, 4, 5, 5, 5, 5, 5, 5, 5, 5, 5, 5, 5, 5]",67,INHERITED; graph features NEWLY_DERIVED retrospectively,0.746650833,fresh_min_fill,14_MIG_GPU_retained_readout,11,1,11537,512,3,-205,3,209,9c8df274c992da89c855ac67f592b64e1cb4206fcc9ba565d88662e575333d14,{},historical selected plan; descriptive only
68,N96_INDUCED_TRANSITION_LADDER_V1,d6b168afa1c4ecd92e6b1ef7544ca883e579322e360e0bf7f9cbcec4574d080b,a77c1d39ae296e5a93fb2463940c0985af1dfc8762735404ad6807f4b1703b36,118,0,5,3.4705882352941178,1.0213973737756081,2,"[1, 67]",67,147573952589676412930,12,25708,"[25, 1, 11, 62, 31, 32, 34, 37, 48, 60, 15, 20, 29, 0, 3, 6, 22, 23, 27, 39, 52, 41, 42, 43, 64, 46, 58, 59, 63, 66, 8, 16, 50, 36, 38, 7, 14, 28, 47, 55, 9, 45, 51, 61, 33, 35, 2, 17, 21, 4, 10, 65, 12, 18, 44, 5, 13, 19, 24, 26, 30, 40, 49, 53, 54, 56, 57, 67]",315,512,3,39487488,295147905179352825856,"{""-1"": 21, ""-2"": 22, ""-3"": 11, ""1"": 21, ""2"": 16, ""3"": 27}",not assumed,"[0, 2, 2, 2, 2, 2, 2, 2, 2, 2, 3, 3, 3, 3, 3, 3, 3, 3, 3, 3, 3, 3, 3, 3, 3, 3, 3, 3, 3, 3, 3, 3, 3, 3, 3, 3, 4, 4, 4, 4, 4, 4, 4, 4, 4, 4, 4, 4, 4, 4, 4, 4, 4, 4, 4, 4, 5, 5, 5, 5, 5, 5, 5, 5, 5, 5, 5, 5]",68,INHERITED; graph features NEWLY_DERIVED retrospectively,0.724157172,fresh_min_fill,14_MIG_GPU_retained_readout,14,1,64881,512,3,-211,1,213,bb0f5ad128d1c26d3223904940df273429f65502be0dfde04de86e98f026e067,{},historical selected plan; descriptive only
69,N96_INDUCED_TRANSITION_LADDER_V1,20a7c3fedd444f05b3483897aba12f5e495548d0328a21e4aa539de0ddd62401,1e489cea441a62be7e01898aacd9f095512658cb5f9491d9d3cf900e48ccb20d,121,0,5,3.5072463768115942,1.0303114543290564,2,"[1, 68]",68,295147905179352825858,12,21364,"[25, 1, 11, 62, 31, 32, 34, 37, 48, 60, 15, 20, 29, 0, 3, 6, 22, 23, 27, 39, 52, 41, 42, 43, 64, 59, 63, 66, 68, 8, 16, 50, 33, 38, 7, 14, 67, 28, 47, 55, 9, 46, 58, 45, 2, 35, 51, 61, 54, 36, 17, 57, 56, 65, 10, 19, 4, 5, 12, 13, 18, 21, 24, 26, 30, 40, 44, 49, 53]",322,512,3,32815104,590295810358705651712,"{""-1"": 21, ""-2"": 23, ""-3"": 12, ""1"": 22, ""2"": 16, ""3"": 27}",not assumed,"[0, 2, 2, 2, 2, 2, 2, 2, 2, 2, 3, 3, 3, 3, 3, 3, 3, 3, 3, 3, 3, 3, 3, 3, 3, 3, 3, 3, 3, 3, 3, 3, 3, 3, 3, 4, 4, 4, 4, 4, 4, 4, 4, 4, 4, 4, 4, 4, 4, 4, 4, 4, 4, 4, 4, 4, 5, 5, 5, 5, 5, 5, 5, 5, 5, 5, 5, 5, 5]",69,INHERITED; graph features NEWLY_DERIVED retrospectively,0.727340092,tie_portfolio,14_MIG_GPU_retained_readout,11,1,21129,512,3,-214,1,216,a14a0923be989bfe8361c637af83b45a3a48cc2cf9517ab71f43d87faef78dab,{},historical selected plan; descriptive only
70,N96_INDUCED_TRANSITION_LADDER_V1,80ae1407219e6d19b2a49ec543205a3ac2e73c9a4d0777bf6ba196589ffd1fb8,85d636118149404f1982bd2a1369cd51500a8928b9af647fb33181eda40f06a1,124,0,5,3.5428571428571427,1.0376582741334215,2,"[1, 69]",69,590295810358705651714,12,29272,"[25, 1, 11, 62, 31, 32, 37, 48, 60, 15, 20, 29, 0, 3, 6, 22, 23, 27, 34, 39, 52, 41, 42, 43, 64, 59, 63, 66, 68, 8, 16, 50, 33, 38, 69, 7, 17, 24, 9, 18, 2, 21, 51, 61, 56, 10, 30, 5, 26, 65, 44, 40, 28, 45, 47, 36, 53, 4, 12, 13, 14, 19, 35, 46, 49, 54, 55, 57, 58, 67]",331,512,3,44961792,1180591620717411303424,"{""-1"": 21, ""-2"": 23, ""-3"": 13, ""1"": 22, ""2"": 16, ""3"": 29}",not assumed,"[0, 2, 2, 2, 2, 2, 2, 2, 2, 3, 3, 3, 3, 3, 3, 3, 3, 3, 3, 3, 3, 3, 3, 3, 3, 3, 3, 3, 3, 3, 3, 3, 3, 3, 3, 3, 4, 4, 4, 4, 4, 4, 4, 4, 4, 4, 4, 4, 4, 4, 4, 4, 4, 4, 4, 5, 5, 5, 5, 5, 5, 5, 5, 5, 5, 5, 5, 5, 5, 5]",70,INHERITED; graph features NEWLY_DERIVED retrospectively,0.728133827,tie_portfolio,14_MIG_GPU_retained_readout,12,1,20421,512,3,-219,1,220,c230d0a0f41e5705f123cec121ea0d21195465051186dac2cef476ef1817e200,{},historical selected plan; descriptive only
71,N96_INDUCED_TRANSITION_LADDER_V1,a249cbc29e1a716dc8cb764cbb9efdd6f5cbb8170a7cc0e4bd71c59e1eaa9edd,e895ceecc43687f44b35ba15cbd8d93fe40adaab3c4e2c54f3d1a9d421ebd652,128,1,5,3.6056338028169015,0.9711162916021521,1,[71],71,2361183241434822606848,13,35145,"[25, 1, 11, 62, 31, 48, 60, 15, 20, 29, 0, 3, 6, 22, 23, 27, 32, 34, 39, 52, 41, 42, 43, 64, 59, 63, 66, 68, 8, 50, 33, 37, 38, 69, 7, 17, 45, 9, 55, 58, 51, 61, 67, 70, 46, 65, 10, 5, 26, 19, 30, 4, 12, 56, 2, 16, 28, 13, 14, 18, 21, 24, 35, 36, 40, 44, 47, 49, 53, 54, 57]",340,512,3,53982720,2361183241434822606848,"{""-1"": 22, ""-2"": 23, ""-3"": 14, ""1"": 23, ""2"": 16, ""3"": 30}",not assumed,"[1, 2, 2, 2, 2, 2, 2, 3, 3, 3, 3, 3, 3, 3, 3, 3, 3, 3, 3, 3, 3, 3, 3, 3, 3, 3, 3, 3, 3, 3, 3, 3, 3, 3, 3, 3, 4, 4, 4, 4, 4, 4, 4, 4, 4, 4, 4, 4, 4, 4, 4, 4, 4, 4, 4, 5, 5, 5, 5, 5, 5, 5, 5, 5, 5, 5, 5, 5, 5, 5, 5]",71,INHERITED; graph features NEWLY_DERIVED retrospectively,0.726827316,tie_portfolio,14_MIG_GPU_retained_readout,11,1,24782,512,3,-226,1,226,6d688de0fb5aa9c05202451e87622ad1866c6e5afb8215e4392213b41ab4996f,{},historical selected plan; descriptive only
72,N96_INDUCED_TRANSITION_LADDER_V1,645ec4b5f11db7d843704080284a94872bc81e317cd1f3a9150949add7913874,2c949e8f79d3db8e94006a1e043cf1865a85042263efe0e3794f0385ac4e8ff4,132,1,5,3.6666666666666665,0.927960727138337,1,[72],72,4722366482869645213696,13,43537,"[25, 1, 11, 62, 60, 15, 20, 29, 0, 3, 6, 23, 27, 31, 32, 34, 37, 39, 52, 41, 42, 43, 64, 48, 59, 68, 8, 50, 24, 17, 33, 38, 47, 66, 69, 7, 45, 63, 9, 70, 58, 18, 51, 61, 46, 16, 10, 2, 4, 5, 26, 12, 30, 65, 19, 14, 44, 54, 13, 21, 22, 28, 35, 36, 40, 49, 53, 55, 56, 57, 67, 71]",349,512,3,66872832,4722366482869645213696,"{""-1"": 23, ""-2"": 23, ""-3"": 15, ""1"": 24, ""2"": 17, ""3"": 30}",not assumed,"[1, 2, 2, 2, 2, 3, 3, 3, 3, 3, 3, 3, 3, 3, 3, 3, 3, 3, 3, 3, 3, 3, 3, 3, 3, 3, 3, 3, 3, 3, 3, 3, 3, 3, 4, 4, 4, 4, 4, 4, 4, 4, 4, 4, 4, 4, 4, 4, 4, 4, 4, 4, 4, 4, 4, 4, 5, 5, 5, 5, 5, 5, 5, 5, 5, 5, 5, 5, 5, 5, 5, 5]",72,INHERITED; graph features NEWLY_DERIVED retrospectively,0.734869106,tie_portfolio,14_MIG_GPU_retained_readout,13,1,47526,512,3,-231,2,232,fb5182d0c396f58088f625ef97fb677b924260d42cf270e80d8b7481ba996f3b,{},historical selected plan; descriptive only
73,N96_INDUCED_TRANSITION_LADDER_V1,aed7d0658e1b802fab81f273c2767e0da29b8a233368b3a3aa399d6f364db3aa,02922ed789f3cf7343cc634dd12ca12989dc36bffae5cc0fd62d872fae23be5a,137,1,5,3.7534246575342465,0.9331170611466522,1,[73],73,9444732965739290427392,14,71541,"[25, 11, 62, 60, 15, 20, 29, 0, 3, 6, 24, 27, 31, 32, 34, 37, 38, 39, 52, 41, 42, 43, 64, 55, 59, 68, 8, 50, 28, 33, 47, 69, 7, 45, 48, 67, 12, 19, 70, 1, 51, 58, 61, 4, 46, 23, 63, 16, 65, 9, 10, 5, 26, 2, 14, 30, 54, 44, 13, 17, 18, 21, 22, 35, 36, 40, 49, 53, 56, 57, 66, 71, 72]",358,512,3,109886976,9444732965739290427392,"{""-1"": 25, ""-2"": 23, ""-3"": 16, ""1"": 26, ""2"": 17, ""3"": 30}",not assumed,"[1, 2, 2, 2, 3, 3, 3, 3, 3, 3, 3, 3, 3, 3, 3, 3, 3, 3, 3, 3, 3, 3, 3, 3, 3, 3, 3, 3, 3, 3, 3, 3, 4, 4, 4, 4, 4, 4, 4, 4, 4, 4, 4, 4, 4, 4, 4, 4, 4, 4, 4, 4, 4, 4, 5, 5, 5, 5, 5, 5, 5, 5, 5, 5, 5, 5, 5, 5, 5, 5, 5, 5, 5]",73,INHERITED; graph features NEWLY_DERIVED retrospectively,0.728120338,tie_portfolio,14_MIG_GPU_retained_readout,13,1,58454,512,3,-236,1,237,b94fd8dcb418e3ee3d458584af6890269fa7aae99b3d150c66941e8793641f59,{},historical selected plan; descriptive only
74,N96_INDUCED_TRANSITION_LADDER_V1,e78b7226fdf50fd7721a80d49ca46f6ce861f9aff7d2bfd771467276302f8e50,27bbd81c034e6049fc1c3f96ef55b8d3f6e439915574d3b0b39d82004c1fae69,141,1,5,3.810810810810811,0.9252563658715508,1,[74],74,18889465931478580854784,14,68761,"[25, 60, 62, 11, 15, 20, 29, 0, 3, 6, 24, 27, 31, 32, 34, 37, 38, 41, 42, 52, 55, 59, 68, 8, 39, 50, 28, 33, 43, 64, 47, 69, 7, 45, 48, 67, 12, 19, 70, 1, 58, 73, 51, 4, 46, 5, 10, 65, 9, 26, 61, 23, 71, 16, 30, 66, 56, 54, 17, 2, 13, 14, 18, 21, 22, 35, 36, 40, 44, 49, 53, 57, 63, 72]",368,512,3,105616896,18889465931478580854784,"{""-1"": 26, ""-2"": 25, ""-3"": 16, ""1"": 26, ""2"": 17, ""3"": 31}",not assumed,"[1, 2, 2, 3, 3, 3, 3, 3, 3, 3, 3, 3, 3, 3, 3, 3, 3, 3, 3, 3, 3, 3, 3, 3, 3, 3, 3, 3, 3, 3, 3, 4, 4, 4, 4, 4, 4, 4, 4, 4, 4, 4, 4, 4, 4, 4, 4, 4, 4, 4, 4, 4, 4, 5, 5, 5, 5, 5, 5, 5, 5, 5, 5, 5, 5, 5, 5, 5, 5, 5, 5, 5, 5, 5]",74,INHERITED; graph features NEWLY_DERIVED retrospectively,0.738483414,fresh_min_fill,14_MIG_GPU_retained_readout,14,1,77106,512,3,-236,15,240,d502393f7361fc7278378a459289e1beeae79382ea96e4382a9144c44a7932c3,{},historical selected plan; descriptive only
75,N96_INDUCED_TRANSITION_LADDER_V1,92f9c438314a5d14a80f3ac5b9233d2d47263b37980eab52ecb206c6baf67d55,1dc0cec3b214164a5a555963a987064a4f58cc9efc68d72f565dd25e2d0dbfdb,146,2,5,3.8933333333333335,0.8880440429518247,1,[75],75,37778931862957161709568,15,152915,"[25, 60, 62, 11, 15, 20, 29, 0, 3, 6, 24, 31, 32, 34, 37, 38, 41, 42, 51, 59, 64, 68, 8, 50, 28, 33, 43, 39, 47, 66, 69, 7, 45, 48, 67, 9, 1, 27, 21, 23, 73, 52, 12, 4, 5, 46, 10, 26, 61, 65, 74, 30, 71, 54, 58, 55, 22, 17, 2, 13, 14, 16, 18, 19, 35, 36, 40, 44, 49, 53, 56, 57, 63, 70, 72]",377,512,3,234877440,37778931862957161709568,"{""-1"": 27, ""-2"": 25, ""-3"": 17, ""1"": 28, ""2"": 17, ""3"": 32}",not assumed,"[2, 2, 2, 3, 3, 3, 3, 3, 3, 3, 3, 3, 3, 3, 3, 3, 3, 3, 3, 3, 3, 3, 3, 3, 3, 3, 3, 3, 4, 4, 4, 4, 4, 4, 4, 4, 4, 4, 4, 4, 4, 4, 4, 4, 4, 4, 4, 4, 4, 4, 4, 4, 5, 5, 5, 5, 5, 5, 5, 5, 5, 5, 5, 5, 5, 5, 5, 5, 5, 5, 5, 5, 5, 5, 5]",75,INHERITED; graph features NEWLY_DERIVED retrospectively,0.744142219,fresh_min_fill,14_MIG_GPU_retained_readout,15,1,146892,512,3,-241,12,245,e9bd360e790627ce73e2ba0ee1e12c6aaf965995af55972fbee7527ec17e4ab6,{},historical selected plan; descriptive only
76,N96_INDUCED_TRANSITION_LADDER_V1,a031b239aa72e1a784a0443d2dc69c17a0e958d2a31452ac7860dfab532e1c1d,db2d54839968fc1ad2e4c6ec326f500fecae660096c6cf38996a5a0d691d79bb,149,2,5,3.9210526315789473,0.8850090379368546,1,[76],76,75557863725914323419136,15,156843,"[25, 60, 62, 15, 20, 29, 0, 3, 6, 24, 31, 32, 34, 37, 41, 42, 51, 59, 64, 68, 75, 8, 50, 1, 28, 33, 43, 47, 66, 69, 45, 48, 67, 73, 54, 27, 19, 23, 58, 4, 46, 39, 52, 70, 12, 5, 11, 40, 9, 63, 2, 7, 10, 26, 61, 65, 16, 30, 44, 14, 13, 17, 18, 21, 22, 35, 36, 38, 49, 53, 55, 56, 57, 71, 72, 74]",384,512,3,240910848,75557863725914323419136,"{""-1"": 27, ""-2"": 26, ""-3"": 18, ""1"": 29, ""2"": 17, ""3"": 32}",not assumed,"[2, 2, 2, 3, 3, 3, 3, 3, 3, 3, 3, 3, 3, 3, 3, 3, 3, 3, 3, 3, 3, 3, 3, 3, 3, 3, 3, 4, 4, 4, 4, 4, 4, 4, 4, 4, 4, 4, 4, 4, 4, 4, 4, 4, 4, 4, 4, 4, 4, 4, 4, 4, 5, 5, 5, 5, 5, 5, 5, 5, 5, 5, 5, 5, 5, 5, 5, 5, 5, 5, 5, 5, 5, 5, 5, 5]",76,INHERITED; graph features NEWLY_DERIVED retrospectively,0.745728668,fresh_min_fill,14_MIG_GPU_retained_readout,15,1,178388,512,3,-248,8,250,5158a1fe97f6e7e12b61571f314843dd3876e6ac00cd89ee86caf787ce91e67d,{},historical selected plan; descriptive only
77,N96_INDUCED_TRANSITION_LADDER_V1,445fffaedf9dc3a6d78bbf3c09f36b01289531b9aa4709090ff762f38ec55ce2,de68ad4bc82d000fe09af84424190d2972bf6b42629317e3f77ce7b886743060,153,2,5,3.9740259740259742,0.8969504753159484,1,[77],77,151115727451828646838272,15,192891,"[25, 60, 62, 15, 20, 29, 0, 3, 6, 24, 31, 32, 34, 37, 41, 42, 51, 59, 64, 68, 75, 8, 50, 1, 28, 33, 43, 47, 69, 76, 48, 67, 73, 12, 19, 54, 74, 23, 4, 58, 46, 16, 39, 11, 10, 65, 2, 63, 40, 44, 61, 7, 9, 5, 26, 14, 57, 17, 36, 35, 72, 45, 13, 18, 21, 22, 27, 30, 38, 49, 52, 53, 55, 56, 66, 70, 71]",391,512,3,296280576,151115727451828646838272,"{""-1"": 29, ""-2"": 26, ""-3"": 18, ""1"": 30, ""2"": 18, ""3"": 32}",not assumed,"[2, 2, 2, 3, 3, 3, 3, 3, 3, 3, 3, 3, 3, 3, 3, 3, 3, 3, 3, 3, 3, 3, 3, 3, 3, 3, 4, 4, 4, 4, 4, 4, 4, 4, 4, 4, 4, 4, 4, 4, 4, 4, 4, 4, 4, 4, 4, 4, 4, 4, 5, 5, 5, 5, 5, 5, 5, 5, 5, 5, 5, 5, 5, 5, 5, 5, 5, 5, 5, 5, 5, 5, 5, 5, 5, 5, 5]",77,INHERITED; graph features NEWLY_DERIVED retrospectively,0.775793253,fresh_min_fill,14_MIG_GPU_retained_readout,17,1,610692,512,3,-251,8,253,a9784cd29d6929bd038bbcbaba1e883e7814dc1ef8c1757d10af49310bd09fed,{},historical selected plan; descriptive only
78,N96_INDUCED_TRANSITION_LADDER_V1,6a3bd8d809750dd0ecd926d2bcd6745227e4dca2551b8045d89aadb82272b049,5a976c34f66269cff9d4e0a2ae2b690e1b1e4467ce6fb7789ccf4ce4ff392ba5,158,2,5,4.051282051282051,0.8755574912289166,1,[78],78,302231454903657293676544,18,948847,"[25, 60, 15, 20, 29, 62, 0, 3, 6, 24, 31, 32, 34, 37, 41, 51, 59, 64, 68, 8, 50, 1, 11, 28, 33, 42, 47, 69, 76, 48, 67, 39, 12, 54, 21, 74, 43, 23, 40, 75, 9, 77, 56, 16, 5, 2, 63, 44, 46, 52, 14, 30, 73, 10, 7, 26, 61, 65, 27, 57, 4, 13, 17, 18, 19, 22, 35, 36, 38, 45, 49, 53, 55, 58, 66, 70, 71, 72]",404,512,3,1457428992,302231454903657293676544,"{""-1"": 30, ""-2"": 27, ""-3"": 20, ""1"": 30, ""2"": 19, ""3"": 32}",not assumed,"[2, 2, 3, 3, 3, 3, 3, 3, 3, 3, 3, 3, 3, 3, 3, 3, 3, 3, 3, 3, 3, 3, 3, 3, 4, 4, 4, 4, 4, 4, 4, 4, 4, 4, 4, 4, 4, 4, 4, 4, 4, 4, 4, 4, 4, 4, 4, 4, 5, 5, 5, 5, 5, 5, 5, 5, 5, 5, 5, 5, 5, 5, 5, 5, 5, 5, 5, 5, 5, 5, 5, 5, 5, 5, 5, 5, 5, 5]",78,INHERITED; graph features NEWLY_DERIVED retrospectively,0.780967252,transition_priority,14_MIG_GPU_retained_readout,18,1,688808,512,3,-254,8,256,0ae490e89c2e48ec836494f66cebe36229aae1ee3fd465a6a9c584b136d3de17,{},historical selected plan; descriptive only
79,N96_INDUCED_TRANSITION_LADDER_V1,8f842662e36b9b8a2364c5951d7fb9365d65b70a3c5ce128f50ba5cd472e9361,52c770b6a8ed6f639d8ded5cf7726d339612662a322afafdd3bd79ab3b766ecd,162,2,5,4.10126582278481,0.8508363228762562,1,[79],79,604462909807314587353088,20,2931343,"[25, 60, 15, 20, 29, 0, 3, 6, 24, 32, 34, 37, 41, 51, 59, 64, 68, 8, 50, 1, 33, 42, 47, 62, 11, 66, 69, 48, 63, 67, 39, 16, 76, 56, 74, 23, 2, 7, 9, 77, 61, 17, 38, 58, 46, 73, 78, 12, 52, 27, 22, 19, 40, 10, 43, 65, 75, 30, 13, 54, 49, 4, 5, 14, 18, 21, 26, 28, 31, 35, 36, 44, 45, 53, 55, 57, 70, 71, 72]",410,512,3,4502542848,604462909807314587353088,"{""-1"": 32, ""-2"": 27, ""-3"": 20, ""1"": 32, ""2"": 19, ""3"": 32}",not assumed,"[2, 2, 3, 3, 3, 3, 3, 3, 3, 3, 3, 3, 3, 3, 3, 3, 3, 3, 3, 3, 3, 4, 4, 4, 4, 4, 4, 4, 4, 4, 4, 4, 4, 4, 4, 4, 4, 4, 4, 4, 4, 4, 4, 4, 4, 4, 4, 4, 5, 5, 5, 5, 5, 5, 5, 5, 5, 5, 5, 5, 5, 5, 5, 5, 5, 5, 5, 5, 5, 5, 5, 5, 5, 5, 5, 5, 5, 5, 5]",79,INHERITED; graph features NEWLY_DERIVED retrospectively,0.782065815,fresh_min_fill,14_MIG_GPU_retained_readout,18,1,1177136,512,3,-260,8,262,bf9f05bd96bb3f0214ccd2a9e6b96895d48a4fcc22adb6d81317d673514ee59d,{},historical selected plan; descriptive only
80,N96_INDUCED_TRANSITION_LADDER_V1,e0768c427800ea265d9d8aed1e401fe560866246a7d336bc556ada0bdb580e7c,943df0e82445feae09928be7af24b337ee45bf1f96d77a5aa68eb7a83c4d9c6f,166,2,5,4.15,0.8077747210701756,1,[80],80,1208925819614629174706176,19,3325231,"[25, 60, 15, 20, 29, 0, 6, 24, 32, 37, 41, 51, 59, 64, 68, 8, 50, 33, 34, 42, 47, 62, 11, 66, 3, 38, 48, 63, 67, 39, 16, 69, 76, 56, 74, 23, 7, 9, 77, 61, 2, 17, 58, 46, 1, 73, 78, 12, 52, 27, 22, 19, 10, 43, 65, 30, 13, 40, 54, 75, 49, 4, 5, 14, 18, 21, 26, 28, 31, 35, 36, 44, 45, 53, 55, 57, 70, 71, 72, 79]",418,512,3,5107554816,1208925819614629174706176,"{""-1"": 33, ""-2"": 27, ""-3"": 21, ""1"": 33, ""2"": 20, ""3"": 32}",not assumed,"[2, 2, 3, 3, 3, 3, 3, 3, 3, 3, 3, 3, 3, 3, 3, 3, 3, 4, 4, 4, 4, 4, 4, 4, 4, 4, 4, 4, 4, 4, 4, 4, 4, 4, 4, 4, 4, 4, 4, 4, 4, 4, 4, 4, 4, 4, 4, 4, 4, 5, 5, 5, 5, 5, 5, 5, 5, 5, 5, 5, 5, 5, 5, 5, 5, 5, 5, 5, 5, 5, 5, 5, 5, 5, 5, 5, 5, 5, 5, 5]",80,INHERITED; graph features NEWLY_DERIVED retrospectively,0.808799461,transition_priority,14_MIG_GPU_retained_readout,17,1,672760,512,3,-262,4,266,cceaf72e22588976b5851d548288fc0b67cf2ab4a39e91515f827c6d2633b70c,{},historical selected plan; descriptive only
81,N96_INDUCED_TRANSITION_LADDER_V1,a7aa07ced745a30b5a4e5ce07742ac1ad48cfa999b47f2e9b5a971d5e1df3f01,a44aa0a4ea9c9cbc1672d4942815975347011434ee93b12c0f3c1c82ff5b875c,170,2,5,4.197530864197531,0.7765029725193278,1,[81],81,2417851639229258349412352,20,6647851,"[60, 15, 20, 29, 0, 6, 24, 25, 32, 37, 41, 51, 59, 64, 50, 34, 42, 47, 62, 11, 66, 3, 33, 68, 38, 48, 63, 67, 39, 8, 16, 69, 76, 56, 23, 19, 78, 61, 7, 74, 2, 17, 1, 73, 58, 46, 9, 12, 77, 52, 27, 10, 43, 65, 30, 13, 40, 54, 75, 18, 28, 22, 4, 5, 14, 21, 26, 31, 35, 36, 44, 45, 49, 53, 55, 57, 70, 71, 72, 79, 80]",428,512,3,10211099136,2417851639229258349412352,"{""-1"": 33, ""-2"": 27, ""-3"": 22, ""1"": 34, ""2"": 21, ""3"": 33}",not assumed,"[2, 3, 3, 3, 3, 3, 3, 3, 3, 3, 3, 3, 3, 3, 3, 3, 4, 4, 4, 4, 4, 4, 4, 4, 4, 4, 4, 4, 4, 4, 4, 4, 4, 4, 4, 4, 4, 4, 4, 4, 4, 4, 4, 4, 4, 4, 4, 4, 5, 5, 5, 5, 5, 5, 5, 5, 5, 5, 5, 5, 5, 5, 5, 5, 5, 5, 5, 5, 5, 5, 5, 5, 5, 5, 5, 5, 5, 5, 5, 5, 5]",81,INHERITED; graph features NEWLY_DERIVED retrospectively,0.835143468,tie_portfolio,14_MIG_GPU_retained_readout,19,1,2157892,512,3,-264,4,270,df2fc995c004a35bcba887c7b4b583ddf9b4738454a9a6c2c9f39d60d53011bf,{},historical selected plan; descriptive only
82,N96_INDUCED_TRANSITION_LADDER_V1,24c1a5ae9bb2ff0de52b3ec133ba564c3aed245446e284119ef9ea4e64d7163b,bd89fac87120d44109535955932bc46357101fa4cb3567c1850c4579f1c17de6,174,2,5,4.2439024390243905,0.7418003085729536,1,[82],82,4835703278458516698824704,21,6826107,"[60, 15, 20, 29, 0, 6, 25, 32, 41, 51, 59, 64, 50, 34, 42, 62, 11, 66, 3, 22, 81, 23, 33, 68, 38, 48, 63, 67, 39, 8, 16, 76, 14, 4, 37, 19, 74, 78, 61, 2, 58, 46, 47, 75, 17, 73, 12, 9, 24, 44, 72, 69, 57, 27, 35, 36, 79, 7, 10, 77, 1, 5, 13, 18, 21, 26, 28, 30, 31, 40, 43, 45, 49, 52, 53, 54, 55, 56, 65, 70, 71, 80]",439,512,3,10484900352,4835703278458516698824704,"{""-1"": 33, ""-2"": 29, ""-3"": 23, ""1"": 34, ""2"": 22, ""3"": 33}",not assumed,"[2, 3, 3, 3, 3, 3, 3, 3, 3, 3, 3, 3, 3, 4, 4, 4, 4, 4, 4, 4, 4, 4, 4, 4, 4, 4, 4, 4, 4, 4, 4, 4, 4, 4, 4, 4, 4, 4, 4, 4, 4, 4, 4, 4, 4, 4, 4, 4, 5, 5, 5, 5, 5, 5, 5, 5, 5, 5, 5, 5, 5, 5, 5, 5, 5, 5, 5, 5, 5, 5, 5, 5, 5, 5, 5, 5, 5, 5, 5, 5, 5, 5]",82,INHERITED; graph features NEWLY_DERIVED retrospectively,0.829767872,transition_priority,14_MIG_GPU_retained_readout,18,1,2158500,512,3,-267,2,272,bd40c8755585f8e27cf3c7d31e3cfefe6074fbba86a172c637bf8b7229d664c3,{},historical selected plan; descriptive only
83,N96_INDUCED_TRANSITION_LADDER_V1,8bc5fa38060f57ee62ea77c27480f0cd609722fb189fe4d912537e971c0bae89,ec96ba0ad20ce7b3738431e1ba2cc0043af2ce4aef4cf727ab479cd6cdba949d,178,2,5,4.289156626506024,0.7368137277793086,1,[83],83,9671406556917033397649408,21,9958635,"[60, 15, 20, 0, 6, 12, 25, 32, 41, 51, 59, 64, 50, 34, 42, 62, 11, 76, 82, 24, 3, 33, 68, 38, 48, 63, 67, 39, 8, 16, 47, 56, 37, 69, 19, 55, 78, 61, 7, 2, 52, 66, 73, 1, 17, 58, 77, 71, 9, 65, 10, 43, 46, 27, 70, 49, 13, 30, 40, 75, 14, 57, 4, 5, 18, 21, 22, 23, 26, 28, 29, 31, 35, 36, 44, 45, 53, 54, 72, 74, 79, 80, 81]",448,512,3,15296463360,9671406556917033397649408,"{""-1"": 34, ""-2"": 30, ""-3"": 24, ""1"": 34, ""2"": 23, ""3"": 33}",not assumed,"[2, 3, 3, 3, 3, 3, 3, 3, 3, 3, 3, 3, 4, 4, 4, 4, 4, 4, 4, 4, 4, 4, 4, 4, 4, 4, 4, 4, 4, 4, 4, 4, 4, 4, 4, 4, 4, 4, 4, 4, 4, 4, 4, 4, 4, 4, 5, 5, 5, 5, 5, 5, 5, 5, 5, 5, 5, 5, 5, 5, 5, 5, 5, 5, 5, 5, 5, 5, 5, 5, 5, 5, 5, 5, 5, 5, 5, 5, 5, 5, 5, 5, 5]",83,INHERITED; graph features NEWLY_DERIVED retrospectively,0.866122528,tie_portfolio,14_MIG_GPU_retained_readout,19,1,3179716,512,3,-268,17,275,670dd8e4dadc5740378e056230699599565440f58d9a1a223d536b3a75977237,{},historical selected plan; descriptive only
84,N96_INDUCED_TRANSITION_LADDER_V1,87e50f929aae0668d5104e5418201bb1a55e05f9990e161d8608b4272056b2f4,a9276261b491353b7a97dfe6fa8053ce22f644b61fc21d0b3c8e160a13727b0c,183,2,5,4.357142857142857,0.7342449497671083,1,[84],84,19342813113834066795298816,22,15123219,"[60, 15, 20, 0, 6, 12, 32, 41, 51, 59, 64, 50, 34, 62, 11, 76, 82, 24, 3, 25, 33, 38, 48, 63, 67, 39, 8, 16, 47, 68, 19, 56, 37, 69, 55, 65, 7, 43, 2, 52, 40, 66, 17, 77, 22, 58, 72, 79, 42, 9, 61, 75, 10, 73, 78, 27, 74, 46, 57, 35, 36, 1, 4, 5, 13, 14, 18, 21, 23, 26, 28, 29, 30, 31, 44, 45, 49, 53, 54, 70, 71, 80, 81, 83]",460,512,3,23229264384,19342813113834066795298816,"{""-1"": 35, ""-2"": 32, ""-3"": 24, ""1"": 34, ""2"": 24, ""3"": 34}",not assumed,"[2, 3, 3, 3, 3, 3, 3, 3, 3, 3, 3, 4, 4, 4, 4, 4, 4, 4, 4, 4, 4, 4, 4, 4, 4, 4, 4, 4, 4, 4, 4, 4, 4, 4, 4, 4, 4, 4, 4, 4, 4, 4, 5, 5, 5, 5, 5, 5, 5, 5, 5, 5, 5, 5, 5, 5, 5, 5, 5, 5, 5, 5, 5, 5, 5, 5, 5, 5, 5, 5, 5, 5, 5, 5, 5, 5, 5, 5, 5, 5, 5, 5, 5, 5]",84,INHERITED; graph features NEWLY_DERIVED retrospectively,0.938010375,tie_portfolio,14_MIG_GPU_retained_readout,22,1,15661356,512,3,-280,2,283,53fbb0c9531a67966469169fdc10e08a0fad2aa8d9e4a5dfeecefc240a30ed96,{},historical selected plan; descriptive only
85,N96_INDUCED_TRANSITION_LADDER_V1,ad35b6e6eab612c4b1fd988e7f9f170fd004fba8fd58bf821b8114abb22596e7,2d415cf8e1e2b07fca8f2d10ba88831579ffcad92bbd27e35b87cc70dc8e4060,187,2,5,4.4,0.7227398848662433,1,[85],85,38685626227668133590597632,22,21267851,"[60, 15, 20, 0, 6, 12, 41, 51, 59, 64, 50, 16, 34, 62, 11, 76, 82, 24, 84, 21, 3, 25, 33, 38, 48, 67, 39, 8, 47, 68, 42, 56, 37, 69, 55, 61, 7, 9, 77, 52, 63, 2, 66, 73, 17, 32, 78, 1, 22, 81, 57, 49, 27, 74, 65, 10, 43, 19, 30, 14, 46, 36, 4, 5, 13, 18, 23, 26, 28, 29, 31, 35, 40, 44, 45, 53, 54, 58, 70, 71, 72, 75, 79, 80, 83]",467,512,3,32667419136,38685626227668133590597632,"{""-1"": 35, ""-2"": 33, ""-3"": 24, ""1"": 36, ""2"": 25, ""3"": 34}",not assumed,"[2, 3, 3, 3, 3, 3, 3, 3, 3, 3, 4, 4, 4, 4, 4, 4, 4, 4, 4, 4, 4, 4, 4, 4, 4, 4, 4, 4, 4, 4, 4, 4, 4, 4, 4, 4, 4, 4, 4, 4, 5, 5, 5, 5, 5, 5, 5, 5, 5, 5, 5, 5, 5, 5, 5, 5, 5, 5, 5, 5, 5, 5, 5, 5, 5, 5, 5, 5, 5, 5, 5, 5, 5, 5, 5, 5, 5, 5, 5, 5, 5, 5, 5, 5, 5]",85,INHERITED; graph features NEWLY_DERIVED retrospectively,0.937699627,tie_portfolio,14_MIG_GPU_retained_readout,21,1,9349652,512,3,-285,2,289,4bb4d8eb7626ee736f202f11e49ec116d6e09ac408f8e6cb558e11a108328405,{},historical selected plan; descriptive only
86,N96_INDUCED_TRANSITION_LADDER_V1,6160bc0c93370e37bf413dc119a24faf77ed4208e06e86e85b6b9ab5e426a4c6,56442502b8a722a50ea1b3b932c8dfb47845545c249196eb1d25367b8ef6f233,191,2,5,4.441860465116279,0.7088256118199149,1,[86],86,77371252455336267181195264,22,28822451,"[60, 15, 20, 0, 12, 41, 51, 59, 64, 50, 16, 34, 62, 11, 82, 24, 3, 6, 21, 25, 33, 38, 48, 67, 39, 8, 47, 66, 68, 84, 42, 56, 37, 69, 61, 27, 2, 55, 73, 52, 7, 9, 77, 63, 17, 78, 1, 32, 22, 81, 57, 49, 76, 74, 65, 10, 43, 19, 85, 30, 14, 46, 36, 4, 5, 13, 18, 23, 26, 28, 29, 31, 35, 40, 44, 45, 53, 54, 58, 70, 71, 72, 75, 79, 80, 83]",477,512,3,44271284736,77371252455336267181195264,"{""-1"": 35, ""-2"": 33, ""-3"": 24, ""1"": 37, ""2"": 26, ""3"": 36}",not assumed,"[2, 3, 3, 3, 3, 3, 3, 3, 3, 4, 4, 4, 4, 4, 4, 4, 4, 4, 4, 4, 4, 4, 4, 4, 4, 4, 4, 4, 4, 4, 4, 4, 4, 4, 4, 4, 4, 4, 5, 5, 5, 5, 5, 5, 5, 5, 5, 5, 5, 5, 5, 5, 5, 5, 5, 5, 5, 5, 5, 5, 5, 5, 5, 5, 5, 5, 5, 5, 5, 5, 5, 5, 5, 5, 5, 5, 5, 5, 5, 5, 5, 5, 5, 5, 5, 5]",86,INHERITED; graph features NEWLY_DERIVED retrospectively,0.91772685,tie_portfolio,14_MIG_GPU_retained_readout,21,1,9663548,512,3,-293,6,296,bcb0ab881240a3c6acbdf4f3eeef67914c527c7492d641e63a05d2c3098c5729,{},historical selected plan; descriptive only
87,N96_INDUCED_TRANSITION_LADDER_V1,d5999846c0584a9633964a8b0dad6c36880753f757e96b756984a2c4ed4559d6,79d702f8631e6b005b45d8f9b8b1b2a2cd8f1da5dd8dcf37f5d1a188bb440e5e,196,2,5,4.505747126436781,0.6759168012868578,1,[87],87,154742504910672534362390528,26,166450211,"[60, 15, 20, 0, 12, 41, 51, 50, 16, 34, 82, 24, 3, 6, 21, 25, 33, 38, 39, 48, 59, 67, 8, 52, 47, 68, 77, 11, 84, 55, 56, 78, 37, 69, 61, 2, 27, 73, 42, 7, 9, 63, 17, 1, 32, 64, 66, 62, 22, 81, 57, 36, 76, 74, 72, 44, 79, 35, 43, 4, 5, 10, 13, 14, 18, 19, 23, 26, 28, 29, 30, 31, 40, 45, 46, 49, 53, 54, 58, 65, 70, 71, 75, 80, 83, 85, 86]",487,512,3,255667524096,154742504910672534362390528,"{""-1"": 36, ""-2"": 35, ""-3"": 24, ""1"": 38, ""2"": 26, ""3"": 37}",not assumed,"[2, 3, 3, 3, 3, 3, 3, 4, 4, 4, 4, 4, 4, 4, 4, 4, 4, 4, 4, 4, 4, 4, 4, 4, 4, 4, 4, 4, 4, 4, 4, 4, 4, 4, 4, 5, 5, 5, 5, 5, 5, 5, 5, 5, 5, 5, 5, 5, 5, 5, 5, 5, 5, 5, 5, 5, 5, 5, 5, 5, 5, 5, 5, 5, 5, 5, 5, 5, 5, 5, 5, 5, 5, 5, 5, 5, 5, 5, 5, 5, 5, 5, 5, 5, 5, 5, 5]",87,INHERITED; graph features NEWLY_DERIVED retrospectively,1.015460888,tie_portfolio,14_MIG_GPU_retained_readout,20,1,9111100,512,3,-293,12,297,5409b6f4715d4178b1a8cf15fdd7cbb2a87705fdcac39069b7f7ee7dad88e35b,{},historical selected plan; descriptive only
88,N96_INDUCED_TRANSITION_LADDER_V1,68ace9b6f03948c280af81b1b51ebc72b52f4587c94460a70df5c3ae86632ea1,114fb989d5ec62cbf483788d83475ecdfad12802e5c0e9011a983df59f20608a,200,2,5,4.545454545454546,0.655554777357089,1,[88],88,309485009821345068724781056,24,108552347,"[60, 0, 12, 20, 41, 51, 15, 50, 16, 34, 82, 24, 3, 6, 21, 25, 33, 39, 48, 59, 67, 8, 47, 68, 77, 11, 84, 64, 55, 56, 38, 78, 37, 69, 27, 61, 42, 7, 9, 63, 17, 2, 32, 66, 73, 52, 62, 1, 22, 81, 57, 49, 76, 74, 65, 10, 43, 19, 85, 30, 14, 46, 36, 4, 5, 13, 18, 23, 26, 28, 29, 31, 35, 40, 44, 45, 53, 54, 58, 70, 71, 72, 75, 79, 80, 83, 86, 87]",499,512,3,166736404992,309485009821345068724781056,"{""-1"": 36, ""-2"": 35, ""-3"": 25, ""1"": 39, ""2"": 26, ""3"": 39}",not assumed,"[2, 3, 3, 3, 3, 3, 4, 4, 4, 4, 4, 4, 4, 4, 4, 4, 4, 4, 4, 4, 4, 4, 4, 4, 4, 4, 4, 4, 4, 4, 4, 4, 4, 5, 5, 5, 5, 5, 5, 5, 5, 5, 5, 5, 5, 5, 5, 5, 5, 5, 5, 5, 5, 5, 5, 5, 5, 5, 5, 5, 5, 5, 5, 5, 5, 5, 5, 5, 5, 5, 5, 5, 5, 5, 5, 5, 5, 5, 5, 5, 5, 5, 5, 5, 5, 5, 5, 5]",88,INHERITED; graph features NEWLY_DERIVED retrospectively,1.282037157,tie_portfolio,14_MIG_GPU_retained_readout,18,16,22404032,512,3,-305,4,305,5dafd4c0baf32701b99f118678aa0955c738a435b90f23c04eb01631105576b3,{},historical selected plan; descriptive only
89,N96_INDUCED_TRANSITION_LADDER_V1,3d0509bb1bd883dcf90392f4fdd79848ab77ca0aade9735cf1f78b7b692fd37d,25d1fca40ca926b462c3f7e1e1d48d0e7a43c906cf0b2423703ee6d20c036175,205,2,5,4.606741573033708,0.611095489478074,1,[89],89,618970019642690137449562112,26,291639163,"[60, 0, 20, 41, 15, 50, 16, 34, 82, 24, 3, 12, 25, 33, 39, 48, 51, 59, 67, 85, 47, 68, 77, 11, 55, 56, 63, 78, 32, 7, 9, 38, 37, 69, 61, 42, 64, 27, 17, 2, 80, 66, 10, 73, 52, 1, 22, 6, 21, 81, 65, 43, 62, 76, 86, 57, 36, 40, 75, 30, 14, 46, 4, 5, 8, 13, 18, 19, 23, 26, 28, 29, 31, 35, 44, 45, 49, 53, 54, 58, 70, 71, 72, 74, 79, 83, 84, 87, 88]",512,1024,4,1194554011648,618970019642690137449562112,"{""-1"": 37, ""-2"": 37, ""-3"": 27, ""1"": 39, ""2"": 26, ""3"": 39}",not assumed,"[2, 3, 3, 3, 4, 4, 4, 4, 4, 4, 4, 4, 4, 4, 4, 4, 4, 4, 4, 4, 4, 4, 4, 4, 4, 4, 4, 4, 4, 4, 5, 5, 5, 5, 5, 5, 5, 5, 5, 5, 5, 5, 5, 5, 5, 5, 5, 5, 5, 5, 5, 5, 5, 5, 5, 5, 5, 5, 5, 5, 5, 5, 5, 5, 5, 5, 5, 5, 5, 5, 5, 5, 5, 5, 5, 5, 5, 5, 5, 5, 5, 5, 5, 5, 5, 5, 5, 5, 5]",89,INHERITED; graph features NEWLY_DERIVED retrospectively,1.355157078,fresh_min_fill,14_MIG_GPU_retained_readout,18,16,29439616,512,4,-308,2,308,32cbf0c5572951833f1810336321e187460e06631e9d8dec03e8ddae478d35a5,{},historical selected plan; descriptive only
90,N96_INDUCED_TRANSITION_LADDER_V1,6eb160420fa48047e1e8b134dd33e3fd7cdf46a24a92f216b327b4e2515fa9fd,6b3e60db691983154e059577c5a5e4ad912c1b3e9347d81507a90c49fe59e463,210,2,5,4.666666666666667,0.5962847939999439,1,[90],90,1237940039285380274899124224,28,951809499,"[60, 0, 20, 41, 15, 16, 34, 3, 12, 22, 25, 33, 48, 51, 59, 67, 81, 50, 68, 77, 11, 14, 23, 39, 63, 76, 78, 32, 6, 8, 38, 37, 4, 42, 61, 79, 52, 58, 31, 47, 84, 19, 73, 13, 17, 29, 55, 7, 89, 62, 9, 40, 2, 86, 10, 88, 46, 30, 75, 36, 69, 1, 5, 18, 21, 24, 26, 27, 28, 35, 43, 44, 45, 49, 53, 54, 56, 57, 64, 65, 66, 70, 71, 72, 74, 80, 82, 83, 85, 87]",521,1024,4,3898611707904,1237940039285380274899124224,"{""-1"": 40, ""-2"": 37, ""-3"": 27, ""1"": 39, ""2"": 27, ""3"": 40}",not assumed,"[2, 3, 3, 3, 4, 4, 4, 4, 4, 4, 4, 4, 4, 4, 4, 4, 4, 4, 4, 4, 4, 4, 4, 4, 4, 5, 5, 5, 5, 5, 5, 5, 5, 5, 5, 5, 5, 5, 5, 5, 5, 5, 5, 5, 5, 5, 5, 5, 5, 5, 5, 5, 5, 5, 5, 5, 5, 5, 5, 5, 5, 5, 5, 5, 5, 5, 5, 5, 5, 5, 5, 5, 5, 5, 5, 5, 5, 5, 5, 5, 5, 5, 5, 5, 5, 5, 5, 5, 5, 5]",90,INHERITED; graph features NEWLY_DERIVED retrospectively,2.976110858,fresh_min_fill,14_MIG_GPU_retained_readout,18,32,58879232,1024,4,-311,8,310,f12a1860cacb801a7567f863f3f71318c7844dd316ab309c0d6220c4047d5d93,{},historical selected plan; descriptive only
91,N96_INDUCED_TRANSITION_LADDER_V1,8f7b2c6838b37185033f9102570def60b6dc107acc71d069de2f14535fcbcf81,6b32983f6672646de1094be660ee991c3c806425cdfd395dc6af584d4fb1660c,215,2,5,4.725274725274725,0.5754297785312548,1,[91],91,2475880078570760549798248448,27,672986075,"[60, 0, 20, 41, 16, 79, 12, 22, 25, 33, 48, 51, 59, 67, 81, 15, 50, 68, 77, 11, 14, 23, 28, 39, 13, 76, 6, 8, 21, 31, 38, 34, 2, 62, 70, 84, 4, 61, 52, 18, 47, 73, 90, 29, 63, 64, 9, 7, 24, 44, 83, 35, 27, 54, 82, 5, 26, 66, 32, 10, 43, 65, 86, 46, 58, 1, 3, 17, 19, 30, 36, 37, 40, 42, 45, 49, 53, 55, 56, 57, 69, 71, 72, 74, 75, 78, 80, 85, 87, 88, 89]",537,1024,4,2756550963200,2475880078570760549798248448,"{""-1"": 40, ""-2"": 38, ""-3"": 28, ""1"": 39, ""2"": 27, ""3"": 43}",not assumed,"[2, 3, 3, 3, 4, 4, 4, 4, 4, 4, 4, 4, 4, 4, 4, 4, 4, 4, 4, 4, 5, 5, 5, 5, 5, 5, 5, 5, 5, 5, 5, 5, 5, 5, 5, 5, 5, 5, 5, 5, 5, 5, 5, 5, 5, 5, 5, 5, 5, 5, 5, 5, 5, 5, 5, 5, 5, 5, 5, 5, 5, 5, 5, 5, 5, 5, 5, 5, 5, 5, 5, 5, 5, 5, 5, 5, 5, 5, 5, 5, 5, 5, 5, 5, 5, 5, 5, 5, 5, 5, 5]",91,INHERITED; graph features NEWLY_DERIVED retrospectively,3.196758329,transition_priority,14_MIG_GPU_retained_readout,18,32,63801600,1024,4,-323,8,322,5bdaec03d7547368babf2be5748f3f38e409b6c9440ac54d9d010f65b58f40ca,{},historical selected plan; descriptive only
92,N96_INDUCED_TRANSITION_LADDER_V1,cdfd0e581f3198357dea35f17eac8900e410dd91d2a8e8a19fa845b16fcd0879,db3f1d90469edce7438a20541e8f18a4ac1a591d9f9cc195b32da567c4cd8c45,220,3,5,4.782608695652174,0.5070392952039392,1,[92],92,4951760157141521099596496896,26,369382079,"[0, 20, 41, 60, 12, 22, 25, 33, 51, 67, 81, 15, 16, 34, 50, 68, 77, 3, 11, 14, 23, 39, 48, 63, 76, 78, 4, 6, 8, 38, 70, 84, 19, 65, 52, 18, 61, 47, 86, 31, 90, 7, 1, 73, 29, 64, 24, 46, 58, 10, 9, 43, 88, 89, 27, 59, 32, 2, 79, 17, 30, 62, 66, 57, 69, 5, 13, 21, 26, 28, 35, 36, 37, 40, 42, 44, 45, 49, 53, 54, 55, 56, 71, 72, 74, 75, 80, 82, 83, 85, 87, 91]",547,1024,4,1512988995584,4951760157141521099596496896,"{""-1"": 42, ""-2"": 39, ""-3"": 28, ""1"": 40, ""2"": 27, ""3"": 44}",not assumed,"[3, 3, 3, 3, 4, 4, 4, 4, 4, 4, 4, 4, 4, 4, 4, 4, 5, 5, 5, 5, 5, 5, 5, 5, 5, 5, 5, 5, 5, 5, 5, 5, 5, 5, 5, 5, 5, 5, 5, 5, 5, 5, 5, 5, 5, 5, 5, 5, 5, 5, 5, 5, 5, 5, 5, 5, 5, 5, 5, 5, 5, 5, 5, 5, 5, 5, 5, 5, 5, 5, 5, 5, 5, 5, 5, 5, 5, 5, 5, 5, 5, 5, 5, 5, 5, 5, 5, 5, 5, 5, 5, 5]",92,INHERITED; graph features NEWLY_DERIVED retrospectively,3.156243429,transition_priority,14_MIG_GPU_retained_readout,18,32,74167936,1024,4,-325,8,325,8a8ded14ddb04bfe6257675b52746aeb940a0dabc0075a8260cab95ae39d54cf,{},historical selected plan; descriptive only
93,N96_INDUCED_TRANSITION_LADDER_V1,f04e7a54ec708912f87301e70fd699a0d64088c2f7162078084e487e2fa2d0a8,00e76955329504b6fddb1ff0dfed0dcdf5f301b079a2e657e807dd3c6fc2cc5f,225,4,5,4.838709677419355,0.3677985242255284,1,[93],93,9903520314283042199192993792,28,1093014815,"[0, 16, 20, 22, 25, 32, 33, 41, 51, 67, 81, 15, 34, 50, 63, 68, 77, 3, 11, 12, 14, 23, 39, 76, 78, 4, 6, 8, 38, 48, 37, 42, 61, 52, 84, 86, 31, 90, 13, 19, 7, 47, 60, 73, 29, 17, 1, 27, 46, 58, 74, 9, 89, 36, 57, 24, 69, 49, 10, 88, 62, 66, 40, 91, 2, 5, 18, 21, 26, 28, 30, 35, 43, 44, 45, 53, 54, 55, 56, 59, 64, 65, 70, 71, 72, 75, 79, 80, 82, 83, 85, 87, 92]",560,1024,4,4476988682240,9903520314283042199192993792,"{""-1"": 42, ""-2"": 40, ""-3"": 30, ""1"": 40, ""2"": 29, ""3"": 44}",not assumed,"[4, 4, 4, 4, 4, 4, 4, 4, 4, 4, 4, 4, 4, 4, 4, 5, 5, 5, 5, 5, 5, 5, 5, 5, 5, 5, 5, 5, 5, 5, 5, 5, 5, 5, 5, 5, 5, 5, 5, 5, 5, 5, 5, 5, 5, 5, 5, 5, 5, 5, 5, 5, 5, 5, 5, 5, 5, 5, 5, 5, 5, 5, 5, 5, 5, 5, 5, 5, 5, 5, 5, 5, 5, 5, 5, 5, 5, 5, 5, 5, 5, 5, 5, 5, 5, 5, 5, 5, 5, 5, 5, 5, 5]",93,INHERITED; graph features NEWLY_DERIVED retrospectively,5.575601825,tie_portfolio,14_MIG_GPU_retained_readout,21,32,256825984,1024,4,-336,4,336,4864db4140137efe06c8e9d0e4bf40f2f57c8df8e8c30fe238f8a018d69e230b,{},historical selected plan; descriptive only
94,N96_INDUCED_TRANSITION_LADDER_V1,a9b7b9349482f7e66c401bf194680dc65dd38177c7c9c3998fd601adadd3b790,abfb5968f0775691431b6f16a8ba791cb9124bf59b89d6561deabd15b8b55d08,230,4,5,4.8936170212765955,0.30832716481254124,1,[94],94,19807040628566084398385987584,28,706263199,"[0, 24, 47, 25, 33, 51, 60, 67, 90, 37, 50, 68, 69, 77, 2, 11, 28, 39, 13, 54, 93, 55, 72, 56, 85, 5, 7, 9, 12, 21, 40, 59, 71, 62, 82, 79, 87, 42, 57, 8, 64, 35, 27, 66, 70, 43, 84, 10, 65, 19, 6, 75, 61, 30, 26, 88, 76, 49, 44, 31, 17, 18, 23, 29, 74, 83, 89, 4, 41, 86, 53, 16, 20, 1, 3, 14, 15, 22, 32, 34, 36, 38, 45, 46, 48, 52, 58, 63, 73, 78, 80, 81, 91, 92]",571,1024,4,2892854063104,19807040628566084398385987584,"{""-1"": 43, ""-2"": 40, ""-3"": 30, ""1"": 41, ""2"": 30, ""3"": 46}",not assumed,"[4, 4, 4, 4, 4, 4, 4, 4, 4, 4, 5, 5, 5, 5, 5, 5, 5, 5, 5, 5, 5, 5, 5, 5, 5, 5, 5, 5, 5, 5, 5, 5, 5, 5, 5, 5, 5, 5, 5, 5, 5, 5, 5, 5, 5, 5, 5, 5, 5, 5, 5, 5, 5, 5, 5, 5, 5, 5, 5, 5, 5, 5, 5, 5, 5, 5, 5, 5, 5, 5, 5, 5, 5, 5, 5, 5, 5, 5, 5, 5, 5, 5, 5, 5, 5, 5, 5, 5, 5, 5, 5, 5, 5, 5]",94,INHERITED; graph features NEWLY_DERIVED retrospectively,9.384354966,tie_portfolio,14_MIG_GPU_retained_readout,21,32,505460352,1024,4,-343,1,342,06f79611aa9587c89ddf7ed3f5f1c4faab35d708e2ee532fcabd6ab6e34fd0ba,{},historical selected plan; descriptive only
95,N96_INDUCED_TRANSITION_LADDER_V1,2e9be0bbc6398712e3fdb026d8b0f2d5f993d1d5ce86f0654f50e1238ca01793,d3d2753815f9b2744da322af5deaa9fecf53428656bd0b4d3fb853c962aec0d1,235,4,5,4.947368421052632,0.22329687826943606,1,[95],95,39614081257132168796771975168,27,743029935,"[0, 24, 33, 60, 67, 90, 37, 47, 50, 69, 77, 2, 11, 25, 68, 28, 39, 13, 52, 27, 55, 72, 54, 93, 56, 85, 88, 5, 7, 9, 59, 71, 62, 82, 66, 79, 42, 15, 57, 40, 94, 8, 21, 26, 92, 84, 43, 34, 35, 70, 65, 10, 61, 73, 30, 19, 64, 6, 75, 31, 38, 63, 78, 76, 17, 18, 12, 49, 1, 3, 4, 14, 16, 20, 22, 23, 29, 32, 36, 41, 44, 45, 46, 48, 51, 53, 58, 74, 80, 81, 83, 86, 87, 89, 91]",580,1024,4,3043450613760,39614081257132168796771975168,"{""-1"": 44, ""-2"": 41, ""-3"": 30, ""1"": 43, ""2"": 31, ""3"": 46}",not assumed,"[4, 4, 4, 4, 4, 5, 5, 5, 5, 5, 5, 5, 5, 5, 5, 5, 5, 5, 5, 5, 5, 5, 5, 5, 5, 5, 5, 5, 5, 5, 5, 5, 5, 5, 5, 5, 5, 5, 5, 5, 5, 5, 5, 5, 5, 5, 5, 5, 5, 5, 5, 5, 5, 5, 5, 5, 5, 5, 5, 5, 5, 5, 5, 5, 5, 5, 5, 5, 5, 5, 5, 5, 5, 5, 5, 5, 5, 5, 5, 5, 5, 5, 5, 5, 5, 5, 5, 5, 5, 5, 5, 5, 5, 5, 5]",95,INHERITED; graph features NEWLY_DERIVED retrospectively,9.240339773,fresh_min_fill,14_MIG_GPU_retained_readout,21,32,513524864,1024,4,-346,4,345,bd05d7f29c9bfca69028c191c8e07b417b551975ca66ee43e63c37a5e03ea206,{},historical selected plan; descriptive only
96,N96_INDUCED_TRANSITION_LADDER_V1,6a741a395db2348150108dd98618e2c8fba13a369a364cfd9d97ebffea4901fa,dad9c1331dbc9b401ff729dde21b4e477b7b749ffea3504dab5b38c2c5d8fb44,240,5,5,5,0.0,1,[96],96,79228162514264337593543950336,32,16698150047,"[15, 34, 50, 77, 82, 94, 3, 11, 20, 16, 24, 32, 63, 39, 44, 17, 18, 52, 27, 66, 78, 85, 88, 1, 4, 8, 33, 68, 48, 25, 69, 61, 19, 65, 22, 49, 56, 90, 38, 92, 73, 91, 55, 62, 7, 70, 64, 45, 29, 95, 26, 79, 57, 86, 5, 0, 2, 35, 71, 36, 47, 60, 93, 6, 9, 10, 12, 13, 14, 21, 23, 28, 30, 31, 37, 40, 41, 42, 43, 46, 51, 53, 54, 58, 59, 67, 72, 74, 75, 76, 80, 81, 83, 84, 87, 89]",590,1024,4,68395622592512,79228162514264337593543950336,"{""-1"": 44, ""-2"": 41, ""-3"": 30, ""1"": 45, ""2"": 33, ""3"": 47}",not assumed,"[5, 5, 5, 5, 5, 5, 5, 5, 5, 5, 5, 5, 5, 5, 5, 5, 5, 5, 5, 5, 5, 5, 5, 5, 5, 5, 5, 5, 5, 5, 5, 5, 5, 5, 5, 5, 5, 5, 5, 5, 5, 5, 5, 5, 5, 5, 5, 5, 5, 5, 5, 5, 5, 5, 5, 5, 5, 5, 5, 5, 5, 5, 5, 5, 5, 5, 5, 5, 5, 5, 5, 5, 5, 5, 5, 5, 5, 5, 5, 5, 5, 5, 5, 5, 5, 5, 5, 5, 5, 5, 5, 5, 5, 5, 5, 5]",96,INHERITED; graph features NEWLY_DERIVED retrospectively,8.473945962,tie_portfolio,14_MIG_GPU_retained_readout,22,32,641754752,1024,4,-346,12,348,1cf55e782d86e8180543c45be6d92d682fa48168fb8eca14bfd508cf42d7b730,{},historical selected plan; descriptive only
97,N120_INDUCED_PREFIX_GAP1,b6ce219af58a22d2ff3f45a11c282a38464c522914132b46a8f02e4d2acdc008,6e6f02bf7937324565f45ba2ce17c6df97a2c4ac2a4584d4f985250df886f206,229,1,5,4.721649484536083,0.5697217269957979,1,[97],97,158456325028528675187087900672,26,232004305,"[96, 34, 37, 43, 65, 70, 76, 79, 6, 10, 27, 35, 38, 41, 67, 95, 62, 4, 90, 94, 2, 12, 19, 28, 57, 72, 64, 73, 89, 93, 14, 81, 31, 83, 55, 91, 46, 58, 63, 0, 49, 8, 75, 29, 13, 16, 20, 40, 25, 23, 71, 50, 5, 9, 86, 26, 88, 52, 39, 61, 30, 7, 11, 77, 87, 33, 69, 24, 17, 32, 1, 3, 15, 18, 21, 22, 36, 42, 44, 45, 47, 48, 51, 53, 54, 56, 59, 60, 66, 68, 74, 78, 80, 82, 84, 85, 92]",564,1024,4,950289633280,158456325028528675187087900672,"{""-1"": 43, ""-2"": 40, ""-3"": 27, ""1"": 43, ""2"": 33, ""3"": 43}",not assumed,"[1, 4, 4, 4, 4, 4, 4, 4, 4, 4, 4, 4, 4, 4, 4, 4, 4, 4, 4, 4, 4, 4, 4, 4, 5, 5, 5, 5, 5, 5, 5, 5, 5, 5, 5, 5, 5, 5, 5, 5, 5, 5, 5, 5, 5, 5, 5, 5, 5, 5, 5, 5, 5, 5, 5, 5, 5, 5, 5, 5, 5, 5, 5, 5, 5, 5, 5, 5, 5, 5, 5, 5, 5, 5, 5, 5, 5, 5, 5, 5, 5, 5, 5, 5, 5, 5, 5, 5, 5, 5, 5, 5, 5, 5, 5, 5, 5]",97,INHERITED; graph features NEWLY_DERIVED retrospectively,18.585366201,inherited_N120_plan,14_MIG_GPU_batched_readout,18,512,889968640,1024,5,-340,2,342,3c7ae24b204acf1526cf5337a8912d986833cd286a5a5997a8ce6621c42c19d7,"{""arithmetic_ns"": 18108114001, ""backend"": ""14_PERSISTENT_CUDA_BRANCH_GROUP_WORKERS"", ""batch"": 16, ""boot"": [{""gpu"": 12, ""init_ns"": 292840924, ""pool_bytes"": 247186432}, {""gpu"": 5, ""init_ns"": 301644038, ""pool_bytes"": 247186432}, {""gpu"": 0, ""init_ns"": 323336727, ""pool_bytes"": 247186432}, {""gpu"": 3, ""init_ns"": 331633854, ""pool_bytes"": 247186432}, {""gpu"": 2, ""init_ns"": 338202641, ""pool_bytes"": 247186432}, {""gpu"": 9, ""init_ns"": 368789613, ""pool_bytes"": 247186432}, {""gpu"": 13, ""init_ns"": 368558094, ""pool_bytes"": 247186432}, {""gpu"": 6, ""init_ns"": 367911668, ""pool_bytes"": 247186432}, {""gpu"": 7, ""init_ns"": 370320962, ""pool_bytes"": 247186432}, {""gpu"": 11, ""init_ns"": 376397093, ""pool_bytes"": 247186432}, {""gpu"": 10, ""init_ns"": 385541784, ""pool_bytes"": 247186432}, {""gpu"": 8, ""init_ns"": 396457883, ""pool_bytes"": 247186432}, {""gpu"": 4, ""init_ns"": 410313214, ""pool_bytes"": 247186432}, {""gpu"": 1, ""init_ns"": 413797282, ""pool_bytes"": 247186432}], ""branches"": 512, ""branches_per_task"": 16, ""gpu_done_ns"": 9287497940954306, ""prepare_ns"": 458861599, ""readout_backend"": ""NUMPY_INT64_BATCHED_INVERSE_NTT_PRECOMPUTED_PYTHON_INTEGER_CRT"", ""ready_ns"": 9287479832840305, ""resumed_tasks"": 0, ""tasks"": 10240, ""tasks_per_gpu"": [741, 738, 730, 731, 729, 726, 730, 732, 730, 730, 735, 726, 732, 730], ""total_ns"": 18585366201}",historical selected plan; descriptive only
98,N120_INDUCED_PREFIX_GAP1,ba601238f87f79ba1ae92fdedd0dd354a69573a8e403dac1aeb4fe784e24449e,70b3a4f3e558a0989ed7aece9cd6b0ddcd923dc7bbc247a78f138930dfd9ab4a,230,1,5,4.6938775510204085,0.676246592889016,1,[98],98,316912650057057350374175801344,26,232004307,"[96, 97, 34, 37, 43, 65, 70, 76, 79, 6, 10, 27, 35, 38, 41, 67, 95, 62, 4, 90, 94, 2, 12, 19, 28, 57, 72, 64, 73, 89, 93, 14, 81, 31, 83, 55, 91, 46, 58, 63, 0, 49, 8, 75, 29, 13, 16, 20, 40, 25, 23, 71, 50, 5, 9, 86, 26, 88, 52, 39, 61, 30, 7, 11, 77, 87, 33, 69, 24, 17, 32, 1, 3, 15, 18, 21, 22, 36, 42, 44, 45, 47, 48, 51, 53, 54, 56, 59, 60, 66, 68, 74, 78, 80, 82, 84, 85, 92]",567,1024,4,950289641472,316912650057057350374175801344,"{""-1"": 43, ""-2"": 40, ""-3"": 27, ""1"": 44, ""2"": 33, ""3"": 43}",not assumed,"[1, 1, 4, 4, 4, 4, 4, 4, 4, 4, 4, 4, 4, 4, 4, 4, 4, 4, 4, 4, 4, 4, 4, 4, 5, 5, 5, 5, 5, 5, 5, 5, 5, 5, 5, 5, 5, 5, 5, 5, 5, 5, 5, 5, 5, 5, 5, 5, 5, 5, 5, 5, 5, 5, 5, 5, 5, 5, 5, 5, 5, 5, 5, 5, 5, 5, 5, 5, 5, 5, 5, 5, 5, 5, 5, 5, 5, 5, 5, 5, 5, 5, 5, 5, 5, 5, 5, 5, 5, 5, 5, 5, 5, 5, 5, 5, 5, 5]",98,INHERITED; graph features NEWLY_DERIVED retrospectively,18.36147986,inherited_N120_plan,14_MIG_GPU_batched_readout,18,512,889969664,1024,5,-341,2,343,a2639ef6bb53924d7c4c65acc0c73d3aa6edca2719a80084d0f83e43f0fec5ea,"{""arithmetic_ns"": 17974624894, ""backend"": ""14_PERSISTENT_CUDA_BRANCH_GROUP_WORKERS"", ""batch"": 16, ""boot"": [{""gpu"": 0, ""init_ns"": 290346121, ""pool_bytes"": 247218176}, {""gpu"": 9, ""init_ns"": 290580048, ""pool_bytes"": 247218176}, {""gpu"": 3, ""init_ns"": 298039111, ""pool_bytes"": 247218176}, {""gpu"": 7, ""init_ns"": 298226419, ""pool_bytes"": 247218176}, {""gpu"": 1, ""init_ns"": 303249737, ""pool_bytes"": 247218176}, {""gpu"": 4, ""init_ns"": 302728510, ""pool_bytes"": 247218176}, {""gpu"": 12, ""init_ns"": 307124742, ""pool_bytes"": 247218176}, {""gpu"": 2, ""init_ns"": 308686692, ""pool_bytes"": 247218176}, {""gpu"": 11, ""init_ns"": 309263098, ""pool_bytes"": 247218176}, {""gpu"": 8, ""init_ns"": 311989991, ""pool_bytes"": 247218176}, {""gpu"": 6, ""init_ns"": 313187152, ""pool_bytes"": 247218176}, {""gpu"": 13, ""init_ns"": 313429671, ""pool_bytes"": 247218176}, {""gpu"": 5, ""init_ns"": 321623188, ""pool_bytes"": 247218176}, {""gpu"": 10, ""init_ns"": 322034495, ""pool_bytes"": 247218176}], ""branches"": 512, ""branches_per_task"": 16, ""gpu_done_ns"": 9287526850595184, ""prepare_ns"": 370190484, ""readout_backend"": ""NUMPY_INT64_BATCHED_INVERSE_NTT_PRECOMPUTED_PYTHON_INTEGER_CRT"", ""ready_ns"": 9287508875970290, ""resumed_tasks"": 0, ""tasks"": 10240, ""tasks_per_gpu"": [735, 731, 727, 735, 735, 730, 731, 735, 729, 730, 736, 726, 733, 727], ""total_ns"": 18361479860}",historical selected plan; descriptive only
99,N120_INDUCED_PREFIX_GAP1,3c57aa9e49d47f485a3738b8c23fd289a14a820236f669980fa68145425fdc81,c76baa272b569d91190c40f7bd85f90764ae9a3395f233f42689995f64c09e83,231,1,5,4.666666666666667,0.7654139963827327,1,[99],99,633825300114114700748351602688,26,232004309,"[96, 97, 98, 34, 37, 43, 65, 70, 76, 79, 6, 10, 27, 35, 38, 41, 67, 95, 62, 4, 90, 94, 2, 12, 19, 28, 57, 72, 64, 73, 89, 93, 14, 81, 31, 83, 55, 91, 46, 58, 63, 0, 49, 8, 75, 29, 13, 16, 20, 40, 25, 23, 71, 50, 5, 9, 86, 26, 88, 52, 39, 61, 30, 7, 11, 77, 87, 33, 69, 24, 17, 32, 1, 3, 15, 18, 21, 22, 36, 42, 44, 45, 47, 48, 51, 53, 54, 56, 59, 60, 66, 68, 74, 78, 80, 82, 84, 85, 92]",569,1024,4,950289649664,633825300114114700748351602688,"{""-1"": 44, ""-2"": 40, ""-3"": 27, ""1"": 44, ""2"": 33, ""3"": 43}",not assumed,"[1, 1, 1, 4, 4, 4, 4, 4, 4, 4, 4, 4, 4, 4, 4, 4, 4, 4, 4, 4, 4, 4, 4, 4, 5, 5, 5, 5, 5, 5, 5, 5, 5, 5, 5, 5, 5, 5, 5, 5, 5, 5, 5, 5, 5, 5, 5, 5, 5, 5, 5, 5, 5, 5, 5, 5, 5, 5, 5, 5, 5, 5, 5, 5, 5, 5, 5, 5, 5, 5, 5, 5, 5, 5, 5, 5, 5, 5, 5, 5, 5, 5, 5, 5, 5, 5, 5, 5, 5, 5, 5, 5, 5, 5, 5, 5, 5, 5, 5]",99,INHERITED; graph features NEWLY_DERIVED retrospectively,18.39074689,inherited_N120_plan,14_MIG_GPU_batched_readout,18,512,890002432,1024,5,-341,4,344,058fb4a23b5c1e0ff2810a217db3ec15497aa54041ef7be5fc08753bde38ff4a,"{""arithmetic_ns"": 18002082516, ""backend"": ""14_PERSISTENT_CUDA_BRANCH_GROUP_WORKERS"", ""batch"": 16, ""boot"": [{""gpu"": 7, ""init_ns"": 248284382, ""pool_bytes"": 247256576}, {""gpu"": 6, ""init_ns"": 251736281, ""pool_bytes"": 247256576}, {""gpu"": 2, ""init_ns"": 258437417, ""pool_bytes"": 247256576}, {""gpu"": 0, ""init_ns"": 274445984, ""pool_bytes"": 247256576}, {""gpu"": 13, ""init_ns"": 276696649, ""pool_bytes"": 247256576}, {""gpu"": 8, ""init_ns"": 281814455, ""pool_bytes"": 247256576}, {""gpu"": 1, ""init_ns"": 282685150, ""pool_bytes"": 247256576}, {""gpu"": 5, ""init_ns"": 283454965, ""pool_bytes"": 247256576}, {""gpu"": 4, ""init_ns"": 285709491, ""pool_bytes"": 247256576}, {""gpu"": 3, ""init_ns"": 287120072, ""pool_bytes"": 247256576}, {""gpu"": 12, ""init_ns"": 291559723, ""pool_bytes"": 247256576}, {""gpu"": 11, ""init_ns"": 302628071, ""pool_bytes"": 247256576}, {""gpu"": 10, ""init_ns"": 316393992, ""pool_bytes"": 247256576}, {""gpu"": 9, ""init_ns"": 329453828, ""pool_bytes"": 247256576}], ""branches"": 512, ""branches_per_task"": 16, ""gpu_done_ns"": 9287556378551239, ""prepare_ns"": 370337883, ""readout_backend"": ""NUMPY_INT64_BATCHED_INVERSE_NTT_PRECOMPUTED_PYTHON_INTEGER_CRT"", ""ready_ns"": 9287538376468723, ""resumed_tasks"": 0, ""tasks"": 10240, ""tasks_per_gpu"": [736, 730, 727, 733, 734, 730, 733, 735, 726, 729, 738, 726, 734, 729], ""total_ns"": 18390746890}",historical selected plan; descriptive only
100,N100_P2_PACKET_PLUS_DEPTH_V1,28e9e44506fd4dcd854bc2d2f36c432fa3694abe93af29e88f5beca98f42dfa0,f4f512facb6a5b46acbf03543c91d6653cb961b30ea9f2a1c1af33255bb1aa0b,260,4,6,5.2,0.5099019513592785,8,"[5, 10, 10, 15, 15, 15, 15, 15]",15,165920,5,2168,"[39, 40, 41, 86, 87, 0, 1, 2, 60, 61, 3, 4, 5, 62, 63, 6, 7, 8, 64, 65, 9, 10, 11, 66, 67, 12, 13, 14, 68, 69, 15, 16, 17, 70, 36, 37, 38, 71, 84, 85, 18, 19, 20, 72, 42, 43, 44, 73, 88, 89, 21, 22, 23, 74, 45, 46, 47, 75, 90, 91, 24, 25, 26, 76, 48, 49, 50, 77, 92, 93, 27, 28, 29, 78, 51, 52, 53, 79, 94, 95, 30, 31, 32, 80, 54, 55, 56, 81, 96, 97, 33, 34, 35, 82, 57, 58, 59, 83, 98, 99]",260,512,4,4440064,1267650600228229401496703205376,"{""1"": 260}",not assumed,"[4, 4, 4, 4, 4, 5, 5, 5, 5, 5, 5, 5, 5, 5, 5, 5, 5, 5, 5, 5, 5, 5, 5, 5, 5, 5, 5, 5, 5, 5, 5, 5, 5, 5, 5, 5, 5, 5, 5, 5, 5, 5, 5, 5, 5, 5, 5, 5, 5, 5, 5, 5, 5, 5, 5, 5, 5, 5, 5, 5, 5, 5, 5, 5, 5, 5, 5, 5, 5, 5, 5, 5, 5, 5, 5, 6, 6, 6, 6, 6, 6, 6, 6, 6, 6, 6, 6, 6, 6, 6, 6, 6, 6, 6, 6, 6, 6, 6, 6, 6]",100,INHERITED; graph features NEWLY_DERIVED retrospectively,0.5009514410048723,components,historical_CPU,5,,,,,-260,256,177,015e605fd795726477820d74d7d66ed585d7a980f8fb7e2d2097a3f338bd0bde,{},historical selected plan; descriptive only
101,N120_INDUCED_PREFIX_GAP1,35d19e0c0c0e76a1b013f68edeb84475edabd1f9a67ab0097ef479b95ac2ad8c,df15f567c5831c538791576c0b7edea70a29ec59fee267c1f8236af32f21529c,234,1,5,4.633663366336633,0.8410598250136753,1,[101],101,2535301200456458802993406410752,26,311309149,"[97, 98, 99, 96, 100, 34, 37, 43, 65, 70, 76, 79, 6, 10, 27, 35, 41, 67, 87, 95, 4, 90, 94, 2, 12, 19, 28, 54, 57, 72, 64, 75, 62, 89, 93, 14, 81, 31, 83, 55, 40, 91, 46, 58, 0, 8, 49, 29, 71, 13, 25, 16, 20, 84, 23, 73, 50, 5, 9, 86, 26, 88, 7, 77, 33, 69, 60, 22, 24, 45, 11, 39, 52, 61, 30, 1, 3, 15, 17, 18, 21, 32, 36, 38, 42, 44, 47, 48, 51, 53, 56, 59, 63, 66, 68, 74, 78, 80, 82, 85, 92]",578,1024,4,1275122274304,2535301200456458802993406410752,"{""-1"": 45, ""-2"": 40, ""-3"": 28, ""1"": 44, ""2"": 34, ""3"": 43}",not assumed,"[1, 1, 1, 2, 2, 4, 4, 4, 4, 4, 4, 4, 4, 4, 4, 4, 4, 4, 4, 4, 4, 4, 4, 4, 5, 5, 5, 5, 5, 5, 5, 5, 5, 5, 5, 5, 5, 5, 5, 5, 5, 5, 5, 5, 5, 5, 5, 5, 5, 5, 5, 5, 5, 5, 5, 5, 5, 5, 5, 5, 5, 5, 5, 5, 5, 5, 5, 5, 5, 5, 5, 5, 5, 5, 5, 5, 5, 5, 5, 5, 5, 5, 5, 5, 5, 5, 5, 5, 5, 5, 5, 5, 5, 5, 5, 5, 5, 5, 5, 5, 5]",101,INHERITED; graph features NEWLY_DERIVED retrospectively,23.841435986,inherited_N120_plan,14_MIG_GPU_batched_readout,19,512,1259233280,1024,5,-348,8,352,918bb42185bf966f4c63c0ed12ce152f22a27c34b407d0ea090a8064f566d333,"{""arithmetic_ns"": 23493420519, ""backend"": ""14_PERSISTENT_CUDA_BRANCH_GROUP_WORKERS"", ""batch"": 16, ""boot"": [{""gpu"": 4, ""init_ns"": 266682614, ""pool_bytes"": 347756032}, {""gpu"": 13, ""init_ns"": 268189514, ""pool_bytes"": 347756032}, {""gpu"": 9, ""init_ns"": 274807181, ""pool_bytes"": 347756032}, {""gpu"": 6, ""init_ns"": 274345034, ""pool_bytes"": 347756032}, {""gpu"": 0, ""init_ns"": 276942487, ""pool_bytes"": 347756032}, {""gpu"": 10, ""init_ns"": 278016020, ""pool_bytes"": 347756032}, {""gpu"": 2, ""init_ns"": 281412749, ""pool_bytes"": 347756032}, {""gpu"": 1, ""init_ns"": 282377542, ""pool_bytes"": 347756032}, {""gpu"": 11, ""init_ns"": 283610064, ""pool_bytes"": 347756032}, {""gpu"": 8, ""init_ns"": 285423412, ""pool_bytes"": 347756032}, {""gpu"": 3, ""init_ns"": 288638411, ""pool_bytes"": 347756032}, {""gpu"": 12, ""init_ns"": 288762950, ""pool_bytes"": 347756032}, {""gpu"": 7, ""init_ns"": 289095219, ""pool_bytes"": 347756032}, {""gpu"": 5, ""init_ns"": 290141232, ""pool_bytes"": 347756032}], ""branches"": 512, ""branches_per_task"": 16, ""gpu_done_ns"": 9287624544763776, ""prepare_ns"": 330828458, ""readout_backend"": ""NUMPY_INT64_BATCHED_INVERSE_NTT_PRECOMPUTED_PYTHON_INTEGER_CRT"", ""ready_ns"": 9287601051343257, ""resumed_tasks"": 0, ""tasks"": 10240, ""tasks_per_gpu"": [734, 732, 725, 734, 735, 730, 732, 734, 732, 729, 736, 727, 733, 727], ""total_ns"": 23841435986}",historical selected plan; descriptive only
102,N120_INDUCED_PREFIX_GAP1,cb516d0f0751b3783f73d7618555a4708b4591629196f5d98e03120cdc8d3e51,fb2561b64868ab44e25fc4d0e2d8437af0e0072276daa97e31cf58e80c2dc9c8,237,1,5,4.647058823529412,0.775192054932188,1,[102],102,5070602400912917605986812821504,28,1121360329,"[98, 96, 97, 99, 100, 101, 34, 37, 43, 65, 70, 76, 79, 9, 10, 27, 35, 41, 67, 87, 95, 7, 94, 2, 12, 28, 54, 57, 72, 64, 89, 93, 14, 81, 21, 31, 59, 83, 55, 62, 40, 46, 84, 77, 90, 0, 5, 29, 60, 71, 13, 11, 58, 25, 49, 23, 50, 20, 91, 26, 39, 8, 75, 22, 16, 52, 61, 73, 30, 24, 45, 1, 36, 3, 4, 6, 15, 17, 18, 19, 32, 33, 38, 42, 44, 47, 48, 51, 53, 56, 63, 66, 68, 69, 74, 78, 80, 82, 85, 86, 88, 92]",589,1024,4,4593091907584,5070602400912917605986812821504,"{""-1"": 45, ""-2"": 40, ""-3"": 30, ""1"": 44, ""2"": 34, ""3"": 44}",not assumed,"[1, 2, 2, 2, 2, 3, 4, 4, 4, 4, 4, 4, 4, 4, 4, 4, 4, 4, 4, 4, 4, 4, 4, 4, 5, 5, 5, 5, 5, 5, 5, 5, 5, 5, 5, 5, 5, 5, 5, 5, 5, 5, 5, 5, 5, 5, 5, 5, 5, 5, 5, 5, 5, 5, 5, 5, 5, 5, 5, 5, 5, 5, 5, 5, 5, 5, 5, 5, 5, 5, 5, 5, 5, 5, 5, 5, 5, 5, 5, 5, 5, 5, 5, 5, 5, 5, 5, 5, 5, 5, 5, 5, 5, 5, 5, 5, 5, 5, 5, 5, 5, 5]",102,INHERITED; graph features NEWLY_DERIVED retrospectively,33.025472505,inherited_N120_plan,14_MIG_GPU_batched_readout,19,512,1789289472,1024,5,-357,4,362,8011053ce83120b790a20ef3e54129ef194a473b74ac4341bdb3c4781ab585d5,"{""arithmetic_ns"": 32667405383, ""backend"": ""14_PERSISTENT_CUDA_BRANCH_GROUP_WORKERS"", ""batch"": 16, ""boot"": [{""gpu"": 9, ""init_ns"": 281702096, ""pool_bytes"": 492829184}, {""gpu"": 10, ""init_ns"": 284441618, ""pool_bytes"": 492829184}, {""gpu"": 13, ""init_ns"": 289443067, ""pool_bytes"": 492829184}, {""gpu"": 0, ""init_ns"": 290533899, ""pool_bytes"": 492829184}, {""gpu"": 2, ""init_ns"": 296976538, ""pool_bytes"": 492829184}, {""gpu"": 8, ""init_ns"": 299122923, ""pool_bytes"": 492829184}, {""gpu"": 1, ""init_ns"": 300127697, ""pool_bytes"": 492829184}, {""gpu"": 3, ""init_ns"": 303045739, ""pool_bytes"": 492829184}, {""gpu"": 6, ""init_ns"": 304034552, ""pool_bytes"": 492829184}, {""gpu"": 7, ""init_ns"": 304247381, ""pool_bytes"": 492829184}, {""gpu"": 4, ""init_ns"": 306453346, ""pool_bytes"": 492829184}, {""gpu"": 5, ""init_ns"": 308658882, ""pool_bytes"": 492829184}, {""gpu"": 11, ""init_ns"": 308349314, ""pool_bytes"": 492829184}, {""gpu"": 12, ""init_ns"": 309934823, ""pool_bytes"": 492829184}], ""branches"": 512, ""branches_per_task"": 16, ""gpu_done_ns"": 9287668018825654, ""prepare_ns"": 339296163, ""readout_backend"": ""NUMPY_INT64_BATCHED_INVERSE_NTT_PRECOMPUTED_PYTHON_INTEGER_CRT"", ""ready_ns"": 9287635351420271, ""resumed_tasks"": 0, ""tasks"": 10240, ""tasks_per_gpu"": [734, 731, 726, 735, 733, 730, 733, 734, 732, 728, 735, 728, 733, 728], ""total_ns"": 33025472505}",historical selected plan; descriptive only
103,N120_INDUCED_PREFIX_GAP1,e8ac76472a08a1dbde34b76664d4d101953252b6d9947168cf83f77a07668808,527cc8637264c74a1347b8d0c1d9c65422d81232962d920d2e13731300ffe545,239,1,5,4.640776699029126,0.7987170408234227,1,[103],103,10141204801825835211973625643008,32,9345927029,"[98, 96, 97, 99, 100, 102, 34, 37, 43, 65, 70, 76, 79, 101, 9, 10, 35, 40, 41, 67, 87, 95, 7, 94, 2, 12, 28, 54, 57, 72, 64, 89, 93, 14, 81, 21, 31, 59, 74, 83, 62, 46, 84, 77, 0, 5, 29, 58, 51, 60, 13, 11, 55, 22, 15, 49, 50, 6, 91, 39, 80, 23, 18, 26, 30, 75, 19, 53, 20, 71, 1, 3, 4, 8, 16, 17, 24, 25, 27, 32, 33, 36, 38, 42, 44, 45, 47, 48, 52, 56, 61, 63, 66, 68, 69, 73, 78, 82, 85, 86, 88, 90, 92]",597,1024,4,38280917110784,10141204801825835211973625643008,"{""-1"": 45, ""-2"": 40, ""-3"": 31, ""1"": 44, ""2"": 34, ""3"": 45}",not assumed,"[1, 2, 2, 2, 2, 2, 4, 4, 4, 4, 4, 4, 4, 4, 4, 4, 4, 4, 4, 4, 4, 4, 4, 4, 5, 5, 5, 5, 5, 5, 5, 5, 5, 5, 5, 5, 5, 5, 5, 5, 5, 5, 5, 5, 5, 5, 5, 5, 5, 5, 5, 5, 5, 5, 5, 5, 5, 5, 5, 5, 5, 5, 5, 5, 5, 5, 5, 5, 5, 5, 5, 5, 5, 5, 5, 5, 5, 5, 5, 5, 5, 5, 5, 5, 5, 5, 5, 5, 5, 5, 5, 5, 5, 5, 5, 5, 5, 5, 5, 5, 5, 5, 5]",103,INHERITED; graph features NEWLY_DERIVED retrospectively,33.128891426,inherited_N120_plan,14_MIG_GPU_batched_readout,19,512,1789314048,1024,5,-365,4,368,cf38eac025e3e8692f06db745a966fb39021b459139d68c80c9aa3737374768b,"{""arithmetic_ns"": 32703143313, ""backend"": ""14_PERSISTENT_CUDA_BRANCH_GROUP_WORKERS"", ""batch"": 16, ""boot"": [{""gpu"": 11, ""init_ns"": 282061104, ""pool_bytes"": 492873728}, {""gpu"": 7, ""init_ns"": 289020880, ""pool_bytes"": 492873728}, {""gpu"": 1, ""init_ns"": 292466147, ""pool_bytes"": 492873728}, {""gpu"": 12, ""init_ns"": 292170269, ""pool_bytes"": 492873728}, {""gpu"": 0, ""init_ns"": 316013764, ""pool_bytes"": 492873728}, {""gpu"": 8, ""init_ns"": 317024647, ""pool_bytes"": 492873728}, {""gpu"": 3, ""init_ns"": 322267923, ""pool_bytes"": 492873728}, {""gpu"": 10, ""init_ns"": 321972766, ""pool_bytes"": 492873728}, {""gpu"": 2, ""init_ns"": 323816604, ""pool_bytes"": 492873728}, {""gpu"": 5, ""init_ns"": 331443624, ""pool_bytes"": 492873728}, {""gpu"": 13, ""init_ns"": 335695396, ""pool_bytes"": 492873728}, {""gpu"": 9, ""init_ns"": 337327096, ""pool_bytes"": 492873728}, {""gpu"": 6, ""init_ns"": 356594092, ""pool_bytes"": 492873728}, {""gpu"": 4, ""init_ns"": 359552983, ""pool_bytes"": 492873728}], ""branches"": 512, ""branches_per_task"": 16, ""gpu_done_ns"": 9287711077368713, ""prepare_ns"": 405241656, ""readout_backend"": ""NUMPY_INT64_BATCHED_INVERSE_NTT_PRECOMPUTED_PYTHON_INTEGER_CRT"", ""ready_ns"": 9287678374225400, ""resumed_tasks"": 0, ""tasks"": 10240, ""tasks_per_gpu"": [733, 731, 726, 735, 734, 730, 732, 734, 731, 728, 737, 727, 734, 728], ""total_ns"": 33128891426}",historical selected plan; descriptive only
104,N120_INDUCED_PREFIX_GAP1,d373770bd8116d6dd0ce186454887c79145a3808e36de4d0f4d07a4a416391f6,11d99e3d7e3353c11ef804140da015cd63fe09eb07bfde2f1980de111109aa4f,240,1,5,4.615384615384615,0.8694349658044088,1,[104],104,20282409603651670423947251286016,32,9345927031,"[98, 103, 96, 97, 99, 100, 102, 34, 37, 43, 65, 70, 76, 79, 101, 9, 10, 35, 40, 41, 67, 87, 95, 7, 94, 2, 12, 28, 54, 57, 72, 64, 89, 93, 14, 81, 21, 31, 59, 74, 83, 62, 46, 84, 77, 0, 5, 29, 58, 51, 60, 13, 11, 55, 22, 15, 49, 50, 6, 91, 39, 80, 23, 18, 26, 30, 75, 19, 53, 20, 71, 1, 3, 4, 8, 16, 17, 24, 25, 27, 32, 33, 36, 38, 42, 44, 45, 47, 48, 52, 56, 61, 63, 66, 68, 69, 73, 78, 82, 85, 86, 88, 90, 92]",600,1024,4,38280917118976,20282409603651670423947251286016,"{""-1"": 45, ""-2"": 40, ""-3"": 31, ""1"": 44, ""2"": 34, ""3"": 46}",not assumed,"[1, 1, 2, 2, 2, 2, 2, 4, 4, 4, 4, 4, 4, 4, 4, 4, 4, 4, 4, 4, 4, 4, 4, 4, 5, 5, 5, 5, 5, 5, 5, 5, 5, 5, 5, 5, 5, 5, 5, 5, 5, 5, 5, 5, 5, 5, 5, 5, 5, 5, 5, 5, 5, 5, 5, 5, 5, 5, 5, 5, 5, 5, 5, 5, 5, 5, 5, 5, 5, 5, 5, 5, 5, 5, 5, 5, 5, 5, 5, 5, 5, 5, 5, 5, 5, 5, 5, 5, 5, 5, 5, 5, 5, 5, 5, 5, 5, 5, 5, 5, 5, 5, 5, 5]",104,INHERITED; graph features NEWLY_DERIVED retrospectively,33.207589012,inherited_N120_plan,14_MIG_GPU_batched_readout,19,512,1789314560,1024,5,-368,4,371,121277b64b3903a2fa9d06917ef95522e232b8f9fc259dc5d56f399fb57216fd,"{""arithmetic_ns"": 32776713762, ""backend"": ""14_PERSISTENT_CUDA_BRANCH_GROUP_WORKERS"", ""batch"": 16, ""boot"": [{""gpu"": 4, ""init_ns"": 335307349, ""pool_bytes"": 492913152}, {""gpu"": 11, ""init_ns"": 338586998, ""pool_bytes"": 492913152}, {""gpu"": 0, ""init_ns"": 339233854, ""pool_bytes"": 492913152}, {""gpu"": 13, ""init_ns"": 341648468, ""pool_bytes"": 492913152}, {""gpu"": 5, ""init_ns"": 343006069, ""pool_bytes"": 492913152}, {""gpu"": 8, ""init_ns"": 347389512, ""pool_bytes"": 492913152}, {""gpu"": 9, ""init_ns"": 350530161, ""pool_bytes"": 492913152}, {""gpu"": 12, ""init_ns"": 350585911, ""pool_bytes"": 492913152}, {""gpu"": 3, ""init_ns"": 350641640, ""pool_bytes"": 492913152}, {""gpu"": 1, ""init_ns"": 357026369, ""pool_bytes"": 492913152}, {""gpu"": 6, ""init_ns"": 357536556, ""pool_bytes"": 492913152}, {""gpu"": 2, ""init_ns"": 358099922, ""pool_bytes"": 492913152}, {""gpu"": 10, ""init_ns"": 360828834, ""pool_bytes"": 492913152}, {""gpu"": 7, ""init_ns"": 361528640, ""pool_bytes"": 492913152}], ""branches"": 512, ""branches_per_task"": 16, ""gpu_done_ns"": 9287753721456729, ""prepare_ns"": 413356164, ""readout_backend"": ""NUMPY_INT64_BATCHED_INVERSE_NTT_PRECOMPUTED_PYTHON_INTEGER_CRT"", ""ready_ns"": 9287720944742967, ""resumed_tasks"": 0, ""tasks"": 10240, ""tasks_per_gpu"": [734, 731, 726, 735, 733, 731, 732, 734, 732, 728, 736, 727, 733, 728], ""total_ns"": 33207589012}",historical selected plan; descriptive only
105,N105_P9G0_HISTORICAL_PACKET_RESTORATION_V1,1a5a3f398978af9ec44f29e6dedde0caacb3eaa35df2a7da5f0aada620afb2bf,5776b29715e9a50cd9f500c1b53e676b5e8d4ed040d40ac02cad5f3eb90e7774,275,5,6,5.238095238095238,0.4259177099999599,8,"[10, 10, 10, 15, 15, 15, 15, 15]",15,166912,5,2328,"[0, 1, 2, 60, 61, 3, 4, 5, 62, 63, 6, 7, 8, 64, 65, 9, 10, 11, 66, 67, 12, 13, 14, 68, 69, 15, 16, 17, 70, 36, 37, 38, 71, 84, 85, 18, 19, 20, 72, 42, 43, 44, 73, 88, 89, 21, 22, 23, 74, 45, 46, 47, 75, 90, 91, 24, 25, 26, 76, 48, 49, 50, 77, 92, 93, 27, 28, 29, 78, 51, 52, 53, 79, 94, 95, 30, 31, 32, 80, 54, 55, 56, 81, 96, 97, 33, 34, 35, 82, 57, 58, 59, 83, 98, 99, 39, 40, 41, 86, 87, 100, 101, 102, 103, 104]",275,512,4,4767744,40564819207303340847894502572032,"{""1"": 275}",not assumed,"[5, 5, 5, 5, 5, 5, 5, 5, 5, 5, 5, 5, 5, 5, 5, 5, 5, 5, 5, 5, 5, 5, 5, 5, 5, 5, 5, 5, 5, 5, 5, 5, 5, 5, 5, 5, 5, 5, 5, 5, 5, 5, 5, 5, 5, 5, 5, 5, 5, 5, 5, 5, 5, 5, 5, 5, 5, 5, 5, 5, 5, 5, 5, 5, 5, 5, 5, 5, 5, 5, 5, 5, 5, 5, 5, 5, 5, 5, 5, 5, 6, 6, 6, 6, 6, 6, 6, 6, 6, 6, 6, 6, 6, 6, 6, 6, 6, 6, 6, 6, 6, 6, 6, 6, 6]",105,INHERITED; graph features NEWLY_DERIVED retrospectively,0.3618633120204322,components,historical_CPU,5,,,,,-275,256,187,776192f3787606a5f3e8d648f4612b47d4c99ca7f3bd26170c78fb20e0e66d30,{},historical selected plan; descriptive only
106,N120_INDUCED_PREFIX_GAP1,e8f226689bcf2ddc8692af2789067d67f7edd2170e9dedad0669776b8395aef5,69c2ac1211e6357c125fab3b88dd0893ed80c0585563a3f988118014133470e3,246,2,5,4.6415094339622645,0.7793160916250333,1,[106],106,81129638414606681695789005144064,32,13824894343,"[96, 97, 98, 102, 103, 104, 99, 100, 34, 43, 65, 76, 94, 9, 10, 35, 40, 41, 67, 95, 7, 2, 101, 79, 12, 28, 54, 37, 57, 72, 64, 89, 93, 14, 21, 31, 59, 74, 83, 77, 46, 70, 81, 84, 0, 5, 29, 73, 58, 60, 15, 51, 38, 13, 23, 22, 49, 62, 50, 8, 6, 91, 25, 33, 26, 30, 39, 56, 55, 68, 17, 11, 61, 1, 3, 4, 16, 18, 19, 20, 24, 27, 32, 36, 42, 44, 45, 47, 48, 52, 53, 63, 66, 69, 71, 75, 78, 80, 82, 85, 86, 87, 88, 90, 92, 105]",618,1024,4,56626767228928,81129638414606681695789005144064,"{""-1"": 46, ""-2"": 41, ""-3"": 32, ""1"": 44, ""2"": 34, ""3"": 49}",not assumed,"[2, 2, 2, 2, 2, 2, 3, 3, 4, 4, 4, 4, 4, 4, 4, 4, 4, 4, 4, 4, 4, 4, 4, 4, 5, 5, 5, 5, 5, 5, 5, 5, 5, 5, 5, 5, 5, 5, 5, 5, 5, 5, 5, 5, 5, 5, 5, 5, 5, 5, 5, 5, 5, 5, 5, 5, 5, 5, 5, 5, 5, 5, 5, 5, 5, 5, 5, 5, 5, 5, 5, 5, 5, 5, 5, 5, 5, 5, 5, 5, 5, 5, 5, 5, 5, 5, 5, 5, 5, 5, 5, 5, 5, 5, 5, 5, 5, 5, 5, 5, 5, 5, 5, 5, 5, 5]",106,INHERITED; graph features NEWLY_DERIVED retrospectively,72.374879583,inherited_N120_plan,14_MIG_GPU_batched_readout,19,1024,3981386752,1024,5,-378,4,383,956a48f2639d721e63f4d80cdfb834d47d1c81ddc5958a16a775fbcec191c2f8,"{""arithmetic_ns"": 71960834143, ""backend"": ""14_PERSISTENT_CUDA_BRANCH_GROUP_WORKERS"", ""batch"": 16, ""boot"": [{""gpu"": 7, ""init_ns"": 296726959, ""pool_bytes"": 545399808}, {""gpu"": 4, ""init_ns"": 302455112, ""pool_bytes"": 545399808}, {""gpu"": 8, ""init_ns"": 308103115, ""pool_bytes"": 545399808}, {""gpu"": 9, ""init_ns"": 311211576, ""pool_bytes"": 545399808}, {""gpu"": 11, ""init_ns"": 311734042, ""pool_bytes"": 545399808}, {""gpu"": 12, ""init_ns"": 316374432, ""pool_bytes"": 545399808}, {""gpu"": 6, ""init_ns"": 319963388, ""pool_bytes"": 545399808}, {""gpu"": 13, ""init_ns"": 325657822, ""pool_bytes"": 545399808}, {""gpu"": 3, ""init_ns"": 329707245, ""pool_bytes"": 545399808}, {""gpu"": 0, ""init_ns"": 340076349, ""pool_bytes"": 545399808}, {""gpu"": 1, ""init_ns"": 340658315, ""pool_bytes"": 545399808}, {""gpu"": 10, ""init_ns"": 342885120, ""pool_bytes"": 545399808}, {""gpu"": 2, ""init_ns"": 342944910, ""pool_bytes"": 545399808}, {""gpu"": 5, ""init_ns"": 357197838, ""pool_bytes"": 545399808}], ""branches"": 1024, ""branches_per_task"": 16, ""gpu_done_ns"": 9287916949607809, ""prepare_ns"": 367742390, ""readout_backend"": ""NUMPY_INT64_BATCHED_INVERSE_NTT_PRECOMPUTED_PYTHON_INTEGER_CRT"", ""ready_ns"": 9287844988773666, ""resumed_tasks"": 0, ""tasks"": 20480, ""tasks_per_gpu"": [1465, 1462, 1452, 1471, 1466, 1462, 1463, 1466, 1462, 1459, 1473, 1454, 1468, 1457], ""total_ns"": 72374879583}",historical selected plan; descriptive only
107,N120_INDUCED_PREFIX_GAP1,1047ffe35341eccfa230e86253f78e0b6f21f33d289e87e55b413a8d6003d04f,a8d07e7f624a686b65d5818fc0a4bdc1ae6c7b53efcc3cc0cbb001c9db45f307,249,2,5,4.654205607476635,0.7375483983906115,1,[107],107,162259276829213363391578010288128,33,21015208423,"[97, 98, 102, 103, 96, 99, 104, 34, 43, 65, 76, 94, 100, 9, 10, 35, 41, 67, 95, 7, 2, 101, 79, 12, 28, 54, 57, 72, 64, 73, 81, 22, 14, 106, 21, 31, 59, 74, 83, 89, 77, 46, 70, 84, 5, 29, 0, 58, 80, 15, 60, 51, 13, 18, 23, 49, 38, 11, 50, 93, 26, 30, 55, 39, 61, 91, 6, 33, 37, 78, 20, 71, 25, 1, 3, 4, 8, 16, 17, 19, 24, 27, 32, 36, 40, 42, 44, 45, 47, 48, 52, 53, 56, 62, 63, 66, 68, 69, 75, 82, 85, 86, 87, 88, 90, 92, 105]",624,1024,4,86078293700608,162259276829213363391578010288128,"{""-1"": 47, ""-2"": 43, ""-3"": 32, ""1"": 44, ""2"": 34, ""3"": 49}",not assumed,"[2, 2, 2, 2, 3, 3, 3, 3, 3, 4, 4, 4, 4, 4, 4, 4, 4, 4, 4, 4, 4, 4, 4, 4, 5, 5, 5, 5, 5, 5, 5, 5, 5, 5, 5, 5, 5, 5, 5, 5, 5, 5, 5, 5, 5, 5, 5, 5, 5, 5, 5, 5, 5, 5, 5, 5, 5, 5, 5, 5, 5, 5, 5, 5, 5, 5, 5, 5, 5, 5, 5, 5, 5, 5, 5, 5, 5, 5, 5, 5, 5, 5, 5, 5, 5, 5, 5, 5, 5, 5, 5, 5, 5, 5, 5, 5, 5, 5, 5, 5, 5, 5, 5, 5, 5, 5, 5]",107,INHERITED; graph features NEWLY_DERIVED retrospectively,74.10577049,inherited_N120_plan,14_MIG_GPU_batched_readout,19,1024,4126094336,1024,5,-378,8,383,064bff9f612114a1b6bdbf958ebca8889848a958964c61a9868b2c6e86dbdb43,"{""arithmetic_ns"": 73732329557, ""backend"": ""14_PERSISTENT_CUDA_BRANCH_GROUP_WORKERS"", ""batch"": 16, ""boot"": [{""gpu"": 8, ""init_ns"": 290471289, ""pool_bytes"": 565238784}, {""gpu"": 4, ""init_ns"": 295119909, ""pool_bytes"": 565238784}, {""gpu"": 0, ""init_ns"": 301858436, ""pool_bytes"": 565238784}, {""gpu"": 10, ""init_ns"": 302864140, ""pool_bytes"": 565238784}, {""gpu"": 3, ""init_ns"": 312414108, ""pool_bytes"": 565238784}, {""gpu"": 11, ""init_ns"": 312920955, ""pool_bytes"": 565238784}, {""gpu"": 2, ""init_ns"": 309916043, ""pool_bytes"": 565238784}, {""gpu"": 1, ""init_ns"": 329062750, ""pool_bytes"": 565238784}, {""gpu"": 9, ""init_ns"": 333576781, ""pool_bytes"": 565238784}, {""gpu"": 13, ""init_ns"": 336081214, ""pool_bytes"": 565238784}, {""gpu"": 7, ""init_ns"": 336312003, ""pool_bytes"": 565238784}, {""gpu"": 6, ""init_ns"": 337523565, ""pool_bytes"": 565238784}, {""gpu"": 12, ""init_ns"": 339065855, ""pool_bytes"": 565238784}, {""gpu"": 5, ""init_ns"": 344032323, ""pool_bytes"": 565238784}], ""branches"": 1024, ""branches_per_task"": 16, ""gpu_done_ns"": 9288005685101205, ""prepare_ns"": 355732437, ""readout_backend"": ""NUMPY_INT64_BATCHED_INVERSE_NTT_PRECOMPUTED_PYTHON_INTEGER_CRT"", ""ready_ns"": 9287931952771648, ""resumed_tasks"": 0, ""tasks"": 20480, ""tasks_per_gpu"": [1464, 1464, 1452, 1471, 1466, 1460, 1466, 1466, 1465, 1457, 1474, 1452, 1466, 1457], ""total_ns"": 74105770490}",historical selected plan; descriptive only
108,N120_INDUCED_PREFIX_GAP1,e12529317c3bdf4d799867a97a92c765a4c822c0afa0e6622310231f4b8a2d3c,9a54c568b5318669459338e62eaee66ad8a9b98615dbca859007da933b6a57de,252,2,5,4.666666666666667,0.7328281087929399,1,[108],108,324518553658426726783156020576256,32,15731312687,"[97, 98, 102, 103, 107, 96, 99, 104, 34, 43, 65, 76, 9, 10, 35, 41, 67, 95, 7, 106, 2, 70, 73, 101, 79, 12, 28, 54, 57, 72, 64, 51, 74, 81, 22, 14, 21, 31, 59, 83, 89, 77, 46, 84, 100, 5, 29, 0, 58, 80, 15, 60, 13, 18, 23, 49, 11, 50, 20, 16, 37, 27, 26, 39, 61, 94, 105, 48, 75, 85, 1, 36, 90, 4, 86, 3, 6, 8, 17, 19, 24, 25, 30, 32, 33, 38, 40, 42, 44, 45, 47, 52, 53, 55, 56, 62, 63, 66, 68, 69, 71, 78, 82, 87, 88, 91, 92, 93]",628,1024,4,64435456765952,324518553658426726783156020576256,"{""-1"": 48, ""-2"": 43, ""-3"": 32, ""1"": 46, ""2"": 34, ""3"": 49}",not assumed,"[2, 2, 2, 2, 3, 3, 3, 3, 3, 4, 4, 4, 4, 4, 4, 4, 4, 4, 4, 4, 4, 4, 4, 5, 5, 5, 5, 5, 5, 5, 5, 5, 5, 5, 5, 5, 5, 5, 5, 5, 5, 5, 5, 5, 5, 5, 5, 5, 5, 5, 5, 5, 5, 5, 5, 5, 5, 5, 5, 5, 5, 5, 5, 5, 5, 5, 5, 5, 5, 5, 5, 5, 5, 5, 5, 5, 5, 5, 5, 5, 5, 5, 5, 5, 5, 5, 5, 5, 5, 5, 5, 5, 5, 5, 5, 5, 5, 5, 5, 5, 5, 5, 5, 5, 5, 5, 5, 5]",108,INHERITED; graph features NEWLY_DERIVED retrospectively,81.699245172,inherited_N120_plan,14_MIG_GPU_batched_readout,19,1024,4658684928,1024,5,-380,16,385,bed35819b079f234ac3398d514a307a9dd8ebebcd24d0a54d3ad436e1f6f7adb,"{""arithmetic_ns"": 81293789858, ""backend"": ""14_PERSISTENT_CUDA_BRANCH_GROUP_WORKERS"", ""batch"": 16, ""boot"": [{""gpu"": 7, ""init_ns"": 281007341, ""pool_bytes"": 635642368}, {""gpu"": 5, ""init_ns"": 291657582, ""pool_bytes"": 635642368}, {""gpu"": 2, ""init_ns"": 302273054, ""pool_bytes"": 635642368}, {""gpu"": 0, ""init_ns"": 307506900, ""pool_bytes"": 635642368}, {""gpu"": 13, ""init_ns"": 326829784, ""pool_bytes"": 635642368}, {""gpu"": 1, ""init_ns"": 335158231, ""pool_bytes"": 635642368}, {""gpu"": 11, ""init_ns"": 336873930, ""pool_bytes"": 635642368}, {""gpu"": 12, ""init_ns"": 337752694, ""pool_bytes"": 635642368}, {""gpu"": 9, ""init_ns"": 338807787, ""pool_bytes"": 635642368}, {""gpu"": 6, ""init_ns"": 339849870, ""pool_bytes"": 635642368}, {""gpu"": 4, ""init_ns"": 341569379, ""pool_bytes"": 635642368}, {""gpu"": 8, ""init_ns"": 342822211, ""pool_bytes"": 635642368}, {""gpu"": 10, ""init_ns"": 344826868, ""pool_bytes"": 635642368}, {""gpu"": 3, ""init_ns"": 346863605, ""pool_bytes"": 635642368}], ""branches"": 1024, ""branches_per_task"": 16, ""gpu_done_ns"": 9288101568599809, ""prepare_ns"": 358628618, ""readout_backend"": ""NUMPY_INT64_BATCHED_INVERSE_NTT_PRECOMPUTED_PYTHON_INTEGER_CRT"", ""ready_ns"": 9288020274809951, ""resumed_tasks"": 0, ""tasks"": 20480, ""tasks_per_gpu"": [1466, 1466, 1450, 1469, 1465, 1463, 1463, 1465, 1466, 1456, 1472, 1454, 1470, 1455], ""total_ns"": 81699245172}",historical selected plan; descriptive only
109,N120_INDUCED_PREFIX_GAP1,c9ac3fde38895833642e1a30680147d8138ec37232324b39e331f0966728af36,fabf59f62a553c66221d9911f2b38d3673d0042dea2c8845dc0bcdd07b07257d,255,2,5,4.678899082568807,0.7022994205139317,1,[109],109,649037107316853453566312041152512,32,10883000571,"[97, 102, 103, 107, 96, 98, 104, 108, 34, 43, 65, 76, 10, 35, 41, 67, 95, 101, 106, 2, 70, 73, 12, 19, 28, 54, 57, 72, 64, 51, 74, 75, 81, 22, 14, 91, 4, 31, 58, 46, 83, 89, 62, 30, 6, 8, 90, 49, 0, 29, 105, 87, 93, 63, 18, 23, 13, 77, 85, 94, 60, 50, 5, 66, 25, 20, 16, 33, 86, 7, 26, 61, 17, 24, 11, 39, 1, 3, 9, 15, 21, 27, 32, 36, 37, 38, 40, 42, 44, 45, 47, 48, 52, 53, 55, 56, 59, 68, 69, 71, 78, 79, 80, 82, 84, 88, 92, 99, 100]",636,1024,4,44576770338816,649037107316853453566312041152512,"{""-1"": 48, ""-2"": 43, ""-3"": 33, ""1"": 47, ""2"": 34, ""3"": 50}",not assumed,"[2, 2, 2, 3, 3, 3, 3, 3, 3, 4, 4, 4, 4, 4, 4, 4, 4, 4, 4, 4, 4, 4, 4, 5, 5, 5, 5, 5, 5, 5, 5, 5, 5, 5, 5, 5, 5, 5, 5, 5, 5, 5, 5, 5, 5, 5, 5, 5, 5, 5, 5, 5, 5, 5, 5, 5, 5, 5, 5, 5, 5, 5, 5, 5, 5, 5, 5, 5, 5, 5, 5, 5, 5, 5, 5, 5, 5, 5, 5, 5, 5, 5, 5, 5, 5, 5, 5, 5, 5, 5, 5, 5, 5, 5, 5, 5, 5, 5, 5, 5, 5, 5, 5, 5, 5, 5, 5, 5, 5]",109,INHERITED; graph features NEWLY_DERIVED retrospectively,82.140740837,inherited_N120_plan,14_MIG_GPU_batched_readout,19,1024,4658693120,1024,5,-386,8,389,0d29c3adcfda617c7ba2b64c7af72603b56a57c851b3091d87139e74ab72cf64,"{""arithmetic_ns"": 81691144134, ""backend"": ""14_PERSISTENT_CUDA_BRANCH_GROUP_WORKERS"", ""batch"": 16, ""boot"": [{""gpu"": 11, ""init_ns"": 298130595, ""pool_bytes"": 635755008}, {""gpu"": 1, ""init_ns"": 302383058, ""pool_bytes"": 635755008}, {""gpu"": 4, ""init_ns"": 309610511, ""pool_bytes"": 635755008}, {""gpu"": 0, ""init_ns"": 319967244, ""pool_bytes"": 635755008}, {""gpu"": 10, ""init_ns"": 321324104, ""pool_bytes"": 635755008}, {""gpu"": 3, ""init_ns"": 330034128, ""pool_bytes"": 635755008}, {""gpu"": 2, ""init_ns"": 331727958, ""pool_bytes"": 635755008}, {""gpu"": 13, ""init_ns"": 337528750, ""pool_bytes"": 635755008}, {""gpu"": 7, ""init_ns"": 338591272, ""pool_bytes"": 635755008}, {""gpu"": 9, ""init_ns"": 340536941, ""pool_bytes"": 635755008}, {""gpu"": 12, ""init_ns"": 347881102, ""pool_bytes"": 635755008}, {""gpu"": 8, ""init_ns"": 354319621, ""pool_bytes"": 635755008}, {""gpu"": 5, ""init_ns"": 383982448, ""pool_bytes"": 635755008}, {""gpu"": 6, ""init_ns"": 397308402, ""pool_bytes"": 635755008}], ""branches"": 1024, ""branches_per_task"": 16, ""gpu_done_ns"": 9288197900701769, ""prepare_ns"": 407825734, ""readout_backend"": ""NUMPY_INT64_BATCHED_INVERSE_NTT_PRECOMPUTED_PYTHON_INTEGER_CRT"", ""ready_ns"": 9288116209557635, ""resumed_tasks"": 0, ""tasks"": 20480, ""tasks_per_gpu"": [1466, 1467, 1452, 1467, 1465, 1463, 1464, 1465, 1466, 1457, 1471, 1453, 1468, 1456], ""total_ns"": 82140740837}",historical selected plan; descriptive only
110,N120_INDUCED_PREFIX_GAP1,f5b17f069bfc4a338d7b1e9e0e94cdf27290063e7cd1c96c71d070174b342351,b8ec6a643e13877df9da200ad6ca1da7e0d29fc7f3727d35444540bd23f87aff,258,2,5,4.6909090909090905,0.6707587907526079,1,[110],110,1298074214633706907132624082305024,31,13062366943,"[102, 103, 107, 96, 97, 98, 104, 108, 34, 43, 65, 109, 10, 35, 41, 67, 85, 95, 99, 2, 70, 82, 100, 6, 4, 12, 19, 28, 54, 55, 72, 57, 64, 51, 73, 75, 91, 93, 14, 31, 58, 46, 83, 50, 81, 8, 49, 0, 15, 22, 30, 40, 86, 74, 63, 77, 79, 5, 94, 13, 76, 37, 33, 78, 7, 26, 11, 39, 61, 105, 9, 88, 27, 52, 101, 18, 48, 24, 1, 3, 16, 17, 20, 21, 23, 25, 29, 32, 36, 38, 42, 44, 45, 47, 53, 56, 59, 60, 62, 66, 68, 69, 71, 80, 84, 87, 89, 90, 92, 106]",642,1024,4,53503454998528,1298074214633706907132624082305024,"{""-1"": 49, ""-2"": 43, ""-3"": 33, ""1"": 48, ""2"": 35, ""3"": 50}",not assumed,"[2, 2, 3, 3, 3, 3, 3, 3, 3, 4, 4, 4, 4, 4, 4, 4, 4, 4, 4, 4, 4, 4, 4, 5, 5, 5, 5, 5, 5, 5, 5, 5, 5, 5, 5, 5, 5, 5, 5, 5, 5, 5, 5, 5, 5, 5, 5, 5, 5, 5, 5, 5, 5, 5, 5, 5, 5, 5, 5, 5, 5, 5, 5, 5, 5, 5, 5, 5, 5, 5, 5, 5, 5, 5, 5, 5, 5, 5, 5, 5, 5, 5, 5, 5, 5, 5, 5, 5, 5, 5, 5, 5, 5, 5, 5, 5, 5, 5, 5, 5, 5, 5, 5, 5, 5, 5, 5, 5, 5, 5]",110,INHERITED; graph features NEWLY_DERIVED retrospectively,83.785584353,inherited_N120_plan,14_MIG_GPU_batched_readout,19,1024,4910359552,1024,5,-392,4,395,a47af694586ec7886e5247cbae5fbb2c548fc1d3ba0952d1ec5fd3f130ccbd39,"{""arithmetic_ns"": 83333583506, ""backend"": ""14_PERSISTENT_CUDA_BRANCH_GROUP_WORKERS"", ""batch"": 16, ""boot"": [{""gpu"": 13, ""init_ns"": 321460194, ""pool_bytes"": 669355520}, {""gpu"": 12, ""init_ns"": 321583564, ""pool_bytes"": 669355520}, {""gpu"": 10, ""init_ns"": 324847562, ""pool_bytes"": 669355520}, {""gpu"": 6, ""init_ns"": 332543692, ""pool_bytes"": 669355520}, {""gpu"": 3, ""init_ns"": 347305386, ""pool_bytes"": 669355520}, {""gpu"": 8, ""init_ns"": 348528579, ""pool_bytes"": 669355520}, {""gpu"": 7, ""init_ns"": 360101523, ""pool_bytes"": 669355520}, {""gpu"": 2, ""init_ns"": 369295404, ""pool_bytes"": 669355520}, {""gpu"": 4, ""init_ns"": 386354723, ""pool_bytes"": 669355520}, {""gpu"": 11, ""init_ns"": 397596240, ""pool_bytes"": 669355520}, {""gpu"": 1, ""init_ns"": 399117100, ""pool_bytes"": 669355520}, {""gpu"": 5, ""init_ns"": 408290481, ""pool_bytes"": 669355520}, {""gpu"": 9, ""init_ns"": 411854728, ""pool_bytes"": 669355520}, {""gpu"": 0, ""init_ns"": 419799126, ""pool_bytes"": 669355520}], ""branches"": 1024, ""branches_per_task"": 16, ""gpu_done_ns"": 9288296381491077, ""prepare_ns"": 432370514, ""readout_backend"": ""NUMPY_INT64_BATCHED_INVERSE_NTT_PRECOMPUTED_PYTHON_INTEGER_CRT"", ""ready_ns"": 9288213047907571, ""resumed_tasks"": 0, ""tasks"": 20480, ""tasks_per_gpu"": [1465, 1463, 1450, 1470, 1467, 1463, 1465, 1468, 1465, 1456, 1472, 1454, 1468, 1454], ""total_ns"": 83785584353}",historical selected plan; descriptive only
111,N120_INDUCED_PREFIX_GAP1,9d60e492122a3ff130783c5bba8236188eb8e2584a8be43f29f024a7384ebb10,03fee0ab3714bda380e405316f4e3375c698771c00b378c9b7c01718aa489ff4,260,2,5,4.684684684684685,0.6842103620197306,1,[111],111,2596148429267413814265248164610048,31,13062432487,"[103, 110, 107, 96, 97, 98, 102, 104, 108, 34, 43, 65, 109, 10, 35, 41, 67, 85, 95, 99, 2, 70, 82, 100, 6, 4, 12, 19, 28, 54, 55, 72, 57, 64, 51, 73, 75, 91, 93, 14, 31, 58, 46, 83, 50, 81, 8, 49, 0, 15, 30, 22, 40, 86, 74, 63, 77, 79, 5, 94, 33, 37, 76, 13, 78, 7, 26, 11, 39, 61, 105, 9, 88, 27, 52, 101, 18, 48, 24, 1, 3, 16, 17, 20, 21, 23, 25, 29, 32, 36, 38, 42, 44, 45, 47, 53, 56, 59, 60, 62, 66, 68, 69, 71, 80, 84, 87, 89, 90, 92, 106]",645,1024,4,53503723466752,2596148429267413814265248164610048,"{""-1"": 49, ""-2"": 44, ""-3"": 33, ""1"": 49, ""2"": 35, ""3"": 50}",not assumed,"[2, 2, 3, 3, 3, 3, 3, 3, 3, 3, 4, 4, 4, 4, 4, 4, 4, 4, 4, 4, 4, 4, 4, 5, 5, 5, 5, 5, 5, 5, 5, 5, 5, 5, 5, 5, 5, 5, 5, 5, 5, 5, 5, 5, 5, 5, 5, 5, 5, 5, 5, 5, 5, 5, 5, 5, 5, 5, 5, 5, 5, 5, 5, 5, 5, 5, 5, 5, 5, 5, 5, 5, 5, 5, 5, 5, 5, 5, 5, 5, 5, 5, 5, 5, 5, 5, 5, 5, 5, 5, 5, 5, 5, 5, 5, 5, 5, 5, 5, 5, 5, 5, 5, 5, 5, 5, 5, 5, 5, 5, 5]",111,INHERITED; graph features NEWLY_DERIVED retrospectively,92.471042347,inherited_N120_plan,14_MIG_GPU_batched_readout,19,1024,5480834048,1024,5,-395,4,398,d2b388f9502187ec20f78ce0e6df3a10f3e7c0b1624fb2b2a736787122af3032,"{""arithmetic_ns"": 92067077148, ""backend"": ""14_PERSISTENT_CUDA_BRANCH_GROUP_WORKERS"", ""batch"": 16, ""boot"": [{""gpu"": 11, ""init_ns"": 289163394, ""pool_bytes"": 745552384}, {""gpu"": 3, ""init_ns"": 309151103, ""pool_bytes"": 745552384}, {""gpu"": 10, ""init_ns"": 309537291, ""pool_bytes"": 745552384}, {""gpu"": 13, ""init_ns"": 332713901, ""pool_bytes"": 745552384}, {""gpu"": 5, ""init_ns"": 333097748, ""pool_bytes"": 745552384}, {""gpu"": 12, ""init_ns"": 335819001, ""pool_bytes"": 745552384}, {""gpu"": 1, ""init_ns"": 350943743, ""pool_bytes"": 745552384}, {""gpu"": 4, ""init_ns"": 357478760, ""pool_bytes"": 745552384}, {""gpu"": 6, ""init_ns"": 358839201, ""pool_bytes"": 745552384}, {""gpu"": 7, ""init_ns"": 362952595, ""pool_bytes"": 745552384}, {""gpu"": 0, ""init_ns"": 365213780, ""pool_bytes"": 745552384}, {""gpu"": 8, ""init_ns"": 365249790, ""pool_bytes"": 745552384}, {""gpu"": 9, ""init_ns"": 369183485, ""pool_bytes"": 745552384}, {""gpu"": 2, ""init_ns"": 372212875, ""pool_bytes"": 745552384}], ""branches"": 1024, ""branches_per_task"": 16, ""gpu_done_ns"": 9288398484590503, ""prepare_ns"": 383276853, ""readout_backend"": ""NUMPY_INT64_BATCHED_INVERSE_NTT_PRECOMPUTED_PYTHON_INTEGER_CRT"", ""ready_ns"": 9288306417513355, ""resumed_tasks"": 0, ""tasks"": 20480, ""tasks_per_gpu"": [1466, 1464, 1451, 1467, 1467, 1462, 1464, 1466, 1465, 1457, 1471, 1455, 1468, 1457], ""total_ns"": 92471042347}",historical selected plan; descriptive only
112,N120_INDUCED_PREFIX_GAP1,252d4521aa8fc9541902e6ad9a7d705a6e6c46cb28d15bb8859266e204da4aff,3e596e79a62c0bc317703dfefdb8f4ac5d60233a232d322b46c17bb17c23d33f,264,2,5,4.714285714285714,0.6604729288895332,1,[112],112,5192296858534827628530496329220096,33,39804586111,"[103, 110, 96, 97, 98, 102, 104, 108, 34, 43, 107, 109, 10, 35, 41, 67, 85, 95, 50, 2, 70, 82, 12, 19, 28, 54, 55, 72, 57, 64, 51, 73, 75, 91, 93, 4, 6, 99, 14, 31, 58, 46, 83, 62, 81, 8, 30, 49, 111, 0, 15, 105, 22, 40, 63, 74, 13, 42, 60, 94, 106, 5, 86, 89, 29, 45, 33, 17, 16, 20, 71, 7, 1, 68, 21, 11, 39, 61, 3, 9, 18, 23, 24, 25, 26, 27, 32, 36, 37, 38, 44, 47, 48, 52, 53, 56, 59, 65, 66, 69, 76, 77, 78, 79, 80, 84, 87, 88, 90, 92, 100, 101]",654,1024,4,163039584710656,5192296858534827628530496329220096,"{""-1"": 50, ""-2"": 44, ""-3"": 34, ""1"": 49, ""2"": 37, ""3"": 50}",not assumed,"[2, 2, 3, 3, 3, 3, 3, 3, 3, 4, 4, 4, 4, 4, 4, 4, 4, 4, 4, 4, 4, 5, 5, 5, 5, 5, 5, 5, 5, 5, 5, 5, 5, 5, 5, 5, 5, 5, 5, 5, 5, 5, 5, 5, 5, 5, 5, 5, 5, 5, 5, 5, 5, 5, 5, 5, 5, 5, 5, 5, 5, 5, 5, 5, 5, 5, 5, 5, 5, 5, 5, 5, 5, 5, 5, 5, 5, 5, 5, 5, 5, 5, 5, 5, 5, 5, 5, 5, 5, 5, 5, 5, 5, 5, 5, 5, 5, 5, 5, 5, 5, 5, 5, 5, 5, 5, 5, 5, 5, 5, 5, 5]",112,INHERITED; graph features NEWLY_DERIVED retrospectively,93.794738665,inherited_N120_plan,14_MIG_GPU_batched_readout,19,1024,5547959296,1024,5,-400,4,401,73106fdc563561755eb753f36f42fe9dc6665165d4ddb9ae960a7d46374a4d25,"{""arithmetic_ns"": 93381506827, ""backend"": ""14_PERSISTENT_CUDA_BRANCH_GROUP_WORKERS"", ""batch"": 16, ""boot"": [{""gpu"": 8, ""init_ns"": 317665459, ""pool_bytes"": 754783744}, {""gpu"": 6, ""init_ns"": 320352151, ""pool_bytes"": 754783744}, {""gpu"": 10, ""init_ns"": 320930207, ""pool_bytes"": 754783744}, {""gpu"": 0, ""init_ns"": 347125557, ""pool_bytes"": 754783744}, {""gpu"": 12, ""init_ns"": 357355751, ""pool_bytes"": 754783744}, {""gpu"": 13, ""init_ns"": 361343915, ""pool_bytes"": 754783744}, {""gpu"": 11, ""init_ns"": 363025785, ""pool_bytes"": 754783744}, {""gpu"": 7, ""init_ns"": 363986687, ""pool_bytes"": 754783744}, {""gpu"": 9, ""init_ns"": 365031731, ""pool_bytes"": 754783744}, {""gpu"": 5, ""init_ns"": 367018418, ""pool_bytes"": 754783744}, {""gpu"": 3, ""init_ns"": 375719862, ""pool_bytes"": 754783744}, {""gpu"": 4, ""init_ns"": 374998477, ""pool_bytes"": 754783744}, {""gpu"": 2, ""init_ns"": 379566237, ""pool_bytes"": 754783744}, {""gpu"": 1, ""init_ns"": 388746438, ""pool_bytes"": 754783744}], ""branches"": 1024, ""branches_per_task"": 16, ""gpu_done_ns"": 9288509332282614, ""prepare_ns"": 394152332, ""readout_backend"": ""NUMPY_INT64_BATCHED_INVERSE_NTT_PRECOMPUTED_PYTHON_INTEGER_CRT"", ""ready_ns"": 9288415950775787, ""resumed_tasks"": 0, ""tasks"": 20480, ""tasks_per_gpu"": [1466, 1464, 1453, 1470, 1463, 1461, 1466, 1464, 1465, 1459, 1473, 1453, 1468, 1455], ""total_ns"": 93794738665}",historical selected plan; descriptive only
113,N120_INDUCED_PREFIX_GAP1,1c2f6859f99dc453d1a8445e56285bf0ee26df15c89974cf2adc1c590a84604a,8b3aeba668fefc69a6448ed7284ef01eeb5733f57e276e7775a9be3ecd3bc625,266,2,5,4.707964601769912,0.6999546879039005,1,[113],113,10384593717069655257060992658440192,33,29807611187,"[103, 110, 112, 96, 97, 98, 102, 104, 108, 34, 43, 107, 109, 35, 41, 67, 85, 95, 50, 2, 70, 82, 12, 19, 28, 54, 55, 72, 57, 75, 86, 91, 93, 4, 6, 8, 99, 14, 31, 39, 52, 40, 58, 46, 83, 13, 30, 81, 111, 49, 0, 15, 105, 22, 62, 63, 94, 42, 11, 88, 76, 60, 27, 5, 37, 53, 33, 77, 79, 90, 36, 23, 78, 38, 10, 7, 26, 61, 64, 1, 3, 9, 16, 17, 18, 20, 21, 24, 25, 29, 32, 44, 45, 47, 48, 51, 56, 59, 65, 66, 68, 69, 71, 73, 74, 80, 84, 87, 89, 92, 100, 101, 106]",659,1024,4,122091975421952,10384593717069655257060992658440192,"{""-1"": 51, ""-2"": 44, ""-3"": 35, ""1"": 49, ""2"": 37, ""3"": 50}",not assumed,"[2, 2, 2, 3, 3, 3, 3, 3, 3, 3, 4, 4, 4, 4, 4, 4, 4, 4, 4, 4, 5, 5, 5, 5, 5, 5, 5, 5, 5, 5, 5, 5, 5, 5, 5, 5, 5, 5, 5, 5, 5, 5, 5, 5, 5, 5, 5, 5, 5, 5, 5, 5, 5, 5, 5, 5, 5, 5, 5, 5, 5, 5, 5, 5, 5, 5, 5, 5, 5, 5, 5, 5, 5, 5, 5, 5, 5, 5, 5, 5, 5, 5, 5, 5, 5, 5, 5, 5, 5, 5, 5, 5, 5, 5, 5, 5, 5, 5, 5, 5, 5, 5, 5, 5, 5, 5, 5, 5, 5, 5, 5, 5, 5]",113,INHERITED; graph features NEWLY_DERIVED retrospectively,114.852927242,inherited_N120_plan,14_MIG_GPU_batched_readout,19,1024,6823052288,1024,5,-401,4,403,85be8426bf91b5e3e8a04eddf20765d13e8ccc5de10622d67550011d9a389b57,"{""arithmetic_ns"": 114316847570, ""backend"": ""14_PERSISTENT_CUDA_BRANCH_GROUP_WORKERS"", ""batch"": 16, ""boot"": [{""gpu"": 11, ""init_ns"": 412354755, ""pool_bytes"": 925742592}, {""gpu"": 4, ""init_ns"": 422958596, ""pool_bytes"": 925742592}, {""gpu"": 2, ""init_ns"": 433561957, ""pool_bytes"": 925742592}, {""gpu"": 13, ""init_ns"": 439030261, ""pool_bytes"": 925742592}, {""gpu"": 10, ""init_ns"": 449323785, ""pool_bytes"": 925742592}, {""gpu"": 8, ""init_ns"": 450134679, ""pool_bytes"": 925742592}, {""gpu"": 3, ""init_ns"": 453627437, ""pool_bytes"": 925742592}, {""gpu"": 6, ""init_ns"": 455516015, ""pool_bytes"": 925742592}, {""gpu"": 1, ""init_ns"": 461974732, ""pool_bytes"": 925742592}, {""gpu"": 12, ""init_ns"": 464836593, ""pool_bytes"": 925742592}, {""gpu"": 0, ""init_ns"": 466183855, ""pool_bytes"": 925742592}, {""gpu"": 5, ""init_ns"": 466508812, ""pool_bytes"": 925742592}, {""gpu"": 7, ""init_ns"": 468640479, ""pool_bytes"": 925742592}, {""gpu"": 9, ""init_ns"": 473133550, ""pool_bytes"": 925742592}], ""branches"": 1024, ""branches_per_task"": 16, ""gpu_done_ns"": 9288638594050619, ""prepare_ns"": 485633679, ""readout_backend"": ""NUMPY_INT64_BATCHED_INVERSE_NTT_PRECOMPUTED_PYTHON_INTEGER_CRT"", ""ready_ns"": 9288524277203049, ""resumed_tasks"": 0, ""tasks"": 20480, ""tasks_per_gpu"": [1463, 1464, 1454, 1470, 1464, 1464, 1465, 1464, 1464, 1459, 1472, 1452, 1469, 1456], ""total_ns"": 114852927242}",historical selected plan; descriptive only
114,N120_INDUCED_PREFIX_GAP1,b81974991d0cba27c10df896e60e5dc22f5720757c5a841b9fd551578dbf7f93,bd914fafc3ff89a6d15b4437422aee57f7f849abec92837e3e8f0cac2da81b43,270,2,5,4.7368421052631575,0.6359497880839249,1,[114],114,20769187434139310514121985316880384,34,106067419367,"[103, 112, 97, 98, 102, 104, 108, 34, 43, 107, 110, 35, 41, 67, 85, 96, 50, 109, 2, 70, 82, 12, 19, 24, 28, 54, 55, 72, 57, 75, 86, 91, 93, 0, 4, 6, 8, 99, 31, 33, 39, 52, 40, 83, 30, 111, 13, 47, 14, 15, 58, 46, 37, 105, 60, 62, 71, 51, 73, 42, 113, 45, 84, 81, 79, 20, 88, 61, 11, 77, 27, 64, 10, 7, 66, 74, 16, 90, 36, 1, 3, 5, 9, 17, 18, 21, 22, 23, 25, 26, 29, 32, 38, 44, 48, 49, 53, 56, 59, 63, 65, 68, 69, 76, 78, 80, 87, 89, 92, 94, 95, 100, 101, 106]",666,1024,4,434452149727232,20769187434139310514121985316880384,"{""-1"": 52, ""-2"": 46, ""-3"": 35, ""1"": 50, ""2"": 37, ""3"": 50}",not assumed,"[2, 2, 3, 3, 3, 3, 3, 3, 4, 4, 4, 4, 4, 4, 4, 4, 4, 4, 4, 4, 5, 5, 5, 5, 5, 5, 5, 5, 5, 5, 5, 5, 5, 5, 5, 5, 5, 5, 5, 5, 5, 5, 5, 5, 5, 5, 5, 5, 5, 5, 5, 5, 5, 5, 5, 5, 5, 5, 5, 5, 5, 5, 5, 5, 5, 5, 5, 5, 5, 5, 5, 5, 5, 5, 5, 5, 5, 5, 5, 5, 5, 5, 5, 5, 5, 5, 5, 5, 5, 5, 5, 5, 5, 5, 5, 5, 5, 5, 5, 5, 5, 5, 5, 5, 5, 5, 5, 5, 5, 5, 5, 5, 5, 5]",114,INHERITED; graph features NEWLY_DERIVED retrospectively,145.07722834,inherited_N120_plan,14_MIG_GPU_batched_readout,20,1024,8702116864,1024,5,-402,4,405,41917c6d1a0ee0b0cd8704018e559be1e2b5e77867e77bd4006e0859cafb0e1f,"{""arithmetic_ns"": 144506304394, ""backend"": ""14_PERSISTENT_CUDA_BRANCH_GROUP_WORKERS"", ""batch"": 16, ""boot"": [{""gpu"": 3, ""init_ns"": 418599123, ""pool_bytes"": 1184403968}, {""gpu"": 12, ""init_ns"": 423690331, ""pool_bytes"": 1184403968}, {""gpu"": 5, ""init_ns"": 428201102, ""pool_bytes"": 1184403968}, {""gpu"": 10, ""init_ns"": 428176901, ""pool_bytes"": 1184403968}, {""gpu"": 11, ""init_ns"": 430597906, ""pool_bytes"": 1184403968}, {""gpu"": 1, ""init_ns"": 448003013, ""pool_bytes"": 1184403968}, {""gpu"": 2, ""init_ns"": 450750925, ""pool_bytes"": 1184403968}, {""gpu"": 6, ""init_ns"": 450327848, ""pool_bytes"": 1184403968}, {""gpu"": 0, ""init_ns"": 455043377, ""pool_bytes"": 1184403968}, {""gpu"": 7, ""init_ns"": 456777156, ""pool_bytes"": 1184403968}, {""gpu"": 8, ""init_ns"": 459100921, ""pool_bytes"": 1184403968}, {""gpu"": 4, ""init_ns"": 461061888, ""pool_bytes"": 1184403968}, {""gpu"": 13, ""init_ns"": 465822008, ""pool_bytes"": 1184403968}, {""gpu"": 9, ""init_ns"": 479025901, ""pool_bytes"": 1184403968}], ""branches"": 1024, ""branches_per_task"": 16, ""gpu_done_ns"": 9288798649691736, ""prepare_ns"": 486890511, ""readout_backend"": ""NUMPY_INT64_BATCHED_INVERSE_NTT_PRECOMPUTED_PYTHON_INTEGER_CRT"", ""ready_ns"": 9288654143387342, ""resumed_tasks"": 0, ""tasks"": 20480, ""tasks_per_gpu"": [1465, 1464, 1454, 1469, 1465, 1461, 1464, 1464, 1463, 1458, 1472, 1455, 1468, 1458], ""total_ns"": 145077228340}",historical selected plan; descriptive only
115,N120_INDUCED_PREFIX_GAP1,531ec155f34187f6f9409a39b32aa005c40aeccbf97cfd3c0962dca2d3a2d6c1,63016e689ae72e76d9b0ea2a64b07345b78e851d1e83490d5a00b024360abc1d,275,2,5,4.782608695652174,0.540251289287272,1,[115],115,41538374868278621028243970633760768,37,529398471483,"[103, 102, 108, 112, 34, 43, 107, 110, 35, 41, 85, 96, 109, 104, 50, 2, 70, 82, 98, 12, 19, 24, 28, 54, 44, 55, 72, 75, 86, 91, 93, 4, 6, 8, 31, 33, 68, 39, 52, 40, 97, 111, 90, 25, 30, 13, 42, 47, 14, 71, 51, 62, 45, 67, 1, 60, 73, 21, 46, 105, 37, 84, 20, 16, 113, 0, 99, 5, 58, 23, 9, 94, 88, 101, 65, 69, 81, 114, 11, 3, 7, 10, 15, 17, 18, 22, 26, 27, 29, 32, 36, 38, 48, 49, 53, 56, 57, 59, 61, 63, 64, 66, 74, 76, 77, 78, 79, 80, 83, 87, 89, 92, 95, 100, 106]",676,1024,4,2168416139194368,41538374868278621028243970633760768,"{""-1"": 52, ""-2"": 47, ""-3"": 35, ""1"": 52, ""2"": 37, ""3"": 52}",not assumed,"[2, 3, 3, 3, 3, 4, 4, 4, 4, 4, 4, 4, 4, 4, 4, 4, 4, 4, 4, 5, 5, 5, 5, 5, 5, 5, 5, 5, 5, 5, 5, 5, 5, 5, 5, 5, 5, 5, 5, 5, 5, 5, 5, 5, 5, 5, 5, 5, 5, 5, 5, 5, 5, 5, 5, 5, 5, 5, 5, 5, 5, 5, 5, 5, 5, 5, 5, 5, 5, 5, 5, 5, 5, 5, 5, 5, 5, 5, 5, 5, 5, 5, 5, 5, 5, 5, 5, 5, 5, 5, 5, 5, 5, 5, 5, 5, 5, 5, 5, 5, 5, 5, 5, 5, 5, 5, 5, 5, 5, 5, 5, 5, 5, 5, 5]",115,INHERITED; graph features NEWLY_DERIVED retrospectively,151.90754068,inherited_N120_plan,14_MIG_GPU_batched_readout,20,1024,9104843776,1024,5,-406,20,411,6c76b24ee18032103b975fc8936312cf384f81431cde08357ca6056d35d559e8,"{""arithmetic_ns"": 151271711026, ""backend"": ""14_PERSISTENT_CUDA_BRANCH_GROUP_WORKERS"", ""batch"": 16, ""boot"": [{""gpu"": 9, ""init_ns"": 427000369, ""pool_bytes"": 1238207488}, {""gpu"": 3, ""init_ns"": 429076006, ""pool_bytes"": 1238207488}, {""gpu"": 5, ""init_ns"": 447327578, ""pool_bytes"": 1238207488}, {""gpu"": 6, ""init_ns"": 465381241, ""pool_bytes"": 1238207488}, {""gpu"": 11, ""init_ns"": 465460050, ""pool_bytes"": 1238207488}, {""gpu"": 0, ""init_ns"": 468471611, ""pool_bytes"": 1238207488}, {""gpu"": 12, ""init_ns"": 468441890, ""pool_bytes"": 1238207488}, {""gpu"": 13, ""init_ns"": 468645200, ""pool_bytes"": 1238207488}, {""gpu"": 4, ""init_ns"": 471871759, ""pool_bytes"": 1238207488}, {""gpu"": 10, ""init_ns"": 470790195, ""pool_bytes"": 1238207488}, {""gpu"": 1, ""init_ns"": 472386575, ""pool_bytes"": 1238207488}, {""gpu"": 2, ""init_ns"": 478831703, ""pool_bytes"": 1238207488}, {""gpu"": 8, ""init_ns"": 481328037, ""pool_bytes"": 1238207488}, {""gpu"": 7, ""init_ns"": 487049890, ""pool_bytes"": 1238207488}], ""branches"": 1024, ""branches_per_task"": 16, ""gpu_done_ns"": 9288965205635885, ""prepare_ns"": 499336930, ""readout_backend"": ""NUMPY_INT64_BATCHED_INVERSE_NTT_PRECOMPUTED_PYTHON_INTEGER_CRT"", ""ready_ns"": 9288813933924859, ""resumed_tasks"": 0, ""tasks"": 20480, ""tasks_per_gpu"": [1465, 1464, 1453, 1469, 1466, 1461, 1464, 1466, 1463, 1458, 1473, 1453, 1467, 1458], ""total_ns"": 151907540680}",historical selected plan; descriptive only
116,N120_INDUCED_PREFIX_GAP1,a1c1902fca834bc8f5ebd3bddfdffc80ba760d9764cc4fcac9b411a343ec670f,1241b87b4d882a17134dc01cbf77177b7d78578cf19a22428a5b71424d68c9ef,280,3,5,4.827586206896552,0.44092109836360077,1,[116],116,83076749736557242056487941267521536,36,156974803735,"[103, 108, 112, 34, 102, 107, 35, 41, 85, 96, 109, 50, 110, 2, 70, 77, 82, 98, 11, 12, 24, 28, 54, 39, 44, 52, 55, 72, 91, 93, 104, 4, 6, 8, 21, 31, 33, 68, 40, 111, 90, 97, 25, 62, 30, 47, 14, 71, 13, 51, 45, 67, 1, 42, 60, 84, 61, 46, 105, 58, 20, 16, 0, 81, 86, 113, 115, 9, 106, 75, 99, 27, 87, 23, 22, 92, 43, 64, 73, 3, 5, 7, 10, 15, 17, 18, 19, 26, 29, 32, 36, 37, 38, 48, 49, 53, 56, 57, 59, 63, 65, 66, 69, 74, 76, 78, 79, 80, 83, 88, 89, 94, 95, 100, 101, 114]",687,1024,5,803710995123200,83076749736557242056487941267521536,"{""-1"": 53, ""-2"": 48, ""-3"": 37, ""1"": 53, ""2"": 37, ""3"": 52}",not assumed,"[3, 3, 3, 4, 4, 4, 4, 4, 4, 4, 4, 4, 4, 4, 4, 4, 4, 5, 5, 5, 5, 5, 5, 5, 5, 5, 5, 5, 5, 5, 5, 5, 5, 5, 5, 5, 5, 5, 5, 5, 5, 5, 5, 5, 5, 5, 5, 5, 5, 5, 5, 5, 5, 5, 5, 5, 5, 5, 5, 5, 5, 5, 5, 5, 5, 5, 5, 5, 5, 5, 5, 5, 5, 5, 5, 5, 5, 5, 5, 5, 5, 5, 5, 5, 5, 5, 5, 5, 5, 5, 5, 5, 5, 5, 5, 5, 5, 5, 5, 5, 5, 5, 5, 5, 5, 5, 5, 5, 5, 5, 5, 5, 5, 5, 5, 5]",116,INHERITED; graph features NEWLY_DERIVED retrospectively,193.611706472,inherited_N120_plan,14_MIG_GPU_batched_readout,20,1024,11655112704,1024,5,-411,4,415,17d695147ce3a0ec2fa367c2f6ff53092b498ffb8dc30b75628249873b8e6d90,"{""arithmetic_ns"": 193076507288, ""backend"": ""14_PERSISTENT_CUDA_BRANCH_GROUP_WORKERS"", ""batch"": 16, ""boot"": [{""gpu"": 9, ""init_ns"": 451764798, ""pool_bytes"": 1580632064}, {""gpu"": 10, ""init_ns"": 462343290, ""pool_bytes"": 1580632064}, {""gpu"": 2, ""init_ns"": 467812855, ""pool_bytes"": 1580632064}, {""gpu"": 1, ""init_ns"": 475218507, ""pool_bytes"": 1580632064}, {""gpu"": 13, ""init_ns"": 481553335, ""pool_bytes"": 1580632064}, {""gpu"": 0, ""init_ns"": 492102587, ""pool_bytes"": 1580632064}, {""gpu"": 3, ""init_ns"": 497216683, ""pool_bytes"": 1580632064}, {""gpu"": 8, ""init_ns"": 500918929, ""pool_bytes"": 1580632064}, {""gpu"": 12, ""init_ns"": 501285597, ""pool_bytes"": 1580632064}, {""gpu"": 11, ""init_ns"": 503154516, ""pool_bytes"": 1580632064}, {""gpu"": 5, ""init_ns"": 504676245, ""pool_bytes"": 1580632064}, {""gpu"": 4, ""init_ns"": 505999866, ""pool_bytes"": 1580632064}, {""gpu"": 6, ""init_ns"": 506733302, ""pool_bytes"": 1580632064}, {""gpu"": 7, ""init_ns"": 507808485, ""pool_bytes"": 1580632064}], ""branches"": 1024, ""branches_per_task"": 16, ""gpu_done_ns"": 9289174088481887, ""prepare_ns"": 514732500, ""readout_backend"": ""NUMPY_INT64_BATCHED_INVERSE_NTT_PRECOMPUTED_PYTHON_INTEGER_CRT"", ""ready_ns"": 9288981011974599, ""resumed_tasks"": 0, ""tasks"": 20480, ""tasks_per_gpu"": [1464, 1465, 1452, 1471, 1465, 1464, 1466, 1464, 1465, 1458, 1472, 1453, 1466, 1455], ""total_ns"": 193611706472}",historical selected plan; descriptive only
117,N120_INDUCED_PREFIX_GAP1,54355771c9f53fb7dbde5ba229c2efccbe09cdfee5538606ff01a562068d6119,baff947eda2370b8857971b89cddb7be981b6db220481e869e3263bda55e9462,285,3,5,4.871794871794871,0.3820426775833677,1,[117],117,166153499473114484112975882535043072,37,313913846799,"[103, 108, 34, 102, 41, 85, 96, 112, 50, 107, 110, 70, 77, 82, 98, 2, 11, 12, 24, 28, 35, 54, 39, 44, 52, 55, 72, 91, 93, 97, 104, 4, 6, 8, 21, 31, 33, 68, 40, 90, 25, 62, 111, 30, 109, 47, 14, 71, 13, 51, 45, 67, 1, 42, 60, 84, 61, 46, 58, 86, 9, 81, 0, 20, 16, 113, 115, 105, 99, 106, 27, 87, 23, 75, 22, 92, 43, 64, 73, 3, 5, 7, 10, 15, 17, 18, 19, 26, 29, 32, 36, 37, 38, 48, 49, 53, 56, 57, 59, 63, 65, 66, 69, 74, 76, 78, 79, 80, 83, 88, 89, 94, 95, 100, 101, 114, 116]",694,1024,5,1607238895610880,166153499473114484112975882535043072,"{""-1"": 56, ""-2"": 49, ""-3"": 37, ""1"": 53, ""2"": 38, ""3"": 52}",not assumed,"[3, 3, 4, 4, 4, 4, 4, 4, 4, 4, 4, 4, 4, 5, 5, 5, 5, 5, 5, 5, 5, 5, 5, 5, 5, 5, 5, 5, 5, 5, 5, 5, 5, 5, 5, 5, 5, 5, 5, 5, 5, 5, 5, 5, 5, 5, 5, 5, 5, 5, 5, 5, 5, 5, 5, 5, 5, 5, 5, 5, 5, 5, 5, 5, 5, 5, 5, 5, 5, 5, 5, 5, 5, 5, 5, 5, 5, 5, 5, 5, 5, 5, 5, 5, 5, 5, 5, 5, 5, 5, 5, 5, 5, 5, 5, 5, 5, 5, 5, 5, 5, 5, 5, 5, 5, 5, 5, 5, 5, 5, 5, 5, 5, 5, 5, 5, 5]",117,INHERITED; graph features NEWLY_DERIVED retrospectively,253.805320844,inherited_N120_plan,14_MIG_GPU_batched_readout,20,1024,15681792000,1024,5,-416,4,419,bd6bbbd393306b1a65c79848325ac692a08ce0bf74fc40e195089cb37f92ef98,"{""arithmetic_ns"": 253269307891, ""backend"": ""14_PERSISTENT_CUDA_BRANCH_GROUP_WORKERS"", ""batch"": 16, ""boot"": [{""gpu"": 11, ""init_ns"": 458686040, ""pool_bytes"": 2120731136}, {""gpu"": 12, ""init_ns"": 467797983, ""pool_bytes"": 2120731136}, {""gpu"": 0, ""init_ns"": 483422927, ""pool_bytes"": 2120731136}, {""gpu"": 7, ""init_ns"": 485931511, ""pool_bytes"": 2120731136}, {""gpu"": 3, ""init_ns"": 487413492, ""pool_bytes"": 2120731136}, {""gpu"": 4, ""init_ns"": 487932679, ""pool_bytes"": 2120731136}, {""gpu"": 10, ""init_ns"": 491273818, ""pool_bytes"": 2120731136}, {""gpu"": 8, ""init_ns"": 492673290, ""pool_bytes"": 2120731136}, {""gpu"": 1, ""init_ns"": 491691215, ""pool_bytes"": 2120731136}, {""gpu"": 13, ""init_ns"": 493882042, ""pool_bytes"": 2120731136}, {""gpu"": 9, ""init_ns"": 499641007, ""pool_bytes"": 2120731136}, {""gpu"": 6, ""init_ns"": 501135068, ""pool_bytes"": 2120731136}, {""gpu"": 5, ""init_ns"": 505205632, ""pool_bytes"": 2120731136}, {""gpu"": 2, ""init_ns"": 508636411, ""pool_bytes"": 2120731136}], ""branches"": 1024, ""branches_per_task"": 16, ""gpu_done_ns"": 9289442354903405, ""prepare_ns"": 516461883, ""readout_backend"": ""NUMPY_INT64_BATCHED_INVERSE_NTT_PRECOMPUTED_PYTHON_INTEGER_CRT"", ""ready_ns"": 9289189085595514, ""resumed_tasks"": 0, ""tasks"": 20480, ""tasks_per_gpu"": [1467, 1463, 1452, 1468, 1465, 1460, 1467, 1467, 1461, 1459, 1472, 1454, 1467, 1458], ""total_ns"": 253805320844}",historical selected plan; descriptive only
118,N120_INDUCED_PREFIX_GAP1,db279cce1d9547fa7250f89567f25dd3e131343b2c232f489d4aaa9dced4af39,8a37fa0e98c3b2af94382adccefacf60b454bdb49f51d39fa28f3a0963e1aaf6,290,3,5,4.915254237288136,0.30742978215622124,1,[118],118,332306998946228968225951765070086144,39,1234077445927,"[108, 34, 103, 110, 85, 96, 112, 50, 107, 70, 77, 82, 98, 2, 11, 24, 28, 35, 54, 39, 44, 47, 52, 27, 55, 72, 88, 91, 93, 101, 109, 4, 8, 31, 33, 68, 92, 117, 90, 104, 25, 62, 61, 13, 14, 71, 45, 67, 1, 42, 7, 111, 21, 84, 53, 66, 60, 81, 26, 5, 30, 40, 87, 97, 46, 116, 9, 58, 86, 113, 115, 102, 106, 105, 78, 22, 57, 0, 3, 6, 10, 12, 15, 16, 17, 18, 19, 20, 23, 29, 32, 36, 37, 38, 41, 43, 48, 49, 51, 56, 59, 63, 64, 65, 69, 73, 74, 75, 76, 79, 80, 83, 89, 94, 95, 99, 100, 114]",705,1024,5,6318476523146240,332306998946228968225951765070086144,"{""-1"": 56, ""-2"": 51, ""-3"": 38, ""1"": 54, ""2"": 39, ""3"": 52}",not assumed,"[3, 4, 4, 4, 4, 4, 4, 4, 4, 5, 5, 5, 5, 5, 5, 5, 5, 5, 5, 5, 5, 5, 5, 5, 5, 5, 5, 5, 5, 5, 5, 5, 5, 5, 5, 5, 5, 5, 5, 5, 5, 5, 5, 5, 5, 5, 5, 5, 5, 5, 5, 5, 5, 5, 5, 5, 5, 5, 5, 5, 5, 5, 5, 5, 5, 5, 5, 5, 5, 5, 5, 5, 5, 5, 5, 5, 5, 5, 5, 5, 5, 5, 5, 5, 5, 5, 5, 5, 5, 5, 5, 5, 5, 5, 5, 5, 5, 5, 5, 5, 5, 5, 5, 5, 5, 5, 5, 5, 5, 5, 5, 5, 5, 5, 5, 5, 5, 5]",118,INHERITED; graph features NEWLY_DERIVED retrospectively,250.582155614,inherited_N120_plan,14_MIG_GPU_batched_readout,20,1024,15682785280,1024,5,-421,8,425,7a2b025397e0cebf1442811dca54879a5dd157dbeb945a5813f780b505d9e411,"{""arithmetic_ns"": 250044076115, ""backend"": ""14_PERSISTENT_CUDA_BRANCH_GROUP_WORKERS"", ""batch"": 16, ""boot"": [{""gpu"": 4, ""init_ns"": 424047253, ""pool_bytes"": 2118832128}, {""gpu"": 0, ""init_ns"": 426657567, ""pool_bytes"": 2118832128}, {""gpu"": 8, ""init_ns"": 442595068, ""pool_bytes"": 2118832128}, {""gpu"": 6, ""init_ns"": 455201131, ""pool_bytes"": 2118832128}, {""gpu"": 5, ""init_ns"": 455936796, ""pool_bytes"": 2118832128}, {""gpu"": 2, ""init_ns"": 460080560, ""pool_bytes"": 2118832128}, {""gpu"": 7, ""init_ns"": 465567487, ""pool_bytes"": 2118832128}, {""gpu"": 10, ""init_ns"": 478337208, ""pool_bytes"": 2118832128}, {""gpu"": 11, ""init_ns"": 480533645, ""pool_bytes"": 2118832128}, {""gpu"": 3, ""init_ns"": 481669148, ""pool_bytes"": 2118832128}, {""gpu"": 13, ""init_ns"": 481948496, ""pool_bytes"": 2118832128}, {""gpu"": 12, ""init_ns"": 481945146, ""pool_bytes"": 2118832128}, {""gpu"": 9, ""init_ns"": 484737239, ""pool_bytes"": 2118832128}, {""gpu"": 1, ""init_ns"": 485901081, ""pool_bytes"": 2118832128}], ""branches"": 1024, ""branches_per_task"": 16, ""gpu_done_ns"": 9289707738577693, ""prepare_ns"": 493027557, ""readout_backend"": ""NUMPY_INT64_BATCHED_INVERSE_NTT_PRECOMPUTED_PYTHON_INTEGER_CRT"", ""ready_ns"": 9289457694501578, ""resumed_tasks"": 0, ""tasks"": 20480, ""tasks_per_gpu"": [1463, 1463, 1455, 1471, 1463, 1463, 1469, 1463, 1463, 1459, 1472, 1455, 1466, 1455], ""total_ns"": 250582155614}",historical selected plan; descriptive only
119,N120_INDUCED_PREFIX_GAP1,4ff9a7b5ee219f56a02ffb264fb533a0db66c4b7260342c71b927b8aa79c0ad8,27fe92987d6d4a60db3b4132f7c7886952eba100c3fd1f038a16673d5b483caa,295,4,5,4.957983193277311,0.2006275022909802,1,[119],119,664613997892457936451903530140172288,38,779008494015,"[110, 85, 98, 112, 50, 107, 99, 70, 77, 82, 104, 2, 11, 24, 28, 34, 35, 54, 39, 44, 47, 52, 27, 55, 72, 88, 91, 93, 96, 109, 117, 4, 8, 31, 33, 68, 92, 115, 25, 62, 61, 101, 14, 71, 26, 65, 45, 67, 1, 21, 9, 7, 87, 53, 84, 86, 81, 60, 113, 106, 5, 30, 103, 46, 18, 105, 58, 22, 3, 23, 17, 16, 20, 111, 108, 102, 97, 43, 100, 10, 0, 6, 12, 13, 15, 19, 29, 32, 36, 37, 38, 40, 41, 42, 48, 49, 51, 56, 57, 59, 63, 64, 66, 69, 73, 74, 75, 76, 78, 79, 80, 83, 89, 90, 94, 95, 114, 116, 118]",717,1024,5,3988523489356800,664613997892457936451903530140172288,"{""-1"": 56, ""-2"": 52, ""-3"": 39, ""1"": 55, ""2"": 40, ""3"": 53}",not assumed,"[4, 4, 4, 4, 4, 5, 5, 5, 5, 5, 5, 5, 5, 5, 5, 5, 5, 5, 5, 5, 5, 5, 5, 5, 5, 5, 5, 5, 5, 5, 5, 5, 5, 5, 5, 5, 5, 5, 5, 5, 5, 5, 5, 5, 5, 5, 5, 5, 5, 5, 5, 5, 5, 5, 5, 5, 5, 5, 5, 5, 5, 5, 5, 5, 5, 5, 5, 5, 5, 5, 5, 5, 5, 5, 5, 5, 5, 5, 5, 5, 5, 5, 5, 5, 5, 5, 5, 5, 5, 5, 5, 5, 5, 5, 5, 5, 5, 5, 5, 5, 5, 5, 5, 5, 5, 5, 5, 5, 5, 5, 5, 5, 5, 5, 5, 5, 5, 5, 5]",119,INHERITED; graph features NEWLY_DERIVED retrospectively,500.476514875,inherited_N120_plan,14_MIG_GPU_batched_readout,20,2048,31365570560,1024,5,-425,8,429,d572b65662208eeed8ad3e6e5e3cd623d63b081507a213bf457d8ae527dde36d,"{""arithmetic_ns"": 499917819070, ""backend"": ""14_PERSISTENT_CUDA_BRANCH_GROUP_WORKERS"", ""batch"": 16, ""boot"": [{""gpu"": 8, ""init_ns"": 413820306, ""pool_bytes"": 2118832128}, {""gpu"": 3, ""init_ns"": 422997709, ""pool_bytes"": 2118832128}, {""gpu"": 2, ""init_ns"": 429699559, ""pool_bytes"": 2118832128}, {""gpu"": 7, ""init_ns"": 465952145, ""pool_bytes"": 2118832128}, {""gpu"": 4, ""init_ns"": 471070032, ""pool_bytes"": 2118832128}, {""gpu"": 11, ""init_ns"": 489638268, ""pool_bytes"": 2118832128}, {""gpu"": 10, ""init_ns"": 498551993, ""pool_bytes"": 2118832128}, {""gpu"": 13, ""init_ns"": 498884451, ""pool_bytes"": 2118832128}, {""gpu"": 0, ""init_ns"": 499934415, ""pool_bytes"": 2118832128}, {""gpu"": 9, ""init_ns"": 500835109, ""pool_bytes"": 2118832128}, {""gpu"": 12, ""init_ns"": 499804075, ""pool_bytes"": 2118832128}, {""gpu"": 6, ""init_ns"": 502987606, ""pool_bytes"": 2118832128}, {""gpu"": 5, ""init_ns"": 503035955, ""pool_bytes"": 2118832128}, {""gpu"": 1, ""init_ns"": 503319984, ""pool_bytes"": 2118832128}], ""branches"": 2048, ""branches_per_task"": 16, ""gpu_done_ns"": 9290226751452480, ""prepare_ns"": 512142229, ""readout_backend"": ""NUMPY_INT64_BATCHED_INVERSE_NTT_PRECOMPUTED_PYTHON_INTEGER_CRT"", ""ready_ns"": 9289726833633410, ""resumed_tasks"": 0, ""tasks"": 40960, ""tasks_per_gpu"": [2927, 2927, 2910, 2943, 2928, 2926, 2933, 2926, 2927, 2919, 2943, 2910, 2931, 2910], ""total_ns"": 500476514875}",historical selected plan; descriptive only
120,N120_FIVE_REGULAR_DEGREE_PRESERVING_N96_EXTENSION_V1,01baac5f9ddb3754a53135c3fd88e355f517ad230016445372e36c24d21d0457,bed8dbc542412f88a76795573e157e369710a0bcf8d2b7358e10a159d98df1f4,300,5,5,5,0.0,1,[120],120,1329227995784915872903807060280344576,40,3788471786719,"[50, 77, 82, 104, 107, 70, 99, 98, 112, 2, 11, 24, 28, 34, 35, 54, 39, 13, 44, 47, 52, 27, 55, 72, 85, 88, 91, 93, 96, 109, 115, 117, 4, 8, 31, 33, 68, 92, 25, 62, 61, 101, 14, 71, 45, 67, 1, 42, 87, 7, 9, 21, 53, 113, 111, 26, 84, 60, 81, 66, 40, 46, 103, 5, 30, 58, 86, 105, 16, 20, 110, 106, 10, 43, 75, 18, 3, 38, 48, 76, 78, 15, 94, 0, 6, 12, 17, 19, 22, 23, 29, 32, 36, 37, 41, 49, 51, 56, 57, 59, 63, 64, 65, 69, 73, 74, 79, 80, 83, 89, 90, 95, 97, 100, 102, 108, 114, 116, 118, 119]",730,1024,5,19396975548001280,1329227995784915872903807060280344576,"{""-1"": 56, ""-2"": 54, ""-3"": 39, ""1"": 55, ""2"": 41, ""3"": 55}",not assumed,"[5, 5, 5, 5, 5, 5, 5, 5, 5, 5, 5, 5, 5, 5, 5, 5, 5, 5, 5, 5, 5, 5, 5, 5, 5, 5, 5, 5, 5, 5, 5, 5, 5, 5, 5, 5, 5, 5, 5, 5, 5, 5, 5, 5, 5, 5, 5, 5, 5, 5, 5, 5, 5, 5, 5, 5, 5, 5, 5, 5, 5, 5, 5, 5, 5, 5, 5, 5, 5, 5, 5, 5, 5, 5, 5, 5, 5, 5, 5, 5, 5, 5, 5, 5, 5, 5, 5, 5, 5, 5, 5, 5, 5, 5, 5, 5, 5, 5, 5, 5, 5, 5, 5, 5, 5, 5, 5, 5, 5, 5, 5, 5, 5, 5, 5, 5, 5, 5, 5, 5]",120,INHERITED; graph features NEWLY_DERIVED retrospectively,773.240389397,source_bound_cutset_search,14_MIG_GPU_batched_readout,21,2048,47476187136,1024,5,-434,8,435,4e44f3518b7031a7d63c9ec89d1ce1accc3f057a24a71a3b95773130acafa228,"{""arithmetic_ns"": 772666548321, ""backend"": ""14_PERSISTENT_CUDA_BRANCH_GROUP_WORKERS"", ""batch"": 16, ""boot"": [{""gpu"": 9, ""init_ns"": 391310309, ""pool_bytes"": 3217053184}, {""gpu"": 6, ""init_ns"": 409493107, ""pool_bytes"": 3217053184}, {""gpu"": 4, ""init_ns"": 413608141, ""pool_bytes"": 3217053184}, {""gpu"": 7, ""init_ns"": 417009040, ""pool_bytes"": 3217053184}, {""gpu"": 10, ""init_ns"": 418491031, ""pool_bytes"": 3217053184}, {""gpu"": 13, ""init_ns"": 426663750, ""pool_bytes"": 3217053184}, {""gpu"": 5, ""init_ns"": 434307013, ""pool_bytes"": 3217053184}, {""gpu"": 12, ""init_ns"": 441002011, ""pool_bytes"": 3217053184}, {""gpu"": 11, ""init_ns"": 446377128, ""pool_bytes"": 3217053184}, {""gpu"": 8, ""init_ns"": 453729931, ""pool_bytes"": 3217053184}, {""gpu"": 3, ""init_ns"": 491160029, ""pool_bytes"": 3217053184}, {""gpu"": 0, ""init_ns"": 495022285, ""pool_bytes"": 3217053184}, {""gpu"": 2, ""init_ns"": 505747639, ""pool_bytes"": 3217053184}, {""gpu"": 1, ""init_ns"": 507026490, ""pool_bytes"": 3217053184}], ""branches"": 2048, ""branches_per_task"": 16, ""gpu_done_ns"": 9197201790492872, ""prepare_ns"": 527213205, ""readout_backend"": ""NUMPY_INT64_BATCHED_INVERSE_NTT_PRECOMPUTED_PYTHON_INTEGER_CRT"", ""ready_ns"": 9196429123944551, ""resumed_tasks"": 0, ""tasks"": 40960, ""tasks_per_gpu"": [2927, 2926, 2932, 2932, 2926, 2924, 2932, 2909, 2940, 2936, 2924, 2930, 2930, 2892], ""total_ns"": 773240389397}",historical selected plan; descriptive only
