N,source,method,arithmetic_median_seconds,cv,question
100,f4f512facb6a5b46acbf03543c91d6653cb961b30ea9f2a1c1af33255bb1aa0b,components,0.158809467,0.01738267535976035,765112dcc11a54ecff9ba4bb
100,f4f512facb6a5b46acbf03543c91d6653cb961b30ea9f2a1c1af33255bb1aa0b,variable_elimination,0.019211816,0.018097261511467594,765112dcc11a54ecff9ba4bb
100,f4f512facb6a5b46acbf03543c91d6653cb961b30ea9f2a1c1af33255bb1aa0b,memo_components,0.076442462,0.059243522842196104,765112dcc11a54ecff9ba4bb
100,f4f512facb6a5b46acbf03543c91d6653cb961b30ea9f2a1c1af33255bb1aa0b,warm_components,0.009647166,0.9656832083263444,765112dcc11a54ecff9ba4bb
105,5776b29715e9a50cd9f500c1b53e676b5e8d4ed040d40ac02cad5f3eb90e7774,components,0.162182976,0.028445391727855925,2b73626dfbd07a25a8a71d57
105,5776b29715e9a50cd9f500c1b53e676b5e8d4ed040d40ac02cad5f3eb90e7774,variable_elimination,0.020425154,0.00740587315726156,2b73626dfbd07a25a8a71d57
105,5776b29715e9a50cd9f500c1b53e676b5e8d4ed040d40ac02cad5f3eb90e7774,memo_components,0.076298873,0.057132125036817166,2b73626dfbd07a25a8a71d57
105,5776b29715e9a50cd9f500c1b53e676b5e8d4ed040d40ac02cad5f3eb90e7774,warm_components,0.010200965,0.9731238248222949,2b73626dfbd07a25a8a71d57
100,a1a5ebf33fce118563368ca1b97937b636376306ba17d5777de1199194cae676,variable_elimination,0.019052956,0.06257052828506018,6f1c2c110ad851694c3c97dd
100,a1a5ebf33fce118563368ca1b97937b636376306ba17d5777de1199194cae676,conditional_components,0.159593308,0.010162516534950355,6f1c2c110ad851694c3c97dd
100,40873e10cef2c1da4c61ff0b38ed81dcac09b4b24d944f44739a265811d011b4,variable_elimination,0.018426458,0.03002290726585888,87461f21c96159bc608d307f
100,40873e10cef2c1da4c61ff0b38ed81dcac09b4b24d944f44739a265811d011b4,conditional_components,0.153320574,0.02244779623436584,87461f21c96159bc608d307f
105,f0ea4c7d4cfb290ec1abd695eee3fe17b1f38924c7800df5137962b9a3bc3f1f,variable_elimination,0.019978161,0.02891970942372196,39b118d55b8af336681d4e86
105,f0ea4c7d4cfb290ec1abd695eee3fe17b1f38924c7800df5137962b9a3bc3f1f,conditional_components,0.155463012,0.028132741115279226,39b118d55b8af336681d4e86
105,ef2bfda69364e15d5a27f26c5d45a23b3d15014999f626d20ac909fc040da790,variable_elimination,0.021139664,0.012298117237297557,ad5665605d96bcae9a71dcb8
105,ef2bfda69364e15d5a27f26c5d45a23b3d15014999f626d20ac909fc040da790,conditional_components,0.157160047,0.021811584761617254,ad5665605d96bcae9a71dcb8
100,6d43be99a4507f763b4aefb62ff79ccc08704b7e8f63d57927b61fdcb73c6079,variable_elimination,0.018634166,0.02028367656460988,ef0e98acaa9df470c5f56f7a
100,6d43be99a4507f763b4aefb62ff79ccc08704b7e8f63d57927b61fdcb73c6079,memo_components,0.081431512,0.0462339096715512,ef0e98acaa9df470c5f56f7a
105,2f0ee1908f70cfacdcaa935c9cf068812f88091fc3f555e3c77266b9746ed299,variable_elimination,0.020726863,0.006476052131105481,3d9f5c01712a70d8b23c05e2
105,2f0ee1908f70cfacdcaa935c9cf068812f88091fc3f555e3c77266b9746ed299,memo_components,0.076163073,0.09270112888599688,3d9f5c01712a70d8b23c05e2
100,5a09133b6baeb0b322502f60ece0342c43ff9db101fcbee1598a6d56128d71da,variable_elimination,0.01866069,0.04114002405363249,18d31bb209c1a1567af8d2d5
100,5a09133b6baeb0b322502f60ece0342c43ff9db101fcbee1598a6d56128d71da,conditional_components,0.289838938,0.0169809170677033,18d31bb209c1a1567af8d2d5
100,94c33ed4b359daae91728a36a1c137b74fcba9aae246e029db9794da32c1d650,variable_elimination,0.020772514,0.042540644329897855,d6e5f398798457f53220f084
100,94c33ed4b359daae91728a36a1c137b74fcba9aae246e029db9794da32c1d650,conditional_components,0.284933386,0.03982547622615284,d6e5f398798457f53220f084
105,66f2f9c6002275cca67af3b6c047d1814b991acf92c7706bc3820694761019b1,variable_elimination,0.020322078,0.04158180538672724,7db51732bde9081c12e0c80a
105,66f2f9c6002275cca67af3b6c047d1814b991acf92c7706bc3820694761019b1,conditional_components,0.302251845,0.010215142938628744,7db51732bde9081c12e0c80a
105,d4fb17b2a6dcb08054740429e484d290bad30d64791c0a18f02116bd924fa279,variable_elimination,0.020092647,0.01443876201194588,99879afb8ebb1c42c0821ee1
105,d4fb17b2a6dcb08054740429e484d290bad30d64791c0a18f02116bd924fa279,conditional_components,0.294431924,0.006393406045160798,99879afb8ebb1c42c0821ee1
100,f4f512facb6a5b46acbf03543c91d6653cb961b30ea9f2a1c1af33255bb1aa0b,variable_elimination,0.016517626,0.06515546192981564,5b65db493c55dec83cd3c09f
100,f4f512facb6a5b46acbf03543c91d6653cb961b30ea9f2a1c1af33255bb1aa0b,memo_components,0.033320397,0.054933901226707764,5b65db493c55dec83cd3c09f
100,f4f512facb6a5b46acbf03543c91d6653cb961b30ea9f2a1c1af33255bb1aa0b,warm_components,0.001453224,1.2424780460485747,5b65db493c55dec83cd3c09f
100,f4f512facb6a5b46acbf03543c91d6653cb961b30ea9f2a1c1af33255bb1aa0b,variable_elimination,0.015750781,0.05821065990073952,2b0bc053997a2159ad36b529
100,f4f512facb6a5b46acbf03543c91d6653cb961b30ea9f2a1c1af33255bb1aa0b,memo_components,0.06379524,0.015353794285570913,2b0bc053997a2159ad36b529
100,f4f512facb6a5b46acbf03543c91d6653cb961b30ea9f2a1c1af33255bb1aa0b,warm_components,0.00195132,1.2918599337588523,2b0bc053997a2159ad36b529
100,f4f512facb6a5b46acbf03543c91d6653cb961b30ea9f2a1c1af33255bb1aa0b,variable_elimination,0.016338996,0.06633211486584054,b243fa7b26743b06b0134509
100,f4f512facb6a5b46acbf03543c91d6653cb961b30ea9f2a1c1af33255bb1aa0b,memo_components,0.065807041,0.017475024238803847,b243fa7b26743b06b0134509
100,f4f512facb6a5b46acbf03543c91d6653cb961b30ea9f2a1c1af33255bb1aa0b,warm_components,0.0037399,1.21160203176278,b243fa7b26743b06b0134509
105,5776b29715e9a50cd9f500c1b53e676b5e8d4ed040d40ac02cad5f3eb90e7774,variable_elimination,0.017030025,0.014979656181628763,bcfc1732bc5a7d1da4ff8f8b
105,5776b29715e9a50cd9f500c1b53e676b5e8d4ed040d40ac02cad5f3eb90e7774,memo_components,0.033046316,0.027281816901898234,bcfc1732bc5a7d1da4ff8f8b
105,5776b29715e9a50cd9f500c1b53e676b5e8d4ed040d40ac02cad5f3eb90e7774,warm_components,0.001436008,1.2494079097490804,bcfc1732bc5a7d1da4ff8f8b
105,5776b29715e9a50cd9f500c1b53e676b5e8d4ed040d40ac02cad5f3eb90e7774,variable_elimination,0.017030083,0.06379731358599262,d1835c14bffbbc6a61c028ee
105,5776b29715e9a50cd9f500c1b53e676b5e8d4ed040d40ac02cad5f3eb90e7774,memo_components,0.068689699,0.03116714507299385,d1835c14bffbbc6a61c028ee
105,5776b29715e9a50cd9f500c1b53e676b5e8d4ed040d40ac02cad5f3eb90e7774,warm_components,0.002027585,1.2872328238070236,d1835c14bffbbc6a61c028ee
105,5776b29715e9a50cd9f500c1b53e676b5e8d4ed040d40ac02cad5f3eb90e7774,variable_elimination,0.018010257,0.03337968538323646,5b38148cf8aa686b61d57ed7
105,5776b29715e9a50cd9f500c1b53e676b5e8d4ed040d40ac02cad5f3eb90e7774,memo_components,0.071447615,0.014825389903897793,5b38148cf8aa686b61d57ed7
105,5776b29715e9a50cd9f500c1b53e676b5e8d4ed040d40ac02cad5f3eb90e7774,warm_components,0.003409804,1.2385743395178588,5b38148cf8aa686b61d57ed7
105,5776b29715e9a50cd9f500c1b53e676b5e8d4ed040d40ac02cad5f3eb90e7774,variable_elimination,0.021294085,0.15910434425938633,1b72ef9c76b81ee408da9953
105,5776b29715e9a50cd9f500c1b53e676b5e8d4ed040d40ac02cad5f3eb90e7774,memo_components,0.076408706,0.012392847267897251,1b72ef9c76b81ee408da9953
105,5776b29715e9a50cd9f500c1b53e676b5e8d4ed040d40ac02cad5f3eb90e7774,warm_components,0.01043366,1.1135223121918372,1b72ef9c76b81ee408da9953
100,f4f512facb6a5b46acbf03543c91d6653cb961b30ea9f2a1c1af33255bb1aa0b,variable_elimination,0.018622441,0.14429707075380496,69900260b8c32a4a36229dd7
100,f4f512facb6a5b46acbf03543c91d6653cb961b30ea9f2a1c1af33255bb1aa0b,memo_components,0.073360648,0.025319634162494633,69900260b8c32a4a36229dd7
100,f4f512facb6a5b46acbf03543c91d6653cb961b30ea9f2a1c1af33255bb1aa0b,warm_components,0.009938096,1.1154812959456282,69900260b8c32a4a36229dd7
100,f4f512facb6a5b46acbf03543c91d6653cb961b30ea9f2a1c1af33255bb1aa0b,variable_elimination,0.019886792,0.1552653800339041,5507ce2d45c3cd7dc3d68171
100,f4f512facb6a5b46acbf03543c91d6653cb961b30ea9f2a1c1af33255bb1aa0b,memo_components,0.073633985,0.03132961484296421,5507ce2d45c3cd7dc3d68171
100,f4f512facb6a5b46acbf03543c91d6653cb961b30ea9f2a1c1af33255bb1aa0b,warm_components,0.009782657,1.1520013327446663,5507ce2d45c3cd7dc3d68171
100,f4f512facb6a5b46acbf03543c91d6653cb961b30ea9f2a1c1af33255bb1aa0b,variable_elimination,0.019447241,0.1682329627896198,38e7166d16dc3dc06617a3cc
100,f4f512facb6a5b46acbf03543c91d6653cb961b30ea9f2a1c1af33255bb1aa0b,memo_components,0.075486595,0.015583952934389774,38e7166d16dc3dc06617a3cc
100,f4f512facb6a5b46acbf03543c91d6653cb961b30ea9f2a1c1af33255bb1aa0b,warm_components,0.010071129,1.129336459687219,38e7166d16dc3dc06617a3cc
105,5776b29715e9a50cd9f500c1b53e676b5e8d4ed040d40ac02cad5f3eb90e7774,variable_elimination,0.020570946,0.17634372216384023,301bb7189a179a811db8d7e2
105,5776b29715e9a50cd9f500c1b53e676b5e8d4ed040d40ac02cad5f3eb90e7774,memo_components,0.07744265,0.027110540212145397,301bb7189a179a811db8d7e2
105,5776b29715e9a50cd9f500c1b53e676b5e8d4ed040d40ac02cad5f3eb90e7774,warm_components,0.010431872,1.1188507226532016,301bb7189a179a811db8d7e2
105,5776b29715e9a50cd9f500c1b53e676b5e8d4ed040d40ac02cad5f3eb90e7774,variable_elimination,0.019472659,0.142177262332458,64680a7a2e3a0593c399cad4
105,5776b29715e9a50cd9f500c1b53e676b5e8d4ed040d40ac02cad5f3eb90e7774,memo_components,0.073757215,0.0203405456766769,64680a7a2e3a0593c399cad4
105,5776b29715e9a50cd9f500c1b53e676b5e8d4ed040d40ac02cad5f3eb90e7774,warm_components,0.009720871,1.157069796503849,64680a7a2e3a0593c399cad4
105,5776b29715e9a50cd9f500c1b53e676b5e8d4ed040d40ac02cad5f3eb90e7774,components,0.154556947,0.013020163893401507,ed92d6c6d87d1a1a2346ec09
105,5776b29715e9a50cd9f500c1b53e676b5e8d4ed040d40ac02cad5f3eb90e7774,variable_elimination,0.01974263,0.0475881843037493,ed92d6c6d87d1a1a2346ec09
105,5776b29715e9a50cd9f500c1b53e676b5e8d4ed040d40ac02cad5f3eb90e7774,memo_components,0.073649473,0.0449781180959505,ed92d6c6d87d1a1a2346ec09
105,5776b29715e9a50cd9f500c1b53e676b5e8d4ed040d40ac02cad5f3eb90e7774,warm_components,0.009909406,1.102561614179287,ed92d6c6d87d1a1a2346ec09
105,5776b29715e9a50cd9f500c1b53e676b5e8d4ed040d40ac02cad5f3eb90e7774,components,0.155796345,0.012599322295277339,26afcb6833dd9309ab5640c5
105,5776b29715e9a50cd9f500c1b53e676b5e8d4ed040d40ac02cad5f3eb90e7774,variable_elimination,0.019816663,0.017219050380509623,26afcb6833dd9309ab5640c5
105,5776b29715e9a50cd9f500c1b53e676b5e8d4ed040d40ac02cad5f3eb90e7774,memo_components,0.072941577,0.02988057317293442,26afcb6833dd9309ab5640c5
105,5776b29715e9a50cd9f500c1b53e676b5e8d4ed040d40ac02cad5f3eb90e7774,warm_components,0.009905924,1.1725947857728114,26afcb6833dd9309ab5640c5
105,5776b29715e9a50cd9f500c1b53e676b5e8d4ed040d40ac02cad5f3eb90e7774,components,0.154638688,0.02897361094069297,32c7f82ad09a60536260b8e7
105,5776b29715e9a50cd9f500c1b53e676b5e8d4ed040d40ac02cad5f3eb90e7774,variable_elimination,0.019835683,0.01539041558536688,32c7f82ad09a60536260b8e7
105,5776b29715e9a50cd9f500c1b53e676b5e8d4ed040d40ac02cad5f3eb90e7774,memo_components,0.073589051,0.03161154192981849,32c7f82ad09a60536260b8e7
105,5776b29715e9a50cd9f500c1b53e676b5e8d4ed040d40ac02cad5f3eb90e7774,warm_components,0.009935722,1.1496619822047185,32c7f82ad09a60536260b8e7
100,f4f512facb6a5b46acbf03543c91d6653cb961b30ea9f2a1c1af33255bb1aa0b,components,0.152971073,0.018633903095266347,bcb59dc59cf664f1e62b2dea
100,f4f512facb6a5b46acbf03543c91d6653cb961b30ea9f2a1c1af33255bb1aa0b,variable_elimination,0.01801599,0.008255874037219167,bcb59dc59cf664f1e62b2dea
100,f4f512facb6a5b46acbf03543c91d6653cb961b30ea9f2a1c1af33255bb1aa0b,memo_components,0.072841989,0.03323401686359052,bcb59dc59cf664f1e62b2dea
100,f4f512facb6a5b46acbf03543c91d6653cb961b30ea9f2a1c1af33255bb1aa0b,warm_components,0.00939073,1.1395532269947417,bcb59dc59cf664f1e62b2dea
100,f4f512facb6a5b46acbf03543c91d6653cb961b30ea9f2a1c1af33255bb1aa0b,components,0.152898352,0.011941264650133955,48640cf56be0a484d6673459
100,f4f512facb6a5b46acbf03543c91d6653cb961b30ea9f2a1c1af33255bb1aa0b,variable_elimination,0.018304211,0.051271317387698315,48640cf56be0a484d6673459
100,f4f512facb6a5b46acbf03543c91d6653cb961b30ea9f2a1c1af33255bb1aa0b,memo_components,0.072823186,0.03272365249301648,48640cf56be0a484d6673459
100,f4f512facb6a5b46acbf03543c91d6653cb961b30ea9f2a1c1af33255bb1aa0b,warm_components,0.009331276,1.1713623848694446,48640cf56be0a484d6673459
100,f4f512facb6a5b46acbf03543c91d6653cb961b30ea9f2a1c1af33255bb1aa0b,components,0.152377456,0.012308668371667615,29e51954c3927c03a63b23e1
100,f4f512facb6a5b46acbf03543c91d6653cb961b30ea9f2a1c1af33255bb1aa0b,variable_elimination,0.018229543,0.31093243425451544,29e51954c3927c03a63b23e1
100,f4f512facb6a5b46acbf03543c91d6653cb961b30ea9f2a1c1af33255bb1aa0b,memo_components,0.071934716,0.02440898350887657,29e51954c3927c03a63b23e1
100,f4f512facb6a5b46acbf03543c91d6653cb961b30ea9f2a1c1af33255bb1aa0b,warm_components,0.009375013,1.1979839999447497,29e51954c3927c03a63b23e1
43,ed6635a16b8f03159ee17eb158de6fc08eb8379a05c70bed3c7ab42520122ddf,variable_elimination,0.003113462,0.0221691171910705,5f9af0ebe2fe98bc1963ee8a
43,ed6635a16b8f03159ee17eb158de6fc08eb8379a05c70bed3c7ab42520122ddf,conditional_components,0.503016858,0.011584622239218459,5f9af0ebe2fe98bc1963ee8a
43,669b9adc23e4d83434a75de602a7b66afdf5c3661b428edc4e45f7fb8448b1e1,variable_elimination,0.003344363,0.013509702914506821,2e61dc9e1da14df822f89287
43,669b9adc23e4d83434a75de602a7b66afdf5c3661b428edc4e45f7fb8448b1e1,conditional_components,1.21191833,0.006751289197978435,2e61dc9e1da14df822f89287
44,520df7432ceb2bc0c57f45cb009de497f2851b4582146f3c04455425e5bdb227,variable_elimination,0.003469197,0.01619750596509708,2e47c8595daab2888182059e
44,520df7432ceb2bc0c57f45cb009de497f2851b4582146f3c04455425e5bdb227,conditional_components,1.585115135,0.002147645458328872,2e47c8595daab2888182059e
31,3900a48bafcdeedbe5f5d06e0f26156e4b65747e4dd1536bf4ae43d8cd3b9932,variable_elimination,0.001829818,0.04438196248145352,94200426d8f64d12472e020d
31,3900a48bafcdeedbe5f5d06e0f26156e4b65747e4dd1536bf4ae43d8cd3b9932,conditional_components,0.016606977,0.009078392143097833,94200426d8f64d12472e020d
19,326689f0a8d846691dec4fc4750ee2bc9275755d76ea466e214eeb6c6788d677,variable_elimination,0.001140412,0.06014072672702796,fc5bceaa7b28110c7f476b05
19,326689f0a8d846691dec4fc4750ee2bc9275755d76ea466e214eeb6c6788d677,components,0.000907054,0.01246264822000651,fc5bceaa7b28110c7f476b05
19,992b70a1c80ea83a8f2d62b8733a0fc60bcb65cc03e12f9afbc8ca3fd5551308,variable_elimination,0.000945465,0.04316133569608661,5c8c626c7bc2d60df9825f09
19,992b70a1c80ea83a8f2d62b8733a0fc60bcb65cc03e12f9afbc8ca3fd5551308,components,0.01252088,0.013913960896420713,5c8c626c7bc2d60df9825f09
31,cf72b3bf6c7e3112b854813cfb0642c2bcf585ca8684f7c40eebe1ac546d7aa2,variable_elimination,0.001810922,0.057585920023341904,bb70b8c9ca42ca330509ebd0
31,cf72b3bf6c7e3112b854813cfb0642c2bcf585ca8684f7c40eebe1ac546d7aa2,conditional_components,0.057236394,0.003651915294992827,bb70b8c9ca42ca330509ebd0
10,10a7c79308377a16a943effe68b59a085f69c569b04047ea28a88cb8962b1725,variable_elimination,0.000580371,0.09014063621432045,bdf4633c4e067f1918687887
10,10a7c79308377a16a943effe68b59a085f69c569b04047ea28a88cb8962b1725,components,0.000421041,0.045200946831596575,bdf4633c4e067f1918687887
11,2cd005310f5e125be4f3793e7039865435b7cca3f722ecc8b24a5d4ea6683d13,variable_elimination,0.000676897,0.09142977765656193,4116b293063c27a7e3b796ba
11,2cd005310f5e125be4f3793e7039865435b7cca3f722ecc8b24a5d4ea6683d13,components,0.000500901,0.042069273813637405,4116b293063c27a7e3b796ba
12,d43f02bf50cba6c1f979836775c85f22cf565bc1897f098c6c402ce05669c017,variable_elimination,0.000875828,0.07863363262706864,7c05107e2c884e7d432c53af
12,d43f02bf50cba6c1f979836775c85f22cf565bc1897f098c6c402ce05669c017,components,0.000870587,0.14704261610899028,7c05107e2c884e7d432c53af
12,f762f1cbf6b62c42ef41515317fb89d03d766e1706945a7e40e6cb6277a52ab2,variable_elimination,0.000692399,0.07713397186442719,2e5254b2138ddb15021f1266
12,f762f1cbf6b62c42ef41515317fb89d03d766e1706945a7e40e6cb6277a52ab2,components,0.00060653,0.034158465259952475,2e5254b2138ddb15021f1266
12,d43f02bf50cba6c1f979836775c85f22cf565bc1897f098c6c402ce05669c017,variable_elimination,0.00075737,0.26104447224274857,e2bf19cc2985f4a4aba80a4f
12,d43f02bf50cba6c1f979836775c85f22cf565bc1897f098c6c402ce05669c017,components,0.000674482,0.14923251523647107,e2bf19cc2985f4a4aba80a4f
12,d43f02bf50cba6c1f979836775c85f22cf565bc1897f098c6c402ce05669c017,variable_elimination,0.000736322,0.05878709201349603,7dd6d02a4f4edb959326c419
12,d43f02bf50cba6c1f979836775c85f22cf565bc1897f098c6c402ce05669c017,components,0.000661555,0.08521030962367691,7dd6d02a4f4edb959326c419
12,d43f02bf50cba6c1f979836775c85f22cf565bc1897f098c6c402ce05669c017,variable_elimination,0.000764646,0.04122859393238527,b40e0b39f0f0eef6453e8195
12,d43f02bf50cba6c1f979836775c85f22cf565bc1897f098c6c402ce05669c017,components,0.00067797,0.07318732629163777,b40e0b39f0f0eef6453e8195
12,f762f1cbf6b62c42ef41515317fb89d03d766e1706945a7e40e6cb6277a52ab2,variable_elimination,0.000699568,0.06593278281060028,db8b388554eefaf2ddd1eae4
12,f762f1cbf6b62c42ef41515317fb89d03d766e1706945a7e40e6cb6277a52ab2,components,0.000600348,0.03479530880399503,db8b388554eefaf2ddd1eae4
12,f762f1cbf6b62c42ef41515317fb89d03d766e1706945a7e40e6cb6277a52ab2,variable_elimination,0.000697875,0.10720437404428568,49f26aa4e11efa259c7d7c07
12,f762f1cbf6b62c42ef41515317fb89d03d766e1706945a7e40e6cb6277a52ab2,components,0.000596421,0.03624954150011521,49f26aa4e11efa259c7d7c07
12,f762f1cbf6b62c42ef41515317fb89d03d766e1706945a7e40e6cb6277a52ab2,variable_elimination,0.000706784,0.09496643886493422,5ed0402a752994b671ff53b5
12,f762f1cbf6b62c42ef41515317fb89d03d766e1706945a7e40e6cb6277a52ab2,components,0.000600798,0.03430889473306109,5ed0402a752994b671ff53b5
13,509a79b91dffd206dd81d6c5c95283bdc567735dd9e701df5e5049b25debadec,variable_elimination,0.000766007,0.06460719946799615,322bb50fbbe81434175494af
13,509a79b91dffd206dd81d6c5c95283bdc567735dd9e701df5e5049b25debadec,components,0.000679777,0.03222976933379175,322bb50fbbe81434175494af
13,77854df7ddc279f8405892ccae57f28bb5087bb041e0a0c428e59706409c7f41,variable_elimination,0.000709592,0.07658642811652105,4a4bcb9bb03d8e1a6f5c3e90
13,77854df7ddc279f8405892ccae57f28bb5087bb041e0a0c428e59706409c7f41,components,0.000641067,0.028174158547779195,4a4bcb9bb03d8e1a6f5c3e90
13,77854df7ddc279f8405892ccae57f28bb5087bb041e0a0c428e59706409c7f41,variable_elimination,0.00070612,0.06367251103602597,a1ffd204a549f0a3ef2a7af8
13,77854df7ddc279f8405892ccae57f28bb5087bb041e0a0c428e59706409c7f41,components,0.000602219,0.03575446533132536,a1ffd204a549f0a3ef2a7af8
13,509a79b91dffd206dd81d6c5c95283bdc567735dd9e701df5e5049b25debadec,variable_elimination,0.000757295,0.06466328411764963,b098889be486bf21dc0d7fa7
13,509a79b91dffd206dd81d6c5c95283bdc567735dd9e701df5e5049b25debadec,components,0.000682026,0.08680801648053794,b098889be486bf21dc0d7fa7
13,509a79b91dffd206dd81d6c5c95283bdc567735dd9e701df5e5049b25debadec,variable_elimination,0.000758226,0.05390010386584447,75c3755484347fb9f62f52b2
13,509a79b91dffd206dd81d6c5c95283bdc567735dd9e701df5e5049b25debadec,components,0.000696976,0.08366337402578257,75c3755484347fb9f62f52b2
13,509a79b91dffd206dd81d6c5c95283bdc567735dd9e701df5e5049b25debadec,variable_elimination,0.00075886,0.060099138110787445,c6ed388d89ddcb5fbadcf6da
13,509a79b91dffd206dd81d6c5c95283bdc567735dd9e701df5e5049b25debadec,components,0.000689822,0.08766837462346871,c6ed388d89ddcb5fbadcf6da
13,77854df7ddc279f8405892ccae57f28bb5087bb041e0a0c428e59706409c7f41,variable_elimination,0.000701979,0.10466474480402814,8109c20413195bc579026525
13,77854df7ddc279f8405892ccae57f28bb5087bb041e0a0c428e59706409c7f41,components,0.000618454,0.029986837565592672,8109c20413195bc579026525
13,77854df7ddc279f8405892ccae57f28bb5087bb041e0a0c428e59706409c7f41,variable_elimination,0.000745121,0.13186293499633653,89fc1672baa90056a1d217af
13,77854df7ddc279f8405892ccae57f28bb5087bb041e0a0c428e59706409c7f41,components,0.000626463,0.08390811706186059,89fc1672baa90056a1d217af
14,855ba61d8a1e476ab9f4a366f2b3cf320b37fb40b4200110740f2c9b86f8e195,variable_elimination,0.000835223,0.07958272188086307,5f86ad1eec473b66d31e0461
14,855ba61d8a1e476ab9f4a366f2b3cf320b37fb40b4200110740f2c9b86f8e195,components,0.000709233,0.0239418981540235,5f86ad1eec473b66d31e0461
14,b7c04069b1380dae7e9f3dd1958a616f2a41ff2e6c74732d224694e5ed14d9d9,variable_elimination,0.000736351,0.10846853753390438,fb0592296abecf6c69b40f07
14,b7c04069b1380dae7e9f3dd1958a616f2a41ff2e6c74732d224694e5ed14d9d9,components,0.00190494,0.02706723984436365,fb0592296abecf6c69b40f07
14,855ba61d8a1e476ab9f4a366f2b3cf320b37fb40b4200110740f2c9b86f8e195,variable_elimination,0.000839984,0.04722323098772433,979e4f32b7f2ac903e5f1f89
14,855ba61d8a1e476ab9f4a366f2b3cf320b37fb40b4200110740f2c9b86f8e195,components,0.000749331,0.09490356666591267,979e4f32b7f2ac903e5f1f89
14,855ba61d8a1e476ab9f4a366f2b3cf320b37fb40b4200110740f2c9b86f8e195,variable_elimination,0.000848607,0.05462319556099303,51fac0829ae4642149a06686
14,855ba61d8a1e476ab9f4a366f2b3cf320b37fb40b4200110740f2c9b86f8e195,components,0.000733873,0.0894605698644581,51fac0829ae4642149a06686
14,855ba61d8a1e476ab9f4a366f2b3cf320b37fb40b4200110740f2c9b86f8e195,variable_elimination,0.000848536,0.043811656271191594,ae828963ad0b8c8eedaa7f51
14,855ba61d8a1e476ab9f4a366f2b3cf320b37fb40b4200110740f2c9b86f8e195,components,0.000722084,0.07772244861262068,ae828963ad0b8c8eedaa7f51
15,2b8e55b1d695f87b2d8949f5627f50f0b303a3ed7b0a249f18d829714c01617e,variable_elimination,0.00087978,0.05128763469543958,75f7dd02cdf843d907f7a2af
15,2b8e55b1d695f87b2d8949f5627f50f0b303a3ed7b0a249f18d829714c01617e,components,0.000776545,0.11443004324393781,75f7dd02cdf843d907f7a2af
15,8eb76ffd3032399be00629b2065acbb410b89c70a230efd1704e1b08e9905dc4,variable_elimination,0.000801901,0.051031503050711975,dc5436759af2cf850455988c
15,8eb76ffd3032399be00629b2065acbb410b89c70a230efd1704e1b08e9905dc4,components,0.001944834,0.0018243841835210784,dc5436759af2cf850455988c
15,2b8e55b1d695f87b2d8949f5627f50f0b303a3ed7b0a249f18d829714c01617e,variable_elimination,0.000876909,0.03983500764609808,86eb39fa0175b5b02a881386
15,2b8e55b1d695f87b2d8949f5627f50f0b303a3ed7b0a249f18d829714c01617e,components,0.000771458,0.08781968668477988,86eb39fa0175b5b02a881386
15,2b8e55b1d695f87b2d8949f5627f50f0b303a3ed7b0a249f18d829714c01617e,variable_elimination,0.000869595,0.041233805673859744,c84e6f838c42bb2b6d2cc778
15,2b8e55b1d695f87b2d8949f5627f50f0b303a3ed7b0a249f18d829714c01617e,components,0.0007634,0.0834685979327236,c84e6f838c42bb2b6d2cc778
15,2b8e55b1d695f87b2d8949f5627f50f0b303a3ed7b0a249f18d829714c01617e,variable_elimination,0.00087421,0.03542862844518378,2fc3832757f711d9eb5412c4
15,2b8e55b1d695f87b2d8949f5627f50f0b303a3ed7b0a249f18d829714c01617e,components,0.000771952,0.07491523092094489,2fc3832757f711d9eb5412c4
16,25661c6ee48d9ffc98b3f70adcda03eb3e60f39e301c927fd9a7188bac7634b2,variable_elimination,0.000912377,0.052332012983458166,c75e94e6bb4ee1f40825f4b3
16,25661c6ee48d9ffc98b3f70adcda03eb3e60f39e301c927fd9a7188bac7634b2,components,0.000805307,0.10438418301090023,c75e94e6bb4ee1f40825f4b3
16,5157cfa8311d0398a4990bfe5fb72c578a1bc1fb3f594a4258e407c824f116e2,variable_elimination,0.000857891,0.06637187613614569,7c0019e00cda4d2885b82083
16,5157cfa8311d0398a4990bfe5fb72c578a1bc1fb3f594a4258e407c824f116e2,components,0.003485486,0.02236097956827556,7c0019e00cda4d2885b82083
16,25661c6ee48d9ffc98b3f70adcda03eb3e60f39e301c927fd9a7188bac7634b2,variable_elimination,0.000910746,0.04054757714706198,43be259a817c57b2f7b83286
16,25661c6ee48d9ffc98b3f70adcda03eb3e60f39e301c927fd9a7188bac7634b2,components,0.000805138,0.1035537716564376,43be259a817c57b2f7b83286
16,25661c6ee48d9ffc98b3f70adcda03eb3e60f39e301c927fd9a7188bac7634b2,variable_elimination,0.00103309,0.11369778019021887,7f9c56047f72ddccba03ac39
16,25661c6ee48d9ffc98b3f70adcda03eb3e60f39e301c927fd9a7188bac7634b2,components,0.001024836,0.15566007055685419,7f9c56047f72ddccba03ac39
16,25661c6ee48d9ffc98b3f70adcda03eb3e60f39e301c927fd9a7188bac7634b2,variable_elimination,0.000909328,0.06610529770327411,975287331418223cde59f92d
16,25661c6ee48d9ffc98b3f70adcda03eb3e60f39e301c927fd9a7188bac7634b2,components,0.000791012,0.0940224675524362,975287331418223cde59f92d
17,49df486bd5f14593f7d0c68ccafd2b2662ac87abfe8b9c129ce8b8c1124c0faa,variable_elimination,0.000982905,0.03584423184988591,e29e7ae1f7bc9611be66f587
17,49df486bd5f14593f7d0c68ccafd2b2662ac87abfe8b9c129ce8b8c1124c0faa,components,0.000848609,0.10069606601854478,e29e7ae1f7bc9611be66f587
17,c1fa582023f6b09cdce29e5bb509bb0553fc5f0aa20016a1e9018d4cce854e41,variable_elimination,0.000928992,0.05434394968555875,25def936831874cf68a7122a
17,c1fa582023f6b09cdce29e5bb509bb0553fc5f0aa20016a1e9018d4cce854e41,components,0.003585368,0.004642138679724514,25def936831874cf68a7122a
17,49df486bd5f14593f7d0c68ccafd2b2662ac87abfe8b9c129ce8b8c1124c0faa,variable_elimination,0.000951026,0.037230332396153955,c6723a324a1d2d602647e4a3
17,49df486bd5f14593f7d0c68ccafd2b2662ac87abfe8b9c129ce8b8c1124c0faa,components,0.000810388,0.09174255131114825,c6723a324a1d2d602647e4a3
17,49df486bd5f14593f7d0c68ccafd2b2662ac87abfe8b9c129ce8b8c1124c0faa,variable_elimination,0.000948194,0.03509270249953791,e49aff4fc2c31858c4503a07
17,49df486bd5f14593f7d0c68ccafd2b2662ac87abfe8b9c129ce8b8c1124c0faa,components,0.000825715,0.07125242130588047,e49aff4fc2c31858c4503a07
17,49df486bd5f14593f7d0c68ccafd2b2662ac87abfe8b9c129ce8b8c1124c0faa,variable_elimination,0.000963589,0.15150573006255377,c45f1f3e795017d255aecfe4
17,49df486bd5f14593f7d0c68ccafd2b2662ac87abfe8b9c129ce8b8c1124c0faa,components,0.000826404,0.09581944323490865,c45f1f3e795017d255aecfe4
29,185f08ed8b7f564170edf87a168ac6636aca2012113b6154cc8342a40e44763c,variable_elimination,0.001675214,0.04311727330385175,7138d20935102d10ff039ffb
29,185f08ed8b7f564170edf87a168ac6636aca2012113b6154cc8342a40e44763c,conditional_components,0.012231226,0.015647014250145468,7138d20935102d10ff039ffb
29,3b307568e3a9881dfcda034c6319372de0c7239e32369fdce1b93c02796a8691,variable_elimination,0.001662964,0.035635252256113546,9517921664357f34c64a3eeb
29,3b307568e3a9881dfcda034c6319372de0c7239e32369fdce1b93c02796a8691,conditional_components,0.205417304,0.006284580853861139,9517921664357f34c64a3eeb
18,1232a84a0582bb726c124d0930d0231adee6735906b94ed02e7da25fdc6d8fef,variable_elimination,0.001040924,0.04458990232932422,dacb902414f6fb3c82d5d463
18,1232a84a0582bb726c124d0930d0231adee6735906b94ed02e7da25fdc6d8fef,components,0.000886241,0.09541247062308814,dacb902414f6fb3c82d5d463
18,e0e5b74c633546b8f9c8b4f22307b01bfdd6beb651cb7276e477f567d676640d,variable_elimination,0.000921243,0.09909925671339442,e3956db3c4ff557df8df2ee5
18,e0e5b74c633546b8f9c8b4f22307b01bfdd6beb651cb7276e477f567d676640d,components,0.012697826,0.10407175253991338,e3956db3c4ff557df8df2ee5
18,1232a84a0582bb726c124d0930d0231adee6735906b94ed02e7da25fdc6d8fef,variable_elimination,0.001015774,0.04329602076465756,2d9e1da3f5107755fc1176f2
18,1232a84a0582bb726c124d0930d0231adee6735906b94ed02e7da25fdc6d8fef,components,0.000865808,0.07642705771544987,2d9e1da3f5107755fc1176f2
18,1232a84a0582bb726c124d0930d0231adee6735906b94ed02e7da25fdc6d8fef,variable_elimination,0.001175757,0.08118050995238633,272273e0098e94c3d61a19b8
18,1232a84a0582bb726c124d0930d0231adee6735906b94ed02e7da25fdc6d8fef,components,0.001165497,0.14888190879470656,272273e0098e94c3d61a19b8
18,1232a84a0582bb726c124d0930d0231adee6735906b94ed02e7da25fdc6d8fef,variable_elimination,0.001011591,0.028456882963759846,66e3cb75734e6feb7808bbec
18,1232a84a0582bb726c124d0930d0231adee6735906b94ed02e7da25fdc6d8fef,components,0.000863862,0.09581745184015641,66e3cb75734e6feb7808bbec
30,3804183b232bc107520e8c8c56d448788353792550cff504d5216a5171684499,variable_elimination,0.001753038,0.11885872027393361,2069cfbde1bcf836b55394c5
30,3804183b232bc107520e8c8c56d448788353792550cff504d5216a5171684499,conditional_components,0.012766427,0.021139797906829787,2069cfbde1bcf836b55394c5
30,c4e8adf312730c30f8fde111f11030ea5dcc083b1bddf478afd689ab1d0c5186,variable_elimination,0.001803295,0.0397074224014198,e8afe014ede8dc27ad27da29
30,c4e8adf312730c30f8fde111f11030ea5dcc083b1bddf478afd689ab1d0c5186,conditional_components,0.025131584,0.0019488921403587138,e8afe014ede8dc27ad27da29
20,9cb37e3de3b3abb56f127007b4d48f147f82cd8c1708a7eb831754b10a01e84c,variable_elimination,0.001237605,0.054297064323408625,7d44d5426b4a30f5257866a4
20,9cb37e3de3b3abb56f127007b4d48f147f82cd8c1708a7eb831754b10a01e84c,components,0.001142489,0.0145505760408417,7d44d5426b4a30f5257866a4
20,c159ddd26c0da21f7bc662aeed0152c2a45accdcf82271c5f4ab297dc19f84eb,variable_elimination,0.001032764,0.05763285986110943,76bff7379c3a184a444dd125
20,c159ddd26c0da21f7bc662aeed0152c2a45accdcf82271c5f4ab297dc19f84eb,components,0.024463414,0.06412020420630384,76bff7379c3a184a444dd125
20,9cb37e3de3b3abb56f127007b4d48f147f82cd8c1708a7eb831754b10a01e84c,variable_elimination,0.00112091,0.06517850141191699,cf414ce75ab75bc6ad08025c
20,9cb37e3de3b3abb56f127007b4d48f147f82cd8c1708a7eb831754b10a01e84c,components,0.001121048,0.008895786803793784,cf414ce75ab75bc6ad08025c
20,9cb37e3de3b3abb56f127007b4d48f147f82cd8c1708a7eb831754b10a01e84c,variable_elimination,0.001108575,0.06124199404178565,c2a47d7c7abeb87ea5820542
20,9cb37e3de3b3abb56f127007b4d48f147f82cd8c1708a7eb831754b10a01e84c,components,0.001125188,0.010789383791804835,c2a47d7c7abeb87ea5820542
20,9cb37e3de3b3abb56f127007b4d48f147f82cd8c1708a7eb831754b10a01e84c,variable_elimination,0.001130606,0.08946177070795214,b51d27319455ad3e2ac52707
20,9cb37e3de3b3abb56f127007b4d48f147f82cd8c1708a7eb831754b10a01e84c,components,0.001127559,0.03165897510216344,b51d27319455ad3e2ac52707
21,50f6cb3f01e659454ac535833fe01689b82a8280bb7fae86e8ce661b1965ac91,variable_elimination,0.001295753,0.0658446063257922,3565ae21fdd0dc3ed86a72d8
21,50f6cb3f01e659454ac535833fe01689b82a8280bb7fae86e8ce661b1965ac91,components,0.001177093,0.013420609625192214,3565ae21fdd0dc3ed86a72d8
21,7e9dc7a4ac90dc0f508857aee99cec69ba5355e9de9ca810e330a4a849d06315,variable_elimination,0.001053096,0.06107259977559621,5757d312a1e8e6d4170b4c8f
21,7e9dc7a4ac90dc0f508857aee99cec69ba5355e9de9ca810e330a4a849d06315,components,0.04951582,0.0035021204324349993,5757d312a1e8e6d4170b4c8f
21,50f6cb3f01e659454ac535833fe01689b82a8280bb7fae86e8ce661b1965ac91,variable_elimination,0.001186955,0.06727429540622676,80b1adc032b946c8c4c0dfdc
21,50f6cb3f01e659454ac535833fe01689b82a8280bb7fae86e8ce661b1965ac91,components,0.00118092,0.013035192692000095,80b1adc032b946c8c4c0dfdc
21,50f6cb3f01e659454ac535833fe01689b82a8280bb7fae86e8ce661b1965ac91,variable_elimination,0.001186414,0.057018081647791215,a91f5d80119e93c6cd87ef65
21,50f6cb3f01e659454ac535833fe01689b82a8280bb7fae86e8ce661b1965ac91,components,0.001172958,0.011274968563082608,a91f5d80119e93c6cd87ef65
21,50f6cb3f01e659454ac535833fe01689b82a8280bb7fae86e8ce661b1965ac91,variable_elimination,0.001180012,0.056832356779426635,f26f39d7d3adc06212e8ebbe
21,50f6cb3f01e659454ac535833fe01689b82a8280bb7fae86e8ce661b1965ac91,components,0.001179555,0.06270082462927347,f26f39d7d3adc06212e8ebbe
22,e2e0b0207a0711b21f93a408e06df2b15201f0f66d8e720aabeeba38272c455e,variable_elimination,0.001331181,0.06964694035941248,e3a67077f2cfd4be21268b3e
22,e2e0b0207a0711b21f93a408e06df2b15201f0f66d8e720aabeeba38272c455e,components,0.00157564,0.009468437147235446,e3a67077f2cfd4be21268b3e
22,cfc05a6be92c258c8303a39025c461147827be636edbd27614997cd0bf94f451,variable_elimination,0.001153013,0.03568647281450564,31ed73582ecee8136a3ca292
22,cfc05a6be92c258c8303a39025c461147827be636edbd27614997cd0bf94f451,components,0.025387362,0.005424501452841672,31ed73582ecee8136a3ca292
22,e2e0b0207a0711b21f93a408e06df2b15201f0f66d8e720aabeeba38272c455e,variable_elimination,0.001231322,0.07069589207738126,67ea960e1386f530b2d8fe17
22,e2e0b0207a0711b21f93a408e06df2b15201f0f66d8e720aabeeba38272c455e,components,0.00157791,0.005532263564307537,67ea960e1386f530b2d8fe17
23,0b5b315d2e763c00390a5bf64eb4856563cf3f7b01ecdcaa4b81841d42cc4d72,variable_elimination,0.001456095,0.07463787983706759,63a608639e649f64e4706350
23,0b5b315d2e763c00390a5bf64eb4856563cf3f7b01ecdcaa4b81841d42cc4d72,components,0.001609447,0.007091611080966023,63a608639e649f64e4706350
23,fd5adf1a52a05ad32cc3d941c5b99ab85d518d6d568845bddb48ec54526fa5ab,variable_elimination,0.001208869,0.04871744869686725,d9237538cfc74792de4bf975
23,fd5adf1a52a05ad32cc3d941c5b99ab85d518d6d568845bddb48ec54526fa5ab,components,0.025059418,0.003344900943450349,d9237538cfc74792de4bf975
23,0b5b315d2e763c00390a5bf64eb4856563cf3f7b01ecdcaa4b81841d42cc4d72,variable_elimination,0.00131196,0.07544723406463877,acbafe118258902bb45a49ca
23,0b5b315d2e763c00390a5bf64eb4856563cf3f7b01ecdcaa4b81841d42cc4d72,components,0.001611024,0.00702226353249232,acbafe118258902bb45a49ca
24,23e5189c367e97c6f5689f15ec54e6d0aa61cd43346758be28ea6c77327c3ed6,variable_elimination,0.001416736,0.06879981848704962,c7a196d581f3ef5a1f1c1aa4
24,23e5189c367e97c6f5689f15ec54e6d0aa61cd43346758be28ea6c77327c3ed6,components,0.001649007,0.00802412737887605,c7a196d581f3ef5a1f1c1aa4
24,e50de51c16fca49e0136a49f00702421a7e9e2eb2b81473bf398094172ffc4d9,variable_elimination,0.001262386,0.03684685177824483,2b77130cefcadc2c9a751e04
24,e50de51c16fca49e0136a49f00702421a7e9e2eb2b81473bf398094172ffc4d9,components,0.025256822,0.019254736347562713,2b77130cefcadc2c9a751e04
24,23e5189c367e97c6f5689f15ec54e6d0aa61cd43346758be28ea6c77327c3ed6,variable_elimination,0.001326705,0.07377045063568045,d1586fef4695b2dbf773164b
24,23e5189c367e97c6f5689f15ec54e6d0aa61cd43346758be28ea6c77327c3ed6,components,0.001662873,0.007391183675074002,d1586fef4695b2dbf773164b
28,ef6a22075d49330d49a2d9da5d0fdef280f524a6143a454e7cd57aa44d57887f,variable_elimination,0.00168966,0.06965195265350135,7ceff8de0a23b5cb7c912a0b
28,ef6a22075d49330d49a2d9da5d0fdef280f524a6143a454e7cd57aa44d57887f,components,0.098541333,0.014733214596349794,7ceff8de0a23b5cb7c912a0b
28,91fdf9b9a50de39e04bff91599bbed1f998bb1fdca0be55ff4aa913fd192b1d8,variable_elimination,0.00155322,0.036762205829619914,efb1979b5062fc6ad73a925d
28,91fdf9b9a50de39e04bff91599bbed1f998bb1fdca0be55ff4aa913fd192b1d8,conditional_components,0.019032945,0.04797348391721095,efb1979b5062fc6ad73a925d
25,73c9dcb5319a4ef289b3c6705a2570b06ea5bf03af865fa465fca046687fe447,variable_elimination,0.001504616,0.05229603797804119,9c6ac412b68c90cc379d1ec2
25,73c9dcb5319a4ef289b3c6705a2570b06ea5bf03af865fa465fca046687fe447,components,0.001707023,0.007650151169744991,9c6ac412b68c90cc379d1ec2
25,2a556b58793c5774499f6aa42a005f0246a0fa055a26e702a9208390ffb877e4,variable_elimination,0.001344979,0.029746769406218683,959791b58fbaa0146c4b20ce
25,2a556b58793c5774499f6aa42a005f0246a0fa055a26e702a9208390ffb877e4,components,0.200610663,0.010423661447306432,959791b58fbaa0146c4b20ce
25,73c9dcb5319a4ef289b3c6705a2570b06ea5bf03af865fa465fca046687fe447,variable_elimination,0.001441278,0.059901988645693224,7990bebe6a8ec28e748a77f3
25,73c9dcb5319a4ef289b3c6705a2570b06ea5bf03af865fa465fca046687fe447,components,0.001707899,0.008572246636965758,7990bebe6a8ec28e748a77f3
25,73c9dcb5319a4ef289b3c6705a2570b06ea5bf03af865fa465fca046687fe447,variable_elimination,0.001457096,0.056877166402113835,ae5ab5579a3d77ae9c7fc47b
25,73c9dcb5319a4ef289b3c6705a2570b06ea5bf03af865fa465fca046687fe447,components,0.001710343,0.012009245043019335,ae5ab5579a3d77ae9c7fc47b
25,73c9dcb5319a4ef289b3c6705a2570b06ea5bf03af865fa465fca046687fe447,variable_elimination,0.001467292,0.08102837057302897,c6bfa1e7950bf19a74283eff
25,73c9dcb5319a4ef289b3c6705a2570b06ea5bf03af865fa465fca046687fe447,components,0.001746299,0.05588109810207957,c6bfa1e7950bf19a74283eff
26,9cfc8d76c5ed049a3560d62c05e15577c481572e2255ecc5616dd5650242317d,variable_elimination,0.001575409,0.050060547417241745,546f4ebbdbf8cde911e2f27f
26,9cfc8d76c5ed049a3560d62c05e15577c481572e2255ecc5616dd5650242317d,components,0.001743442,0.011104565901859962,546f4ebbdbf8cde911e2f27f
26,b5ada8540e2f00e4f3e386ecfcbad0a9f2fbf3844919fee6e199ee971ac0da23,variable_elimination,0.001458507,0.027807349920567413,0255d3da80c35fd1fef38d29
26,b5ada8540e2f00e4f3e386ecfcbad0a9f2fbf3844919fee6e199ee971ac0da23,components,0.196519774,0.0008800015732217138,0255d3da80c35fd1fef38d29
26,9cfc8d76c5ed049a3560d62c05e15577c481572e2255ecc5616dd5650242317d,variable_elimination,0.001584257,0.3172988653787018,4b9dcc43fd3b79174f59c961
26,9cfc8d76c5ed049a3560d62c05e15577c481572e2255ecc5616dd5650242317d,components,0.001771166,0.09862581414652072,4b9dcc43fd3b79174f59c961
26,9cfc8d76c5ed049a3560d62c05e15577c481572e2255ecc5616dd5650242317d,variable_elimination,0.001500574,0.06838653189045103,ead290dda4ec67adc358faec
26,9cfc8d76c5ed049a3560d62c05e15577c481572e2255ecc5616dd5650242317d,components,0.001739625,0.006697579339814539,ead290dda4ec67adc358faec
26,9cfc8d76c5ed049a3560d62c05e15577c481572e2255ecc5616dd5650242317d,variable_elimination,0.001473049,0.07197642996085195,efe5d8c953b49f5a76dab146
26,9cfc8d76c5ed049a3560d62c05e15577c481572e2255ecc5616dd5650242317d,components,0.001745144,0.01260324944979479,efe5d8c953b49f5a76dab146
27,9a750cc6dae3c97a69ca9d7b7f81134e5882d31b270df0c6146fb2582561940f,variable_elimination,0.001691442,0.06391324883406674,7bdb2b7539d7ba719c1dfceb
27,9a750cc6dae3c97a69ca9d7b7f81134e5882d31b270df0c6146fb2582561940f,components,0.098428388,0.014851028806854703,7bdb2b7539d7ba719c1dfceb
27,aa6d708e82eddab499248067c7516fbd6b3651d3e782e336d238b01826456d17,variable_elimination,0.001460792,0.04396876645607548,26b4aaeca33b58f53f407694
27,aa6d708e82eddab499248067c7516fbd6b3651d3e782e336d238b01826456d17,conditional_components,0.018200935,0.008152566166137649,26b4aaeca33b58f53f407694
32,d769092a71b3dd083f068c21f5a86a87b18cedf27ea7fb0852e7af0d7dec49ed,variable_elimination,0.001878818,0.2500587705281253,67d04ebcbed474cbfd5827f0
32,d769092a71b3dd083f068c21f5a86a87b18cedf27ea7fb0852e7af0d7dec49ed,conditional_components,0.017510344,0.015104685389558468,67d04ebcbed474cbfd5827f0
32,d769092a71b3dd083f068c21f5a86a87b18cedf27ea7fb0852e7af0d7dec49ed,variable_elimination,0.001978247,0.024017342070178242,399519088cf60d40d625959b
32,d769092a71b3dd083f068c21f5a86a87b18cedf27ea7fb0852e7af0d7dec49ed,conditional_components,0.017698663,0.12596626773220776,399519088cf60d40d625959b
32,d769092a71b3dd083f068c21f5a86a87b18cedf27ea7fb0852e7af0d7dec49ed,variable_elimination,0.001893461,0.038404056759215904,6051d44661fd8c38ad94e858
32,d769092a71b3dd083f068c21f5a86a87b18cedf27ea7fb0852e7af0d7dec49ed,conditional_components,0.017455869,0.14769042670363192,6051d44661fd8c38ad94e858
32,d769092a71b3dd083f068c21f5a86a87b18cedf27ea7fb0852e7af0d7dec49ed,variable_elimination,0.001920411,0.026214602041921487,a253f6728e4d81fd5db66a88
32,d769092a71b3dd083f068c21f5a86a87b18cedf27ea7fb0852e7af0d7dec49ed,conditional_components,0.017620172,0.10270132855008249,a253f6728e4d81fd5db66a88
32,34735a6dd7d3231b2b95a00d79234aac9a515be224c2eedb2aff3ff0d4e3257c,variable_elimination,0.00189116,0.029108705751021487,6ec35743e9c5bb656d406aa3
32,34735a6dd7d3231b2b95a00d79234aac9a515be224c2eedb2aff3ff0d4e3257c,conditional_components,0.057799021,0.02547721943752728,6ec35743e9c5bb656d406aa3
33,c818b467ee101c282d1e7bdb73de2fb67b08ca7fcd50dc165b61ace75b0862d0,variable_elimination,0.001946023,0.030780710563075457,41cdbac8c11c4c777969faa4
33,c818b467ee101c282d1e7bdb73de2fb67b08ca7fcd50dc165b61ace75b0862d0,conditional_components,0.023663226,0.007002956989054902,41cdbac8c11c4c777969faa4
33,4a9a462fc8ea3bfb4e58bce78003e61575fc0463f510d9e0f970aed2c9b74e13,variable_elimination,0.00206918,0.11744997124910003,8e62078a028dc4c5b4e7a88c
33,4a9a462fc8ea3bfb4e58bce78003e61575fc0463f510d9e0f970aed2c9b74e13,conditional_components,0.02912979,0.004875464242164776,8e62078a028dc4c5b4e7a88c
2,99c151a7f54c9f60633fb0580f3836cc4fccdbca6f9762c6376ef037b21b6eeb,variable_elimination,0.000127035,0.7295877230554865,4a52bdc08ca2721c8d690542
2,99c151a7f54c9f60633fb0580f3836cc4fccdbca6f9762c6376ef037b21b6eeb,components,0.000104075,0.29428284647112557,4a52bdc08ca2721c8d690542
2,99c151a7f54c9f60633fb0580f3836cc4fccdbca6f9762c6376ef037b21b6eeb,variable_elimination,7.6279e-05,0.4219176624636749,27d78fd0a2465c65096c19e6
2,99c151a7f54c9f60633fb0580f3836cc4fccdbca6f9762c6376ef037b21b6eeb,components,6.7364e-05,0.20072523795609082,27d78fd0a2465c65096c19e6
2,99c151a7f54c9f60633fb0580f3836cc4fccdbca6f9762c6376ef037b21b6eeb,variable_elimination,8.4488e-05,0.36619105629471355,ab1fb59a5f6f12ca013cf7f1
2,99c151a7f54c9f60633fb0580f3836cc4fccdbca6f9762c6376ef037b21b6eeb,components,6.8755e-05,0.17308287568549702,ab1fb59a5f6f12ca013cf7f1
2,99c151a7f54c9f60633fb0580f3836cc4fccdbca6f9762c6376ef037b21b6eeb,variable_elimination,8.3933e-05,0.35670051181439616,4007223c6e7988bb256f866c
2,99c151a7f54c9f60633fb0580f3836cc4fccdbca6f9762c6376ef037b21b6eeb,components,7.4232e-05,0.15272665604204336,4007223c6e7988bb256f866c
8,567e11eb337603247dc37b986e36bc1520dd5166e21f234c7e57bdfa812c67e9,variable_elimination,0.000386304,0.12068056454927328,2d71eec40819a2cd539e6864
8,567e11eb337603247dc37b986e36bc1520dd5166e21f234c7e57bdfa812c67e9,components,0.000275776,0.10763607333004103,2d71eec40819a2cd539e6864
8,567e11eb337603247dc37b986e36bc1520dd5166e21f234c7e57bdfa812c67e9,variable_elimination,0.000389322,0.1254003806443996,dfae91d9cabc33ffe18cbbd0
8,567e11eb337603247dc37b986e36bc1520dd5166e21f234c7e57bdfa812c67e9,components,0.00027691,0.082238972043039,dfae91d9cabc33ffe18cbbd0
8,567e11eb337603247dc37b986e36bc1520dd5166e21f234c7e57bdfa812c67e9,variable_elimination,0.000380028,0.11111181449511787,5dc90edf05ba784879527e37
8,567e11eb337603247dc37b986e36bc1520dd5166e21f234c7e57bdfa812c67e9,components,0.000269635,0.07327453193771925,5dc90edf05ba784879527e37
9,0de9fb2f1238632cf721304595a3822207684f650a0992dcf900ad92b8618fe3,variable_elimination,0.000444523,0.13353268169121688,9d3775087edddb264e1deb28
9,0de9fb2f1238632cf721304595a3822207684f650a0992dcf900ad92b8618fe3,components,0.000330868,0.030870175745477905,9d3775087edddb264e1deb28
9,0de9fb2f1238632cf721304595a3822207684f650a0992dcf900ad92b8618fe3,variable_elimination,0.00044181,0.1055618333138142,50e336b44e4fa74de32e521d
9,0de9fb2f1238632cf721304595a3822207684f650a0992dcf900ad92b8618fe3,components,0.000324987,0.06307643098991451,50e336b44e4fa74de32e521d
3,2bfd67b1ad8c9744f8345f8a84d2cd13d21a3e0442576b86e3c57419801cd052,variable_elimination,0.000111906,0.37719664917772266,ee49b16b744b8cfee9a804ab
3,2bfd67b1ad8c9744f8345f8a84d2cd13d21a3e0442576b86e3c57419801cd052,components,0.000105839,0.10614402896047118,ee49b16b744b8cfee9a804ab
3,2bfd67b1ad8c9744f8345f8a84d2cd13d21a3e0442576b86e3c57419801cd052,variable_elimination,0.00011081,0.303989065029243,ca5027781973eee44701938f
3,2bfd67b1ad8c9744f8345f8a84d2cd13d21a3e0442576b86e3c57419801cd052,components,0.000101633,0.17283496997424172,ca5027781973eee44701938f
3,2bfd67b1ad8c9744f8345f8a84d2cd13d21a3e0442576b86e3c57419801cd052,variable_elimination,0.000105167,0.3198139360933762,89cf6dc679d191fe8e11779b
3,2bfd67b1ad8c9744f8345f8a84d2cd13d21a3e0442576b86e3c57419801cd052,components,9.8583e-05,0.2055957732492182,89cf6dc679d191fe8e11779b
3,2bfd67b1ad8c9744f8345f8a84d2cd13d21a3e0442576b86e3c57419801cd052,variable_elimination,0.000104001,0.31514697279293025,25c3a5c119de51f4c3da63fa
3,2bfd67b1ad8c9744f8345f8a84d2cd13d21a3e0442576b86e3c57419801cd052,components,9.8629e-05,0.17441058672690765,25c3a5c119de51f4c3da63fa
5,258c2a4ff949114577ec2e8e11949dbaeec7ef3432cd2f634fefcde861ae0117,variable_elimination,0.000218823,0.2068822957272517,dd3c55822325537ff0e340fc
5,258c2a4ff949114577ec2e8e11949dbaeec7ef3432cd2f634fefcde861ae0117,components,0.000175537,0.07346529377306014,dd3c55822325537ff0e340fc
5,258c2a4ff949114577ec2e8e11949dbaeec7ef3432cd2f634fefcde861ae0117,variable_elimination,0.000210046,0.19151194347546127,03cf54d59b142e9591f6feac
5,258c2a4ff949114577ec2e8e11949dbaeec7ef3432cd2f634fefcde861ae0117,components,0.000168293,0.08248669495054071,03cf54d59b142e9591f6feac
5,258c2a4ff949114577ec2e8e11949dbaeec7ef3432cd2f634fefcde861ae0117,variable_elimination,0.00020584,0.25929459435501123,22007e7728ebbab19d143cb6
5,258c2a4ff949114577ec2e8e11949dbaeec7ef3432cd2f634fefcde861ae0117,components,0.000164326,0.08086933149094548,22007e7728ebbab19d143cb6
5,258c2a4ff949114577ec2e8e11949dbaeec7ef3432cd2f634fefcde861ae0117,variable_elimination,0.000214072,0.19583962337590582,23fa2d0d752220c8e2587d66
5,258c2a4ff949114577ec2e8e11949dbaeec7ef3432cd2f634fefcde861ae0117,components,0.00015928,0.11169793884890801,23fa2d0d752220c8e2587d66
4,5e20e2d2ff7a6f1a772bf7de96200cd3bcfb51157387d3446a196ba0e2ec64d3,variable_elimination,0.000226641,0.1921590057562,a288bf52fb17a9765841ee35
4,5e20e2d2ff7a6f1a772bf7de96200cd3bcfb51157387d3446a196ba0e2ec64d3,components,0.000134864,0.11773156365535344,a288bf52fb17a9765841ee35
4,5e20e2d2ff7a6f1a772bf7de96200cd3bcfb51157387d3446a196ba0e2ec64d3,variable_elimination,0.000197807,0.2818109137108917,fc538cc2c87d96cd594eea3e
4,5e20e2d2ff7a6f1a772bf7de96200cd3bcfb51157387d3446a196ba0e2ec64d3,components,0.000137691,0.12176900163784986,fc538cc2c87d96cd594eea3e
4,5e20e2d2ff7a6f1a772bf7de96200cd3bcfb51157387d3446a196ba0e2ec64d3,variable_elimination,0.00016818,0.20566516907284654,5e5c24f5417538eeee4880e8
4,5e20e2d2ff7a6f1a772bf7de96200cd3bcfb51157387d3446a196ba0e2ec64d3,components,0.000134134,0.11562857028586368,5e5c24f5417538eeee4880e8
4,5e20e2d2ff7a6f1a772bf7de96200cd3bcfb51157387d3446a196ba0e2ec64d3,variable_elimination,0.000217844,0.20124016231264952,fb5ef69ece1e53c67cb5af54
4,5e20e2d2ff7a6f1a772bf7de96200cd3bcfb51157387d3446a196ba0e2ec64d3,components,0.000166196,0.15198292868562274,fb5ef69ece1e53c67cb5af54
7,4034394a52387d4c50dc492d42caace86d7da5f5de824fe39a27a1e9eae7882c,variable_elimination,0.000343634,0.1590835047578607,0d241a12fb10869f0ff71729
7,4034394a52387d4c50dc492d42caace86d7da5f5de824fe39a27a1e9eae7882c,components,0.00021628,0.07057493825115323,0d241a12fb10869f0ff71729
7,4034394a52387d4c50dc492d42caace86d7da5f5de824fe39a27a1e9eae7882c,variable_elimination,0.000288009,0.16034235857027704,fe39d7af9523f7526f691b3b
7,4034394a52387d4c50dc492d42caace86d7da5f5de824fe39a27a1e9eae7882c,components,0.000222724,0.05675649241253203,fe39d7af9523f7526f691b3b
7,4034394a52387d4c50dc492d42caace86d7da5f5de824fe39a27a1e9eae7882c,variable_elimination,0.000283341,0.15103152899134328,1099b47d16430061d11774d2
7,4034394a52387d4c50dc492d42caace86d7da5f5de824fe39a27a1e9eae7882c,components,0.00022103,0.05529467044898011,1099b47d16430061d11774d2
7,4034394a52387d4c50dc492d42caace86d7da5f5de824fe39a27a1e9eae7882c,variable_elimination,0.000283971,0.14135845860629848,440b8ebd05ff82e5cbe39ecf
7,4034394a52387d4c50dc492d42caace86d7da5f5de824fe39a27a1e9eae7882c,components,0.000222724,0.060082480969061706,440b8ebd05ff82e5cbe39ecf
6,473d02574cc7a661b725c821ba67e57e00b12ef300aeb1d47602959376a040a6,variable_elimination,0.00024865,0.19728585965633413,ec7cecdf910286bc797fab00
6,473d02574cc7a661b725c821ba67e57e00b12ef300aeb1d47602959376a040a6,components,0.000229138,0.10180964348873467,ec7cecdf910286bc797fab00
6,473d02574cc7a661b725c821ba67e57e00b12ef300aeb1d47602959376a040a6,variable_elimination,0.000261674,0.1507587511411091,9161594b93743e8dd74ffc91
6,473d02574cc7a661b725c821ba67e57e00b12ef300aeb1d47602959376a040a6,components,0.00021163,0.10381843646111735,9161594b93743e8dd74ffc91
6,473d02574cc7a661b725c821ba67e57e00b12ef300aeb1d47602959376a040a6,variable_elimination,0.000251388,0.18229518521637392,d9c9a9d73f7f6ceb761385a8
6,473d02574cc7a661b725c821ba67e57e00b12ef300aeb1d47602959376a040a6,components,0.000183042,0.14076499618485988,d9c9a9d73f7f6ceb761385a8
6,473d02574cc7a661b725c821ba67e57e00b12ef300aeb1d47602959376a040a6,variable_elimination,0.000243233,0.16539258631845827,6bccdc3a260522cafc38aa12
6,473d02574cc7a661b725c821ba67e57e00b12ef300aeb1d47602959376a040a6,components,0.000178796,0.13021707581014874,6bccdc3a260522cafc38aa12
34,1549bf31fe5a8a261652c1485d828c40fbe5b518a9f95656f24dd69e75d68873,variable_elimination,0.002022646,0.07392620049184793,c40074e303c193eb1c69600e
34,1549bf31fe5a8a261652c1485d828c40fbe5b518a9f95656f24dd69e75d68873,conditional_components,0.024468205,0.01306474458289467,c40074e303c193eb1c69600e
34,6088cef28e9fab30f101df7e44346bb2b33ee7fd4aeff95af94ee8f31ee1bb8c,variable_elimination,0.002102202,0.03148852036899007,79c5655fac8bc152e5fe0c88
34,6088cef28e9fab30f101df7e44346bb2b33ee7fd4aeff95af94ee8f31ee1bb8c,conditional_components,0.030737802,0.04615896665229687,79c5655fac8bc152e5fe0c88
35,1fafe6cd5b5fa225f5c38b954bbd74c5e5cee3d9cb0e1873cfd97032c515dd7c,variable_elimination,0.0020987,0.03281399096722189,ee2e8ea102e939cb1b366350
35,1fafe6cd5b5fa225f5c38b954bbd74c5e5cee3d9cb0e1873cfd97032c515dd7c,conditional_components,0.025207589,0.010524615325353422,ee2e8ea102e939cb1b366350
35,0c705f249618ed3421e6372b4cf8b0f01311f060ced49a5acfdf9462483716fc,variable_elimination,0.002134096,0.03558848019719342,a06f744796ad9d583fd0d520
35,0c705f249618ed3421e6372b4cf8b0f01311f060ced49a5acfdf9462483716fc,conditional_components,0.031916125,0.005947007430106692,a06f744796ad9d583fd0d520
36,a918a2d9a2b00eb29293a11df8ec5b461519f2d8da7de9bf05ee81cad626a270,variable_elimination,0.002236516,0.025207850920990437,39a3c8af8877bfbb030b5e59
36,a918a2d9a2b00eb29293a11df8ec5b461519f2d8da7de9bf05ee81cad626a270,conditional_components,0.034657288,0.03376130908212496,39a3c8af8877bfbb030b5e59
37,7568aee6dcbce7999ed3839850d05c46ed50b4af02ab62cbbd30f0f95ccc1756,variable_elimination,0.002386668,0.021511559132801627,6991040f8f184442ef7fa0c5
37,7568aee6dcbce7999ed3839850d05c46ed50b4af02ab62cbbd30f0f95ccc1756,conditional_components,0.072237691,0.0007572702291315988,6991040f8f184442ef7fa0c5
37,b8addbf8888cb397af6798bd24411f2ca309d06d21cdd1aef72ecaa56c55a796,variable_elimination,0.002302717,0.03980689957007903,4e9a6bda28713519656a79fe
37,b8addbf8888cb397af6798bd24411f2ca309d06d21cdd1aef72ecaa56c55a796,conditional_components,0.036721631,0.0011926086344726044,4e9a6bda28713519656a79fe
38,946bb85dfc7e27d095dd4683b951f0d071db199831303ae6c008d89ee72d7780,variable_elimination,0.002444074,0.025897751048741254,2ff0f3c9d18b014a76eacb4c
38,946bb85dfc7e27d095dd4683b951f0d071db199831303ae6c008d89ee72d7780,conditional_components,0.125618678,0.009222990394666676,2ff0f3c9d18b014a76eacb4c
38,bacc1d272ae10065897bc482e9d09a237c359a8c711ab805e76a6f8cc5eba06d,variable_elimination,0.002581672,0.024549222309624065,8c6c7b4a650f6b6bd8d7fd14
38,bacc1d272ae10065897bc482e9d09a237c359a8c711ab805e76a6f8cc5eba06d,conditional_components,0.860769053,0.00472125160710516,8c6c7b4a650f6b6bd8d7fd14
41,a64a9f7078c3025aecdc6b166d2addc35c2f7e9e7fa8adc5e37f076f0811a9a7,variable_elimination,0.002913311,0.5637421274294315,a62b4f1f12c76f842027f03a
41,a64a9f7078c3025aecdc6b166d2addc35c2f7e9e7fa8adc5e37f076f0811a9a7,conditional_components,0.118877706,0.009260874817463096,a62b4f1f12c76f842027f03a
41,a64a9f7078c3025aecdc6b166d2addc35c2f7e9e7fa8adc5e37f076f0811a9a7,variable_elimination,0.002793192,0.5766754359967731,6f98519d5be66e9e4773a050
41,a64a9f7078c3025aecdc6b166d2addc35c2f7e9e7fa8adc5e37f076f0811a9a7,conditional_components,0.119234341,0.007181083880693833,6f98519d5be66e9e4773a050
41,a64a9f7078c3025aecdc6b166d2addc35c2f7e9e7fa8adc5e37f076f0811a9a7,variable_elimination,0.0027977,0.5678521984227531,f984a8e57e3baf075d0b970d
41,a64a9f7078c3025aecdc6b166d2addc35c2f7e9e7fa8adc5e37f076f0811a9a7,conditional_components,0.119959944,0.013091390391844171,f984a8e57e3baf075d0b970d
41,a64a9f7078c3025aecdc6b166d2addc35c2f7e9e7fa8adc5e37f076f0811a9a7,variable_elimination,0.002771951,0.6812960217768101,f151f1b99bc7d6b0788312a5
41,a64a9f7078c3025aecdc6b166d2addc35c2f7e9e7fa8adc5e37f076f0811a9a7,conditional_components,0.119773458,0.013078624272010345,f151f1b99bc7d6b0788312a5
1,a491b793e84c1e1b274a7012e3d86241c5344fabe6412f3ea99ebfd03ac603cf,variable_elimination,5.962e-05,0.47396109169735234,ebdaf29f03b9447b3997149e
1,a491b793e84c1e1b274a7012e3d86241c5344fabe6412f3ea99ebfd03ac603cf,components,6.0429e-05,0.19071523456087064,ebdaf29f03b9447b3997149e
1,a491b793e84c1e1b274a7012e3d86241c5344fabe6412f3ea99ebfd03ac603cf,variable_elimination,5.4847e-05,0.5243698597922559,a0de212ed6643b2dc36ffc90
1,a491b793e84c1e1b274a7012e3d86241c5344fabe6412f3ea99ebfd03ac603cf,components,5.1543e-05,0.2627426771571877,a0de212ed6643b2dc36ffc90
1,a491b793e84c1e1b274a7012e3d86241c5344fabe6412f3ea99ebfd03ac603cf,variable_elimination,5.4884e-05,0.48288626189076284,e754f5872cdf9f8dc9ec9988
1,a491b793e84c1e1b274a7012e3d86241c5344fabe6412f3ea99ebfd03ac603cf,components,5.2564e-05,0.2030167709792257,e754f5872cdf9f8dc9ec9988
1,a491b793e84c1e1b274a7012e3d86241c5344fabe6412f3ea99ebfd03ac603cf,variable_elimination,4.9731e-05,0.4746791674100383,ae3e0af1aa3a7852c27b5f91
1,a491b793e84c1e1b274a7012e3d86241c5344fabe6412f3ea99ebfd03ac603cf,components,4.7206e-05,0.2147980451250931,ae3e0af1aa3a7852c27b5f91
14,15ab512bdb14401c9b32bfcac67c3eca61cc005888deef20fdc65d26e14fb5ca,variable_elimination,0.000770723,0.07962088406650149,7c69ed2d6836af05416cdcf0
14,15ab512bdb14401c9b32bfcac67c3eca61cc005888deef20fdc65d26e14fb5ca,components,0.001900122,0.02108500014963562,7c69ed2d6836af05416cdcf0
14,78814b367f556178987fead9579ab77bf796f16e4fd49788acb418e811908c48,variable_elimination,0.000745185,0.0895862186180861,3de46554429d8955e1ea8e49
14,78814b367f556178987fead9579ab77bf796f16e4fd49788acb418e811908c48,components,0.001897906,0.013261415367434267,3de46554429d8955e1ea8e49
15,663c84c755076c39164fc83ec2a87080924fa45b0da5112871ea43cc6e8a5ce4,variable_elimination,0.000775571,0.07120303134746732,6f96eaf6692e70bbdc5f0679
15,663c84c755076c39164fc83ec2a87080924fa45b0da5112871ea43cc6e8a5ce4,components,0.001909734,0.008791522936959787,6f96eaf6692e70bbdc5f0679
20,61ddb999eee98116a66e646fdb3590a3eba569fe10ad5ce626b9d26f1f8c222e,variable_elimination,0.001018806,0.04649756293167795,eb027da9b68a10232a938bd8
20,61ddb999eee98116a66e646fdb3590a3eba569fe10ad5ce626b9d26f1f8c222e,components,0.006493253,0.007725913620053922,eb027da9b68a10232a938bd8
15,77852ba9a74a7c0ce5bcda166b488ee106dc71bb879495f0cd2f876afe06a461,variable_elimination,0.000771606,0.06739006614362456,803cdc1190c2b61947a40978
15,77852ba9a74a7c0ce5bcda166b488ee106dc71bb879495f0cd2f876afe06a461,components,0.001955536,0.023240866988057215,803cdc1190c2b61947a40978
20,f2c9be93e4a738ca6c9b7a56ae6ca79f8435c5d36e712a02d83c733df712336a,variable_elimination,0.000991343,0.049319905436489765,2027f900fd661c4eb0c1bf68
20,f2c9be93e4a738ca6c9b7a56ae6ca79f8435c5d36e712a02d83c733df712336a,components,0.002139893,0.009127472002200302,2027f900fd661c4eb0c1bf68
21,15fdd42a4bdc24e05e36a8135b3b8dbe57d54b4844647d6181fd85d23633bf66,variable_elimination,0.001072637,0.05268475653489904,02b15ae35aa827eafbc1f5b0
21,15fdd42a4bdc24e05e36a8135b3b8dbe57d54b4844647d6181fd85d23633bf66,components,0.049433054,0.001351177243903211,02b15ae35aa827eafbc1f5b0
21,96f822f6fe90d60e10384e53d5c7ef2af7b40fe5305bf1c66dcca0c0a75a9e7b,variable_elimination,0.001127361,0.028448315116725135,63b80a1de18b37454c9f1cbf
21,96f822f6fe90d60e10384e53d5c7ef2af7b40fe5305bf1c66dcca0c0a75a9e7b,components,0.050571595,0.04007361090471237,63b80a1de18b37454c9f1cbf
42,be7cafb8e17c92fb38ad5db2f39575b53122137a0560a2b51956308b8b1f8958,variable_elimination,0.003021531,0.5561564041873198,fc169c0d57995ba8128f1863
42,be7cafb8e17c92fb38ad5db2f39575b53122137a0560a2b51956308b8b1f8958,conditional_components,0.168830494,0.010762617469638138,fc169c0d57995ba8128f1863
42,be7cafb8e17c92fb38ad5db2f39575b53122137a0560a2b51956308b8b1f8958,variable_elimination,0.002952102,0.5376942550551645,663992402874520f255f92aa
42,be7cafb8e17c92fb38ad5db2f39575b53122137a0560a2b51956308b8b1f8958,conditional_components,0.169480162,0.011834611640866471,663992402874520f255f92aa
42,be7cafb8e17c92fb38ad5db2f39575b53122137a0560a2b51956308b8b1f8958,variable_elimination,0.00296007,0.5347597370102407,cedf2ccd2ea1bc4534d4b987
42,be7cafb8e17c92fb38ad5db2f39575b53122137a0560a2b51956308b8b1f8958,conditional_components,0.168790826,0.012974331296549903,cedf2ccd2ea1bc4534d4b987
42,be7cafb8e17c92fb38ad5db2f39575b53122137a0560a2b51956308b8b1f8958,variable_elimination,0.002933046,0.49326677882247233,a9ac4200c3496606a94fd22e
42,be7cafb8e17c92fb38ad5db2f39575b53122137a0560a2b51956308b8b1f8958,conditional_components,0.167600673,0.011930956931623575,a9ac4200c3496606a94fd22e
21,7ad295f092b8998670d5c783597d5e7eb3f5684f723ebe0e79696ed512765e3f,variable_elimination,0.001146919,0.030276667301748886,6cea8652c0169fedb16bc88f
21,7ad295f092b8998670d5c783597d5e7eb3f5684f723ebe0e79696ed512765e3f,components,0.049854458,0.015496308186331522,6cea8652c0169fedb16bc88f
21,3c53f44ba0765a1cbadece0d5eb6e8fe5c80879fd453e8f3faf917a827e0d602,variable_elimination,0.001107137,0.0483726825328134,acb60e3495d84d41da77be0b
21,3c53f44ba0765a1cbadece0d5eb6e8fe5c80879fd453e8f3faf917a827e0d602,components,0.050688294,0.02007500212225675,acb60e3495d84d41da77be0b
20,93ac10931133a97b43ad68ac11705fbe5e09cb756f677b8517268ef1e672115c,variable_elimination,0.001035426,0.05440814749301417,9686f8c86c75f7ba2774ac13
20,93ac10931133a97b43ad68ac11705fbe5e09cb756f677b8517268ef1e672115c,components,0.024195537,0.010738659002302859,9686f8c86c75f7ba2774ac13
20,ca4c586653aadedf3f8a1c1bdcd70890aefc59ad386b9fc24113ed68b6282eaf,variable_elimination,0.001012906,0.04040179549469847,d6fdb80a7aae240fac690870
20,ca4c586653aadedf3f8a1c1bdcd70890aefc59ad386b9fc24113ed68b6282eaf,components,0.024015055,0.03373175406095636,d6fdb80a7aae240fac690870
18,8e618c88721adc967c6bccdc07e7cc8dd5cab29566c10848744428515be5731e,variable_elimination,0.000906448,0.06513329751474084,d35d7d5a107998ebbd375750
18,8e618c88721adc967c6bccdc07e7cc8dd5cab29566c10848744428515be5731e,components,0.012317153,0.031849159678314184,d35d7d5a107998ebbd375750
18,042be5fbc4ce5e8e172bb685da4fba69729967a0cfc20944577f59d5cfb383a9,variable_elimination,0.00090778,0.05939669482827209,1c31bc718c7df098007027b1
18,042be5fbc4ce5e8e172bb685da4fba69729967a0cfc20944577f59d5cfb383a9,components,0.003595368,0.002756623236196265,1c31bc718c7df098007027b1
19,3b1021169731769ba78b3a31f584a7e0cc07cf4ad3c46633073d3dbce622893d,variable_elimination,0.000950055,0.049789060055326705,c6bba93654ebfedf31b8ebbd
19,3b1021169731769ba78b3a31f584a7e0cc07cf4ad3c46633073d3dbce622893d,components,0.01239175,0.009834733404163479,c6bba93654ebfedf31b8ebbd
19,0467275e65043127820bb4287b3a55899d012b75e17d2ad765c2f2aaeb861732,variable_elimination,0.000985522,0.08678737115178572,4e8909f4aeebd7d168f6325a
19,0467275e65043127820bb4287b3a55899d012b75e17d2ad765c2f2aaeb861732,components,0.003625794,0.003462413949341352,4e8909f4aeebd7d168f6325a
18,b532736344bfde07d7e03beaffeb41ae4e12b18e36154570d90e3e8d8e73c380,variable_elimination,0.000934326,0.05627788419398494,48d22ae31935d085621c6d8d
18,b532736344bfde07d7e03beaffeb41ae4e12b18e36154570d90e3e8d8e73c380,components,0.003629985,0.008247212580516052,48d22ae31935d085621c6d8d
18,44684871cce1f24726d378fdd85b4c858c03f1ec658f8671411fd46beba86c4b,variable_elimination,0.000899043,0.04907032185864067,dd2d646e4729bc43303ebfb6
18,44684871cce1f24726d378fdd85b4c858c03f1ec658f8671411fd46beba86c4b,components,0.012562659,0.013364596826560151,dd2d646e4729bc43303ebfb6
18,c9266e80cae3e003c00780c5ae5aedbe825faa655d5f95ed79275a164fe08e61,variable_elimination,0.000899577,0.0606770763245479,f38cbdaea68844452dd332fe
18,c9266e80cae3e003c00780c5ae5aedbe825faa655d5f95ed79275a164fe08e61,components,0.003508989,0.009964195167059651,f38cbdaea68844452dd332fe
18,6d297f4db64e0f070a4c9b30c2d383307aaabceae3100802ed76cfa5f2225b96,variable_elimination,0.00090167,0.052296229425946826,91138442018531350dbe23d5
18,6d297f4db64e0f070a4c9b30c2d383307aaabceae3100802ed76cfa5f2225b96,components,0.012410709,0.007168970821499678,91138442018531350dbe23d5
19,b38240b958405ee109dc4b1fa4c5d4dcb132e7d5cd34c3b8de8cc002df36b21b,variable_elimination,0.000994142,0.062218611113240084,e964433ae100e7de90c87558
19,b38240b958405ee109dc4b1fa4c5d4dcb132e7d5cd34c3b8de8cc002df36b21b,components,0.003701263,0.009466205086406426,e964433ae100e7de90c87558
19,3c000097793e99ee59d9d2cd688fa3004befdbbf293644f4473d5103d5c736a1,variable_elimination,0.000938241,0.050939098846730264,fe3143782d0905b6a5d6e718
19,3c000097793e99ee59d9d2cd688fa3004befdbbf293644f4473d5103d5c736a1,components,0.012344656,0.01049902190207041,fe3143782d0905b6a5d6e718
19,8a68150f9d132f4cface430531d6586f41e6bf1b4f88c493e6477cacea8bfa65,variable_elimination,0.000943464,0.05707791778483019,aa25328454d0362fa6320d98
19,8a68150f9d132f4cface430531d6586f41e6bf1b4f88c493e6477cacea8bfa65,components,0.003595838,0.0009053785588488202,aa25328454d0362fa6320d98
19,d1ae7b4c44c40db21307904242409a183dd8453ddf8075eb96a8497313a5004a,variable_elimination,0.000961323,0.05889191314276409,f38187e76fa2d624c9b506e9
19,d1ae7b4c44c40db21307904242409a183dd8453ddf8075eb96a8497313a5004a,components,0.012623646,0.013329288853002748,f38187e76fa2d624c9b506e9
22,085fe4c0fb25f379c36b50d3115611c75e8a9dc153959eff6ad0cf515ef205f7,variable_elimination,0.001135241,0.3185198759554577,7ef2efa145e2eb9b1f3496e4
22,085fe4c0fb25f379c36b50d3115611c75e8a9dc153959eff6ad0cf515ef205f7,components,0.025897777,0.030876301174371776,7ef2efa145e2eb9b1f3496e4
22,085fe4c0fb25f379c36b50d3115611c75e8a9dc153959eff6ad0cf515ef205f7,variable_elimination,0.001139615,0.056337177702815495,5e232aad69a130b6d9f98eb2
22,085fe4c0fb25f379c36b50d3115611c75e8a9dc153959eff6ad0cf515ef205f7,components,0.025294841,0.01000929355563517,5e232aad69a130b6d9f98eb2
22,3e61310dd6e8dec0f92541613ffd78d2a229692a2e467af785e10a4d3c3e3e79,variable_elimination,0.001167355,0.037335972725851596,8bdb29fa2e3183460c73b9d8
22,3e61310dd6e8dec0f92541613ffd78d2a229692a2e467af785e10a4d3c3e3e79,components,0.099342988,0.009989091109293663,8bdb29fa2e3183460c73b9d8
22,008354fdf0cdc3ebb6d91d5e7a792550964d97477cb3384103ff69bd37cb2847,variable_elimination,0.001117408,0.04878920968099384,c85489d8d2bfb05b109dfa7b
22,008354fdf0cdc3ebb6d91d5e7a792550964d97477cb3384103ff69bd37cb2847,components,0.025090864,0.0016527013159632555,c85489d8d2bfb05b109dfa7b
22,0cc5a56007793522a8bae49d79e62aafad15b7d007aea081c0edf572b8c8627b,variable_elimination,0.001204541,0.04743608121912961,39fb618b53186cca36061a79
22,0cc5a56007793522a8bae49d79e62aafad15b7d007aea081c0edf572b8c8627b,components,0.099673499,0.02402860092527516,39fb618b53186cca36061a79
23,dfa0f4598e9d9decfec6480790325944f8eef7d7efbc53497781dcfe305b9323,variable_elimination,0.00121188,0.0428754536686612,4d3b37dd439c9a82305e6bdf
23,dfa0f4598e9d9decfec6480790325944f8eef7d7efbc53497781dcfe305b9323,components,0.02550975,0.02150962718318002,4d3b37dd439c9a82305e6bdf
20,8804c761f049f2e3c3c454531ef8df03e37db50af6288cb2c3486801289fb3d9,variable_elimination,0.001063726,0.043959716799040344,b16fe4574dee00dc909232ff
20,8804c761f049f2e3c3c454531ef8df03e37db50af6288cb2c3486801289fb3d9,components,0.002200453,0.0029033570811394516,b16fe4574dee00dc909232ff
23,d56c100547fb96fa843641e8c03bab116b7e28cc02b27e979ef1cf6ed08de785,variable_elimination,0.001227043,0.039673413767550084,7ac0ccfca2ec422c3f123603
23,d56c100547fb96fa843641e8c03bab116b7e28cc02b27e979ef1cf6ed08de785,components,0.098554233,0.009407818104423545,7ac0ccfca2ec422c3f123603
23,7fcceb420a399a4f3c91b9b47bf09e2e9bf6078cc4bcff83a70af3dd0cdc4ba1,variable_elimination,0.001158542,0.05346640644981806,12a5ef66ad6ecef608df053b
23,7fcceb420a399a4f3c91b9b47bf09e2e9bf6078cc4bcff83a70af3dd0cdc4ba1,components,0.025080136,0.005330118757496965,12a5ef66ad6ecef608df053b
23,33d401278a1682e87f7c462c6b3c0eacc8d9854b262a13bae33c80379e90f88d,variable_elimination,0.001228281,0.03902239199162568,ad5697a1d41ddb46f41dda1c
23,33d401278a1682e87f7c462c6b3c0eacc8d9854b262a13bae33c80379e90f88d,components,0.100869243,0.002416805145779484,ad5697a1d41ddb46f41dda1c
20,7ff648a8b7ea746a7ef18c1cdab4e6c5a35f35c1e311e166a88d81ad4e7d5b52,variable_elimination,0.001054695,0.0451869975200558,20a0718a4370c1bb1c4747f3
20,7ff648a8b7ea746a7ef18c1cdab4e6c5a35f35c1e311e166a88d81ad4e7d5b52,components,0.00653726,0.005463735055206724,20a0718a4370c1bb1c4747f3
24,66bbea0bfef3018daebacc949d788a3f74d17706a129032dc3b8638c0fd00306,variable_elimination,0.001309261,0.031445758757312654,dedc44025053e58028460699
24,66bbea0bfef3018daebacc949d788a3f74d17706a129032dc3b8638c0fd00306,components,0.02551586,0.011677482322142444,dedc44025053e58028460699
24,d785babacc20c60544c79a8b75141d016561d170a144d521cd7686053247b614,variable_elimination,0.001284798,0.03378293302244471,46bacbeb84a6df945af1f75e
24,d785babacc20c60544c79a8b75141d016561d170a144d521cd7686053247b614,components,0.101075807,0.008686425390640505,46bacbeb84a6df945af1f75e
24,1a80a3282614495cf4d93f746807e3a5a6b635e52be614a4ba5f703507a6cd92,variable_elimination,0.001207152,0.04191615102913488,64e8d958192051d5b05d4a8a
24,1a80a3282614495cf4d93f746807e3a5a6b635e52be614a4ba5f703507a6cd92,components,0.025141805,0.013623164357808602,64e8d958192051d5b05d4a8a
24,b7e6c401fa2955624e576aea635e4f24f810900f5dd03afe6b3421d698ddaebb,variable_elimination,0.00128914,0.029051154146383172,2e80d9f0fb9624f991a48bdf
24,b7e6c401fa2955624e576aea635e4f24f810900f5dd03afe6b3421d698ddaebb,components,0.101302168,0.013671778326647548,2e80d9f0fb9624f991a48bdf
14,caf3a59598fa220e2cf313770bbe0f0f65e8654697a3b698cef1e3a0c16acd2c,variable_elimination,0.000724772,0.07188572734232594,5be4b9d1a6b84757da18d1ec
14,caf3a59598fa220e2cf313770bbe0f0f65e8654697a3b698cef1e3a0c16acd2c,components,0.001904152,0.019333380458175897,5be4b9d1a6b84757da18d1ec
14,81c9b5f3d4fbc250167e566452c4975bca835d30a0bd39c135c595f63d39e8dd,variable_elimination,0.000788177,0.06123446694956572,bdb57b82eb93447ef9ae216d
14,81c9b5f3d4fbc250167e566452c4975bca835d30a0bd39c135c595f63d39e8dd,components,0.001923002,0.020304714364300005,bdb57b82eb93447ef9ae216d
14,72d219835c328d62f5faa95f6f0c13723daf5bbf406bad58e3fd1e27f396669b,variable_elimination,0.000783387,0.05592179476387145,b7645406b1f8c4b509ba07ed
14,72d219835c328d62f5faa95f6f0c13723daf5bbf406bad58e3fd1e27f396669b,components,0.001897585,0.014152381383818538,b7645406b1f8c4b509ba07ed
14,e9a8fd3a0de42e32b90907aa4d517623ec59cecfd4e441a74f30045b270a666a,variable_elimination,0.000748715,0.07093796357757093,e3103e1e6a9a3d50d63cae33
14,e9a8fd3a0de42e32b90907aa4d517623ec59cecfd4e441a74f30045b270a666a,components,0.00187913,0.010904454945938802,e3103e1e6a9a3d50d63cae33
14,a858fb59a8de849cf4f482c357ff354875c7d83be6e6e28aa16afad58811fe9b,variable_elimination,0.000733825,0.071896357675745,532dd7e382f8296b772fe48d
14,a858fb59a8de849cf4f482c357ff354875c7d83be6e6e28aa16afad58811fe9b,components,0.001917153,0.017656362281383165,532dd7e382f8296b772fe48d
14,fc2a5578b65a53b271e23c6f2efc78ec3fce9cd6a8a76490b301926137af11ec,variable_elimination,0.000779803,0.06429586874962238,c6bc33f6fbb3063329c5ec87
14,fc2a5578b65a53b271e23c6f2efc78ec3fce9cd6a8a76490b301926137af11ec,components,0.001936109,0.015548978260964368,c6bc33f6fbb3063329c5ec87
14,da4286e93afb8af41401fcde220d315e91e7fae9033b11efae0275a679b4da72,variable_elimination,0.000755228,0.11021232354587208,7bf818ebfc01adc97e9c8c04
14,da4286e93afb8af41401fcde220d315e91e7fae9033b11efae0275a679b4da72,components,0.001942693,0.013687642228739843,7bf818ebfc01adc97e9c8c04
15,d31b8e8023bea833b500ec72bb247ad1ea45170ec430a0b9d3652bdf193ab05b,variable_elimination,0.000749708,0.072931887574911,7c32238f45a15ee07cf934d9
15,d31b8e8023bea833b500ec72bb247ad1ea45170ec430a0b9d3652bdf193ab05b,components,0.001905775,0.014952000102696036,7c32238f45a15ee07cf934d9
15,a605bdd75868fb04146be83389d7c1da666f49cade175879ca4f9da7b16afddc,variable_elimination,0.000812401,0.05930694445989336,b87fc390598ed3106bce6131
15,a605bdd75868fb04146be83389d7c1da666f49cade175879ca4f9da7b16afddc,components,0.00193171,0.009711318071629315,b87fc390598ed3106bce6131
15,071918d1979fe1e9cdb12b5b5f7e61c9540911663b469502459705e20c652f46,variable_elimination,0.000793909,0.05986136688734084,9f9e0c058e3db4b33c5ab10e
15,071918d1979fe1e9cdb12b5b5f7e61c9540911663b469502459705e20c652f46,components,0.001927156,0.004934561870662513,9f9e0c058e3db4b33c5ab10e
16,6ffd8125c9d6e167ea4c9ed4240899184dd0052752b39ec22b707b978f53edec,variable_elimination,0.000905046,0.0461779214651595,7fe2fcd11ae168779f2d9e03
16,6ffd8125c9d6e167ea4c9ed4240899184dd0052752b39ec22b707b978f53edec,components,0.003523647,0.02306561878709382,7fe2fcd11ae168779f2d9e03
16,1d7b19a7e2b77c06772d89833252ed3d1997ec8328b7c748146256d05a34ae76,variable_elimination,0.000829471,0.07103355201105213,79c1763b4f2b1c89ce86bcb4
16,1d7b19a7e2b77c06772d89833252ed3d1997ec8328b7c748146256d05a34ae76,components,0.00342203,0.00831213966135043,79c1763b4f2b1c89ce86bcb4
16,4e2ce887abbe5f5c4dfdd138f61e3eaacd4afd0b528ea2274b3d478e2ee9d2b0,variable_elimination,0.000856816,0.057661665075222565,4741dd481bb07b94b1250858
16,4e2ce887abbe5f5c4dfdd138f61e3eaacd4afd0b528ea2274b3d478e2ee9d2b0,components,0.00354071,0.017226881972960004,4741dd481bb07b94b1250858
16,12b735188c9ead3c6c94392f928ecb38ff9b84d887dbe33a7c440a987a41a8f6,variable_elimination,0.000853934,0.059021700272521606,43d5de3d2cdbfa18d02db356
16,12b735188c9ead3c6c94392f928ecb38ff9b84d887dbe33a7c440a987a41a8f6,components,0.003513035,0.029150059848020427,43d5de3d2cdbfa18d02db356
16,2943259982c0fdc0ffc3ffcb04033cf0e4a72a9016ff546a0af8652a5a729126,variable_elimination,0.000871394,0.0569950832285137,672a55453497fc856fd76165
16,2943259982c0fdc0ffc3ffcb04033cf0e4a72a9016ff546a0af8652a5a729126,components,0.003554852,0.01522771335331087,672a55453497fc856fd76165
16,7ea2880651a85c41808e6e25b8ef4b27b2ad831658df1d79f7bb0cb736e48ab3,variable_elimination,0.00082605,0.07015927938819645,a62f408f8e21344e8ecf7c99
16,7ea2880651a85c41808e6e25b8ef4b27b2ad831658df1d79f7bb0cb736e48ab3,components,0.00350325,0.01832084929956215,a62f408f8e21344e8ecf7c99
16,bde57c58ec4b4c2afad0bd074d51d90a8d35e7d0e2994db956576912e1a66fd3,variable_elimination,0.000892873,0.06377313870688803,57b06173044c566ce7b22cba
16,bde57c58ec4b4c2afad0bd074d51d90a8d35e7d0e2994db956576912e1a66fd3,components,0.000757145,0.027822203996894123,57b06173044c566ce7b22cba
16,bde57c58ec4b4c2afad0bd074d51d90a8d35e7d0e2994db956576912e1a66fd3,variable_elimination,0.000861402,0.05463105337942069,71c533aef929c1b47d6220a5
16,bde57c58ec4b4c2afad0bd074d51d90a8d35e7d0e2994db956576912e1a66fd3,components,0.000747722,0.10319340407683386,71c533aef929c1b47d6220a5
16,bde57c58ec4b4c2afad0bd074d51d90a8d35e7d0e2994db956576912e1a66fd3,variable_elimination,0.000864946,0.04735403457783842,cca5314e64eb9950a286b14a
16,bde57c58ec4b4c2afad0bd074d51d90a8d35e7d0e2994db956576912e1a66fd3,components,0.00075582,0.08476137630503398,cca5314e64eb9950a286b14a
16,bde57c58ec4b4c2afad0bd074d51d90a8d35e7d0e2994db956576912e1a66fd3,variable_elimination,0.000860794,0.04558442301448638,61ece7c4f8cb9cb918ae21b0
16,bde57c58ec4b4c2afad0bd074d51d90a8d35e7d0e2994db956576912e1a66fd3,components,0.000748627,0.07845403194218215,61ece7c4f8cb9cb918ae21b0
17,8bd73dbef89b3f5ff6f789c9807f28073ad867e5a5a43ba0cf73aed80dbc85ae,variable_elimination,0.000879746,0.060381951644950985,9e83d5434bcc4509e503d6fa
17,8bd73dbef89b3f5ff6f789c9807f28073ad867e5a5a43ba0cf73aed80dbc85ae,components,0.003583543,0.00805267657409323,9e83d5434bcc4509e503d6fa
17,45782988f0643094e6428ac05c4d49716a1b325d74d0fd9fb27fc5b587efaf30,variable_elimination,0.000835898,0.06760118400778403,13089fac8115ea3d8dc355d7
17,45782988f0643094e6428ac05c4d49716a1b325d74d0fd9fb27fc5b587efaf30,components,0.003566935,0.01699417695461297,13089fac8115ea3d8dc355d7
17,2678fdd98edba45b6b18a280547bc5055ec76e8899efdee6587a23dc441abefa,variable_elimination,0.000923324,0.04682560206522176,58c2e5a3f491a2f7f38b933e
17,2678fdd98edba45b6b18a280547bc5055ec76e8899efdee6587a23dc441abefa,components,0.003601764,0.00766044964113491,58c2e5a3f491a2f7f38b933e
17,5ac7dda4c0df4c8cb684b5c254cf23aad9dd1d74cf15b794749a2ee18cd28b84,variable_elimination,0.000892895,0.07937761395326755,e94159f851b4cacad6d41624
17,5ac7dda4c0df4c8cb684b5c254cf23aad9dd1d74cf15b794749a2ee18cd28b84,components,0.003587076,0.013254263752727499,e94159f851b4cacad6d41624
17,286c09e4d43cd21786fdfe0774ddda7af51334a093c26d95fe79e8684a2dccdb,variable_elimination,0.000898906,0.0629927788148906,c5db944749cdb03d9c177b21
17,286c09e4d43cd21786fdfe0774ddda7af51334a093c26d95fe79e8684a2dccdb,components,0.003611656,0.00690744381284786,c5db944749cdb03d9c177b21
17,e3d2de00e3d7c26118a73c10282fd2ccb48f3ca94fb706770804b52b61d43f55,variable_elimination,0.000849887,0.06624237787843146,f0e1eb6ab2f3218cfeb6bd36
17,e3d2de00e3d7c26118a73c10282fd2ccb48f3ca94fb706770804b52b61d43f55,components,0.003516304,0.01503402509260654,f0e1eb6ab2f3218cfeb6bd36
17,9ceafb241bf62f4fcc6f7569bf44ee54aad57e919e5c520132c4b2571ca7bac0,variable_elimination,0.000918923,0.23373196325351167,a52e5f5cfc45200e7817a7e6
17,9ceafb241bf62f4fcc6f7569bf44ee54aad57e919e5c520132c4b2571ca7bac0,components,0.000784091,0.012376120837519962,a52e5f5cfc45200e7817a7e6
17,9ceafb241bf62f4fcc6f7569bf44ee54aad57e919e5c520132c4b2571ca7bac0,variable_elimination,0.000902264,0.09507464862036792,4282451f331982561ec61bf0
17,9ceafb241bf62f4fcc6f7569bf44ee54aad57e919e5c520132c4b2571ca7bac0,components,0.000779615,0.016209080859777875,4282451f331982561ec61bf0
17,9ceafb241bf62f4fcc6f7569bf44ee54aad57e919e5c520132c4b2571ca7bac0,variable_elimination,0.000903134,0.07175765464845177,8fe2c60be44527a469151fbb
17,9ceafb241bf62f4fcc6f7569bf44ee54aad57e919e5c520132c4b2571ca7bac0,components,0.00077829,0.019814426422987932,8fe2c60be44527a469151fbb
17,9ceafb241bf62f4fcc6f7569bf44ee54aad57e919e5c520132c4b2571ca7bac0,variable_elimination,0.00091959,0.06899257238613823,07003488bda0d088b851c28e
17,9ceafb241bf62f4fcc6f7569bf44ee54aad57e919e5c520132c4b2571ca7bac0,components,0.000796046,0.23396544536760278,07003488bda0d088b851c28e
25,3137c794e1469e2571c02d0cc2330b3906f9e59330c17e6aa87bd3b3e8cddf6b,variable_elimination,0.001329257,0.24506492817899916,8b9641f6399f4f5c1933b965
25,3137c794e1469e2571c02d0cc2330b3906f9e59330c17e6aa87bd3b3e8cddf6b,conditional_components,0.017377406,0.01648926651540726,8b9641f6399f4f5c1933b965
25,3137c794e1469e2571c02d0cc2330b3906f9e59330c17e6aa87bd3b3e8cddf6b,variable_elimination,0.001291177,0.048450666686451004,0305e5e8f3a743bc27068fd9
25,3137c794e1469e2571c02d0cc2330b3906f9e59330c17e6aa87bd3b3e8cddf6b,conditional_components,0.017107098,0.006033009104166821,0305e5e8f3a743bc27068fd9
25,97a115b537353ea339e789c18043d6c81acd397d727526a98ae2f0a0be03c487,variable_elimination,0.001376314,0.03839018299997055,503e34a3d408cc6d4f76e62f
25,97a115b537353ea339e789c18043d6c81acd397d727526a98ae2f0a0be03c487,components,0.050001216,0.008342342659818702,503e34a3d408cc6d4f76e62f
25,d3d1a6e4aa81c824b2cd06b9ce8136fe0d5352b53f752af221f139edfbd78acc,variable_elimination,0.001261713,0.05812050990894183,d3655914d994af91bde9ab74
25,d3d1a6e4aa81c824b2cd06b9ce8136fe0d5352b53f752af221f139edfbd78acc,conditional_components,0.029556555,0.006004358307041794,d3655914d994af91bde9ab74
26,5c1f481efcd2e5ef031ee42dc399b47af34bccc3c1d44a884374b6f32cebc1ce,variable_elimination,0.001343708,0.04527585852935635,2fc8c74d6e835f250bdd96a9
26,5c1f481efcd2e5ef031ee42dc399b47af34bccc3c1d44a884374b6f32cebc1ce,conditional_components,0.017520447,0.0021620423588313577,2fc8c74d6e835f250bdd96a9
26,7afd65f32c544747aea25f4e78eca285659d3bb30aa76fb502db4c13acf55321,variable_elimination,0.001439222,0.04529847504320898,f529666979bf8fb725b0cf82
26,7afd65f32c544747aea25f4e78eca285659d3bb30aa76fb502db4c13acf55321,components,0.049647409,0.0011026178189772545,f529666979bf8fb725b0cf82
27,ec0d126867b132524b4c06bdb743a50be2f45fe2a7aa15e7bb180817838a0ee4,variable_elimination,0.001529268,0.050398133594329105,f56d717f52bcccd1ba48e7b7
27,ec0d126867b132524b4c06bdb743a50be2f45fe2a7aa15e7bb180817838a0ee4,conditional_components,0.016603416,0.008430524276364166,f56d717f52bcccd1ba48e7b7
27,b281dcfbfb3036b738585c5901e5f234f2c805c0e58d5174ead1f43b72dee98d,variable_elimination,0.001654546,0.06457765421710798,111d78d1138e6edc83d43247
27,b281dcfbfb3036b738585c5901e5f234f2c805c0e58d5174ead1f43b72dee98d,components,0.026579401,0.029362972639938947,111d78d1138e6edc83d43247
26,3c8568c4c68a048f0406f617d4524f680d067a75989a9c48be80539d2591422d,variable_elimination,0.00132508,0.044278390707537446,99d47b6f91d36a5184dcfc81
26,3c8568c4c68a048f0406f617d4524f680d067a75989a9c48be80539d2591422d,conditional_components,0.029699161,0.006821240793169737,99d47b6f91d36a5184dcfc81
20,0c47d800c3f599409f34d86e444faee59f9959509bd8f66ce287f2729be88813,variable_elimination,0.000994212,0.04137731975471319,d602553623fa25853e7d337b
20,0c47d800c3f599409f34d86e444faee59f9959509bd8f66ce287f2729be88813,components,0.024049406,0.02008334199514822,d602553623fa25853e7d337b
20,a9e014b6b819a955d0b58c693b6e70887a8910e9f6545586fd7ef2e4da399da1,variable_elimination,0.001017346,0.08056337877036253,68c8e66b35fdf490906890b5
20,a9e014b6b819a955d0b58c693b6e70887a8910e9f6545586fd7ef2e4da399da1,components,0.024089104,0.010860276224010548,68c8e66b35fdf490906890b5
20,eaf090c166d1f3a6f3b3a4eeff9a9f933aeae23975699470cdfab5ed5413a5bb,variable_elimination,0.001001083,0.04951454211593303,532d9342ab518998a4a4199c
20,eaf090c166d1f3a6f3b3a4eeff9a9f933aeae23975699470cdfab5ed5413a5bb,components,0.024077589,0.017691045087694035,532d9342ab518998a4a4199c
28,a31802a2fad196a7bc2489a011ebfa2a0008e96f63a0c105891f73a0854f402b,variable_elimination,0.001543307,0.05102631721796365,2f6422176020697601f83cd7
28,a31802a2fad196a7bc2489a011ebfa2a0008e96f63a0c105891f73a0854f402b,conditional_components,0.018015106,0.010631520528844375,2f6422176020697601f83cd7
28,27855bedb98378fd8c3c91ad30fee7fcab875ce9305a2e5a3971571117fc09d4,variable_elimination,0.001696179,0.046898203902068156,d0e79f3aeb7e701de5873f54
28,27855bedb98378fd8c3c91ad30fee7fcab875ce9305a2e5a3971571117fc09d4,components,0.025383373,0.04286922227215219,d0e79f3aeb7e701de5873f54
39,d8c6f44cedcd5356514fb10a5cd6aa9175951f99dedbef43b545712c6708b59e,variable_elimination,0.002508672,0.034253401657610955,563780f1186e0f3860567fcb
39,d8c6f44cedcd5356514fb10a5cd6aa9175951f99dedbef43b545712c6708b59e,conditional_components,0.124216406,0.011713561412428367,563780f1186e0f3860567fcb
22,a7ab730853c073b8b9b86c305c3d9df4e57299a342e8f16704bc480fc93cc657,variable_elimination,0.001171019,0.04051134311791262,06b747235f0930b0f0ca5dcd
22,a7ab730853c073b8b9b86c305c3d9df4e57299a342e8f16704bc480fc93cc657,components,0.099707027,0.005940980045798221,06b747235f0930b0f0ca5dcd
23,2f72e83236e5f16f27e6c09b3d413d1977927adba0695a79fa8448940f3dce5f,variable_elimination,0.001212171,0.03962036563493118,9c1ee363c6ea47dc2b685eb4
23,2f72e83236e5f16f27e6c09b3d413d1977927adba0695a79fa8448940f3dce5f,components,0.098914322,0.009183940665532398,9c1ee363c6ea47dc2b685eb4
27,38b2668cac22f94057b9a8ecab6853dfd7748569dcd22455dfe6054a1f1442f9,variable_elimination,0.001600582,0.05814841145048721,2c584fcd1fd4ac046e69f6f2
27,38b2668cac22f94057b9a8ecab6853dfd7748569dcd22455dfe6054a1f1442f9,components,0.098745078,0.014337498261553767,2c584fcd1fd4ac046e69f6f2
27,d089b79cf19197a091770735c662f33ba803d5365b877ee93375a87801f23863,variable_elimination,0.0015277,0.04196999868279196,3bcef85c6eb56d68371f7515
27,d089b79cf19197a091770735c662f33ba803d5365b877ee93375a87801f23863,conditional_components,0.201747619,0.004560230193802757,3bcef85c6eb56d68371f7515
27,850ffe5bfe569c3eab84ff2b0e6abcb1b863eb7518019ba3393130f460ff2843,variable_elimination,0.001632213,0.08342948890552189,7c60abf182a390f2fb0830a7
27,850ffe5bfe569c3eab84ff2b0e6abcb1b863eb7518019ba3393130f460ff2843,components,0.003945079,0.006650294569850878,7c60abf182a390f2fb0830a7
28,ad5560364e6eabce8f593d1ff2d5481d982d62a31d2d055ddf195bf727a59c32,variable_elimination,0.001628682,0.05910686015514908,6cd1437c1717bec7dfedac44
28,ad5560364e6eabce8f593d1ff2d5481d982d62a31d2d055ddf195bf727a59c32,components,0.101263546,0.013504707401870176,6cd1437c1717bec7dfedac44
28,166fb45996357bef92bc51bf081ada7a1760cacbd48dfa1b2d0a2f6107bbb0a5,variable_elimination,0.001551814,0.028315844986978242,e1b47f37cc9e704595a6fa20
28,166fb45996357bef92bc51bf081ada7a1760cacbd48dfa1b2d0a2f6107bbb0a5,conditional_components,0.203505709,0.01831911271378997,e1b47f37cc9e704595a6fa20
28,11e871d4ed23d7bcd5abd1bcfd2547db3b5abf0e31f088ad7372ea79a384d191,variable_elimination,0.001676728,0.05706751663173746,422f7a0947b7a21d5cd07a49
28,11e871d4ed23d7bcd5abd1bcfd2547db3b5abf0e31f088ad7372ea79a384d191,components,0.003978789,0.009650137795061697,422f7a0947b7a21d5cd07a49
24,ec6a78b749dd377ca2573fc288021b4ba5cae5798928187e1bb96eebe1d0868c,variable_elimination,0.001270505,0.03656513630915216,eab748035b6080f2e215dd2f
24,ec6a78b749dd377ca2573fc288021b4ba5cae5798928187e1bb96eebe1d0868c,components,0.098150096,0.0008082274718496491,eab748035b6080f2e215dd2f
29,783bbccc2240580f476accca549d2304a6c23fbf355985955500e40614f11f21,variable_elimination,0.001629365,0.03928895179529129,6bd26aabf4476758980db781
29,783bbccc2240580f476accca549d2304a6c23fbf355985955500e40614f11f21,conditional_components,0.010547416,0.0031401271877735657,6bd26aabf4476758980db781
12,6e5f6f5e7f67ee23a40693c9567a4b65a82aaec9d08cff580a481abdf0509dbe,variable_elimination,0.000950939,0.2345168665151429,6163883387818bb959685886
12,6e5f6f5e7f67ee23a40693c9567a4b65a82aaec9d08cff580a481abdf0509dbe,components,0.000787192,0.060460789446446436,6163883387818bb959685886
12,6e5f6f5e7f67ee23a40693c9567a4b65a82aaec9d08cff580a481abdf0509dbe,variable_elimination,0.000681217,0.06943578222970637,c7b9e6924bb13551451698e3
12,6e5f6f5e7f67ee23a40693c9567a4b65a82aaec9d08cff580a481abdf0509dbe,components,0.000576211,0.032682090260320686,c7b9e6924bb13551451698e3
12,6e5f6f5e7f67ee23a40693c9567a4b65a82aaec9d08cff580a481abdf0509dbe,variable_elimination,0.000685327,0.11008740738620891,634cc44038efc29713db9270
12,6e5f6f5e7f67ee23a40693c9567a4b65a82aaec9d08cff580a481abdf0509dbe,components,0.000586109,0.030382086057062142,634cc44038efc29713db9270
12,6e5f6f5e7f67ee23a40693c9567a4b65a82aaec9d08cff580a481abdf0509dbe,variable_elimination,0.000684006,0.11239688896924024,2440dc48a8b0a2bbada54846
12,6e5f6f5e7f67ee23a40693c9567a4b65a82aaec9d08cff580a481abdf0509dbe,components,0.000590939,0.03890004137762219,2440dc48a8b0a2bbada54846
29,51a814cf65be6212f163df90a880f430fefc6675ac8d1c5ec209bba2f5d65b5d,variable_elimination,0.001671835,0.03938750115606116,b620283370c721415272f045
29,51a814cf65be6212f163df90a880f430fefc6675ac8d1c5ec209bba2f5d65b5d,conditional_components,0.027565013,0.0039033199677864145,b620283370c721415272f045
12,46a034e388931898eb2dbf03feaf0d7937b6c5a4483a41420bd71dde28388719,variable_elimination,0.000741822,0.06394579498116248,563218fb96dad9728c28877e
12,46a034e388931898eb2dbf03feaf0d7937b6c5a4483a41420bd71dde28388719,components,0.000630069,0.03453528029370783,563218fb96dad9728c28877e
12,46a034e388931898eb2dbf03feaf0d7937b6c5a4483a41420bd71dde28388719,variable_elimination,0.000728515,0.0599028663889042,9a1bf0c1cfd09bd70d520e1e
12,46a034e388931898eb2dbf03feaf0d7937b6c5a4483a41420bd71dde28388719,components,0.000636243,0.02718211983552836,9a1bf0c1cfd09bd70d520e1e
12,46a034e388931898eb2dbf03feaf0d7937b6c5a4483a41420bd71dde28388719,variable_elimination,0.000732715,0.06442136140686468,c5ea6de6ec38fecda1390fdb
12,46a034e388931898eb2dbf03feaf0d7937b6c5a4483a41420bd71dde28388719,components,0.000647982,0.0973038774308595,c5ea6de6ec38fecda1390fdb
12,46a034e388931898eb2dbf03feaf0d7937b6c5a4483a41420bd71dde28388719,variable_elimination,0.000763382,0.16697902993855054,2f810d2b2e56d33dc6e85837
12,46a034e388931898eb2dbf03feaf0d7937b6c5a4483a41420bd71dde28388719,components,0.000678189,0.16025389140210816,2f810d2b2e56d33dc6e85837
12,3ef6e13e2254e7f0bfb51cb329be3d0cb5409a08bcfd4af5828d0e60777afa67,variable_elimination,0.000649555,0.07988530352353092,6a85d49d7b7e2e760f89f908
12,3ef6e13e2254e7f0bfb51cb329be3d0cb5409a08bcfd4af5828d0e60777afa67,components,0.000587353,0.04427791757068893,6a85d49d7b7e2e760f89f908
12,3ef6e13e2254e7f0bfb51cb329be3d0cb5409a08bcfd4af5828d0e60777afa67,variable_elimination,0.000651356,0.07534212869219273,7521e1fc5cc7998dddc29bcf
12,3ef6e13e2254e7f0bfb51cb329be3d0cb5409a08bcfd4af5828d0e60777afa67,components,0.000578419,0.03301084581853148,7521e1fc5cc7998dddc29bcf
12,3ef6e13e2254e7f0bfb51cb329be3d0cb5409a08bcfd4af5828d0e60777afa67,variable_elimination,0.000647812,0.11184637914511258,23f38b1f65a32ec22c9664f0
12,3ef6e13e2254e7f0bfb51cb329be3d0cb5409a08bcfd4af5828d0e60777afa67,components,0.000579494,0.0374638405779068,23f38b1f65a32ec22c9664f0
12,3ef6e13e2254e7f0bfb51cb329be3d0cb5409a08bcfd4af5828d0e60777afa67,variable_elimination,0.000645858,0.09886321732313835,912d7764f90e9cd97281ca02
12,3ef6e13e2254e7f0bfb51cb329be3d0cb5409a08bcfd4af5828d0e60777afa67,components,0.00059056,0.028686788733495967,912d7764f90e9cd97281ca02
12,b4b5f5bfc9c2b51804afc09b223a95a2d76a0a75928b596afd2e7020204c6c55,variable_elimination,0.000692242,0.07776831838920921,9c577cf47c4b400d2e9e0521
12,b4b5f5bfc9c2b51804afc09b223a95a2d76a0a75928b596afd2e7020204c6c55,components,0.000594508,0.035506674450017706,9c577cf47c4b400d2e9e0521
12,b4b5f5bfc9c2b51804afc09b223a95a2d76a0a75928b596afd2e7020204c6c55,variable_elimination,0.000694398,0.06146287193473769,19ce7bf843c5af980d6af8b2
12,b4b5f5bfc9c2b51804afc09b223a95a2d76a0a75928b596afd2e7020204c6c55,components,0.00060164,0.03142909387834564,19ce7bf843c5af980d6af8b2
12,b4b5f5bfc9c2b51804afc09b223a95a2d76a0a75928b596afd2e7020204c6c55,variable_elimination,0.000685348,0.10350819861003382,227cdd490f14275de4c9933d
12,b4b5f5bfc9c2b51804afc09b223a95a2d76a0a75928b596afd2e7020204c6c55,components,0.000609826,0.03653079362543941,227cdd490f14275de4c9933d
12,b4b5f5bfc9c2b51804afc09b223a95a2d76a0a75928b596afd2e7020204c6c55,variable_elimination,0.000683512,0.10495253823163685,c043ce829228f6cd692fdb7d
12,b4b5f5bfc9c2b51804afc09b223a95a2d76a0a75928b596afd2e7020204c6c55,components,0.000600822,0.02880670746237511,c043ce829228f6cd692fdb7d
12,98f7ecd6afcda8ad0bdfac18429d61149701a6a407b914b534cb027ef7b8a712,variable_elimination,0.000697322,0.08844399307365648,bff7078b750e4e4b93ce4c41
12,98f7ecd6afcda8ad0bdfac18429d61149701a6a407b914b534cb027ef7b8a712,components,0.0006014,0.04368892164519227,bff7078b750e4e4b93ce4c41
12,98f7ecd6afcda8ad0bdfac18429d61149701a6a407b914b534cb027ef7b8a712,variable_elimination,0.000687511,0.06879665492133477,c5628f62976b76f8efce4c9b
12,98f7ecd6afcda8ad0bdfac18429d61149701a6a407b914b534cb027ef7b8a712,components,0.000598912,0.028362124211721382,c5628f62976b76f8efce4c9b
12,98f7ecd6afcda8ad0bdfac18429d61149701a6a407b914b534cb027ef7b8a712,variable_elimination,0.00070959,0.1002987951781108,6be02457e3c7dd701eec2340
12,98f7ecd6afcda8ad0bdfac18429d61149701a6a407b914b534cb027ef7b8a712,components,0.000603272,0.024919955179453,6be02457e3c7dd701eec2340
12,98f7ecd6afcda8ad0bdfac18429d61149701a6a407b914b534cb027ef7b8a712,variable_elimination,0.000688096,0.10633042735109001,d793c15b7cf65daf6e6a88c1
12,98f7ecd6afcda8ad0bdfac18429d61149701a6a407b914b534cb027ef7b8a712,components,0.00059718,0.025434322443099407,d793c15b7cf65daf6e6a88c1
12,727c82b708ae6804368dc4425d72d11fb77ef1b345662d6fe54edc119c0ebeaf,variable_elimination,0.000707216,0.07904244473936865,753e7453869712be2a78aa7d
12,727c82b708ae6804368dc4425d72d11fb77ef1b345662d6fe54edc119c0ebeaf,components,0.000605158,0.030873697417909393,753e7453869712be2a78aa7d
12,727c82b708ae6804368dc4425d72d11fb77ef1b345662d6fe54edc119c0ebeaf,variable_elimination,0.000904389,0.2986757761438741,38fc5ca2481d2bc98d0d4e7a
12,727c82b708ae6804368dc4425d72d11fb77ef1b345662d6fe54edc119c0ebeaf,components,0.000748315,0.1524659695652335,38fc5ca2481d2bc98d0d4e7a
12,727c82b708ae6804368dc4425d72d11fb77ef1b345662d6fe54edc119c0ebeaf,variable_elimination,0.000665992,0.10399636754794081,66fe79d39475c4a8d8f2b5ab
12,727c82b708ae6804368dc4425d72d11fb77ef1b345662d6fe54edc119c0ebeaf,components,0.000585615,0.03562969808640241,66fe79d39475c4a8d8f2b5ab
12,727c82b708ae6804368dc4425d72d11fb77ef1b345662d6fe54edc119c0ebeaf,variable_elimination,0.000664687,0.10404856028856217,b77a35156a43577c50117855
12,727c82b708ae6804368dc4425d72d11fb77ef1b345662d6fe54edc119c0ebeaf,components,0.000591782,0.020105431723491166,b77a35156a43577c50117855
12,64df4d33d5c3a0ed92c7a2d2358110f6e68c1b7a9544596c4c3006638493ce1c,variable_elimination,0.000682132,0.08651989233872404,79b5f20138081ed5b5b142e6
12,64df4d33d5c3a0ed92c7a2d2358110f6e68c1b7a9544596c4c3006638493ce1c,components,0.000584586,0.04293308029032927,79b5f20138081ed5b5b142e6
12,64df4d33d5c3a0ed92c7a2d2358110f6e68c1b7a9544596c4c3006638493ce1c,variable_elimination,0.001012681,0.042795722164685454,ff4f7ef358a65e2170892ee7
12,64df4d33d5c3a0ed92c7a2d2358110f6e68c1b7a9544596c4c3006638493ce1c,components,0.000786139,0.10894988513721994,ff4f7ef358a65e2170892ee7
12,08395ee8b5f54c9f8823f1f367b9cb6b2fa41d9555aa5bdebf963231567f19ad,variable_elimination,0.000680425,0.08322613794956525,0da31eae356c8865fab30f33
12,08395ee8b5f54c9f8823f1f367b9cb6b2fa41d9555aa5bdebf963231567f19ad,components,0.00059306,0.04130767728935233,0da31eae356c8865fab30f33
12,08395ee8b5f54c9f8823f1f367b9cb6b2fa41d9555aa5bdebf963231567f19ad,variable_elimination,0.000667641,0.30764938040978224,81362a56fad69eb7aeaf55af
12,08395ee8b5f54c9f8823f1f367b9cb6b2fa41d9555aa5bdebf963231567f19ad,components,0.000601818,0.028227415413283982,81362a56fad69eb7aeaf55af
12,08395ee8b5f54c9f8823f1f367b9cb6b2fa41d9555aa5bdebf963231567f19ad,variable_elimination,0.000661396,0.11825011342137837,3b5f3704fbfcf3029527bfce
12,08395ee8b5f54c9f8823f1f367b9cb6b2fa41d9555aa5bdebf963231567f19ad,components,0.000596861,0.02982367983501047,3b5f3704fbfcf3029527bfce
12,08395ee8b5f54c9f8823f1f367b9cb6b2fa41d9555aa5bdebf963231567f19ad,variable_elimination,0.000660084,0.10555940343831197,e193e4fee227f74d203b710c
12,08395ee8b5f54c9f8823f1f367b9cb6b2fa41d9555aa5bdebf963231567f19ad,components,0.000594605,0.02379583502719635,e193e4fee227f74d203b710c
12,bd8d5f2fd3114bfcde750fb1a6e17e8dc9fbc1bb7d07f10ae726e9b4a77f2789,variable_elimination,0.000706089,0.0748087727590194,984bb3ed4c13cff8e35d7b84
12,bd8d5f2fd3114bfcde750fb1a6e17e8dc9fbc1bb7d07f10ae726e9b4a77f2789,components,0.000657625,0.10936824123493115,984bb3ed4c13cff8e35d7b84
12,bd8d5f2fd3114bfcde750fb1a6e17e8dc9fbc1bb7d07f10ae726e9b4a77f2789,variable_elimination,0.000683768,0.06648377658050579,687d4d68f6e8e7b2d3eb190e
12,bd8d5f2fd3114bfcde750fb1a6e17e8dc9fbc1bb7d07f10ae726e9b4a77f2789,components,0.000609143,0.026156912321261837,687d4d68f6e8e7b2d3eb190e
12,bd8d5f2fd3114bfcde750fb1a6e17e8dc9fbc1bb7d07f10ae726e9b4a77f2789,variable_elimination,0.000696536,0.11542758177600487,ae9b7b224810fa2ae459b3bb
12,bd8d5f2fd3114bfcde750fb1a6e17e8dc9fbc1bb7d07f10ae726e9b4a77f2789,components,0.00062307,0.03401883714354765,ae9b7b224810fa2ae459b3bb
12,bd8d5f2fd3114bfcde750fb1a6e17e8dc9fbc1bb7d07f10ae726e9b4a77f2789,variable_elimination,0.000694059,0.1043684147920691,3d9996553f14088478ad4bf6
12,bd8d5f2fd3114bfcde750fb1a6e17e8dc9fbc1bb7d07f10ae726e9b4a77f2789,components,0.000614711,0.10395446770321594,3d9996553f14088478ad4bf6
12,4e0722b1e4d6f194370ee810433e8fedf05d1e88cb81f36cb788ecb5c0e984d5,variable_elimination,0.000691036,0.08890274810246357,61978d1f4cc2a4f2b8687f29
12,4e0722b1e4d6f194370ee810433e8fedf05d1e88cb81f36cb788ecb5c0e984d5,components,0.000614764,0.03580739045520968,61978d1f4cc2a4f2b8687f29
12,4e0722b1e4d6f194370ee810433e8fedf05d1e88cb81f36cb788ecb5c0e984d5,variable_elimination,0.000660404,0.06767777682743573,dafe77d03dcce3c785931379
12,4e0722b1e4d6f194370ee810433e8fedf05d1e88cb81f36cb788ecb5c0e984d5,components,0.000602145,0.022878090711192064,dafe77d03dcce3c785931379
12,4e0722b1e4d6f194370ee810433e8fedf05d1e88cb81f36cb788ecb5c0e984d5,variable_elimination,0.000887702,0.25839910490531187,6b5744694529bc2e83116e66
12,4e0722b1e4d6f194370ee810433e8fedf05d1e88cb81f36cb788ecb5c0e984d5,components,0.000687807,0.14113193585509298,6b5744694529bc2e83116e66
12,4e0722b1e4d6f194370ee810433e8fedf05d1e88cb81f36cb788ecb5c0e984d5,variable_elimination,0.000675671,0.09153807936766979,5fa2dddbf5fa6634a507909b
12,4e0722b1e4d6f194370ee810433e8fedf05d1e88cb81f36cb788ecb5c0e984d5,components,0.000607625,0.03902348590157228,5fa2dddbf5fa6634a507909b
22,79be2ee7d4e762f958e837832bd363f376f52854676779d3ef00f4b47d27762d,variable_elimination,0.001156644,0.058828652022166056,5868a60fe83e4edc73ddf4c4
22,79be2ee7d4e762f958e837832bd363f376f52854676779d3ef00f4b47d27762d,components,0.025202322,0.00690571776287603,5868a60fe83e4edc73ddf4c4
13,0fdc08f90b6a45e00266f47cea6027a4bc7d78bf26e89178d3c0730f0fb69ffe,variable_elimination,0.001008734,0.23468768046958471,afe410f9c28c12d42aba6c6f
13,0fdc08f90b6a45e00266f47cea6027a4bc7d78bf26e89178d3c0730f0fb69ffe,components,0.000779371,0.08371805426270557,afe410f9c28c12d42aba6c6f
13,0fdc08f90b6a45e00266f47cea6027a4bc7d78bf26e89178d3c0730f0fb69ffe,variable_elimination,0.000712134,0.06287064009460044,b8bb2c9eece03963317b0c6e
13,0fdc08f90b6a45e00266f47cea6027a4bc7d78bf26e89178d3c0730f0fb69ffe,components,0.000617266,0.03356637559938461,b8bb2c9eece03963317b0c6e
13,0fdc08f90b6a45e00266f47cea6027a4bc7d78bf26e89178d3c0730f0fb69ffe,variable_elimination,0.000707754,0.12496188989179441,ffb45001dd804420495f570e
13,0fdc08f90b6a45e00266f47cea6027a4bc7d78bf26e89178d3c0730f0fb69ffe,components,0.000601141,0.03384229097271234,ffb45001dd804420495f570e
13,0fdc08f90b6a45e00266f47cea6027a4bc7d78bf26e89178d3c0730f0fb69ffe,variable_elimination,0.000703531,0.10497350484707567,b919fe6a04a7fd1f675426e8
13,0fdc08f90b6a45e00266f47cea6027a4bc7d78bf26e89178d3c0730f0fb69ffe,components,0.000604779,0.029198091121406537,b919fe6a04a7fd1f675426e8
23,2aee72de489d154b1b435458c35da42e2b8ba8c1c4028c1c8f394613ee03672d,variable_elimination,0.00118094,0.052464569667185955,cbe05bff5096f156e8ca2ddb
23,2aee72de489d154b1b435458c35da42e2b8ba8c1c4028c1c8f394613ee03672d,components,0.025044278,0.0024074058900726393,cbe05bff5096f156e8ca2ddb
13,cd9d3c2916b048d1b4697b87fe612bf3ecfec82f4d4012ab595a720963dda2c1,variable_elimination,0.00075139,0.0705850669350677,03ae37daf094f8f70b8b461f
13,cd9d3c2916b048d1b4697b87fe612bf3ecfec82f4d4012ab595a720963dda2c1,components,0.000641362,0.03682826106291017,03ae37daf094f8f70b8b461f
13,cd9d3c2916b048d1b4697b87fe612bf3ecfec82f4d4012ab595a720963dda2c1,variable_elimination,0.000756479,0.058289523025003995,d74f5c77c0c60669f14707d4
13,cd9d3c2916b048d1b4697b87fe612bf3ecfec82f4d4012ab595a720963dda2c1,components,0.000662583,0.031677015645956076,d74f5c77c0c60669f14707d4
13,cd9d3c2916b048d1b4697b87fe612bf3ecfec82f4d4012ab595a720963dda2c1,variable_elimination,0.000741984,0.050098225384310836,83ce82f46bbf0300924e3a3e
13,cd9d3c2916b048d1b4697b87fe612bf3ecfec82f4d4012ab595a720963dda2c1,components,0.000674992,0.09427365399471119,83ce82f46bbf0300924e3a3e
13,cd9d3c2916b048d1b4697b87fe612bf3ecfec82f4d4012ab595a720963dda2c1,variable_elimination,0.000746753,0.05928289139751928,bee3bac2a3d6ecd3d94ac9f0
13,cd9d3c2916b048d1b4697b87fe612bf3ecfec82f4d4012ab595a720963dda2c1,components,0.000663105,0.08888931197272192,bee3bac2a3d6ecd3d94ac9f0
13,d9eb6c628871145f4fed0313f04408a796def3ae18a3fa706f4d94a17afbfeb7,variable_elimination,0.000667918,0.08682624543059086,7734a58feabecd5a2b75ea64
13,d9eb6c628871145f4fed0313f04408a796def3ae18a3fa706f4d94a17afbfeb7,components,0.000610701,0.03838117937129141,7734a58feabecd5a2b75ea64
13,d9eb6c628871145f4fed0313f04408a796def3ae18a3fa706f4d94a17afbfeb7,variable_elimination,0.000658274,0.07076098897165138,a9695e804e591a06412786d4
13,d9eb6c628871145f4fed0313f04408a796def3ae18a3fa706f4d94a17afbfeb7,components,0.000594675,0.03454144777057588,a9695e804e591a06412786d4
13,d9eb6c628871145f4fed0313f04408a796def3ae18a3fa706f4d94a17afbfeb7,variable_elimination,0.000675733,0.11062671597087376,58de4d3e67276f1eb034c415
13,d9eb6c628871145f4fed0313f04408a796def3ae18a3fa706f4d94a17afbfeb7,components,0.000602239,0.03195798989152,58de4d3e67276f1eb034c415
13,d9eb6c628871145f4fed0313f04408a796def3ae18a3fa706f4d94a17afbfeb7,variable_elimination,0.000669488,0.10320363174904573,6c506323710d92ba5b1f02cc
13,d9eb6c628871145f4fed0313f04408a796def3ae18a3fa706f4d94a17afbfeb7,components,0.000604203,0.03437951590424996,6c506323710d92ba5b1f02cc
13,6f0cbcdc4bac94335442d709d87fd01d58c8d2317e687b5a0af8cc8493a15e63,variable_elimination,0.000719708,0.1280043053187658,eda43ec5cf6c9578791e8652
13,6f0cbcdc4bac94335442d709d87fd01d58c8d2317e687b5a0af8cc8493a15e63,components,0.00068529,0.04223758832130452,eda43ec5cf6c9578791e8652
13,6f0cbcdc4bac94335442d709d87fd01d58c8d2317e687b5a0af8cc8493a15e63,variable_elimination,0.00094298,0.1527628388481391,036943766009e8fa34a070aa
13,6f0cbcdc4bac94335442d709d87fd01d58c8d2317e687b5a0af8cc8493a15e63,components,0.000805722,0.13926972715876954,036943766009e8fa34a070aa
13,6f0cbcdc4bac94335442d709d87fd01d58c8d2317e687b5a0af8cc8493a15e63,variable_elimination,0.000725046,0.10496540965061986,631bc5ba5fcb42c9c2775b6f
13,6f0cbcdc4bac94335442d709d87fd01d58c8d2317e687b5a0af8cc8493a15e63,components,0.00062617,0.018097829542397557,631bc5ba5fcb42c9c2775b6f
13,6f0cbcdc4bac94335442d709d87fd01d58c8d2317e687b5a0af8cc8493a15e63,variable_elimination,0.00074202,0.2427183915260551,3d3b22ad28eb0446afeb53d4
13,6f0cbcdc4bac94335442d709d87fd01d58c8d2317e687b5a0af8cc8493a15e63,components,0.00067279,0.13020273062678642,3d3b22ad28eb0446afeb53d4
13,bb77a2d423876ecb2d1765dbe3359dacbe1ffcc744cd755300949ad3172819d1,variable_elimination,0.000711829,0.0848622588769783,d4e21bcfee0625de82714e70
13,bb77a2d423876ecb2d1765dbe3359dacbe1ffcc744cd755300949ad3172819d1,components,0.000614549,0.0363448659852212,d4e21bcfee0625de82714e70
13,bb77a2d423876ecb2d1765dbe3359dacbe1ffcc744cd755300949ad3172819d1,variable_elimination,0.000712366,0.06838031797942075,e7c5abb46e0d144ba2dc2083
13,bb77a2d423876ecb2d1765dbe3359dacbe1ffcc744cd755300949ad3172819d1,components,0.000621772,0.0584494124409066,e7c5abb46e0d144ba2dc2083
13,bb77a2d423876ecb2d1765dbe3359dacbe1ffcc744cd755300949ad3172819d1,variable_elimination,0.000714928,0.10489358245069923,2563cd72531822cc5c9de2f0
13,bb77a2d423876ecb2d1765dbe3359dacbe1ffcc744cd755300949ad3172819d1,components,0.000615369,0.03273054573182295,2563cd72531822cc5c9de2f0
13,bb77a2d423876ecb2d1765dbe3359dacbe1ffcc744cd755300949ad3172819d1,variable_elimination,0.000705271,0.0850848325616807,4b6f6554d997651e31247612
13,bb77a2d423876ecb2d1765dbe3359dacbe1ffcc744cd755300949ad3172819d1,components,0.000610326,0.03345675170224968,4b6f6554d997651e31247612
13,b3fe0c354df7fbfbe248f890d4e56fb88ceb772670e52462210935fede34fbc2,variable_elimination,0.000699472,0.0936444085607595,d966f5c3429bdbf69ede361a
13,b3fe0c354df7fbfbe248f890d4e56fb88ceb772670e52462210935fede34fbc2,components,0.000620777,0.05659348234665976,d966f5c3429bdbf69ede361a
13,b3fe0c354df7fbfbe248f890d4e56fb88ceb772670e52462210935fede34fbc2,variable_elimination,0.000686381,0.0679343611660986,f0f4df11d813f84658bfc1c4
13,b3fe0c354df7fbfbe248f890d4e56fb88ceb772670e52462210935fede34fbc2,components,0.0006052,0.02686952721263515,f0f4df11d813f84658bfc1c4
13,b3fe0c354df7fbfbe248f890d4e56fb88ceb772670e52462210935fede34fbc2,variable_elimination,0.000696055,0.11263177817434639,ecc7fba1f0515ccd9877ad0f
13,b3fe0c354df7fbfbe248f890d4e56fb88ceb772670e52462210935fede34fbc2,components,0.000611656,0.025690691714339294,ecc7fba1f0515ccd9877ad0f
13,b3fe0c354df7fbfbe248f890d4e56fb88ceb772670e52462210935fede34fbc2,variable_elimination,0.000690296,0.10058650228878567,6fbbd94df15dd9ee4a5fd349
13,b3fe0c354df7fbfbe248f890d4e56fb88ceb772670e52462210935fede34fbc2,components,0.000608692,0.02756925022218975,6fbbd94df15dd9ee4a5fd349
13,52cba940fdb68bd81829f7aabe0b11eedd1a1a065042ae7d3221f7972e60213b,variable_elimination,0.000698482,0.08753683462602715,950f3bd06ec9d37b129ea213
13,52cba940fdb68bd81829f7aabe0b11eedd1a1a065042ae7d3221f7972e60213b,components,0.000606049,0.03437537395297549,950f3bd06ec9d37b129ea213
13,52cba940fdb68bd81829f7aabe0b11eedd1a1a065042ae7d3221f7972e60213b,variable_elimination,0.000697863,0.06945248388775502,a0288d64cd7af1d1bfce69aa
13,52cba940fdb68bd81829f7aabe0b11eedd1a1a065042ae7d3221f7972e60213b,components,0.000589302,0.036268187920362426,a0288d64cd7af1d1bfce69aa
13,52cba940fdb68bd81829f7aabe0b11eedd1a1a065042ae7d3221f7972e60213b,variable_elimination,0.000708399,0.1035797319824409,289afffe576f44688a2d0167
13,52cba940fdb68bd81829f7aabe0b11eedd1a1a065042ae7d3221f7972e60213b,components,0.000599272,0.02978280681514164,289afffe576f44688a2d0167
13,52cba940fdb68bd81829f7aabe0b11eedd1a1a065042ae7d3221f7972e60213b,variable_elimination,0.000703016,0.0985737325367071,e8a966844d6921f95c3e6738
13,52cba940fdb68bd81829f7aabe0b11eedd1a1a065042ae7d3221f7972e60213b,components,0.000605764,0.03569349408609762,e8a966844d6921f95c3e6738
13,224e750a0ddbbd3862b3a662993038aff7f39a379732c1311fe07de2a9200ff9,variable_elimination,0.00070398,0.0822385561622983,b0613479dd2a48b04631ce78
13,224e750a0ddbbd3862b3a662993038aff7f39a379732c1311fe07de2a9200ff9,components,0.000623133,0.05854281026115381,b0613479dd2a48b04631ce78
13,224e750a0ddbbd3862b3a662993038aff7f39a379732c1311fe07de2a9200ff9,variable_elimination,0.000677725,0.07974626414496595,e232358dc6bb02393aa34682
13,224e750a0ddbbd3862b3a662993038aff7f39a379732c1311fe07de2a9200ff9,components,0.00061872,0.03367899703111075,e232358dc6bb02393aa34682
13,224e750a0ddbbd3862b3a662993038aff7f39a379732c1311fe07de2a9200ff9,variable_elimination,0.000687988,0.11902041977947635,bf4738ea158755dd7c47cee4
13,224e750a0ddbbd3862b3a662993038aff7f39a379732c1311fe07de2a9200ff9,components,0.000619541,0.03116545726757667,bf4738ea158755dd7c47cee4
13,224e750a0ddbbd3862b3a662993038aff7f39a379732c1311fe07de2a9200ff9,variable_elimination,0.000692192,0.0966588901983823,bb2356198fba376def0aaa20
13,224e750a0ddbbd3862b3a662993038aff7f39a379732c1311fe07de2a9200ff9,components,0.000623732,0.025694301551835556,bb2356198fba376def0aaa20
13,617873868afd867ce519b56b6d57a723871e76f20167e63d28af186c3794af1f,variable_elimination,0.000718465,0.09191257200630497,698e835c9f1f5e61ec9a9a72
13,617873868afd867ce519b56b6d57a723871e76f20167e63d28af186c3794af1f,components,0.000629861,0.028942153564581213,698e835c9f1f5e61ec9a9a72
13,617873868afd867ce519b56b6d57a723871e76f20167e63d28af186c3794af1f,variable_elimination,0.000706979,0.0602487011282669,6bd011dc059143467e7fbf2a
13,617873868afd867ce519b56b6d57a723871e76f20167e63d28af186c3794af1f,components,0.000626101,0.02246213501348476,6bd011dc059143467e7fbf2a
13,617873868afd867ce519b56b6d57a723871e76f20167e63d28af186c3794af1f,variable_elimination,0.000701991,0.10085449336712807,6a80f0daa2bedb9c8024ab4e
13,617873868afd867ce519b56b6d57a723871e76f20167e63d28af186c3794af1f,components,0.000628301,0.030730756893367784,6a80f0daa2bedb9c8024ab4e
13,617873868afd867ce519b56b6d57a723871e76f20167e63d28af186c3794af1f,variable_elimination,0.000716143,0.09690528150486778,75ee9f69cc323edc05eb4b0a
13,617873868afd867ce519b56b6d57a723871e76f20167e63d28af186c3794af1f,components,0.00062291,0.03317402708288216,75ee9f69cc323edc05eb4b0a
24,b5888d3ba6e830c848c61347ebd54190896d61a7d55878965f7bd25b5b783c98,variable_elimination,0.001266198,0.04418073139060823,d715843e7bede90629d4b864
24,b5888d3ba6e830c848c61347ebd54190896d61a7d55878965f7bd25b5b783c98,components,0.025521007,0.00948769577458953,d715843e7bede90629d4b864
13,5939e9619d3e14b2de0c98509ddc6175b235c0f68f3b081177f46a9fce74087a,variable_elimination,0.000715461,0.11208077414149015,8c53963f59f7096f0248cf83
13,5939e9619d3e14b2de0c98509ddc6175b235c0f68f3b081177f46a9fce74087a,components,0.000622376,0.20177369248827948,8c53963f59f7096f0248cf83
13,5939e9619d3e14b2de0c98509ddc6175b235c0f68f3b081177f46a9fce74087a,variable_elimination,0.000679797,0.07526735945650312,a448d2d94427ca522d8bc7aa
13,5939e9619d3e14b2de0c98509ddc6175b235c0f68f3b081177f46a9fce74087a,components,0.00061698,0.02927235130833298,a448d2d94427ca522d8bc7aa
13,5939e9619d3e14b2de0c98509ddc6175b235c0f68f3b081177f46a9fce74087a,variable_elimination,0.000693356,0.11204534835505497,57ed659dc12d2332ce61299f
13,5939e9619d3e14b2de0c98509ddc6175b235c0f68f3b081177f46a9fce74087a,components,0.000625368,0.02428303175867553,57ed659dc12d2332ce61299f
13,5939e9619d3e14b2de0c98509ddc6175b235c0f68f3b081177f46a9fce74087a,variable_elimination,0.000706048,0.09240567724607414,8042226944545855fbb7b083
13,5939e9619d3e14b2de0c98509ddc6175b235c0f68f3b081177f46a9fce74087a,components,0.000625405,0.024046793830625544,8042226944545855fbb7b083
22,168bb5f3d9af6cd80fd8f5a707db2333f7f14a61420f50ffb3b2550fd5255895,variable_elimination,0.001163101,0.0429185901457931,df8fec365dde83f22d58319e
22,168bb5f3d9af6cd80fd8f5a707db2333f7f14a61420f50ffb3b2550fd5255895,components,0.098254443,0.014493227567838813,df8fec365dde83f22d58319e
22,f2a473504d1e4ddc7cd65ba2cacab2c8af188bca0d3cc37068c1b7da8e6265c2,variable_elimination,0.001180394,0.04371207526651377,772f0fab7b4591edf41e1203
22,f2a473504d1e4ddc7cd65ba2cacab2c8af188bca0d3cc37068c1b7da8e6265c2,components,0.099022782,0.01519973158576878,772f0fab7b4591edf41e1203
22,42ad7491f3c03d80bcabaf27b316415bc763a67aca0484959748c118858a833e,variable_elimination,0.001140833,0.053394423598819435,888b884dc5fb66723c272fa7
22,42ad7491f3c03d80bcabaf27b316415bc763a67aca0484959748c118858a833e,components,0.025103738,0.003000929074234419,888b884dc5fb66723c272fa7
29,b0d854f89a99bce36b3152ec3b2e2fd56a7cb4e1fa9473f6b9850ce145d3256e,variable_elimination,0.001759221,0.04162324711182939,d0e9b4be1d8fda0dc66df7bf
29,b0d854f89a99bce36b3152ec3b2e2fd56a7cb4e1fa9473f6b9850ce145d3256e,conditional_components,0.206778873,0.002410708281161982,d0e9b4be1d8fda0dc66df7bf
16,8d52077e87d5a95d218849e0d77b34b2a18aad250248f06860d3420b96ab95fc,variable_elimination,0.00083565,0.2007442341659734,7d8711f8b622ad479f6bac87
16,8d52077e87d5a95d218849e0d77b34b2a18aad250248f06860d3420b96ab95fc,components,0.003466563,0.016518513009944297,7d8711f8b622ad479f6bac87
16,8d52077e87d5a95d218849e0d77b34b2a18aad250248f06860d3420b96ab95fc,variable_elimination,0.000843689,0.05338387979652253,03890b702571b14a8f65d8f0
16,8d52077e87d5a95d218849e0d77b34b2a18aad250248f06860d3420b96ab95fc,components,0.003473785,0.03458356341524078,03890b702571b14a8f65d8f0
16,b1c6487fa835d1ac126877c3cb15e8145c5dd8bedca313b646addd9ab71dc8ae,variable_elimination,0.000822903,0.06460035193789092,2b2ce73e61d0b5ddb6b9f663
16,b1c6487fa835d1ac126877c3cb15e8145c5dd8bedca313b646addd9ab71dc8ae,components,0.003466305,0.007680296272112855,2b2ce73e61d0b5ddb6b9f663
16,2ce0bb571a5d8aee32545369a97a00012cf54dc0cf621065a6dceb45dae9c535,variable_elimination,0.000833712,0.08105642309125928,af1c0596ec4b60b602e39096
16,2ce0bb571a5d8aee32545369a97a00012cf54dc0cf621065a6dceb45dae9c535,components,0.003524003,0.014330244700117557,af1c0596ec4b60b602e39096
23,59fc215586a117b617f63982c5ac05dd0c051d36c66be15ec077e9f05b0cc30d,variable_elimination,0.001218953,0.04319092519302492,c3c7bc04c8abdb3c029ac2e4
23,59fc215586a117b617f63982c5ac05dd0c051d36c66be15ec077e9f05b0cc30d,components,0.097930354,0.02439045531750061,c3c7bc04c8abdb3c029ac2e4
23,178d44028ba85f68ccf5a8ee82e16f5513423dac49f641baabe37c53d1cf41e6,variable_elimination,0.001233981,0.0337402578674026,ce9faf806dd2577e7b9b7ced
23,178d44028ba85f68ccf5a8ee82e16f5513423dac49f641baabe37c53d1cf41e6,components,0.098905796,0.03219581407069203,ce9faf806dd2577e7b9b7ced
23,93745eb1944bba49743e79fb98750725866792f7185bf2821a60a91ada812570,variable_elimination,0.001163881,0.045582491345947836,520370e97fe17db278b9cb97
23,93745eb1944bba49743e79fb98750725866792f7185bf2821a60a91ada812570,components,0.025029428,0.0031148632233412212,520370e97fe17db278b9cb97
17,40e3069a96872ec2f7e120cef26ff2176fead1caa2fc573518b507e53ea40f01,variable_elimination,0.000871159,0.06358727021994583,b37690747d9dd27df70994e0
17,40e3069a96872ec2f7e120cef26ff2176fead1caa2fc573518b507e53ea40f01,components,0.003514824,0.010824554459543154,b37690747d9dd27df70994e0
17,f13783de2907cba3a0024c3ca10541243fca6007b0bb3a0bd782d449431df94b,variable_elimination,0.000829383,0.0630788145342482,973153f265c66f6230b3ec49
17,f13783de2907cba3a0024c3ca10541243fca6007b0bb3a0bd782d449431df94b,components,0.003507065,0.011612133419084382,973153f265c66f6230b3ec49
17,3b9982ba8dd0d1781903b847740163c462cce9d51136e89ea61b260f6e984efe,variable_elimination,0.000880127,0.06195485902754088,b8d7de6939df9d93169adcca
17,3b9982ba8dd0d1781903b847740163c462cce9d51136e89ea61b260f6e984efe,components,0.003537066,0.022718778427322457,b8d7de6939df9d93169adcca
24,e138705da04c66d73c098873abd0c0ce643204cd24998bb0f97cac9bbb05f012,variable_elimination,0.001854775,0.14239397441355287,5b30c8bb5c4450ac8ade8faf
24,e138705da04c66d73c098873abd0c0ce643204cd24998bb0f97cac9bbb05f012,components,0.100779609,0.014246862969630007,5b30c8bb5c4450ac8ade8faf
24,e138705da04c66d73c098873abd0c0ce643204cd24998bb0f97cac9bbb05f012,variable_elimination,0.001267781,0.052887332565918536,463f5a7e614107b0e11ece56
24,e138705da04c66d73c098873abd0c0ce643204cd24998bb0f97cac9bbb05f012,components,0.09820566,0.013411360937923309,463f5a7e614107b0e11ece56
24,aa6d6e34badaa303050479d267c76c0394450daef94b3f81e381cc69dc7e64a3,variable_elimination,0.001350728,0.036257681758101325,890fa9ca90189fdc5b5f9edf
24,aa6d6e34badaa303050479d267c76c0394450daef94b3f81e381cc69dc7e64a3,components,0.101383109,0.011717845639512853,890fa9ca90189fdc5b5f9edf
24,003df881e41033fafdf5e2823daf57c04f992aef5305535c1e80c52fa6ba8c66,variable_elimination,0.001220736,0.05610620166851544,ab789124574095a4dff6553c
24,003df881e41033fafdf5e2823daf57c04f992aef5305535c1e80c52fa6ba8c66,components,0.02522975,0.012609158560318662,ab789124574095a4dff6553c
27,f4dd65a3b6bec98b93d91193251bf030c6a7e133d8a790bb6c677825f191c5d7,variable_elimination,0.001419331,0.04703493316092051,1adbb06264cd4756c6ae2de4
27,f4dd65a3b6bec98b93d91193251bf030c6a7e133d8a790bb6c677825f191c5d7,conditional_components,0.006509417,0.004091514526531902,1adbb06264cd4756c6ae2de4
27,0b2f911a01e50729ba42520457bf0cbe743e96084a5131ece6a1a9b54c9c8b91,variable_elimination,0.001604916,0.06362322132524754,8879dcb2f9a54f463cfeb470
27,0b2f911a01e50729ba42520457bf0cbe743e96084a5131ece6a1a9b54c9c8b91,components,0.025223143,0.004464189529819881,8879dcb2f9a54f463cfeb470
28,58eebacc40bcd89fd19e0fcde0d2d67edfafd28ef18c137ec78baec72e374e5f,variable_elimination,0.001463747,0.04289364318692861,7e831b50f90f0e269d25bbe4
28,58eebacc40bcd89fd19e0fcde0d2d67edfafd28ef18c137ec78baec72e374e5f,conditional_components,0.007112607,0.0047968266923212564,7e831b50f90f0e269d25bbe4
28,4b49ccf98d29667c51d68a002e2e05beea6a92eb6be58d29b145022a04f6197a,variable_elimination,0.001720555,0.052913279750184665,63d416ef08ad15610e8ff9ef
28,4b49ccf98d29667c51d68a002e2e05beea6a92eb6be58d29b145022a04f6197a,components,0.024941507,0.005227691064222019,63d416ef08ad15610e8ff9ef
28,b1dafdb0937f42dc92ca5492cd85e52efaa61e2706425c634533df8c8ed16de5,variable_elimination,0.001562049,0.046032850578808786,6c4f7e75d79abc74f055afe0
28,b1dafdb0937f42dc92ca5492cd85e52efaa61e2706425c634533df8c8ed16de5,conditional_components,0.028997512,0.0006743080225510716,6c4f7e75d79abc74f055afe0
40,7b8fe66f12d716c8f30e540b1b9bcc5bfc0bcbbed8d1e73788084defaf91a626,variable_elimination,0.002579541,0.024690571478541794,457b2c723fa2439f5d34fb02
40,7b8fe66f12d716c8f30e540b1b9bcc5bfc0bcbbed8d1e73788084defaf91a626,conditional_components,0.139453257,0.01205032141733582,457b2c723fa2439f5d34fb02
28,7a8dd765c089e9abe7a3a0d7d4667ec0b7a47abca1a6e108967e23810549944f,variable_elimination,0.001709271,0.05204343894126847,0d813a0871f36271f2696141
28,7a8dd765c089e9abe7a3a0d7d4667ec0b7a47abca1a6e108967e23810549944f,components,0.199166611,0.005373358356565518,0d813a0871f36271f2696141
28,c42aa754ae915054fb1f5b127a6bd2495eaaae43997d3cff29e0414cdeebfdbd,variable_elimination,0.001489638,0.04266276484081753,d8bb1c29f24f83510a4502b9
28,c42aa754ae915054fb1f5b127a6bd2495eaaae43997d3cff29e0414cdeebfdbd,conditional_components,0.008412984,0.0030393066278692465,d8bb1c29f24f83510a4502b9
28,95c1a52fa96dd7e441c8615077a880ecfce2e6080e7064ebce3157e4f3b583de,variable_elimination,0.00149362,0.038100803015041144,78ee59c0fb325808976b04ef
28,95c1a52fa96dd7e441c8615077a880ecfce2e6080e7064ebce3157e4f3b583de,conditional_components,0.010452992,0.0037071169085819253,78ee59c0fb325808976b04ef
28,8d9402a4365068e51fa609ee1a139ffd0b77a0a9448a1f856a871c5efd90addb,variable_elimination,0.001647811,0.03814226900731211,c68afda8d2950653415610e0
28,8d9402a4365068e51fa609ee1a139ffd0b77a0a9448a1f856a871c5efd90addb,components,0.098313855,0.005472145832147887,c68afda8d2950653415610e0
28,2c029b9622554c452b60bace3d303306bb7dd3385e03ba8d904b466944c2dee5,variable_elimination,0.001567073,0.035922032171712755,a72af45769f329d35df5491f
28,2c029b9622554c452b60bace3d303306bb7dd3385e03ba8d904b466944c2dee5,conditional_components,0.055431009,0.0026158651653172323,a72af45769f329d35df5491f
28,81057f666555fb0a5dcf9ed5e0de0b68ea3cd8b2e362368f2b010032ddeb9034,variable_elimination,0.001642791,0.07142966297756254,7d23dc39e2474b056a8345c3
28,81057f666555fb0a5dcf9ed5e0de0b68ea3cd8b2e362368f2b010032ddeb9034,components,0.007246214,0.0006661481137479377,7d23dc39e2474b056a8345c3
28,4e67af1a64a89fba741b85709094e16018dae91d9d2abfa922d10ddf54ae0ee6,variable_elimination,0.001516179,0.0407584130157646,91f87c1c5fb662e136bf4740
28,4e67af1a64a89fba741b85709094e16018dae91d9d2abfa922d10ddf54ae0ee6,conditional_components,0.053621759,0.0038302346847522975,91f87c1c5fb662e136bf4740
28,1c2c525742c78544d9990b399f31a05cf2164e189370971dbb6d5a20780764a3,variable_elimination,0.001650918,0.09179098669327482,75fbf14aebade1f945129523
28,1c2c525742c78544d9990b399f31a05cf2164e189370971dbb6d5a20780764a3,conditional_components,0.007535413,0.08575831415506815,75fbf14aebade1f945129523
28,a050178aab9c3e0ccab1507a3549716ba4c313c8132f83eba515544dc3c01c3b,variable_elimination,0.00176607,0.03533448017324267,59f2225e92e0efd10e082cef
28,a050178aab9c3e0ccab1507a3549716ba4c313c8132f83eba515544dc3c01c3b,components,0.04989382,0.031803280804854506,59f2225e92e0efd10e082cef
25,271930a5f9a970b5b3d4e0b53338d37bfe77ff80d5e889a9792b83f22e93c071,variable_elimination,0.001284878,0.04578366418912608,90c1e4448c5903ef4a6bce5e
25,271930a5f9a970b5b3d4e0b53338d37bfe77ff80d5e889a9792b83f22e93c071,components,0.024607554,0.002835487643901059,90c1e4448c5903ef4a6bce5e
25,8798cc69197c54dd1b7afb7b86feef33ba1bb929a0e8368cf49b689e60f764b2,variable_elimination,0.001304167,0.05050346917346173,107fbfbfd609ed2672810d10
25,8798cc69197c54dd1b7afb7b86feef33ba1bb929a0e8368cf49b689e60f764b2,conditional_components,0.007237428,0.005576640968030395,107fbfbfd609ed2672810d10
25,a4d42c1da197d485f3e096b9f98a8cec2419e39972a100d69a561da482905d23,variable_elimination,0.001446498,0.028835689022879786,bd0b9bca5062e13b1ff6b395
25,a4d42c1da197d485f3e096b9f98a8cec2419e39972a100d69a561da482905d23,components,0.098447204,0.014356374657782828,bd0b9bca5062e13b1ff6b395
25,3902a7cde84087e39c272784b97b89842b8fcb192c380b5d40eb5b2bbcfdd369,variable_elimination,0.001297379,0.045718175649554924,a8e2460c6eca2c64353d5a7d
25,3902a7cde84087e39c272784b97b89842b8fcb192c380b5d40eb5b2bbcfdd369,conditional_components,0.007320743,0.007678030513750365,a8e2460c6eca2c64353d5a7d
25,a09068c067e6fa157a5a3a7041c3405d52b10f6b434998d1f0de598f50de4071,variable_elimination,0.001499573,0.029692793636255238,a1314cfb31ab26749e8b8210
25,a09068c067e6fa157a5a3a7041c3405d52b10f6b434998d1f0de598f50de4071,components,0.201632391,0.012016787997839453,a1314cfb31ab26749e8b8210
26,dd4cd04cf0149c92ef5d740aa6c4362c759de92cb9ca1a68821ae841f8553d73,variable_elimination,0.001509886,0.03217868134336516,4bb6bb13152b090778aa416f
26,dd4cd04cf0149c92ef5d740aa6c4362c759de92cb9ca1a68821ae841f8553d73,components,0.025242681,0.005298949604271859,4bb6bb13152b090778aa416f
26,f7366b9608413e4b11483de347b59fb5c3ea873c80679486454b52740a99927f,variable_elimination,0.001400926,0.05625158641618812,f331f69a1fee0cab0e9a677f
26,f7366b9608413e4b11483de347b59fb5c3ea873c80679486454b52740a99927f,conditional_components,0.00787176,0.0115917912556255,f331f69a1fee0cab0e9a677f
26,9e54795573f566d76b7d02ab75a3fdebc5731aec1fb6580f67b3b52af22224ed,variable_elimination,0.001670381,0.06839002229680932,70cbe284ef2c3170c146401c
26,9e54795573f566d76b7d02ab75a3fdebc5731aec1fb6580f67b3b52af22224ed,components,0.12913524,0.02390805863267897,70cbe284ef2c3170c146401c
26,de14627291cf019034e23d07202635eec0f07895ec9c3490c2806d27a0cb60b7,variable_elimination,0.00134227,0.043363259848787084,32edbc8834a35b29c181e685
26,de14627291cf019034e23d07202635eec0f07895ec9c3490c2806d27a0cb60b7,conditional_components,0.007876652,0.005744549179895759,32edbc8834a35b29c181e685
26,fe15ae9a4390a3009ffad862de95e9b4fee78b354baf3ca7c246b4c05f783d22,variable_elimination,0.001505079,0.026084819395876934,837331061b301f2d16bb2944
26,fe15ae9a4390a3009ffad862de95e9b4fee78b354baf3ca7c246b4c05f783d22,components,0.199765682,0.003597372120862243,837331061b301f2d16bb2944
28,591549d254b5235c701294df932b9f7492bc1114cd74baf8a60cec9f92ec010d,variable_elimination,0.0015259,0.044297313955501266,9336b3dddfe9c1f44ca0fc60
28,591549d254b5235c701294df932b9f7492bc1114cd74baf8a60cec9f92ec010d,conditional_components,0.398330622,0.010106653344320368,9336b3dddfe9c1f44ca0fc60
28,bd3b8c248220eb6cd180edb756107f64efdae6710abf7a7c52bb84ab9fb0489c,variable_elimination,0.001505179,0.03978091628725719,e6e5e0af63eadb03f6b2ac4d
28,bd3b8c248220eb6cd180edb756107f64efdae6710abf7a7c52bb84ab9fb0489c,conditional_components,0.018229982,0.0035994677474857975,e6e5e0af63eadb03f6b2ac4d
28,906f89b01d62584e1d3b65cf5995106e54cb32fcd813259e6b505566a0761881,variable_elimination,0.001759261,0.04704876871072026,8400b2b014029e199ca6ea61
28,906f89b01d62584e1d3b65cf5995106e54cb32fcd813259e6b505566a0761881,components,0.007360392,0.008998236979519937,8400b2b014029e199ca6ea61
28,577613df44797bfac669896003aeafa888582bc84ed0fd686d621da2213dd54d,variable_elimination,0.001548923,0.040687066216247424,9407050346d827b22d1e9208
28,577613df44797bfac669896003aeafa888582bc84ed0fd686d621da2213dd54d,conditional_components,0.030470206,0.04005525333611345,9407050346d827b22d1e9208
28,f2cc4e024c46d1ea478a4326aeb76027649384811314157e562528f3c14e7883,variable_elimination,0.001631215,0.021467368963030524,01194860cc7a4e7dfcc9adb1
28,f2cc4e024c46d1ea478a4326aeb76027649384811314157e562528f3c14e7883,conditional_components,0.031311247,0.009577152763449085,01194860cc7a4e7dfcc9adb1
28,ca3b36976f7d78de8ac3cacc2610e87146925374cebf1fe5d7ea272e01e47417,variable_elimination,0.001553864,0.03167951773544516,c46ed50592fc7f066ba59f3a
28,ca3b36976f7d78de8ac3cacc2610e87146925374cebf1fe5d7ea272e01e47417,conditional_components,0.403855596,0.00821599900345617,c46ed50592fc7f066ba59f3a
28,56cd5cb957c2f83cb50009c9419e2e3d9250797ff90afebd1fdd2ec46070955b,variable_elimination,0.001536523,0.041699644623635714,f126fe3fc4bdc94f27b8dc15
28,56cd5cb957c2f83cb50009c9419e2e3d9250797ff90afebd1fdd2ec46070955b,conditional_components,0.054550603,0.036222969756584567,f126fe3fc4bdc94f27b8dc15
28,aeaf9f8a06d4af72f8be12c4da13b46b833c279d5fc4250cb2ac6863201a636a,variable_elimination,0.001568383,0.04042764783950239,33d4894e5fab0694ff95cc13
28,aeaf9f8a06d4af72f8be12c4da13b46b833c279d5fc4250cb2ac6863201a636a,conditional_components,0.018871076,0.008667502126635999,33d4894e5fab0694ff95cc13
28,638f33687017cb7873727fe78643766bb9e76dd88a11921cb7203eba87e63145,variable_elimination,0.001576735,0.03465063770120952,391ccbbff7fb02f64484701c
28,638f33687017cb7873727fe78643766bb9e76dd88a11921cb7203eba87e63145,conditional_components,0.40291136,0.006653481562102956,391ccbbff7fb02f64484701c
28,5577cf70a5323c520ea618bed81ad6a78767642f72140f66c5645654606296b1,variable_elimination,0.001660291,0.04460705901537003,09030e02686e6d5fa2e5e624
28,5577cf70a5323c520ea618bed81ad6a78767642f72140f66c5645654606296b1,conditional_components,0.031143438,0.04130923973784659,09030e02686e6d5fa2e5e624
28,1dcf0af8e8fe414a02d412f4405403feb7c39519c8d45ae870e50aaa0d49fb97,variable_elimination,0.001739916,0.036853252741367824,ec436a28ac71ec79fd91a1a1
28,1dcf0af8e8fe414a02d412f4405403feb7c39519c8d45ae870e50aaa0d49fb97,components,0.098142876,0.014682056705107183,ec436a28ac71ec79fd91a1a1
28,11cd315aaa7a0b5ce6d8e5d5f4d7c21fad63c5b4b2aa93d8e659e0c3da63dfe2,variable_elimination,0.001657184,0.02020186967519081,73bb14735c74716e4444cc59
28,11cd315aaa7a0b5ce6d8e5d5f4d7c21fad63c5b4b2aa93d8e659e0c3da63dfe2,conditional_components,0.104828931,0.020514296885369033,73bb14735c74716e4444cc59
28,3484399d5a81af1a3a657db036e68474c19d0be841569dcea0e42c4509957d1f,variable_elimination,0.001546653,0.03498708742308808,01ad7bed601174c8ca04ed07
28,3484399d5a81af1a3a657db036e68474c19d0be841569dcea0e42c4509957d1f,conditional_components,0.100726194,0.01874612053710401,01ad7bed601174c8ca04ed07
28,15bf3f5693aa2b05be13506d19d12d654c6d0e1d45458534a2254e13793cf78d,variable_elimination,0.001785693,0.028047407186353224,640471abaa9e17b2d139f0c9
28,15bf3f5693aa2b05be13506d19d12d654c6d0e1d45458534a2254e13793cf78d,components,0.013998628,0.06270162443246699,640471abaa9e17b2d139f0c9
28,70dbc17473dfef5512a880961686c4b44f0990aead2a300da7c677ba4b6a8db5,variable_elimination,0.001693179,0.037507949469974745,b793d622a9fd1b523c8b29ef
28,70dbc17473dfef5512a880961686c4b44f0990aead2a300da7c677ba4b6a8db5,conditional_components,0.019028083,0.028630650057412974,b793d622a9fd1b523c8b29ef
25,40e58a3ff1ab06b275843f9c65b3b37a83e67816c417eb093678b3e2063cdf2f,variable_elimination,0.001298567,0.05116696613546209,0b10fef2e19c3f7def874957
25,40e58a3ff1ab06b275843f9c65b3b37a83e67816c417eb093678b3e2063cdf2f,conditional_components,0.0086377,0.008709632800103471,0b10fef2e19c3f7def874957
25,3881d828f27a9ff4c9f78f4fb637b0ae610fec3f75c35e88442a80f7d60e3696,variable_elimination,0.001967102,0.11155049460632939,20637ab1e7daf75995856f78
25,3881d828f27a9ff4c9f78f4fb637b0ae610fec3f75c35e88442a80f7d60e3696,components,0.100723369,0.01847000258996189,20637ab1e7daf75995856f78
25,94d4cb6aeca27edaa2fa0e92275242fdea59de893494776a567955ee5477565d,variable_elimination,0.001354684,0.032179227863228,c3f4f1fb0769ee1bb9fc0d69
25,94d4cb6aeca27edaa2fa0e92275242fdea59de893494776a567955ee5477565d,components,0.024564548,0.007571558484563624,c3f4f1fb0769ee1bb9fc0d69
26,599d8ac5c2dcf599d9cda602cb7e08f9dbec82d7f5d23738a73e69c37bdf0540,variable_elimination,0.001319447,0.04932234932374557,eb7708e181b18b86f0dac7d9
26,599d8ac5c2dcf599d9cda602cb7e08f9dbec82d7f5d23738a73e69c37bdf0540,conditional_components,0.008985082,0.0035248532103639547,eb7708e181b18b86f0dac7d9
26,296b7b2655c7a88d9eeecb8ed9ab5c97750b5810340cd35e1445832d73a53f30,variable_elimination,0.001423228,0.03115341012703516,d696e6c19ab0700f5e16fdb6
26,296b7b2655c7a88d9eeecb8ed9ab5c97750b5810340cd35e1445832d73a53f30,components,0.099580606,0.01525980002623962,d696e6c19ab0700f5e16fdb6
26,6358cf6c6187a77a06043fde78e70411c5ed1090159f9930ab082fc4bc272f01,variable_elimination,0.00152252,0.03520012475432191,2e2cdc19791a6ca229ee572a
26,6358cf6c6187a77a06043fde78e70411c5ed1090159f9930ab082fc4bc272f01,components,0.024645663,0.012732497214623545,2e2cdc19791a6ca229ee572a
26,8d2c9593aaaabbf2919e6796319c62338a396db25d2d0e07e908afb89a2bcba6,variable_elimination,0.001482236,0.037189887516368855,e56e818140ffe5daf4dbc01a
26,8d2c9593aaaabbf2919e6796319c62338a396db25d2d0e07e908afb89a2bcba6,components,0.195847294,0.01607740024298992,e56e818140ffe5daf4dbc01a
26,4da9e4e78ef8378f66fb104f695b61ded4337a65ebfa4d105856e92846558064,variable_elimination,0.001353968,0.09097693147026205,e5ef3e651bc8b2ba9b038860
26,4da9e4e78ef8378f66fb104f695b61ded4337a65ebfa4d105856e92846558064,conditional_components,0.017635686,0.002844748053669846,e5ef3e651bc8b2ba9b038860
28,f77092db1565314e38348eb21dfd06755e0c2917d505385ea42fc48748b01c4b,variable_elimination,0.001474917,0.051808169769800086,0eb390ffc6a20b0c23a481d8
28,f77092db1565314e38348eb21dfd06755e0c2917d505385ea42fc48748b01c4b,conditional_components,0.012962997,0.08689075227513535,0eb390ffc6a20b0c23a481d8
28,ec0cff6449c0d86c254fb159ee473a43d1974aa9639782db1946717689c6a81c,variable_elimination,0.001515927,0.0729732348353423,397795411203c724c48779e9
28,ec0cff6449c0d86c254fb159ee473a43d1974aa9639782db1946717689c6a81c,conditional_components,0.030168701,0.005777315393612859,397795411203c724c48779e9
28,f8c5d53a4ae08fb5c13843f2e5653916ef33b732a4e45862ad7ce0bf548c0081,variable_elimination,0.00153422,0.03907691159051545,17aa88f34bb2716317cb3365
28,f8c5d53a4ae08fb5c13843f2e5653916ef33b732a4e45862ad7ce0bf548c0081,conditional_components,0.030446965,0.004512698987477436,17aa88f34bb2716317cb3365
28,7e65eb2c55670fee2146f754e25ccd2674d2e5f004972635b58ebc9a33b1c854,variable_elimination,0.001657984,0.04913828130340565,2a269cf0683e1a1942f7727c
28,7e65eb2c55670fee2146f754e25ccd2674d2e5f004972635b58ebc9a33b1c854,components,0.19790993,0.0060265603352957055,2a269cf0683e1a1942f7727c
28,59d5ff4e30dd76818a0ff738fe9a162fa284cf718bd5b47999f9166dd4bf449d,variable_elimination,0.001710677,0.0485541181729133,e073d6164c92e785fa8579c5
28,59d5ff4e30dd76818a0ff738fe9a162fa284cf718bd5b47999f9166dd4bf449d,components,0.098494664,0.020110162171992352,e073d6164c92e785fa8579c5
28,7e0376f23fb5ff4b7781b837debf1bbe18b8323dcffade9b5651221fcf303469,variable_elimination,0.00182185,0.08912454706487735,df41bed17b59c094e6a3c858
28,7e0376f23fb5ff4b7781b837debf1bbe18b8323dcffade9b5651221fcf303469,conditional_components,0.101677385,0.013758321025916316,df41bed17b59c094e6a3c858
28,19b5350893c4fdad43ff4942fb7fe4739263b9f2b15b0002181fbab6f841b3c2,variable_elimination,0.001744403,0.05118649932353215,4a87096881a04de4ff1e806d
28,19b5350893c4fdad43ff4942fb7fe4739263b9f2b15b0002181fbab6f841b3c2,components,0.013263973,0.11187060437862754,4a87096881a04de4ff1e806d
28,f48a6d778b66adf1f14c6fc617966dfe029d0760d497800fc4a9ce97ff495021,variable_elimination,0.001469876,0.171414092298775,444395afc9a459c961145aad
28,f48a6d778b66adf1f14c6fc617966dfe029d0760d497800fc4a9ce97ff495021,conditional_components,0.029857969,0.00012354694300686242,444395afc9a459c961145aad
28,f48a6d778b66adf1f14c6fc617966dfe029d0760d497800fc4a9ce97ff495021,variable_elimination,0.00151073,0.054732127331879404,8a27c408cfb5af5bd8014f94
28,f48a6d778b66adf1f14c6fc617966dfe029d0760d497800fc4a9ce97ff495021,conditional_components,0.029942231,0.010478841956456863,8a27c408cfb5af5bd8014f94
30,92038c7c9b2bb21800a0976dd4dd22866aeb3a9f012dcff12962e445c1fe15bf,variable_elimination,0.001831303,0.025495146943010534,80d4d4762a76476f8a3dd846
30,92038c7c9b2bb21800a0976dd4dd22866aeb3a9f012dcff12962e445c1fe15bf,conditional_components,0.207235443,0.004033288032474869,80d4d4762a76476f8a3dd846
30,d3ad86d951f5043021ba9ec034d33ddf1184c80017401e8cc0b1f25870c9c07e,variable_elimination,0.001724221,0.04870786406200258,3068b79ce9c38cd946155b5c
30,d3ad86d951f5043021ba9ec034d33ddf1184c80017401e8cc0b1f25870c9c07e,conditional_components,0.031894071,0.0034735472742090864,3068b79ce9c38cd946155b5c
30,b65a88cfeab2a4cbc1c008198c0eb0dcdb795e8727df020ca23b34184bb27916,variable_elimination,0.001806124,0.03778032154066215,579715681008d3afcd94d28e
30,b65a88cfeab2a4cbc1c008198c0eb0dcdb795e8727df020ca23b34184bb27916,conditional_components,0.013854077,0.00242220961521524,579715681008d3afcd94d28e
29,5120b3b55c4f1c987d39b089eea904d3ccb649b334526ef8035ab61e5bae2537,variable_elimination,0.00166311,0.027311803664533185,8b0802f2fc791313fc7a27fe
29,5120b3b55c4f1c987d39b089eea904d3ccb649b334526ef8035ab61e5bae2537,conditional_components,0.202866093,0.00538003699119488,8b0802f2fc791313fc7a27fe
29,8d73db44eff86d17c8cd5aea7826f9e4f1fa4425530e787c0d972c5e09393cf2,variable_elimination,0.001772906,0.022259941624641733,878a176d4cbd1cafd6c19d40
29,8d73db44eff86d17c8cd5aea7826f9e4f1fa4425530e787c0d972c5e09393cf2,conditional_components,0.06411094,0.006535410536295953,878a176d4cbd1cafd6c19d40
31,3d2d6e8959e268b284d3eeadf5052e4d52fa4c1616b8cd399c84cea3044385f2,variable_elimination,0.00183378,0.03039131228911721,4fb369c498b511474d23e79c
31,3d2d6e8959e268b284d3eeadf5052e4d52fa4c1616b8cd399c84cea3044385f2,conditional_components,0.055443077,0.005052057343153352,4fb369c498b511474d23e79c
31,596ec472910a02a7d5f922c8521e8d7b4b1f091975a7b77c5bd7311df5c925c6,variable_elimination,0.001848056,0.026530414264666003,f925b2bbdca81154c26e0ab7
31,596ec472910a02a7d5f922c8521e8d7b4b1f091975a7b77c5bd7311df5c925c6,conditional_components,0.400408698,0.0023633770875952733,f925b2bbdca81154c26e0ab7
31,27dfdeaa8e12881c92082c88d4d2422fa3046571c5422f13fcb3607f0f6fbf4d,variable_elimination,0.001740322,0.02571093334213731,ad1ccdf06577486bbee94728
31,27dfdeaa8e12881c92082c88d4d2422fa3046571c5422f13fcb3607f0f6fbf4d,conditional_components,0.195372724,0.01039400524207569,ad1ccdf06577486bbee94728
31,4225e9b454fef7c2295a118f77fb3aa057a4adf3e1b54940eddad80fc30c8d02,variable_elimination,0.001845647,0.22149716662359561,dd4932c5ee6bc9f81b163bee
31,4225e9b454fef7c2295a118f77fb3aa057a4adf3e1b54940eddad80fc30c8d02,conditional_components,0.044647676,0.008795341060404478,dd4932c5ee6bc9f81b163bee
31,4225e9b454fef7c2295a118f77fb3aa057a4adf3e1b54940eddad80fc30c8d02,variable_elimination,0.001910884,0.03883161879071289,a66267dbfcf5258d2b8e2419
31,4225e9b454fef7c2295a118f77fb3aa057a4adf3e1b54940eddad80fc30c8d02,conditional_components,0.044796839,0.05012072576414259,a66267dbfcf5258d2b8e2419
31,7853f35f2b24cfea1c8480f316518808530bc20774a7e7f0b166e34c99d20d17,variable_elimination,0.001862469,0.03248450988262699,b16ce79305c7b5ddc206337c
31,7853f35f2b24cfea1c8480f316518808530bc20774a7e7f0b166e34c99d20d17,conditional_components,0.018286818,0.007424800844770346,b16ce79305c7b5ddc206337c
31,a83add7cd2932be5a1158ea2a481dd5e25a7d1992791d3aff048c9a7462b6774,variable_elimination,0.001948036,0.03307429217740054,d20d8f3217857c5acb3b991b
31,a83add7cd2932be5a1158ea2a481dd5e25a7d1992791d3aff048c9a7462b6774,conditional_components,0.038609324,0.03609971578350661,d20d8f3217857c5acb3b991b
31,51fe2496dac255a4f95883861747e92315d52d907374345f6d0aa088ec21fd7f,variable_elimination,0.001873923,0.012497533973351247,38140769311fae16e72998dd
31,51fe2496dac255a4f95883861747e92315d52d907374345f6d0aa088ec21fd7f,conditional_components,0.409803037,0.012053231325072265,38140769311fae16e72998dd
31,2d0e2c6a485c339a598775d702d02ed41f4f35d399997954e750cbf58d77cc0a,variable_elimination,0.001966823,0.031874985782926475,e35eef3e4717f0cd236c3615
31,2d0e2c6a485c339a598775d702d02ed41f4f35d399997954e750cbf58d77cc0a,conditional_components,0.025963876,0.008735741994460654,e35eef3e4717f0cd236c3615
31,73e49b209827fef61106f6423c87d254456598aa422ef8237b051eb7eb7083c4,variable_elimination,0.002001848,0.026411553622653888,2f8e01247b9592dbe6a0f008
31,73e49b209827fef61106f6423c87d254456598aa422ef8237b051eb7eb7083c4,conditional_components,0.116666866,0.0037524079154469562,2f8e01247b9592dbe6a0f008
31,21d03f0f237946c7d02a0986760dd648bf5e11bf967936d17d498914134aa908,variable_elimination,0.001772952,0.035699575884562997,8c030e92604c2efd9f0d9c15
31,21d03f0f237946c7d02a0986760dd648bf5e11bf967936d17d498914134aa908,conditional_components,0.102715001,0.0007449377900499921,8c030e92604c2efd9f0d9c15
30,d9ecfbf66176807a5bc4f5734551cd35ad75e2efc8f8d8edddde5e89029f6294,variable_elimination,0.001858005,0.03342003859392937,d788f3f67dec4ccd38b4aced
30,d9ecfbf66176807a5bc4f5734551cd35ad75e2efc8f8d8edddde5e89029f6294,conditional_components,0.022665696,0.051899678541197994,d788f3f67dec4ccd38b4aced
30,f3257232228b6ad5bcb0765a84dd343ff0c1d45c7ec4a8779897298c9e8abf75,variable_elimination,0.001866417,0.03343684923531714,ebfa2c996d97c2cec8e43974
30,f3257232228b6ad5bcb0765a84dd343ff0c1d45c7ec4a8779897298c9e8abf75,conditional_components,0.024950995,0.011322339974301612,ebfa2c996d97c2cec8e43974
30,9dbbefc396ef8274b1652619c18602db58a4e39ee89e13a5ff16c642db00a655,variable_elimination,0.001687425,0.049164919244203735,ff2c0465d3bf04c642e7007d
30,9dbbefc396ef8274b1652619c18602db58a4e39ee89e13a5ff16c642db00a655,conditional_components,0.019964791,0.003290315540257575,ff2c0465d3bf04c642e7007d
30,a627e0fc9436e97cfff62d9645ef0b306cb5f847f8e20f8e593573803ab727f9,variable_elimination,0.001756361,0.03501044834382293,07b277e2831c3dcd430077ec
30,a627e0fc9436e97cfff62d9645ef0b306cb5f847f8e20f8e593573803ab727f9,conditional_components,0.057394266,0.01887930280909471,07b277e2831c3dcd430077ec
30,0370d4baf5eca775c83aea2a1fa0e8d0403d911e18cf0b90fc0856befcbe021f,variable_elimination,0.00176308,0.25022194570191175,9ca88eabcbddbe4d082dd12e
30,0370d4baf5eca775c83aea2a1fa0e8d0403d911e18cf0b90fc0856befcbe021f,conditional_components,0.397943501,0.002771941459051075,9ca88eabcbddbe4d082dd12e
30,0370d4baf5eca775c83aea2a1fa0e8d0403d911e18cf0b90fc0856befcbe021f,variable_elimination,0.001738267,0.03343206593347914,6b4fb123c94149501b8b99f8
30,0370d4baf5eca775c83aea2a1fa0e8d0403d911e18cf0b90fc0856befcbe021f,conditional_components,0.398638114,0.004626453507064567,6b4fb123c94149501b8b99f8
30,1152b963e7d64d6d77fc509f19b51e303a98574a0ec7c1c5f7cf76f8ac6f068c,variable_elimination,0.001902769,0.029251575436930213,1c20fe8897266d06dec9f148
30,1152b963e7d64d6d77fc509f19b51e303a98574a0ec7c1c5f7cf76f8ac6f068c,conditional_components,0.021275627,0.029225910733584843,1c20fe8897266d06dec9f148
30,e8d406977aaf2f9c26841ff90eb6b373b65fbf71f785fc34c52ef184556a03d9,variable_elimination,0.001670073,0.03680352842272576,e4ad037759382268678b460d
30,e8d406977aaf2f9c26841ff90eb6b373b65fbf71f785fc34c52ef184556a03d9,conditional_components,0.053175345,0.02669799899398987,e4ad037759382268678b460d
29,09bbed7cf73ff4ce5c3aa9cbfba6ac1187a71a1cbe4808e89c2de1e37074495d,variable_elimination,0.001678019,0.032949186059341336,e255bbbb923468050e6946a5
29,09bbed7cf73ff4ce5c3aa9cbfba6ac1187a71a1cbe4808e89c2de1e37074495d,conditional_components,0.107583641,0.011775122431584146,e255bbbb923468050e6946a5
29,072b1b9cf0bbc5d692589bb3949ea2c5f6b0a1327e1415d80730c414d7d230ad,variable_elimination,0.001649036,0.04380955136861371,6f111c4838ffd228dc2d4494
29,072b1b9cf0bbc5d692589bb3949ea2c5f6b0a1327e1415d80730c414d7d230ad,conditional_components,0.013746533,0.0020874694114046445,6f111c4838ffd228dc2d4494
32,0a4737adfe9482e0ea09930d31ce7030e9c1168c4afff78f8a356d44813e0b8c,variable_elimination,0.001971948,0.02012315865889686,45017d988425c0563b93243c
32,0a4737adfe9482e0ea09930d31ce7030e9c1168c4afff78f8a356d44813e0b8c,conditional_components,0.056391084,0.005487339882057422,45017d988425c0563b93243c
32,06affa119cd66c184a15e95c2f839ee255a7d3a888cbf65fdceb8536bf00a002,variable_elimination,0.001906574,0.021549663092024367,050dbd38717ae134b4bf3a66
32,06affa119cd66c184a15e95c2f839ee255a7d3a888cbf65fdceb8536bf00a002,conditional_components,0.402609766,0.00847838502926905,050dbd38717ae134b4bf3a66
32,4137a9844b8d44224c8baf28f6dc207ef42649e4726435793fad3295dc4a2d01,variable_elimination,0.001807128,0.027441557879319872,aedecc1e0eb0b4ee8555f83d
32,4137a9844b8d44224c8baf28f6dc207ef42649e4726435793fad3295dc4a2d01,conditional_components,0.195459042,0.001547219748655909,aedecc1e0eb0b4ee8555f83d
32,9d0403fcf75538201a14cafdec2d9ed32f60cbb16f987596c49221bfe552ca25,variable_elimination,0.001939174,0.03139186636763499,cb553d40e5cc55794fec6286
32,9d0403fcf75538201a14cafdec2d9ed32f60cbb16f987596c49221bfe552ca25,conditional_components,0.04628119,0.03286327773667783,cb553d40e5cc55794fec6286
32,97fa1bdbccb54f499b0251c4a0b00d4bee70ba59075df19e4f2cb2f5a7bf0c89,variable_elimination,0.001920932,0.027463222082041123,c7ee6f4c597c0081e145493d
32,97fa1bdbccb54f499b0251c4a0b00d4bee70ba59075df19e4f2cb2f5a7bf0c89,conditional_components,0.01981059,0.016833777417077627,c7ee6f4c597c0081e145493d
32,1fee31f3f74866cf256f5be0cb0c7affa2d78985ec2a76db3d2473b0a8d3c64e,variable_elimination,0.001884989,0.0366982603330229,1ab0dd75041a29faf4c415b6
32,1fee31f3f74866cf256f5be0cb0c7affa2d78985ec2a76db3d2473b0a8d3c64e,conditional_components,0.04014143,0.037894219983625584,1ab0dd75041a29faf4c415b6
32,6b2ba30e899ec7de2a0eb8415bde3f83fc0ce489fb7d929c69606b0a784a1e6e,variable_elimination,0.001884739,0.025384882960396697,8dec344364445a3f3769da80
32,6b2ba30e899ec7de2a0eb8415bde3f83fc0ce489fb7d929c69606b0a784a1e6e,conditional_components,0.416218404,0.01727321217862856,8dec344364445a3f3769da80
32,76845cc68ec6d7d95c22c143b1ce063c328b48569bdaabee3e7007d62bab5fb4,variable_elimination,0.002037475,0.05772012810513057,4d24e72f8095a2ec19900bfc
32,76845cc68ec6d7d95c22c143b1ce063c328b48569bdaabee3e7007d62bab5fb4,conditional_components,0.027290784,0.05668565340696832,4d24e72f8095a2ec19900bfc
32,b34c408b1515100ecde75e4878ba4d8497292c549092558f87ceee01784e234e,variable_elimination,0.002014113,0.027391551972862055,58db55d0599fccf13a7e365a
32,b34c408b1515100ecde75e4878ba4d8497292c549092558f87ceee01784e234e,conditional_components,0.118626062,0.018479971171274444,58db55d0599fccf13a7e365a
32,545224eb8feaa99a7489578d6b8e4c3634d1ea882df68d9c68360f6cc1305c17,variable_elimination,0.001867372,0.02436844619548751,7516cb91898cd22d1a752e27
32,545224eb8feaa99a7489578d6b8e4c3634d1ea882df68d9c68360f6cc1305c17,conditional_components,0.106366839,0.012728907403161372,7516cb91898cd22d1a752e27
33,479334c7ccc4b7acb2fdd37323103d8ead33b042d6166dc192bc04d348f1f1fd,variable_elimination,0.001995986,0.021875939057092286,99551428ab4e114b71b4e6e2
33,479334c7ccc4b7acb2fdd37323103d8ead33b042d6166dc192bc04d348f1f1fd,conditional_components,0.39010965,0.012433607962582504,99551428ab4e114b71b4e6e2
33,07dacbcccd08919bf5fe131cb0a16d1e07c7dc4158403a2b0eeb7ba96c25f978,variable_elimination,0.001965343,0.035474159635332785,34d0e8592eb7284720ae4736
33,07dacbcccd08919bf5fe131cb0a16d1e07c7dc4158403a2b0eeb7ba96c25f978,conditional_components,0.208077019,0.010023391449146997,34d0e8592eb7284720ae4736
33,ccbcb762207d93aaa1d9974a581eca39c216b48418f10bf4aede5b5bfe6eddf4,variable_elimination,0.002715644,0.19623983327543099,623fe3ae05d4531a8fb5bfbb
33,ccbcb762207d93aaa1d9974a581eca39c216b48418f10bf4aede5b5bfe6eddf4,conditional_components,0.102743291,0.008630129381564846,623fe3ae05d4531a8fb5bfbb
33,ccbcb762207d93aaa1d9974a581eca39c216b48418f10bf4aede5b5bfe6eddf4,variable_elimination,0.001931782,0.02539779650488862,3b36342a3ac74ca7c2540ae5
33,ccbcb762207d93aaa1d9974a581eca39c216b48418f10bf4aede5b5bfe6eddf4,conditional_components,0.101921418,0.03584284465540514,3b36342a3ac74ca7c2540ae5
33,01c08e92299c4542d3014d7c6c8a38e8fe7c70f568e8a77ff25fe70bb96d52d3,variable_elimination,0.002071658,0.03164864441804291,e27dfc1cd3e7aa01448df448
33,01c08e92299c4542d3014d7c6c8a38e8fe7c70f568e8a77ff25fe70bb96d52d3,conditional_components,0.107028355,0.010343034442964687,e27dfc1cd3e7aa01448df448
33,c75d0ef7d4223e97dcb605a2d4c6b9558d7fe9d7df075c2f998e9af26a45fc84,variable_elimination,0.002055633,0.01763089388042184,8984908518a06f16ae81dc21
33,c75d0ef7d4223e97dcb605a2d4c6b9558d7fe9d7df075c2f998e9af26a45fc84,conditional_components,0.104666803,0.06195713156502149,8984908518a06f16ae81dc21
37,a074a34c7e93d1c8050ebfd68afd717fd8c2b5d049841c4455fe5cb81c9d90ac,variable_elimination,0.002384427,0.04298104697418339,a1b801f44e549c4dedb1f7b5
37,a074a34c7e93d1c8050ebfd68afd717fd8c2b5d049841c4455fe5cb81c9d90ac,conditional_components,0.058742381,0.07205543578149669,a1b801f44e549c4dedb1f7b5
33,2cda09df356e7df6a6bd4a21d64918218117ce0c3891e9a32fa366cbe077e989,variable_elimination,0.001944322,0.025151571145636775,b02bce0ce3d575454e0fcc14
33,2cda09df356e7df6a6bd4a21d64918218117ce0c3891e9a32fa366cbe077e989,conditional_components,0.023673951,0.006685793249571218,b02bce0ce3d575454e0fcc14
33,1ce0be42381d583f576799ecce214eb3027f77283a3cf3daaf40e2237bf602d8,variable_elimination,0.002055593,0.030478283783176907,e4da495d504d11d1e4791cf5
33,1ce0be42381d583f576799ecce214eb3027f77283a3cf3daaf40e2237bf602d8,conditional_components,0.212455266,0.018154331315991614,e4da495d504d11d1e4791cf5
33,fd320518b2bfd87aefaa339553a41b8b1bf1c76ba9ee286903bea6f3a53746f7,variable_elimination,0.002045868,0.021473689067715084,d8a506c2183ed1f0b421325e
33,fd320518b2bfd87aefaa339553a41b8b1bf1c76ba9ee286903bea6f3a53746f7,conditional_components,0.024180959,0.01808409983084835,d8a506c2183ed1f0b421325e
33,f23005d67c27a6c76408f87ce1c8779504e1ba676fb6f367d521c32e698a29c8,variable_elimination,0.002047725,0.023676828640167097,98a5c8a94f8fffe8d059b250
33,f23005d67c27a6c76408f87ce1c8779504e1ba676fb6f367d521c32e698a29c8,conditional_components,0.022029586,0.006801091045794443,98a5c8a94f8fffe8d059b250
34,40ff26db57543a2e04d614a2673223c06b0013e1038bdf2ae2f5b03876360c7b,variable_elimination,0.00203436,0.021449468679558145,dd1d41678a1f301bad203ee4
34,40ff26db57543a2e04d614a2673223c06b0013e1038bdf2ae2f5b03876360c7b,conditional_components,0.3880329,0.0076971266351268,dd1d41678a1f301bad203ee4
34,01d37088684ee996d8327fbdf736d252c573d8950c7579a88a8b32f70774fa6e,variable_elimination,0.001972944,0.03173603079860376,a402b0a57359db38708ca757
34,01d37088684ee996d8327fbdf736d252c573d8950c7579a88a8b32f70774fa6e,conditional_components,0.207395289,0.009021762124909448,a402b0a57359db38708ca757
34,c49189fa5f4076a5b9eec0ed3b22dfe8fc32d4acfe4d83a07792654e4ad0052e,variable_elimination,0.002026824,0.03182654382506924,2d6bc25b94a834d72075fad8
34,c49189fa5f4076a5b9eec0ed3b22dfe8fc32d4acfe4d83a07792654e4ad0052e,conditional_components,0.102302906,0.004808603467358913,2d6bc25b94a834d72075fad8
34,6c3d94d27c7099906f493be0921799aaa8740038a7d3f61cf8fb580e5aee7299,variable_elimination,0.002117205,0.01769458155689191,89fa954c1f2dd328dbe5241d
34,6c3d94d27c7099906f493be0921799aaa8740038a7d3f61cf8fb580e5aee7299,conditional_components,0.107562877,0.005689293486066641,89fa954c1f2dd328dbe5241d
34,d3d012aa559820733c4e7bd4274687442afec6f4cd442c0a8c23a89090e28fe2,variable_elimination,0.0019764,0.034058821485175965,f2a72f4a72b1edcc3b56e7b3
34,d3d012aa559820733c4e7bd4274687442afec6f4cd442c0a8c23a89090e28fe2,conditional_components,0.106389767,0.0237298831391819,f2a72f4a72b1edcc3b56e7b3
34,70192f93136a4aa5963522f96c9a7f517433d7273436fbf2dedd8d83a09f911e,variable_elimination,0.001991666,0.024275828424486993,3c42c56ac2c3e9874903dd10
34,70192f93136a4aa5963522f96c9a7f517433d7273436fbf2dedd8d83a09f911e,conditional_components,0.025366082,0.023705565775777752,3c42c56ac2c3e9874903dd10
34,826ba7994054d64f6a0a5f8bfabeed569b2e12867621a7199089203d557da4a2,variable_elimination,0.002053876,0.0330464396161961,d3cb05d25cf9a5885b34515c
34,826ba7994054d64f6a0a5f8bfabeed569b2e12867621a7199089203d557da4a2,conditional_components,0.208845925,0.008421318825053122,d3cb05d25cf9a5885b34515c
34,a4c59f34253e689538bf8fc81b5244e1182ec756125d35bc3feaa945cecda4f2,variable_elimination,0.002050956,0.07183455556781396,6f46c12dad154e511a499ee5
34,a4c59f34253e689538bf8fc81b5244e1182ec756125d35bc3feaa945cecda4f2,conditional_components,0.025577542,0.011508002666397078,6f46c12dad154e511a499ee5
34,e1180d4cf0fd9a1a016cb4085ef6c549a017fcf79488d7d40e8429aa2cd429b6,variable_elimination,0.002012977,0.29012265009289206,055b0b2fc34dafc146e616b5
34,e1180d4cf0fd9a1a016cb4085ef6c549a017fcf79488d7d40e8429aa2cd429b6,conditional_components,0.02256202,0.02812255966337903,055b0b2fc34dafc146e616b5
34,e1180d4cf0fd9a1a016cb4085ef6c549a017fcf79488d7d40e8429aa2cd429b6,variable_elimination,0.00202628,0.0318961113377141,25f5e070698323595ed93fc3
34,e1180d4cf0fd9a1a016cb4085ef6c549a017fcf79488d7d40e8429aa2cd429b6,conditional_components,0.022466919,0.1024757662865242,25f5e070698323595ed93fc3
33,0b58bd08c25e0a0837f584af6665fb4ebbc70e104b3e7b9b48c5d4e8e6bfdbc1,variable_elimination,0.001975493,0.026013748482009682,8fd1d97f74da6f12189f1855
33,0b58bd08c25e0a0837f584af6665fb4ebbc70e104b3e7b9b48c5d4e8e6bfdbc1,conditional_components,0.216211439,0.008229706542604414,8fd1d97f74da6f12189f1855
33,36415956b8bf259cec4108c4a57075645a4c2aa64007a0bedf6b9dd9a3773967,variable_elimination,0.002100826,0.018945077842670643,47b10de23cded707ad0edac6
33,36415956b8bf259cec4108c4a57075645a4c2aa64007a0bedf6b9dd9a3773967,conditional_components,0.11261197,0.02039661628244457,47b10de23cded707ad0edac6
33,6a5e75a0d5a78bda9a1c5f47078ac093e095fecc2cb74bae4e6a3e7a1b2bba3e,variable_elimination,0.002036526,0.024258974182666815,febb820648b5094e31f1ae24
33,6a5e75a0d5a78bda9a1c5f47078ac093e095fecc2cb74bae4e6a3e7a1b2bba3e,conditional_components,0.406446358,0.008849001798132796,febb820648b5094e31f1ae24
35,48dcc1fc60e21011b503db0fb50e241270695f537837f8b3ff3f74264713f29a,variable_elimination,0.002092157,0.025166113705488543,4b3f8585c842565370a079f4
35,48dcc1fc60e21011b503db0fb50e241270695f537837f8b3ff3f74264713f29a,conditional_components,0.384665305,0.01717385510863179,4b3f8585c842565370a079f4
35,b65cb8c150d467ac89d03636e026343bcf436910db5dfb36e5ec41491ea3d561,variable_elimination,0.002034813,0.029091529793969527,98d46ac5673318359756eb85
35,b65cb8c150d467ac89d03636e026343bcf436910db5dfb36e5ec41491ea3d561,conditional_components,0.207124386,0.0050564074757685614,98d46ac5673318359756eb85
35,4ac493b44077c5c0a56f6821815011f0652569deb855c71954f1839feb166739,variable_elimination,0.002042962,0.04867894337701431,a43e22182b804026c91dbc60
35,4ac493b44077c5c0a56f6821815011f0652569deb855c71954f1839feb166739,conditional_components,0.102686396,0.015667890665556575,a43e22182b804026c91dbc60
35,2f0aa7fbd2f85b6a3162281e3d1d39e7c84b06672c7a11d6233dff5e6b79c381,variable_elimination,0.002100827,0.03858196121035597,873d29570fd706bc4cf5c9e3
35,2f0aa7fbd2f85b6a3162281e3d1d39e7c84b06672c7a11d6233dff5e6b79c381,conditional_components,0.108890041,0.015170359347577428,873d29570fd706bc4cf5c9e3
35,24dc8fca8c9e051cced615186721f5f7f3b4f2883bd54c6564413e256000b6df,variable_elimination,0.002015379,0.033100856808097774,2c1bfdfedbb3a3e9af9955ec
35,24dc8fca8c9e051cced615186721f5f7f3b4f2883bd54c6564413e256000b6df,conditional_components,0.108013461,0.005269598522475777,2c1bfdfedbb3a3e9af9955ec
35,2eebf41d2c38ad50237b2c61cacdef1f825db70a8c43630fa30a3321b0e09184,variable_elimination,0.002023799,0.024243748869809897,ba94e3fe6fa73605656c795c
35,2eebf41d2c38ad50237b2c61cacdef1f825db70a8c43630fa30a3321b0e09184,conditional_components,0.026734123,0.008862504484492691,ba94e3fe6fa73605656c795c
35,d8d77fa2c51e1f3068d065619bd1ce1d5b5cae265e1e81efb330d0925d739a6c,variable_elimination,0.002111765,0.018532734167972638,65274611314a6996716d6cb9
35,d8d77fa2c51e1f3068d065619bd1ce1d5b5cae265e1e81efb330d0925d739a6c,conditional_components,0.20757755,0.011410861080777815,65274611314a6996716d6cb9
35,24affd050efb3f6607e681f88e2b4aec2e2ea096b9ac1d723022414362b47dfd,variable_elimination,0.002060057,0.030353182722022004,9782698f87635cbe9820f2ed
35,24affd050efb3f6607e681f88e2b4aec2e2ea096b9ac1d723022414362b47dfd,conditional_components,0.027156889,0.004166391296769504,9782698f87635cbe9820f2ed
35,0f4dbc66261987fc2579b0ec3335ad2c4d8b44b9093750be3ae1e6f91a1a83a2,variable_elimination,0.002068315,0.04028914203970458,1938a789903580efe46eec33
35,0f4dbc66261987fc2579b0ec3335ad2c4d8b44b9093750be3ae1e6f91a1a83a2,conditional_components,0.02325248,0.005326066542533773,1938a789903580efe46eec33
34,7e1e14c4fc02ac89b728b04cdb27b516f6ca4fdaffb848261d14a6404bb587dd,variable_elimination,0.0019962,0.026818865550174768,b71100d308ab07e134e7eaa8
34,7e1e14c4fc02ac89b728b04cdb27b516f6ca4fdaffb848261d14a6404bb587dd,conditional_components,0.218549806,0.01544522303989442,b71100d308ab07e134e7eaa8
34,8dfc4b36ecf14401a45872f2242feb30682c6d6b14c089eb2861466b39284a66,variable_elimination,0.0020779,0.037072945156357014,fbc76778f105cf230499c8f5
34,8dfc4b36ecf14401a45872f2242feb30682c6d6b14c089eb2861466b39284a66,conditional_components,0.112688557,0.008981444499814946,fbc76778f105cf230499c8f5
34,523dc5c214ed04fde10c437a1df88743d171ab75bd04974047935b38df6758ab,variable_elimination,0.002078585,0.025744211138263997,a175c6233a97fd323a97cdd6
34,523dc5c214ed04fde10c437a1df88743d171ab75bd04974047935b38df6758ab,conditional_components,0.408053766,0.008541448731766096,a175c6233a97fd323a97cdd6
35,266ee24cbfd075c7421f1477e4a58d8204874df9acbc08da817b39e0f9b6db66,variable_elimination,0.002051357,0.025491780926345325,34b525d2dd6a55dd2b31a5e2
35,266ee24cbfd075c7421f1477e4a58d8204874df9acbc08da817b39e0f9b6db66,conditional_components,0.217781486,0.027845851319702648,34b525d2dd6a55dd2b31a5e2
33,4f9e67aae1af6c60930f4c8228d45e6cd0a3e15b090d0b1a307bcc1c20359f8a,variable_elimination,0.001900832,0.04550085074435725,7e60bf971fede92ec32dbfa0
33,4f9e67aae1af6c60930f4c8228d45e6cd0a3e15b090d0b1a307bcc1c20359f8a,conditional_components,0.057466723,0.025365846347717016,7e60bf971fede92ec32dbfa0
33,690ebcebc37064d0fc4f87be2dbecc5f6f16f2ac049c1f199e3ae24aedcc51a2,variable_elimination,0.001971595,0.056303254424976155,8be8de72dbb38028c4f9018e
33,690ebcebc37064d0fc4f87be2dbecc5f6f16f2ac049c1f199e3ae24aedcc51a2,conditional_components,0.031637097,0.004150584315744839,8be8de72dbb38028c4f9018e
33,c0ca4ee34e5ea5d5a0e4fcdf3fd6441d707eeb0c2b2f208a0e5b64f480f81626,variable_elimination,0.002008566,0.20334627852800002,30c20391a2f08f43886a718c
33,c0ca4ee34e5ea5d5a0e4fcdf3fd6441d707eeb0c2b2f208a0e5b64f480f81626,conditional_components,0.025088992,0.008197544952552212,30c20391a2f08f43886a718c
33,c0ca4ee34e5ea5d5a0e4fcdf3fd6441d707eeb0c2b2f208a0e5b64f480f81626,variable_elimination,0.002054463,0.05299996119545406,9af12029a5ed306547a13652
33,c0ca4ee34e5ea5d5a0e4fcdf3fd6441d707eeb0c2b2f208a0e5b64f480f81626,conditional_components,0.025433927,0.0829591388862854,9af12029a5ed306547a13652
33,d983bb931933500c70dfb32d4fd18a67c470d30ae56b8733385bfddf5b847c7d,variable_elimination,0.001894594,0.03957052249962442,22de209492bcc8f4b985f7a0
33,d983bb931933500c70dfb32d4fd18a67c470d30ae56b8733385bfddf5b847c7d,conditional_components,0.031909873,0.00303457079754618,22de209492bcc8f4b985f7a0
33,8de9e0c18d164fde7ec992f41dddf7d39706e6bfbc8b1b7fb92fc6bc8f83080a,variable_elimination,0.001937131,0.03189870147740632,3b2d29641f6f3d0acb4ec8ac
33,8de9e0c18d164fde7ec992f41dddf7d39706e6bfbc8b1b7fb92fc6bc8f83080a,conditional_components,0.813118732,0.013669751673736375,3b2d29641f6f3d0acb4ec8ac
34,8906ad0973de5340555ca905f1d96cf7f987718d714315da38486796d548fb86,variable_elimination,0.001930918,0.034038983548499685,acbeb7316e3f339ac9e02905
34,8906ad0973de5340555ca905f1d96cf7f987718d714315da38486796d548fb86,conditional_components,0.05905657,0.022098877331277824,acbeb7316e3f339ac9e02905
34,fb0c6bcfe66be5e2e06e006de2b30c8bff729abf672c4a31eda7e5adba8349f0,variable_elimination,0.002028421,0.04334741159069186,f777b99621032239b4978639
34,fb0c6bcfe66be5e2e06e006de2b30c8bff729abf672c4a31eda7e5adba8349f0,conditional_components,0.033294725,0.0061180612981720445,f777b99621032239b4978639
34,bab20ab4e1719b93d0eb25e80309e6479862dbade61fd2fb3dfbe51ab18af29e,variable_elimination,0.002106437,0.036789851316162255,487bfa892bea8ad59c5a7c7c
34,bab20ab4e1719b93d0eb25e80309e6479862dbade61fd2fb3dfbe51ab18af29e,conditional_components,0.027616391,0.023177307494644854,487bfa892bea8ad59c5a7c7c
34,f3d66a5abc2a3b44532e28bcfca11bf71871aa1406e06e4ba655845e9a1f33cb,variable_elimination,0.002074328,0.023769346495194795,92c58df642f5623a86f0b0bc
34,f3d66a5abc2a3b44532e28bcfca11bf71871aa1406e06e4ba655845e9a1f33cb,conditional_components,0.032410354,0.048642655206910176,92c58df642f5623a86f0b0bc
34,fcd3ae0a4a06ccc9ac23334ca0629db6da2ed7f81169778dd882ff0e9616811a,variable_elimination,0.001999964,0.031765870458899656,9cce68946a5d87857892f318
34,fcd3ae0a4a06ccc9ac23334ca0629db6da2ed7f81169778dd882ff0e9616811a,conditional_components,0.823664551,0.017479305910419914,9cce68946a5d87857892f318
37,c9681917479440d5ae60f4cc5b2a626a608a917be462cf77506357fbb9bcfd58,variable_elimination,0.002288954,0.05588687329236465,7215a02c8439c9983e24f791
37,c9681917479440d5ae60f4cc5b2a626a608a917be462cf77506357fbb9bcfd58,conditional_components,0.060382265,0.006205181259508638,7215a02c8439c9983e24f791
37,8f52656f52635e4c3191bef0759df791aeb1279848d782c1ef61b03036cc3e86,variable_elimination,0.002261191,0.035123452809895366,f3b781234bb28e300cffc4f7
37,8f52656f52635e4c3191bef0759df791aeb1279848d782c1ef61b03036cc3e86,conditional_components,0.118936332,0.024040699281740536,f3b781234bb28e300cffc4f7
37,25a448f7183bd9486d5116be5cb91110191235d082e468b1095d5fc9f2bb8022,variable_elimination,0.002261748,0.04761648411962715,a0bab68d2370a4c85b9f2b5e
37,25a448f7183bd9486d5116be5cb91110191235d082e468b1095d5fc9f2bb8022,conditional_components,0.083055704,0.0026410879385891,a0bab68d2370a4c85b9f2b5e
37,2fe2d2e7772b9dddc8011b8edd79b9623b3edccdcae7b2f51b9ae5707543730c,variable_elimination,0.00241356,0.04108065168552258,7f4aa5a40f1992f4f016db95
37,2fe2d2e7772b9dddc8011b8edd79b9623b3edccdcae7b2f51b9ae5707543730c,conditional_components,0.050357271,0.05418390724559814,7f4aa5a40f1992f4f016db95
40,278a38df2fd9119a87317d483e6fde159164be0edc49223af9c3e3a6db7b98a2,variable_elimination,0.002713172,0.02897418821878898,687146cc90cdd0d310b8b327
40,278a38df2fd9119a87317d483e6fde159164be0edc49223af9c3e3a6db7b98a2,conditional_components,0.806746038,0.005462607637381783,687146cc90cdd0d310b8b327
37,fbb2e61bd9bb4e9773af278f290b61d2436d69388d24f24253919cd93ec4ac43,variable_elimination,0.002562892,0.10834013604303246,df499d16b0bd483510f4a56f
37,fbb2e61bd9bb4e9773af278f290b61d2436d69388d24f24253919cd93ec4ac43,conditional_components,0.096683404,0.027697407888904207,df499d16b0bd483510f4a56f
37,a37c064014c15df81604023e7112adcb9eeaf117a4f4a7bd4e799745d8550287,variable_elimination,0.002262862,0.031815429574325205,c76c8d8dc5233fdf09f23730
37,a37c064014c15df81604023e7112adcb9eeaf117a4f4a7bd4e799745d8550287,conditional_components,0.228261395,0.029857220731511595,c76c8d8dc5233fdf09f23730
37,019440ea2c65b91dde3699d81c8d28e9704705740307630b61c87a6eb265ed7c,variable_elimination,0.002383532,0.03058901968868356,4b3d8de1f372009533634a89
37,019440ea2c65b91dde3699d81c8d28e9704705740307630b61c87a6eb265ed7c,conditional_components,0.075595965,0.03133150435276378,4b3d8de1f372009533634a89
37,6b3b318bddc37b3ee7c755c77e0a09c58724f54a8a87f4c33793f7c1a6168114,variable_elimination,0.002253212,0.029006057560779182,80371a9e6b997eebcaec8464
37,6b3b318bddc37b3ee7c755c77e0a09c58724f54a8a87f4c33793f7c1a6168114,conditional_components,0.136013144,0.0067317563650743555,80371a9e6b997eebcaec8464
37,ca7790c684b7293477079c195062e91001c1154683fe9cddd1a54a219b61bb85,variable_elimination,0.002282254,0.03478046676227904,130e6492ab88fa65aeef49e6
37,ca7790c684b7293477079c195062e91001c1154683fe9cddd1a54a219b61bb85,conditional_components,0.045123315,0.15934429331039876,130e6492ab88fa65aeef49e6
37,ca7790c684b7293477079c195062e91001c1154683fe9cddd1a54a219b61bb85,variable_elimination,0.002307954,0.02730412945567286,658f25716f2e37ea43ef591a
37,ca7790c684b7293477079c195062e91001c1154683fe9cddd1a54a219b61bb85,conditional_components,0.045335019,0.053159598389569324,658f25716f2e37ea43ef591a
37,029cdab8b81c2495a5e2c5c9c3744fcc1736127c8fd73844dd671fa22d8983f2,variable_elimination,0.002320035,0.03216596346991333,8be1e55279a5973260d26b17
37,029cdab8b81c2495a5e2c5c9c3744fcc1736127c8fd73844dd671fa22d8983f2,conditional_components,0.816738924,0.004690775874513034,8be1e55279a5973260d26b17
37,985e156e3c29e9c0bbd120eaf6a6db496a25a4f6210ed34413d72191f0c509e6,variable_elimination,0.002532019,0.03898869228500469,c439da4fefe2fc7862391528
37,985e156e3c29e9c0bbd120eaf6a6db496a25a4f6210ed34413d72191f0c509e6,conditional_components,0.229850403,0.013880209587729111,c439da4fefe2fc7862391528
38,7293a9f699602ee41b61f48b50097ceb05e07cdca23130790f824b48dff387b4,variable_elimination,0.002345897,0.02938236680657088,dbe5c69251ed6c81879d7e3f
38,7293a9f699602ee41b61f48b50097ceb05e07cdca23130790f824b48dff387b4,conditional_components,0.222272078,0.01757995356991515,dbe5c69251ed6c81879d7e3f
38,6140a699a722406368e5ba7bb447c5430b870486ec79471e0e6b443b101ad1ff,variable_elimination,0.002308481,0.05153697706964672,00018fd0484b7749baba0e30
38,6140a699a722406368e5ba7bb447c5430b870486ec79471e0e6b443b101ad1ff,conditional_components,0.039709372,0.06375857186976555,00018fd0484b7749baba0e30
38,08ea3b6be1cdacb1d8e14e86fc106093c84c7c7d1078a7912ba56cfb4b1a06df,variable_elimination,0.002267908,0.028605118161095858,0252fa55ea9b9498747692b6
38,08ea3b6be1cdacb1d8e14e86fc106093c84c7c7d1078a7912ba56cfb4b1a06df,conditional_components,0.159596274,0.009256235988629187,0252fa55ea9b9498747692b6
38,7c2b9b9ad6333beb7bdaa9931f7fa0d04c5abfae0a92703e933e67eed24fbd21,variable_elimination,0.002584816,0.045757918719498816,0af9aa2521be34f0bef3f6ff
38,7c2b9b9ad6333beb7bdaa9931f7fa0d04c5abfae0a92703e933e67eed24fbd21,conditional_components,0.017622067,0.007701818381807555,0af9aa2521be34f0bef3f6ff
38,0a4f70e3042805349a98302f0bd40b9dbdde3650281373d7a27586dfcc0c88fa,variable_elimination,0.00247943,0.03509208359571246,818ce2c879d6fc6c0ddecfa5
38,0a4f70e3042805349a98302f0bd40b9dbdde3650281373d7a27586dfcc0c88fa,conditional_components,0.218775501,0.0033733652895639255,818ce2c879d6fc6c0ddecfa5
38,9370def401f33c6ca37be0b982dd35cf89756d865a7db92c7483fa088c16d7cf,variable_elimination,0.002461274,0.017869378778149304,9dff8a907d2e8c4f5a5c9e48
38,9370def401f33c6ca37be0b982dd35cf89756d865a7db92c7483fa088c16d7cf,conditional_components,0.433945037,0.0059224601726836175,9dff8a907d2e8c4f5a5c9e48
38,94d8d9ad03f9e87f99cc68ad184ffcbafd7ce7ac060b7ed137c169040f06f000,variable_elimination,0.002389746,0.029343647149543853,a5ea9eeb75c87c5415f1bc67
38,94d8d9ad03f9e87f99cc68ad184ffcbafd7ce7ac060b7ed137c169040f06f000,conditional_components,0.222962826,0.021987600715341664,a5ea9eeb75c87c5415f1bc67
38,48779d186c8248743f955607cb3830dd60d0f07d11325ef4c15799ba3f12ff3b,variable_elimination,0.002453684,0.15446426640608688,ecf3abd1be42be2776d5e951
38,48779d186c8248743f955607cb3830dd60d0f07d11325ef4c15799ba3f12ff3b,conditional_components,0.122567109,0.019508843870448184,ecf3abd1be42be2776d5e951
38,48779d186c8248743f955607cb3830dd60d0f07d11325ef4c15799ba3f12ff3b,variable_elimination,0.002406768,0.027726230588758227,db698414784bc2c6cbe39ea5
38,48779d186c8248743f955607cb3830dd60d0f07d11325ef4c15799ba3f12ff3b,conditional_components,0.123040292,0.01663823656117939,db698414784bc2c6cbe39ea5
38,bb27d395d3b03015de6cdc4479e0e366f94e1a9d66191db7ca71e13bcf5a21f9,variable_elimination,0.002479935,0.020651743042070892,42a243f0468dc958d1017ed4
38,bb27d395d3b03015de6cdc4479e0e366f94e1a9d66191db7ca71e13bcf5a21f9,conditional_components,0.218518475,0.006772761621594778,42a243f0468dc958d1017ed4
38,ea6cdfc45e8859e83fa92fc89f475066b9d9e1dd6b79cec10db9c557ae9807dd,variable_elimination,0.00250686,0.050411600817980316,6992bbf453687fada1925500
38,ea6cdfc45e8859e83fa92fc89f475066b9d9e1dd6b79cec10db9c557ae9807dd,conditional_components,0.253370129,0.017109845642588342,6992bbf453687fada1925500
36,4c56e7bf05717a440d066851d0716279ac1841b4d86c6be1d11c28cbba4f2b62,variable_elimination,0.002240304,0.027417049833345256,361ece0c1651221a71259c4a
36,4c56e7bf05717a440d066851d0716279ac1841b4d86c6be1d11c28cbba4f2b62,conditional_components,0.071254405,0.03928060439787237,361ece0c1651221a71259c4a
36,69268e48067b04bb086b31404eb15866e1d86baf7d732f3542b4726be97645ed,variable_elimination,0.00218948,0.028485858862643147,d6691cde570c0822316a2fd6
36,69268e48067b04bb086b31404eb15866e1d86baf7d732f3542b4726be97645ed,conditional_components,0.034325733,0.042939649481480394,d6691cde570c0822316a2fd6
36,edc607ffa6d79241fa2ba19a697337ae4fdbe8aba2d2da7f0bd3516bca1e44f9,variable_elimination,0.002230258,0.03095503426268051,85b64de9b2931f8429ac75be
36,edc607ffa6d79241fa2ba19a697337ae4fdbe8aba2d2da7f0bd3516bca1e44f9,conditional_components,0.059838913,0.027274058431196995,85b64de9b2931f8429ac75be
36,b16bdc5b2f0318e1dfa95c9cee7362bd8b61147f8bc1ac3b8f067a598b0cd318,variable_elimination,0.002173382,0.03854414782049971,ed92fc0034fd6d723066bda5
36,b16bdc5b2f0318e1dfa95c9cee7362bd8b61147f8bc1ac3b8f067a598b0cd318,conditional_components,0.114191849,0.0020071098240684922,ed92fc0034fd6d723066bda5
36,fedf8bfcd82be0fa1321242387a16e827be37dd61fab82f3ef35ebda05f8651e,variable_elimination,0.002181947,0.034501682407348834,8fec92e65d235207ccbe4be9
36,fedf8bfcd82be0fa1321242387a16e827be37dd61fab82f3ef35ebda05f8651e,conditional_components,0.057780736,0.005572618930827011,8fec92e65d235207ccbe4be9
36,a6d2a913d78ed5463ce42107dd4cd0d610738e3592d583ef07de2aff1ffeec4a,variable_elimination,0.002691378,0.08766107213339948,3a857593d140f4af3e68b4c5
36,a6d2a913d78ed5463ce42107dd4cd0d610738e3592d583ef07de2aff1ffeec4a,conditional_components,0.037034902,0.07546911384101064,3a857593d140f4af3e68b4c5
39,973ecdd0f6b5f07cf3c07473cc908fa2e89a2781fced828465bbcb4701ccdd66,variable_elimination,0.002403953,0.017229631674134962,9d4e407fd496346e41f2834f
39,973ecdd0f6b5f07cf3c07473cc908fa2e89a2781fced828465bbcb4701ccdd66,conditional_components,0.117269282,0.02891907836354102,9d4e407fd496346e41f2834f
39,c7966a893631af06a59b7d7d494d6931ed13e5d18639c5eda497c4deb5e80a5a,variable_elimination,0.002641436,0.576747846741731,a8cc788fec64aa3603a4697d
39,c7966a893631af06a59b7d7d494d6931ed13e5d18639c5eda497c4deb5e80a5a,conditional_components,0.418040854,0.002882465325992879,a8cc788fec64aa3603a4697d
39,c7966a893631af06a59b7d7d494d6931ed13e5d18639c5eda497c4deb5e80a5a,variable_elimination,0.002528117,0.5815264723856304,b3c7aa9e65e1c2a45f98fa05
39,c7966a893631af06a59b7d7d494d6931ed13e5d18639c5eda497c4deb5e80a5a,conditional_components,0.419034354,0.0056548818584977074,b3c7aa9e65e1c2a45f98fa05
39,c7966a893631af06a59b7d7d494d6931ed13e5d18639c5eda497c4deb5e80a5a,variable_elimination,0.002510079,0.578253947209765,ff7953d2e70bb5c2019ab0f9
39,c7966a893631af06a59b7d7d494d6931ed13e5d18639c5eda497c4deb5e80a5a,conditional_components,0.419592197,0.021184567467794888,ff7953d2e70bb5c2019ab0f9
39,c7966a893631af06a59b7d7d494d6931ed13e5d18639c5eda497c4deb5e80a5a,variable_elimination,0.002530593,0.5275323776091929,c7370c5e0bc5695a0cb838c8
39,c7966a893631af06a59b7d7d494d6931ed13e5d18639c5eda497c4deb5e80a5a,conditional_components,0.418368531,0.010732938581903863,c7370c5e0bc5695a0cb838c8
39,3b75bac38b5b83f980cb6d63c1252598514eebb6d38261cb4ff79b603b67ab01,variable_elimination,0.002665092,0.020420482388037835,557541adbe6d840482a02660
39,3b75bac38b5b83f980cb6d63c1252598514eebb6d38261cb4ff79b603b67ab01,conditional_components,0.463460622,0.010968961648785724,557541adbe6d840482a02660
39,d725d3769b230dc5ab7617c7a35ce4997d9bb58541ccf7c9704edb03b366f456,variable_elimination,0.002344218,0.040915384216430144,d79bca491b8fa1a1714b744d
39,d725d3769b230dc5ab7617c7a35ce4997d9bb58541ccf7c9704edb03b366f456,conditional_components,0.039008408,0.0624175011862569,d79bca491b8fa1a1714b744d
39,67fde0a13065de25107612807a3b49cdf65e7508f138a237839c0d182e6d837b,variable_elimination,0.002458463,0.02556284563144838,e63bbb28f6b23a3c97b12519
39,67fde0a13065de25107612807a3b49cdf65e7508f138a237839c0d182e6d837b,conditional_components,0.174763876,0.023682970767083655,e63bbb28f6b23a3c97b12519
42,c9536901b0d4d29f04e49897dc817a1892189a1633ebf285136021cdaeb3175d,variable_elimination,0.002868212,0.026286262650901494,1ec75587fee83d3e180267bb
42,c9536901b0d4d29f04e49897dc817a1892189a1633ebf285136021cdaeb3175d,conditional_components,0.494032721,0.021638623168108606,1ec75587fee83d3e180267bb
41,2df8a4b3ebffd24073fec83dcf04281d1d6cb5b5ea982013a65d524ba660643a,variable_elimination,0.002798763,0.02157235953781478,2ac5b1fed68ec85e7a5aeac0
41,2df8a4b3ebffd24073fec83dcf04281d1d6cb5b5ea982013a65d524ba660643a,conditional_components,0.253960703,0.004853015367187354,2ac5b1fed68ec85e7a5aeac0
41,99d3f0a27e406e267d130b7328de8b4c8d987a981481d14e1727f90e2f818f73,variable_elimination,0.002788864,0.6610296690599223,3b4abfbd9f99b22d53158101
41,99d3f0a27e406e267d130b7328de8b4c8d987a981481d14e1727f90e2f818f73,conditional_components,0.043807236,0.00999177129630489,3b4abfbd9f99b22d53158101
41,99d3f0a27e406e267d130b7328de8b4c8d987a981481d14e1727f90e2f818f73,variable_elimination,0.002701628,0.5853328486682866,24a33f2b488f43aac8491619
41,99d3f0a27e406e267d130b7328de8b4c8d987a981481d14e1727f90e2f818f73,conditional_components,0.043860533,0.023473065295966596,24a33f2b488f43aac8491619
41,99d3f0a27e406e267d130b7328de8b4c8d987a981481d14e1727f90e2f818f73,variable_elimination,0.002658283,0.5703380790180415,6663153c16da4b600ace483b
41,99d3f0a27e406e267d130b7328de8b4c8d987a981481d14e1727f90e2f818f73,conditional_components,0.043510763,0.00690488642064403,6663153c16da4b600ace483b
41,99d3f0a27e406e267d130b7328de8b4c8d987a981481d14e1727f90e2f818f73,variable_elimination,0.002651895,0.5169979990547963,0550adadc046afd765dbbb74
41,99d3f0a27e406e267d130b7328de8b4c8d987a981481d14e1727f90e2f818f73,conditional_components,0.043671217,0.02316989612239311,0550adadc046afd765dbbb74
37,1f040c288ab26964a8fcd93d485d7118eadb172764813ef93be7485341267258,variable_elimination,0.002320077,0.030577776436771155,8e9e5f66e36a6afc21f7f7a5
37,1f040c288ab26964a8fcd93d485d7118eadb172764813ef93be7485341267258,conditional_components,0.449459871,0.006189634132902783,8e9e5f66e36a6afc21f7f7a5
37,24d9ce433c8167e4ee31521a082b4b03ca68b5a3eb6e0e098cac378a2e4557cd,variable_elimination,0.002274558,0.038077256251767416,d111b8a3733d1092d5ea34d7
37,24d9ce433c8167e4ee31521a082b4b03ca68b5a3eb6e0e098cac378a2e4557cd,conditional_components,0.440504085,0.011545720726793269,d111b8a3733d1092d5ea34d7
37,0c0cf1af5a68e39aedc1dd071bef4eb312c435f8e94e87214c58096f205e74ed,variable_elimination,0.002280429,0.03784483924927985,21a7d3b97b42cb597c5a37e1
37,0c0cf1af5a68e39aedc1dd071bef4eb312c435f8e94e87214c58096f205e74ed,conditional_components,0.142611386,0.027961635184055627,21a7d3b97b42cb597c5a37e1
37,81623d285c0fb8d60e7fd807ee8bac686f3e7c7aa70e8a29df721c18da687b2c,variable_elimination,0.002150847,0.038046633968402514,f0797b4f3d6aa15895097a72
37,81623d285c0fb8d60e7fd807ee8bac686f3e7c7aa70e8a29df721c18da687b2c,conditional_components,0.03472349,0.12535224424023758,f0797b4f3d6aa15895097a72
37,81623d285c0fb8d60e7fd807ee8bac686f3e7c7aa70e8a29df721c18da687b2c,variable_elimination,0.002212139,0.10219724488316248,6cff97e48663a5929a190f7f
37,81623d285c0fb8d60e7fd807ee8bac686f3e7c7aa70e8a29df721c18da687b2c,conditional_components,0.035174243,0.06590119484286892,6cff97e48663a5929a190f7f
37,0f9fab091d683dbe854574f0867d35d84692883d9ed40c33b36c4ec2e8b8d01a,variable_elimination,0.002346382,0.023839136715377553,3347961582d4fcd9a405c90a
37,0f9fab091d683dbe854574f0867d35d84692883d9ed40c33b36c4ec2e8b8d01a,conditional_components,0.856027431,0.01135730010766511,3347961582d4fcd9a405c90a
37,6931040d838152df031a3521d89d984eeba5f72892daa95138c6d730521b2505,variable_elimination,0.002501691,0.06435322057773796,a7c74e2f3dc29ba60ea11dcb
37,6931040d838152df031a3521d89d984eeba5f72892daa95138c6d730521b2505,conditional_components,0.086330544,0.050011901574453906,a7c74e2f3dc29ba60ea11dcb
37,dfd71a4ad2c90114fa2ef3881c75e01a0230bae2a8362d396760ac691b4d8b2a,variable_elimination,0.002329129,0.030357578910708175,96ecc91a935ec7e21f201d68
37,dfd71a4ad2c90114fa2ef3881c75e01a0230bae2a8362d396760ac691b4d8b2a,conditional_components,0.243609031,0.009094857031873049,96ecc91a935ec7e21f201d68
37,644f2fe3c939c373d08fda5b6c6f48a29f76dc7291057e1c8e9598b6d71663d1,variable_elimination,0.002394604,0.043922409226303735,5c67e7d4355d593bcfdd53e8
37,644f2fe3c939c373d08fda5b6c6f48a29f76dc7291057e1c8e9598b6d71663d1,components,0.116840393,0.012915989488661456,5c67e7d4355d593bcfdd53e8
37,f7898b52708409c7e821b99ae3ee13739a97eb8adad16d061e978f1f5ddfb27d,variable_elimination,0.002260149,0.03736792564556921,944125fe1f42e7dd54eff398
37,f7898b52708409c7e821b99ae3ee13739a97eb8adad16d061e978f1f5ddfb27d,conditional_components,0.431375633,0.017621468668909356,944125fe1f42e7dd54eff398
37,f095e02f12788348924f6a78e2883611c8d209c75eaac25a918585afa0f5ae58,variable_elimination,0.002343679,0.04229482218835645,e92413aef1b749ef0c032fe3
37,f095e02f12788348924f6a78e2883611c8d209c75eaac25a918585afa0f5ae58,conditional_components,0.030304034,0.08469156222833767,e92413aef1b749ef0c032fe3
37,22367b9f3e8041f4b8971f0ea88c8f839e24ffdc61f4c4ffbdf9c65991c53b5d,variable_elimination,0.002265473,0.03062714356962053,73a7b727a1ecd55c88c29503
37,22367b9f3e8041f4b8971f0ea88c8f839e24ffdc61f4c4ffbdf9c65991c53b5d,conditional_components,0.108196721,0.007116206498931003,73a7b727a1ecd55c88c29503
41,728966d0813cd266b423d6706e3c5ec3d8a1d59551a3a474747f6d775dee95c7,variable_elimination,0.003350124,0.5164411376310531,8adcf0d2c94b562db83a6747
41,728966d0813cd266b423d6706e3c5ec3d8a1d59551a3a474747f6d775dee95c7,conditional_components,0.241065945,0.016585272257790037,8adcf0d2c94b562db83a6747
41,728966d0813cd266b423d6706e3c5ec3d8a1d59551a3a474747f6d775dee95c7,variable_elimination,0.002637893,0.5889737937408468,005b5a673dde09510d5c83dd
41,728966d0813cd266b423d6706e3c5ec3d8a1d59551a3a474747f6d775dee95c7,conditional_components,0.237121797,0.012877917700181603,005b5a673dde09510d5c83dd
41,728966d0813cd266b423d6706e3c5ec3d8a1d59551a3a474747f6d775dee95c7,variable_elimination,0.002664791,0.5814390234676975,12e867e7b14fe8c3f3294aff
41,728966d0813cd266b423d6706e3c5ec3d8a1d59551a3a474747f6d775dee95c7,conditional_components,0.237445882,0.019856299146681966,12e867e7b14fe8c3f3294aff
41,728966d0813cd266b423d6706e3c5ec3d8a1d59551a3a474747f6d775dee95c7,variable_elimination,0.002690835,0.5380517069065524,bc92d12a1db7388e67e87179
41,728966d0813cd266b423d6706e3c5ec3d8a1d59551a3a474747f6d775dee95c7,conditional_components,0.237837729,0.008901818890063088,bc92d12a1db7388e67e87179
41,f7e76382294224f2dfa1cff5621e6ae234d1f9d6b3b6680f5c25cd413ba3d45c,variable_elimination,0.004024607,0.4754955554047367,eb13255ab47a1b22431fdfcd
41,f7e76382294224f2dfa1cff5621e6ae234d1f9d6b3b6680f5c25cd413ba3d45c,conditional_components,0.60473141,0.0035546369316861556,eb13255ab47a1b22431fdfcd
41,f7e76382294224f2dfa1cff5621e6ae234d1f9d6b3b6680f5c25cd413ba3d45c,variable_elimination,0.002610538,0.6163241967830072,7fc715e6d728c78966ecdcd8
41,f7e76382294224f2dfa1cff5621e6ae234d1f9d6b3b6680f5c25cd413ba3d45c,conditional_components,0.603991129,0.00867662200804979,7fc715e6d728c78966ecdcd8
41,f7e76382294224f2dfa1cff5621e6ae234d1f9d6b3b6680f5c25cd413ba3d45c,variable_elimination,0.00262211,0.548287616257801,5f12f158ea2ad5d24e70b002
41,f7e76382294224f2dfa1cff5621e6ae234d1f9d6b3b6680f5c25cd413ba3d45c,conditional_components,0.610538962,0.012470768967849112,5f12f158ea2ad5d24e70b002
41,f7e76382294224f2dfa1cff5621e6ae234d1f9d6b3b6680f5c25cd413ba3d45c,variable_elimination,0.002627717,0.5606929891368271,10a099ead429693b93762967
41,f7e76382294224f2dfa1cff5621e6ae234d1f9d6b3b6680f5c25cd413ba3d45c,conditional_components,0.607817285,0.011563731972084376,10a099ead429693b93762967
