key,N,family,source_hash,components,edges,largest_packet,frustrated_triangles,output_hash,plan_hash,claim_type,variable_elimination_median_ms,packet_cold_median_ms,packet_warm_median_ms
packet_N001,1,packet,7325833f59230450c96369de2d88157553ba74cf79061b8ca7deb65d18ed9d74,1,0,1,0,342063cad4b14d70266579a9b91e259a60ed020877272de8046fcc07212f4db1,434f3940447065ad01160e491eae8800bf9322a16034cec6783663bdbc92cab1,NEWLY_GENERATED,0.12497801799327135,0.14660798478871584,0.03485498018562794
packet_N002,2,packet,73141e1c42f311b5f11d940783148035db054fde998c0e933f3b0a39f805b75c,1,1,2,0,2bb781fe5c8113f7f984a3a8027016f8853cdadd492b707c0b19805f8aea3026,69268cfbd3c94e158b13f2130387eadca8d6a37ca0e2a3f349ff17774008d2bc,NEWLY_GENERATED,0.3376840613782406,0.4213519860059023,0.110758061055094
packet_N003,3,packet,e70f0307eb6ca34620952ed6d3ef7cf726b6bb91926233e52a2bf480449f75a8,1,3,3,0,ec1f259ea7aeba424d8564b1745b64fdfea19f896d8bcfe86b2baa25c3b392a8,31b80c087454b1387d2ec9ece4837e0cb2d4d21fe6ab8520beee45febe3ecdfe,NEWLY_GENERATED,0.4711219808086753,0.5560709396377206,0.11302798520773649
packet_N004,4,packet,0d153a3cf147f10595d759deee32433f8a73e78eeda16adac3f6a8b2682c1f80,2,3,3,0,bf213fcf5a7ea1d51f7755eb82a8b8746a87775589def8dc655ec528a3c740b6,0ff6371df432dbec6d335d1f037815f156df532d1150f51f9b8f279321a15003,NEWLY_GENERATED,0.2052870113402605,0.35422295331954956,0.05027896258980036
packet_N005,5,packet,d73567397c280d53d0f866a4717b18b2e2bbedf94ba39a546ca4303a400fe106,2,4,3,0,e4d2e4a39a984bff6d0a927e17c5ee5681b96f97b3e827b62d9d50833c7a9e5a,5741e31906b610f13ad75b8900eb4dc061626172301663a1329fa5d187651b8e,NEWLY_GENERATED,0.6703980034217238,1.010062056593597,0.16669195611029863
packet_N006,6,packet,6af4eaa4429d8550d23cc96457e269ba4a9bb543b13f4984fd9ca8bb171b2eb7,2,6,3,0,63230fb3a4a373fa416b6098f6ba9b0e1f9116c2cb5e14bd93cb43c4e16cc78d,71ee0ab713968d845634cfd924ba2f9e03f33f4bc224241aa5d3a8586d840afc,NEWLY_GENERATED,0.764415948651731,1.1362399673089385,0.17725699581205845
packet_N007,7,packet,7c6fa2f2dc4531519986015cd750d325b38e4fd36092fe89614b479540737c9a,3,6,3,0,bf8d7871018dbab9300a26028f2d11b838bd0f561363e7d576a0cc258578187f,c6c88ccc51ab030093e30f020efd07e0047512a27fd3d75c88ad3eafe32ecf87,NEWLY_GENERATED,0.7695660460740328,1.2362480629235506,0.16564701218158007
packet_N008,8,packet,f84a74f50012a6a112935798aeeb863bf4b57897b3712397c1f7d142fdc3f837,3,7,3,0,8310238725e7da541c7a2a92fa1f21c231eea83243b2b6604a5e8b8c215f0434,ae176bed8b0ae1449ccb357a4bd365a6131149d75f499769d04008eabe0f079c,NEWLY_GENERATED,0.8121259743347764,1.3256869278848171,0.17814699094742537
packet_N009,9,packet,49446b1b72bfe045a42a200fcbd327b9e155c8d38a027395ca01d2c30eccdb90,3,9,3,0,78bb038a7b509271464e1c4608412c9c5d06e92ba0c4c978e2f75f045ee55871,10bd48aa37161065178716d83ac9f94c4cae3bc5e4ae30003ba55d90c58e106b,NEWLY_GENERATED,0.8796040201559663,1.0791309177875519,0.17727701924741268
packet_N010,10,packet,3de4f4fd20117f581d0289310bb041de0a75528aab8856a4ab2f55d71bec4194,4,9,3,0,fe07b0c047565294fd085ccb19dfcbc2c69c052c504a28cc1fc193f38e8708c6,474849829b7a92eb56337120bf053f9919710b9d5cd84d7cf45f5266e438d3a8,NEWLY_GENERATED,0.9450330398976803,1.2469979701563716,0.17226696945726871
packet_N011,11,packet,49c444913c8d2b31005f5c13a2705f340c73a13ad92cef7f435e28dafae9d716,4,10,3,0,b91b09ae64013e6fce76a1d1c29cf6c50988d234ffcb96a63ccbaf894d9d82b4,ad7567f687b19b438c2bd3be4ca8ddf9ef05c59a18a4d01cf8ee65ce5e524c3c,NEWLY_GENERATED,0.7432870334014297,0.9762030094861984,0.15378696843981743
packet_N012,12,packet,86f12ef2c7795363b85c187819549a0128246526cd404eac287410b36fdd364d,4,12,3,0,54a1d47b5312262c8960ece49b92c4ee548d57bb5aaee8a2f36c23c58b6c033d,fdd021194695451b6a5e4079fce13f6807045d47020df0d5431f1bc0520eb8d6,NEWLY_GENERATED,1.116330036893487,1.0526719270274043,0.1883369404822588
packet_N013,13,packet,0ef7e24eff99af53279f1ac166b7c2b9175c6bfc26d3c9d1196a55f4d4580c37,5,12,3,0,6d495d971e581e6ccd53aa481f050306a8fe4acc38e80d77a77445965d8aa0b5,7eb75a8a3d11317787844b0e06c530f23f05753f2669b63f8bd462f37ab0dcec,NEWLY_GENERATED,1.3007459929212928,1.2823570286855102,0.19997591152787209
packet_N014,14,packet,5311660a90460d359e73600f1db53f8c9beb5f0968c483efb804592e9aac90d3,5,13,3,0,32c296e2d4dc96726a3a54fe97015b004adf765f09df0f8535b42e16c2c60ce2,d2f005ea8a5868ddfdbbce4d758a0e4fcf9bf9546959b961999bbce3f78df434,NEWLY_GENERATED,1.330506056547165,1.4447140274569392,0.2685260260477662
packet_N015,15,packet,32ccb609f4a16dbac7434ca1e2ccf2369abc6dd4ad7e354e6bddd7b2f27fb23c,5,15,3,0,51e0160f4a17ea66be9173593f7475ceee279b085f6f15b82767c29760bb2724,8fbf55dc1c4795f75ce09b878096d7d03e76686ac945b49056b70ffb93985580,NEWLY_GENERATED,0.9628329426050186,0.7597660878673196,0.14350702986121178
packet_N016,16,packet,6a236248fd283087926262a156f32e7686b68ad214c477e1d92751c52088740d,6,15,3,0,8a0c27c2e30db010cec66769abdd3c63c2ad2f2cf1cb0ceaed496f74b2e3fd80,5a5035456007283d7a57b713d0bf64ad53717a9257693ddc31f021aaf12e5b18,NEWLY_GENERATED,1.4324539806693792,1.3148760190233588,0.2147869672626257
packet_N017,17,packet,1b23f0d7cef6123eaae577aeb7dcb965044097cead4eba6228bd83468b638915,6,16,3,0,bd5169ed72898515579bc90a7eaff0e95038b8b581abe13f9daaf55b97ca8e15,3eadec650ea65c091f13c8e397f08ba42d4c8d20be2f54005bbf346c5cd86eda,NEWLY_GENERATED,1.5726330457255244,1.4477240620180964,0.2963149454444647
packet_N018,18,packet,242cf7e04796a91789ceaa74179eebe51c121cde2e1c35fb17fa9c49cc6e68c4,6,18,3,0,12f7ad5074dba86d098bf33903852682541ff3603e79be14ae6b0212feaefac5,7cad7ecca64be4e15795dd9e924dc643759b5867c2034331fafd8649cebd0233,NEWLY_GENERATED,1.1979290284216404,0.732547021470964,0.15143805649131536
packet_N019,19,packet,6f1ec6b3c418b2dd0701edafb3ccba4df347daab5ba140fdfc2d5aae949150a6,7,18,3,0,b481b48af8f5cf91d7435b3cba73de7ff89dbd43a9e9b8c6a6f571225596d883,62b7165fc17dd487d86a711f849a9ba7fc82f2e681e88c8e49838156dcd83407,NEWLY_GENERATED,1.705349888652563,1.3491259887814522,0.2311959397047758
packet_N020,20,packet,febd784e96d0b1db283b99764ae9c78cb401ced4fb845fbc77b82b0ff63b456c,7,19,3,0,fcd1ae258aaa86b73f69acbb462849c4cc1c146cbb69c350ca0719c880b3c9e4,5fe5bb18ee0fda232f07f5b5858e6441f814146a7f168095646ddea655a10c5b,NEWLY_GENERATED,1.861726981587708,1.5020939754322171,0.3209939459338784
packet_N021,21,packet,326341bcf836a4ea34d9b0e61294f2047e710c1cd3112d1fec9b9ef416dff08d,7,21,3,0,d27aac061e198d5d6e88e1ec73b90a77af89b330472b9f38d9a154e2769cd084,113c38a2a7d943ad88aebebbbe46aa66990b915485bc662b406010a64c2080f9,NEWLY_GENERATED,0.7754670223221183,0.45288202818483114,0.10042800568044186
packet_N022,22,packet,4d8518fa2fd3a18c8d6a51eba915452cec5899522b354cfad7ff08e19c593c8f,7,22,4,0,8b9ea7f9f0bc4a57fba04aa3cbc9cb127b9651eb5148ca227287e788050b610d,50e969fb3378cc2e8c0d40d133fb7ef611b42d7d3ad13da175e4b76e1ce9310e,NEWLY_GENERATED,1.5974619891494513,0.9365440346300602,0.2526400494389236
packet_N023,23,packet,e34f4639428a2a507a5089050f19da7f826717fed2776a550e1e53a727238a7f,7,24,5,0,7d3e202ae5cac6dccbe0bc74419d68b3e67e5ce24db86dab9a9e7871ab76a217,951be43ffc8cb64d4de7173c5a06e44441169ed9441fda7ab24900f756675d01,NEWLY_GENERATED,2.3477880749851465,1.4039149973541498,0.30395499197766185
packet_N024,24,packet,3d5b3f0701ec8d40fa8b5cae4609263b1ebf98c8bd14f2c8fec5196ab39ed369,7,27,6,0,9eaba18452a919c481e932cf0a7e7ab26196b30e39ee167bf1899fe0151184cd,8ffeeed0a54451ff5da2ad0ed1a9d2f3507c408367ec12d212df2a0dc8688cf9,NEWLY_GENERATED,2.763070981018245,1.835618051700294,0.400292978156358
packet_N025,25,packet,a4dd978061cbd6de6124c91d8691a7a3e281963dc351a602cba9751c3a50a672,7,28,6,0,6af7c3c783a14f5d6a52af38520d20276c016e0ba6cfd42c3d0f1af21b288909,94d02c2b1c0596b12fc87e74b027091d07f43855b7c494d138bab088de06da47,NEWLY_GENERATED,2.8942390345036983,2.4001479614526033,0.4300525179132819
packet_N026,26,packet,9381030af9bf54be541c903cd0f95abffc5589d6dc465db32ac516af7a559e63,7,30,6,0,852d7b18be0e583fc6b268d6fe48706b5da6c5eedeba8c1e766974ef262e57c4,270ed65841283422e0963e1c74eda8d6556116c890afe5333f3eb4fc7044260a,NEWLY_GENERATED,3.0629760585725307,2.5164849357679486,0.4534419858828187
packet_N027,27,packet,5070bcc9ad88bc5156aed0e73a5b8d5208dc3947baabb4f32d8c4b948167d2f2,7,33,6,0,e18f4aefc691499f92b65f183e7d43c5ac5a66e783be45553dcfec2d62fbc5af,dbff3864ad45c9f44597637fff2642ef4f24d36513d002f7bb95bfb7832b1e51,NEWLY_GENERATED,3.4256100188940763,2.8465500799939036,0.4824770148843527
packet_N028,28,packet,fadf279f7a295c3737eef18e5f0f0f9fc1193c0ea29eb9e1202af80239c359eb,7,34,6,0,4792846c7d60962b48dbbedd521028de8ebc1f8ebc86d692257d00773552b42d,25eae6dcca5a6b8cc5053c00d0a06128a91d9002b3fdfd2b69cad52669b02fcf,NEWLY_GENERATED,4.214575048536062,3.358141053467989,0.5032210610806942
packet_N029,29,packet,dff4d7e2784c7bc9c28a1226acdd7b9298eca422dd96975e5f5afab74076dac0,7,36,6,0,3f95e612e64b018d04ae2df038f95b679602907231e8ec88ee1cf89500037bd9,b2ebeb4d565a94337769f8b26d5861356b8b944dfb0e1b905b856f6f46f82acb,NEWLY_GENERATED,3.74088401440531,3.5223279846832156,0.5242009647190571
packet_N030,30,packet,6a50aaf7df584d6f370629ec191ea1beca0e02dce41774ce9da1b58c2c4d277e,7,39,6,0,e4bdd7b2ad262dcd0b400de2b5bd28a118251c76f6ec497846d229dd752214df,e2096f14ba9f2da5fb8677c006ce617323f4382c64617b7c3400c09db4f4038a,NEWLY_GENERATED,4.074068041518331,2.9177289688959718,0.5466799484565854
packet_N031,31,packet,6ea0ead255df690b17e5b8f9e5128f2ce86f283e8a3ce2efa055bd73cb2ba286,7,40,6,0,e4f68266fbbd0b53497eaaf0da13e6ec236b45fa57a9f4567de66970c18ed62c,7871e7342887477f960b6218560567aeff298bab234c19e7c156e2ad88b2aa83,NEWLY_GENERATED,2.9749369714409113,2.4120379239320755,0.4279830027371645
packet_N032,32,packet,bfecf1541011aaa8be8c36fa713388d6923045142a1f6d95228a41633a68d3da,7,42,6,0,485e100da410895169549b27601df41de102c6bafb7606a241c9c8e814eb6aa3,355ba651e64c16eb9fa0ea390d578825cef1a39328266ac86b79b0744cfe132c,NEWLY_GENERATED,3.1615139450877905,2.4283770471811295,0.43734197970479727
packet_N033,33,packet,090b42f769c32928af7f80a761490c9a32485019986cc107f9fbcdb6fba45b6d,7,45,6,0,956318ef00f90a382a76aade90b14a7e4fb738310e121d8c342ac8c4a8edf0fc,89263745f29b08b6685d8750452b59d3481c2c40c76ba8d16586869b73729158,NEWLY_GENERATED,3.743043984286487,2.087562927044928,0.44724205508828163
packet_N034,34,packet,06e72ef58fdd08c5ab7572b72277f88a58c97c1c4eed6ff221b27da0809a8a8a,7,46,6,0,f715ab01b1e6c1d2df7cd7fb6364f78a952e0888be83089452b68a84fad54f9b,5073032ab54d7d1f330654224da0d597b51dd821e82bb87b85d98f95cc5d4818,NEWLY_GENERATED,3.16057400777936,2.277009072713554,1.0826810030266643
packet_N035,35,packet,9e0f88b81e11fb9343305514cd5e944b28e4d2177613db8fb7128290d0592955,7,48,6,0,0485fffc4bce32d14d94006d96d1960d30f215c25c583d83d115f630e035055d,3147d9dd96a17c75dc489911450266c8f3d81b8597bef8fc83f2faf0acb518ac,NEWLY_GENERATED,3.482587984763086,2.495555905625224,0.48807100392878056
packet_N036,36,packet,1ed3f7328e0adeddd558da8f245432dfffa7831018754235fad941d360ab8de9,7,51,6,0,50d5cf340f5e16720316cb682b9b0eacfbf3147d5f12fc3464459e59c6dc9e76,2fb158a5e235acf29e74d467a8fe405388b5b51a8f4fc5b72d4911268dbf6426,NEWLY_GENERATED,3.582446021027863,2.0997829269617796,0.5352309672161937
packet_N037,37,packet,5c0cf748f4c5636dbe20aa459489375ef8dccdbca042363704dce4ef77c25eca,7,52,6,0,28dc5532e8b1c068493b21394b17c54daa513493591a65402353b5bb279a7bd2,739a46a98982d09f39dd99a228bdc21b6e4833189a0a2b7459bd3137e6ac09a5,NEWLY_GENERATED,3.7460039602592587,2.35970807261765,0.49588095862418413
packet_N038,38,packet,87d34bea98a4dbc06562bf62f47a1045ed121f360d317952a756807071128c83,7,54,6,0,e858a974c2d00b05bb380bfea723f6429c3412964ee05df7eb87437593c85417,538dc1a99a138c6b8fdb59425f2fe5e48f7390940c1fa4fe8c74e49070adf28c,NEWLY_GENERATED,3.8654509698972106,2.442126045934856,0.5190209485590458
packet_N039,39,packet,7f338ccca75ca4a1d337a2cb7591b84fa0a9a92d321cfabac01864b36ff47791,7,57,6,0,adfadec65767e102af6b7db2efed0588e504840ac9ecafebf6745aac59dd1238,c72a317202386e1c3e3e78a5b6be3359db75adf4de7ea33abc7ed94e470a91e4,NEWLY_GENERATED,4.0264580165967345,2.1019629202783108,0.5331900902092457
packet_N040,40,packet,547b274ee048d914ac25c1965f15ba734a795657bd788a24109bf0798c0571a5,8,57,6,0,6c8051bae03ba77c6c15ccdf8c1be5e8b76cea9913022543f3f1b5752da9cf6b,b4dd643fc1593bb69a2b2d4406384d891bf0c92f03c24f57e8182469867bd767,NEWLY_GENERATED,4.048947943374515,2.2039609029889107,0.5222910549491644
packet_N041,41,packet,3c08a836d5ed7afd8ff7d3f6294701a1805691940f0078087fe4842f295678f8,8,58,6,0,674ca501b054751981046141bf2cc7d8e2b2f153ee1fbd5ba97d2e2ae3af8cba,d4cecda816b10b087328acb83a1fe1a8598e99089cb1e83d06dc0674a9a02122,NEWLY_GENERATED,2.6099839014932513,1.3671360211446881,0.3299250965937972
packet_N042,42,packet,3d19b7413997d3b108a628b1c2e4def2bc65c9cbf2b127a68cf6f679c443ef5e,8,60,6,0,129ea8f5f68bb84e096138845325bdbc303219aa1278af2cf93f2666d092dd5d,bd9c011898726bdcadbd1b2c06a36ef0d59cf3d9baacec91ac52b054059d9368,NEWLY_GENERATED,7.553506060503423,2.0953629864379764,0.5508509930223227
packet_N043,43,packet,1791aa276a1244111adcc5217f4827bf87679b83cdf1cf03434a51d2d16d5aa8,8,61,6,0,80bc38edb72938c244d288099f0e272260cdbb92f60967e68b5bc15821c75de4,1cba4a3822d482b8ee8297b3dd90dc84a543b6fb477f0c3249f079f34e5b34ea,NEWLY_GENERATED,4.3714920757338405,2.4181470507755876,0.5895789945498109
packet_N044,44,packet,bfaa15978fb18a82f6a91375e1fc2dc0df757c98d3b01a6caec6e101ad2265f5,8,63,6,0,a5558ba450ece66055f7162af6cd75ccecc8adc805c93a5894d9061a34049047,b04ba5885e96d95fcfe2395f3e8d3402098dad2d8578959a2f853551fa899eba,NEWLY_GENERATED,4.506319994106889,2.49964592512697,0.5738000618293881
packet_N045,45,packet,d9ba46d2f2a24ad773b5cda431f43e61f46b40afeea479ae2023705dab1c36bf,8,66,6,0,94782c5086cb938f858828f76c9ab632b53b09669cf3fde18b29a156e149705c,7d341d268451034908ede524d99f302d603ceacb749bcae288d7b4807e871e0e,NEWLY_GENERATED,4.731855937279761,2.1365119609981775,0.5974099040031433
packet_N046,46,packet,5a976175585c023d001d49233d21899117a40b0dcc753528c0352324249ccbd0,8,67,7,0,5a7234e6c7b4278b387673a16c37f228ac0a4ad86c1a0410465c2514e0529444,e4310f7fbc67624a986b97299d374a48c148a2d356695c20cc2895c7980e3c09,NEWLY_GENERATED,7.47599801979959,2.46505590621382,0.6462184828706086
packet_N047,47,packet,635fd87289d8ff19ac692376e037a7ae2f387108120f266c2d7eb3bc30a7d382,8,69,8,0,f9cf2d6efb70d4bcbd9a13a47178d3b59a5d7e5aa20a4e76b0a30f12f759132f,d889c2273f754d5a9a0e9a9c358a62a64f7bb4d0c56e632fb7a6c439e0ce3a57,NEWLY_GENERATED,7.97019898891449,2.5519540067762136,0.6889280048198998
packet_N048,48,packet,336dc310e6dd7d8c9b4cfa320705cfb7bff2f5122b457f02162a7b2d4d91c572,8,72,9,0,8a86d98dce437aaf178fbfacc2c9cab51e1e3fa5df1fbe0c7313dba4dd268a9f,e2cd232777204f02f3ce6f3a7e6d0898469ec3190de3e235b6b8e4ebb1847c33,NEWLY_GENERATED,5.7097290409728885,2.7378209633752704,0.7127774879336357
packet_N049,49,packet,335e8debba4a6c6713c67ae98557914d21fb01b01ba33113d18dd1ae70c713dc,8,73,9,0,a5f83934cfa219261153d709e7351e1a66afa434b9aae2f154bb1cc37503eacf,709dc3939c270b88452f01de3957a3f5cb24231d832a8e1374344343f104f8f9,NEWLY_GENERATED,5.485823028720915,3.2745919888839126,0.7100574439391494
packet_N050,50,packet,ab85ee7b7bd4fb1ed8417d2689322b7e5fbda027af2ed5c08422534078c026a4,8,75,9,0,f147c7389023d114031fc36d57beee3349a7b7555dff2d6c081ae5bf48e3a5c5,15599c45a224a2c9fb189469f1b74894c3fecc7ec78265a100bb75b07d0bf00d,NEWLY_GENERATED,5.808477057144046,3.329280996695161,0.6983174826018512
packet_N051,51,packet,814325d3e9744c524e062449671c63589d0d87e4e9d2dd0f2775ea15c2a496ce,8,78,9,0,59b37688d6ed4a2b0180db0df8f73cbcc4d76ba08f1cb19417dae626f3355788,8fc3e8f994cc632b3a620c5c50dcaba96be2333dc0fd896b96c7ed92810fe52f,NEWLY_GENERATED,3.584046964533627,2.1921510342508554,0.46937703154981136
packet_N052,52,packet,db357704e452ddab54a83598c4ca23fd5bb76415256393ec912ef1428f718fb0,8,79,9,0,b10dfcba24a053498f219c36e4ca0e03fd65378a63900adbf37c9b507c4dde1a,06551e278053332f0437426bee4dbddd631f685bb6c58ae425f205278aec6167,NEWLY_GENERATED,3.663424984551966,2.576643950305879,0.4420630866661668
packet_N053,53,packet,7c7b7b844a6a688033eea10999ab664b9eefb7e63da09afdd73c2535c3bb49dd,8,81,9,0,807fe5690cbacc701f64c03b1c91cb781632772b0c78a7d4bfdc862858e61e0d,b370647d4d5c9c77e62cf8c18006a9bd60d64d5d3ee93aff5c46c90c1157c1bc,NEWLY_GENERATED,3.8004230009391904,2.6892819441854954,0.4390319809317589
packet_N054,54,packet,9256f24f6baf09cffe8030feddce8441b1f1e474107a9e72f932910217edc421,8,84,9,0,fafb016fe87c56ddb041d736158df4279137d13bffece751183ee7f15941db91,3cbed20deba7c983ad4d288e41493a1c9b4fea4343fc31ec0a01477d918ca9e3,NEWLY_GENERATED,3.9787200512364507,2.269580028951168,0.47027203254401684
packet_N055,55,packet,51ba74cbd0b87b52d724a440c841b6e847a958c86ddfa0dd78ac5df11f4d9586,8,85,9,0,8d77a0c294ea4a3f6b1fae82ad28010b6fda44251b82f05728e9d825d7d28b8e,024d95dfc5e7f89ed3aec35263d0e194cba9c6df9cd9e981a40ca5e7ba764149,NEWLY_GENERATED,4.07543801702559,2.6659530121833086,0.45758206397295
packet_N056,56,packet,c2cde1346344c55cecd2b4904598867931ba8bade02cd315273803fc650e79d2,8,87,9,0,135a7dc81f6e2343e2ac80b0b281fdd32f7f004704a9c8f0d411b075ab7d9083,da77c204d8fab954eba3030f065d6c66f684c3f62a946854ea32fab001e2e312,NEWLY_GENERATED,7.304561091586947,4.360473016276956,0.4745719488710165
packet_N057,57,packet,b364eb630241c03adb4eb35027ad8d4e7ed54f1cb9a8276d03c8456440279c14,8,90,9,0,adeefe54720ef48c8a1f824b5989e3f3f90645586e763c8b6ea51bddf2b3d937,956e55e145ac410f41a87ff7c038e911146bda32b430c4cbee4bc214f50a7f20,NEWLY_GENERATED,7.593925925903022,4.06340800691396,0.843305024318397
packet_N058,58,packet,fa7c82bee4360bbb372548b4e965a47171d6c9b136063f16231900eb7426c9ff,8,91,9,0,928f60f222d5eede071ef33a4fb81b7f90e43af75d078dba605850ed59386db0,c8ad8de8e7f0c505bcb8650921cb16041d3d984dbb099f9f3a216101fe477983,NEWLY_GENERATED,7.762153050862253,4.718955955468118,0.4983310354873538
packet_N059,59,packet,2e3317e5b4c7503771b95801de7d111b687a77696cc3eb6e9c0055b741357818,8,93,9,0,8c1049bb007d5814b1a4383c556a8c258b12a14662f5fbf63abfbaa8b8aecca3,3f4571ee66c30ad1b1cd17499dcb610360eda43f95b686f726e4107856199653,NEWLY_GENERATED,4.529180005192757,2.7644509682431817,0.5068409955129027
packet_N060,60,packet,36cb6f8680c9a40395cb620fa07c9b9fc76b604d70fa74fc291237757aec3599,8,96,9,0,a2dc502fb7027828ad8604bb4c1302558725d2fdcad1fe5a5ed20cfac1b59a19,f0a0a36ca6941ce8f7bf3c9d1261f576198f945061297fa3d02104024c1c6fd4,NEWLY_GENERATED,8.199283969588578,4.062398103997111,0.5311999702826142
packet_N061,61,packet,a4f87bd3be129df91cfd4bfb5546a146cc9898354ef92df55900a09e5be67793,8,99,10,0,1ab37a7ba6cf875febaf6150ecf95edb66978b6084a9deffe93791fb02f91f9d,b56ea3d58373c372a14c46f5204fa953689649b753fb9d2a53087f357a8222cf,NEWLY_GENERATED,5.121418973430991,2.889108960516751,0.891348987352103
packet_N062,62,packet,ba4c12357be1a4bbd5d286576d9bd7107f15383c5e3dfb8eea86191be3a851dc,8,103,11,0,528db15c425617bc685f456450b42f72f1e69b6c875ca1dab3b59288b15af87e,f0a5b6d5b864f18a0403b6df0ca4780bb39bcea41399b21697ef627f83a014e3,NEWLY_GENERATED,6.00765401031822,3.872061031870544,1.5582074993290007
packet_N063,63,packet,e6e0028f502acdbd7f7ab6129299f541eca4bc57e811634da5625d94b12d009f,8,106,11,0,34c840043e9f508f8f0c9421f69e4e3df1c413ed93ae1cafcb5b2524a6d4cc00,35ce56fceea4fdc4c92970de00b7eec564d7b60cb342e898350fdc328dd10ddd,NEWLY_GENERATED,6.43429602496326,4.471270949579775,1.603917044121772
packet_N064,64,packet,f20f68880219c50a1b9a3a2eef4dbd3cbcb2fa76e63dc8d539f02a4855477e3d,8,110,11,0,49d0f0f02ade5fc6aebed29540f823153f25e2cb6a2cdca08965b6bafc3eca1b,91e93404f2bbc45267d0089a7a44dc58484f6fce91899291b4403a761bbc0d81,NEWLY_GENERATED,6.518374080769718,4.677506978623569,1.605222001671791
packet_N065,65,packet,68927e509a20f91938b3a7b4555218946bcd80b39821ce252787a88e12b13e60,8,113,11,0,2b20cb1b17d8cff2e7b83bcae64ca81714fa7df8267b46fb2ca6813c87afaf4a,2e8230ff281b96f08aa63806f8f7de977923002653c267e8889ab2e839fdd998,NEWLY_GENERATED,6.65048195514828,5.436614039354026,1.6210910398513079
packet_N066,66,packet,a6d858b1faa9a6a14a9bb3fb4de1e105e051c4edd31763acbf2b53fa96eb642a,8,117,11,0,80223408c31b7c823ad7d65911a36205eaf7fed2a7fc43928fc46ebc490f0766,a2f932d0e4fa2aad7c6f2bc58b6cede739c90ff2da21f98ed226b7b92f496c04,NEWLY_GENERATED,7.176014012657106,4.775115055963397,1.6752909868955612
packet_N067,67,packet,b71dd3b942df001a00c0fc4c632e803289fea7de46e8309d9aa18b7274787598,8,120,11,0,fc8d3f9e11f7d818c4d223932f24e1aa21f2547993278a67aee4e0a41e0cb9a8,e81af76001df41139e25661eb80e72347fa37c07f931967957e81754fa186eb4,NEWLY_GENERATED,7.419608999043703,5.558222066611052,1.7648779321461916
packet_N068,68,packet,4bfe6c626006902527b43e8e1043afa73f0572ba56925bc7d16205043859ccb5,8,124,11,0,9bf4b61f7c161682e0d64dad85468321c3275f252d2168b83d068f4b2dedd959,c62e79937ad09b659f7000080629cb62ae8810ae217a7f1f102c3d732f2bf629,NEWLY_GENERATED,7.438398082740605,4.912893055006862,1.7902279505506158
packet_N069,69,packet,dbc7f2b4f8ca3e8d260c4903f27757c2edcc81735a0609a5e95dd0b68434486c,8,127,11,0,781488c4f5631b997504f2148624db0dd9ac3f296ff09bd88ea73abcadcb3f00,654d0a29df1b8179fad95d823a17d435db34570b93b177209a2cc2fb39e19951,NEWLY_GENERATED,7.631915039382875,5.344515084289014,1.8154879799112678
packet_N070,70,packet,ab275fbd132b4ebb95ce16c1917816a3a4f2c4b351124e24f839f4f0e9f81ffb,8,131,11,0,0e839297f7eef6772a9d02970687c8f5b4deaff5092f99ff31b43f231789afc6,98971434a44a04e80d67c8fbeda6e5ee92493ba5efc3599adf3957815554ecf7,NEWLY_GENERATED,7.926570018753409,4.464801051653922,1.913566025905311
packet_N071,71,packet,7935fd83fa091ea01258faadc1e9d9a69c1ae694e4df9da6c473d8128b19c994,8,134,11,0,431a458fcc64b41906b74a86d5eadd520b1bc0dbfe729a8726d923378fbea2ba,6424d43d0d85fd0d9351dfaa3f472958b37fee7adebdd64391e7f4c6fea3552e,NEWLY_GENERATED,8.384461980313063,5.05082996096462,2.1961364545859396
packet_N072,72,packet,efe17daefaf51a3c5dc17458418a4c75cd1d996e0189d89aa2ecb18c57488974,8,138,11,0,f6c58cba197067f0fba540e2f8f3e527d60cf37abec046a5b6661a2eb38a945e,056aaf08725f411cd0f1512ffbc196a5b132140962c44b93d7d20f851f38b3f7,NEWLY_GENERATED,8.672815980389714,5.253877025097609,2.2875794675201178
packet_N073,73,packet,2d55d653ee9de4e44d5642f4a25dc2936318bdf9aa430bf17ba2641391b8df49,8,141,11,0,c7366cae63952d8763064d50a613b644036e087af2a1734322439b826c45855e,8eb1438aaf52d9de6e0a02323bdd7bc93876822fda9051a5841e1f4d913ec1ec,NEWLY_GENERATED,8.755743969231844,5.476852995343506,2.219450077973306
packet_N074,74,packet,e560dcdeedf29784993fdf00f3355df9c67a0a581e77cd99eccbc6b87719b6b6,8,145,11,0,0a74bfeae446ecf14f56e37fd5d31ee357aa3458387155dc9c0976f445777f87,4fb64c8ce989a033457e29453cc1ef10295ee487cadd1f905ba092df795b0c9a,NEWLY_GENERATED,9.16121806949377,5.086609977297485,2.317658974789083
packet_N075,75,packet,3ffdef8cfbf0a81067cb0d1a05837e17fd7e82b324998d98af85acb236c9f441,8,149,12,0,fbc96c12d57d439a11d0aae24bb74f6fdd060529b0fd211d49169ec2dc5e298c,5432f43a210e9e9beebafe40a89c9b2dfb5532e311e84b8d0e538713ef425194,NEWLY_GENERATED,9.431293001398444,5.562160979025066,2.360563084948808
packet_N076,76,packet,c9c4bcd98be7aab58ef938d4d4eb44079b7573aff40f74cc9c16cafb64122cfd,8,154,13,0,7ff6810fd5525e6737565ad097251d4fbc5dbae5ec6acf0167e8b139735676b8,0937865d06fbea63d90401137fed4696bf338c8d7b309c5dd65cb6e4508c6d12,NEWLY_GENERATED,10.52591297775507,6.410656962543726,2.4698360357433558
packet_N077,77,packet,e1d515a64a5913bd59e3f56197fabeb7b2df2f2062f33ccf1e282b204df7f877,8,158,13,0,cd023be0a60d0f7d1f181e9b1ef90d5b614c948abcd52072ea5601b4a7e7f0cd,fa7c95c20f2e8199a8ecbef94ad4637a4ed9cf624ea93f4e158252c271b01777,NEWLY_GENERATED,10.690361028537154,7.660634000785649,2.7058315463364124
packet_N078,78,packet,475be7c32418bd4d66d1a35b61e4742961e5e880d456b52bfbbc227ce8027064,8,163,13,0,dd8f5244198798f9be103f1fc61d8cf0d1669f6f015eab66096338dc765d068c,8dffd5c5f9e95175adca2082a4b2eca21ac3597cf960f1716df79a75552c185a,NEWLY_GENERATED,11.694772983901203,8.237074012868106,2.7678755577653646
packet_N079,79,packet,78df0480a9df6e0285fee364cfb12b7bd02de3ccff7548b93a41a03a1ef638c0,8,167,13,0,9085f306257363f919b02f8ac291972ba89ef96dcc896b705c3f869da0a472a8,d280cb7e6a7edd8565e8757ece91d167492769926b6fed1d0f8df4cd786e652e,NEWLY_GENERATED,12.57195696234703,9.600189980119467,2.795220003463328
packet_N080,80,packet,73e4262f329d1b1069b2cd7ba1916726de29bfc8d11294a62dea6eee81310484,8,172,13,0,f2934a17a030dfd7d23096953310eadb19d0fdb037e2b1f52c8aa8d743c51311,6f1ec97da676a4f1e94770ed21b4dcd00c19db9e4576920269d2a6bb7794b598,NEWLY_GENERATED,13.234285986982286,8.448910899460316,2.9929568991065025
packet_N081,81,packet,4ef860d5a0c107feb829a58c678a1c2000f1eddc97f68cc867ee5254b2b226e4,8,176,13,0,ccb7f096eafd955623fbc01cd44310ffd3bf0ab21d20bd2199ea4ad5b65ff235,7222410127c514ffcd28e2527a0d183fdafd426d9ca5d7286cc8020f41d3aa4a,NEWLY_GENERATED,13.87220504693687,9.783507091924548,3.0059670098125935
packet_N082,82,packet,376dfc8362b9dc9cf92e76fc7d11d4690289577791f77d018a5bbaa74905fbac,8,181,13,0,2b5ea239974481e199d8af8408f2d18391c100d333534d7f90f3ba717fa4f27b,4fe4bbe5394f7cce8289b989b5c4aa42037d00fa7c4be22ca8a5dd69e87b766b,NEWLY_GENERATED,14.729349059052765,8.698336081579328,3.0713760061189532
packet_N083,83,packet,86238ce3ae453e5684a84a7dbcaf1beabce8561025952a50c41ee65d0baa6c6c,8,185,13,0,2b249ef0a871f9aa3d457bbc95bd1b6dbd9586bc9369ef8b5113c9dfa27482db,d40bed1f1ebfa6ad6e5d81ca17ad8a369c8cd2aae7b4d9f0aa34770943a716f2,NEWLY_GENERATED,15.302999061532319,9.189976961351931,3.2305129570886493
packet_N084,84,packet,a92bdc46e0ff7a3684f08c44d4aa23bc0b6c1ee7d2e59636c25c3684bdc3d563,8,190,13,0,7f3019108de37e9ce97019ecf294ace85326493b99d8d4c3c9ca4f0d845f73ee,7cc3cbd614691938fdb6f8fa20a95d7d4c5dd45e913f2d51e07f085769295d7a,NEWLY_GENERATED,16.33596105966717,8.24563403148204,3.323100972920656
packet_N085,85,packet,12cbbbcb33d029b74cdf15ad6928d9c3e0bd3355845f47c22c4a80634d71366c,8,194,13,0,2c0366aee82e6dba1c199a1d3b49bd3d3a24642f136d542c95e52ec27fc1590d,4e562cb9efa717511a706086345300ea540fce6588a770d6471d4037aac9c9b4,NEWLY_GENERATED,16.858710907399654,9.12323803640902,3.441968932747841
packet_N086,86,packet,1a979c95fa4ff1d11ba51c59ecf443af0a10ed3b3406a5a75582a7918def3b31,8,199,13,0,b47ccb36c8c1b769e9d48b3ee86370d0dcca276fca337b9bb40fbfabcf9f0bea,fda906d6a753af48a6b0adee59829bb92c7217b80ce7638f851c0b9e4e2de58c,NEWLY_GENERATED,17.268594005145133,9.752696962095797,3.417150001041591
packet_N087,87,packet,09fb005e5eca91aaeb0f346fee3757902f8f61b27b9ca7e7679e3226588fe601,8,202,13,0,c8bf3a5234bebb5df6c2422caf4b890193352db62419a0da5eb3abfb9d9d31bd,0ec6c84e7e61fc1fb6fd289a47d1c4580cdd121a41c5d65e754895df189fd1c5,NEWLY_GENERATED,17.809235025197268,9.939993964508176,3.4947434905916452
packet_N088,88,packet,4702a28472528025dd4dd6a626debae32ab3336c3f0b77e646eb43ea075bb021,8,206,13,0,9b80fea033105e776b014d15b161b84e3b0a24e5dacda55d26a409006d42bd72,d0a85ee1dcbc549a4a38ccc82ca5ab8f19335c8a6e4163d922cf3b4d5369a2a0,NEWLY_GENERATED,18.100059940479696,10.021342081017792,3.5569919855333865
packet_N089,89,packet,112a4678d6748777da626f6176ac93df0fb838d2fe2c29015e9e5acea0492d9e,8,210,13,0,afd716ac36cf1f0a6199fb77a812b4cd2c986941a145af56e73c7bcd24dfe66f,5e1dba3142ffceaf477c93cd3462695bc2db65d7c6cc9493fe20b833e92dd47e,NEWLY_GENERATED,18.527431995607913,10.430095018818974,3.6482560681179166
packet_N090,90,packet,477a22b5415d356fae89538e4255df955a045847bfa7ac403a7b4c9cfc1f8cfb,8,215,13,0,56eba9714dc55935dac9d2f9009a07305e4f33c2363b01f062c37352798fc860,93ec14be07237e1be055bd85265b780f6fd390f32dec541f6a0f8785f4b7ea36,NEWLY_GENERATED,19.635071977972984,9.685027995146811,3.803982981480658
packet_N091,91,packet,ca6da12adea086764ce92225b494f478e147d14f5c160d083cc4c027571c8424,8,219,14,0,1a3a44d1af3eabf5f2b1295c21140d921531b0def45f94ddedb1ac8441fbc9c8,38224baf8aeb74c77a80df475318260e08fd691a83efa7f7f913309e573cd5d6,NEWLY_GENERATED,19.66335205361247,10.047771967947483,4.020743421278894
packet_N092,92,packet,3a855d468a64ae33faab91cdabdacceb1c18779e901b83e68a55896e695fcbcf,8,224,15,0,9101ca2789efb6c17fbd10d6123c179062c5d708abc983b7b4992ab4feee5db9,8c0576c6f5bbc059c375adca1768ffd6d3f4e213223722ea630713e40c7f8253,NEWLY_GENERATED,20.845021004788578,11.051654000766575,8.475720533169806
packet_N093,93,packet,97cecbd87c028770984c6877f665942e6c0508ecc54db12e86bd030374f9e6ba,8,228,15,0,f6043fb67570ed25e6a4c4e3324af65a418e5b0a2a847516b38201ffa8971715,99104999ba2f702b9d5b2b84045347d2446944bd9d7d65b1715b1e82005a972d,NEWLY_GENERATED,21.321942913345993,13.001960003748536,4.057367972563952
packet_N094,94,packet,bace474434a2cbf08b082ef6ba2e2935b7d86c4dc96cb56e2eab796c7fc67b49,8,233,15,0,29e99e48541a621275309e605fe32f26f853a3de7712df241704f9fe63efea74,ffedf2a568507f89fc4e537c76240bc69859d4235c742a72cccaf5702080c686,NEWLY_GENERATED,21.648027002811432,13.876653974875808,4.31428849697113
packet_N095,95,packet,47441a0a6c6f277997561f9b0d3f5d8357461b4455d8a659faf3b780b0cdd070,8,237,15,0,8a5cefb21da6ac3f735189297ec60d67a9f388e538dbedbe3fccc0bd1eaeb446,89936e1de378f2c682f3f766f0d530e3f436b957ef1513865b197e19254960a6,NEWLY_GENERATED,22.304994985461235,15.989096951670945,4.222524934448302
packet_N096,96,packet,c5eb1bf218c6e49ee4d5bde98a9b412b40153510f1e9fc8f7c904e00a37e785b,8,242,15,0,2a25d220c18321de92249d07260e89a2a7bdd907fd8537012307d31c2d308242,62ef9ba52b33594c79adcb18719117f285164b3591605812f1fdbe0e999589ec,NEWLY_GENERATED,23.93326594028622,14.063440961763263,4.30727400816977
packet_N097,97,packet,0850641fc6fbb4b095415711075f0781a94fb8cb16204059db0324d4248e9cf9,8,246,15,0,1d86b2e66e875f01e04be91f7d8f7fce60842ff154625a52b06435198a3a8d2e,98a1e50e43efa14044870cd29781fa961eb7904f157fc8385f08cab593684b90,NEWLY_GENERATED,23.548213066533208,16.135944053530693,4.373723058961332
packet_N098,98,packet,9d0bd908ba794fdf20febdebc4d86b8c80301dc737b39b4f910a4d2f02ba42a2,8,251,15,0,bbea7cb8639ae59493c3fb2b9e85d5fd2206eb778382a9da2e764ff76a4e6138,89c04bc4cfdac8f29ebf024eb904c1c4b4c8df41b9a0b5cef90395a7c62e1fe5,NEWLY_GENERATED,24.36397795099765,14.24810802564025,4.499181057326496
packet_N099,99,packet,f212ddce964a3dfa84cd2c70d7f1ad6e42a061b31e797cfb0cd34d453e30131e,8,255,15,0,7d0fed043fcead05ce91bb358d6552ff359746cdfeaa3560e273c25cdb9524c0,d3fcbd79f0618f2bf23852a15f211f9ee39000a4ed0795ee2fb9e32031b5b548,NEWLY_GENERATED,24.838100071065128,14.567421982064843,4.582308931276202
packet_N100,100,packet,f4f512facb6a5b46acbf03543c91d6653cb961b30ea9f2a1c1af33255bb1aa0b,8,260,15,0,cc2636afd097f611685f8bef20bb06bde4c73f5dfbbc2aeeaf813684dae89a32,ac22df821a262c73ab5baf877bf4f3bd3679860d394ab9da6bd85600bc12a3be,INHERITED_ANCHOR,25.570317055098712,12.55509804468602,4.678227007389069
packet_N101,101,packet,a93b02f14180ea192445990725987dcd5aa3b112be2f43377f1ab616af149366,8,261,15,0,365d290c5a257f1e94092c8a2926a971356b4edd6087d2451bd7fa69cd0f2668,8a64637a94b575b9e6f010d2ffc29ecb17bf2ad1f0b088b221f1b9720e4af402,NEWLY_GENERATED,25.70945501793176,12.716574943624437,4.785225493833423
packet_N102,102,packet,3dea6964cee7e70a442a3d3b080dd2fedcb059af83638df5da35e9d0e5e43658,8,263,15,0,8c8a4456ba49b03be1094814fffa5c2a7a80d3828b9f5b17be2f033ba74ab3d8,0948f74eefd681bf31571cbc347653139f83297fa4387181787e8a5de9e9b442,NEWLY_GENERATED,26.209205971099436,12.971400981768966,4.898427985608578
packet_N103,103,packet,844572f3efaa53fb65efe4d125e5af5b3f1efa656496ae06c7de714b53eb91e4,8,266,15,0,4b2d64194595ecf621beeef566223b17aa38421d7ad346fa1ae79b9363b9ebe6,01e355324d2f8ba98821c465863f2032ceed3c82c993d4f13791818e3ec980a5,NEWLY_GENERATED,26.574678951874375,12.989959912374616,4.989891080185771
packet_N104,104,packet,57ec6edf43eb19ab0478b98850677ec585f075a2d46001042690fb2da95c3dd4,8,270,15,0,b133d8e8ddec29191fe23132da3da0495c439a6b515817f78c63b4a2b95c201c,16f8f43f24fa3c4caa48497712290107971d8bcdbc73071ddb0e07ff6ced06b6,NEWLY_GENERATED,26.95391292218119,13.514721067622304,5.023451987653971
packet_N105,105,packet,5776b29715e9a50cd9f500c1b53e676b5e8d4ed040d40ac02cad5f3eb90e7774,8,275,15,0,a793c9e3c1bf0f5628d6948394c8ee1aee1cdfa5f0713b7b08ab665ae7539389,429146e98a4791b40f7ea8bde289d6403c858b57e97958d0331551a2c5944466,INHERITED_ANCHOR,27.64082094654441,12.480248929932714,5.040009971708059
packet_N106,106,packet,38b0e72d5ea552cd3bab92f0d44428a35501c0fb10b66a6d9b7ee281616a861d,8,276,15,0,d204794a764cbeaf52fe711e909db5b5cb8b4599083fc1a0b1f6a14d24c026ea,3393f0285f81a8c20ac4652543c7830a2403e8c8919bd7f287baae3ca9554de7,NEWLY_GENERATED,27.88562688510865,14.259138028137386,5.15340844867751
packet_N107,107,packet,a32bd40d7d2fe8bebabaf84b3ad547633e65ab6ab8504bdd7bf6e0eb40767f18,8,278,15,0,d1eb6b621c4ad74900f2e90fc787995bf7477847e2c72b0ac498707b8d871b6a,94a2feee5e00d06926c84b35b3f014918eb50d646aad9c411a2b0505ef9c9d50,NEWLY_GENERATED,28.280369006097317,14.32545599527657,5.3662845166400075
packet_N108,108,packet,89320f71e0b9f1f7421f713cd3bcff501fc24a5d3c57f2ea6d4a1eb8e2ad6a0b,8,281,15,0,00f26176fd36ee82998ed0c323ab441769b78c6a0f1fdcba47380b03a0d78d77,a035f528fde5f4cf49c341526463445b2e45d771ef3060fd5e09f816d0298f62,NEWLY_GENERATED,28.59465405344963,14.582622097805142,5.297426017932594
packet_N109,109,packet,f9d77ec7db2c390426281f073eb362360e6717eb0d5906903f58b148194a47de,8,285,15,0,07b40a7db1807ec202f1ad66200080b096c014e2f3e3f80169bf511b81f5c544,24a1dca98d39472dea9faebb29a0589041087ad9cde3e1f6c230cad8ab878b15,NEWLY_GENERATED,29.148524976335466,14.867436955682933,5.306756007485092
packet_N110,110,packet,7a790658b0181503768485c1d721d35052fb1290eda630d8626a76e59eabeda4,8,290,15,0,ca1db1742c86f6042300ca6bbda0b34474f0c1a7a0ebbc9034e56a90009b5cce,c99b1d28492107a41bdbc0be9927fe3c01b7e1f4e9bc7cf3934aa4296ae89022,NEWLY_GENERATED,29.807511949911714,13.103228062391281,5.852796020917594
packet_N111,111,packet,94eea0da2b80dca53559ef8cb0a116963d17ec2b6eb33464a03db423b30844f5,8,291,15,0,724b49b368866c46ec1be98b7639b6656586590de3860dac6dc18be40efc7e43,d5e3e331461b8247f1f952416bfebdc6b81bd07765f525c9d6f0e351ee9a75d8,NEWLY_GENERATED,29.96718999929726,14.608172001317143,5.650389939546585
packet_N112,112,packet,bc00f7579dbe44fb22a085b42d89ddcb82a3794cd68b53c86ade6f98d9d96dae,8,293,15,0,ec2cc09c6962361b023fd6541555dd7afa10279280a2106ab6e9608ea88f3df3,de77f8d21cd6beb7889f85a984b2ad2e07a6d480f44328fee96f386e7091db2e,NEWLY_GENERATED,30.434442101977766,14.8994269547984,5.710678989998996
packet_N113,113,packet,edc7267aa12d0670af47b5a247fb91df3f9db64108ca28988c62611274b1f638,8,296,15,0,9e525e56b16a2945acb41f232d5d84b9418e6925499cb395443963871718822a,0929717302093074d5eb9d57680320b7bfa24392655072edb17d8c0996eb5b55,NEWLY_GENERATED,31.0692599741742,14.977545011788607,5.764018045738339
packet_N114,114,packet,d968ccab33b425e7708730a56ca953d1ca528594cec6a37438775f584cf4b8cd,8,300,15,0,27c68982951cbc5743210ad6630aeb028defc54bfcce183d988fb5eba8aa548c,3f3fc9c94aba097240ae8fc5c72b97ea5b0413f907d04946c48420f59a33d7b9,NEWLY_GENERATED,32.60252298787236,15.533894998952746,5.911855958402157
packet_N115,115,packet,ba6a50b3bb66d1709dfc4371ae6f6dd569b1657821ade2708be16067e9ac4ab7,8,305,15,0,41320347574919d465b426740ae1b7074e49c856e5519b8864e2d481792b253b,60b1caea4ce9d8f52ab385cedde3da6acfcfbcba02413b48d3147b1a79e789df,NEWLY_GENERATED,32.161070965230465,13.486051000654697,5.92038594186306
packet_N116,116,packet,f10fea5d7b3e472daee5b28b96680635cd074348b904684c8460f15a12009436,8,306,15,0,96ea5dea1f8508bbe668675d0a2e85fe09c14262a57a15aded3a7bf45acffa5f,6c6d3d831f22a3b5f3a486d1ae1e0978678051057c2f9f41ecd6e14db48cebce,NEWLY_GENERATED,32.600263017229736,13.50821100641042,5.952654988504946
packet_N117,117,packet,5f061d21d5299b3b8a27ef5d53d4ead689b60b6b4403a930bcc2395d80e11776,8,308,15,0,c98dd5dc304ceb7dcc9fd4a9718c4fccaf761e95bf10d4d19bc92e1f8b7511f4,2545f1dc105d72c45da890a908426b361de1d38aa35c2da413af0c4eeff5dda5,NEWLY_GENERATED,32.93756698258221,13.744867057539523,5.98483404610306
packet_N118,118,packet,3be6e94864e55be7919dedfddd992db96ef4288e6ecca0c16f994ea084db8e09,8,311,15,0,0db22a1c7cc1d64b2cb911657823a8e586b0566dbcd5d62598a7f1a1aa35e2c4,a8313fa0eedb4294272fed07a43b7d42bc4e6834f7e68ed29493290ca5f78f80,NEWLY_GENERATED,33.10139407403767,13.836615020409226,6.181749980896711
packet_N119,119,packet,17b46c26c312df0f4cc7277fb8aed645fab6c19c8bd023e85805ce247ff7fa6f,8,315,15,0,683cdf05306d43483edf9d89b222b614b8c256bb04223fd0aa3f8b48040e708b,b49047230cc2e19fdfe27f23623d70d760ad45f86a948a3980649cff86dda346,NEWLY_GENERATED,33.50933699402958,14.398246072232723,6.15778099745512
packet_N120,120,packet,5291559bddf1c76bc931f8667cab8b62bf9cc4d9d06d2d08b4e98da8cffb01e5,8,320,15,0,02c2dc8fc6632ef77f4526a7112960104ca3f53a8710a10baa5b7c49c8e4d4ec,ea37e43a8f6ef63b94ad7de03b9a54258698104ccb5c3bb6beaba2f22a1320f7,NEWLY_GENERATED,34.26932392176241,12.452969094738364,6.221579969860613
signed_packet_N001,1,signed_packet,99127e3cc6674794aae7fbc55c87ec075b39d341aaddcd10e7327f56f0d98e7c,1,0,1,0,988e35f617100faab6f456833bf9d2db21fb93e984a3f5290c894a4294430119,dd583fcbc77fc7d46f0dfdedbe179b3bf47696cef517f1215ca5a4c423b4a7b2,NEWLY_GENERATED,0.10171800386160612,0.14270702376961708,0.03190909046679735
signed_packet_N002,2,signed_packet,eca90a5c73595b66d320e10121a44bc901aa0459872ffc143bdf184e342e06a7,1,1,2,0,b678c7136dae8f9caca99b3b397ffde368e48a6f6f61d8e7582ee0408351e033,ce733b87727774cb96c782307044e5d9991177c1aec57aab1bdf7ae7e5cba697,NEWLY_GENERATED,0.36655296571552753,0.48806099221110344,0.11858303332701325
signed_packet_N003,3,signed_packet,055e26cb3aa2341c0391fa248ec21f14d1e4da8bb0c595dba0e0902297d45b52,1,3,3,1,6453aa58e0388063256d1d40a837cd44a6c4eef89bb397b5c62fc4daf1c48ba6,2b6f4eeace073b10c591122502daf31d02b9843406e482106ed741ac9c791876,NEWLY_GENERATED,0.5150299984961748,0.6689780857414007,0.1505020190961659
signed_packet_N004,4,signed_packet,477205babb50d1931ca602399c0cd747b7dbfeb8ac5960764c4b164ecc2345f6,2,3,3,1,a384096f019eb83743390219aaadffdd0b7a9d1c8f59b58c3ced94b94509f75b,7bce48476c607ba311e96af6c904b6a095e82b0c3d7ab6e38aa9313850132ff4,NEWLY_GENERATED,0.5571499932557344,0.9171839337795973,0.13560708612203598
signed_packet_N005,5,signed_packet,694741860a3904bbcfe26e9998ae603829f71da9b500816d67fb3b65fc355abb,2,4,3,1,3ca6deb4cafc69643f71c21b0eca1cc62bb0d0b2595cdd0d520e6558c7342fad,6aaddbc09146861408643a19854c348a1ba5f8a54d0c3ea0e33bf65c79c49953,NEWLY_GENERATED,0.5740199703723192,0.9546529036015272,0.15376193914562464
signed_packet_N006,6,signed_packet,6070df0d29313d3a3613bf2af900ed35e50749d7d859f0b99a8d10ebc1613f86,2,6,3,2,b71860d11126f3a04b55b2211f2154b72dec772e553a3f7b8c2a15d9b1d480ce,c0e63e16c81c98973bc412fde043dacbc6d2d198b38062015f80e8a38446fd20,NEWLY_GENERATED,0.6545979995280504,1.024301047436893,0.14252698747441173
signed_packet_N007,7,signed_packet,d7271975daf9003507df1138b5157d8eac8079d7167466f85a32ec1724397f1f,3,6,3,2,fa4414ea130c17925465deaedbb810f70ec919d7cb586e74ae9af87672a1e36f,08226aabe917ece5f2d52fbb208549759d3975fa1fabb9bef57fd8e30afdf692,NEWLY_GENERATED,0.8094559889286757,1.3266669120639563,0.15826697926968336
signed_packet_N008,8,signed_packet,3d61234b49e8cc86b52b8bb73ae3e6880e4f5e44d860edf4ef80165f16019352,3,7,3,2,0ef2aba7b3cb085470df95d6508004f1da04dcaca012bfcdce52c098f71f8a47,fbacde128db4f4d98c9622bd57bf15e15bd4c38a32eeab5a8fcb98f1c01ee5d6,NEWLY_GENERATED,0.8157750125974417,1.3323259772732854,0.18639699555933475
signed_packet_N009,9,signed_packet,fab2eefa989fdca87df2581a9f834f7b25c2ada5329bf159d43f8d1213117c51,3,9,3,3,105294703fbe24b2325fe6291f140fd1d5ae832e522e0c9f56890f2fb81ed42f,a4140b9ac5f9d597949f3d503ed36655b49351d39badd92306470064f5d7c6f6,NEWLY_GENERATED,0.6534880958497524,0.7151169702410698,0.11808797717094421
signed_packet_N010,10,signed_packet,15c62e8dfee6b7ba1190582466103d3ec4f99341fddf1fb48e129602b528a385,4,9,3,3,c95d68720176ba0bc537ce8502db5dc08f32e39e52d6328df3a9a012a09b1ceb,52c8994d9d8004b323fddf0b92c4f71b7eaca38fb9e250b988d6ab7b684cf84b,NEWLY_GENERATED,0.9241329971700907,1.2586869997903705,0.1628269674256444
signed_packet_N011,11,signed_packet,0217a6fe9e097d4af7a29124d33296f55ed135eddabfdb0b5e29151c6c18fb67,4,10,3,3,8fc734eaa850a5c20ea4674f92e7f6fd8036164c8839e7013bdf51fb90d9ecb6,8dcb2265f831097463ebf34e971ce6caaac77cc6cce6f0bb6f914da5a6f21f30,NEWLY_GENERATED,0.46875106636434793,0.5455310456454754,0.0850380165502429
signed_packet_N012,12,signed_packet,cdcaafe1c61cf7fccdb8af153dcf82e7269f2a5f119d98277317de63f338317b,4,12,3,4,51752fdbfe2612406487de67b38ca47a6c9749f26740f9432ba1360e90417883,68270bbb69a0510c2e3456ed213b92f0e0ea09a0d4f648682d2e93aa270598f9,NEWLY_GENERATED,0.7815659046173096,0.7607669103890657,0.14488794840872288
signed_packet_N013,13,signed_packet,b05e25e527090b6aef7a6054b7e2a2e8bdcc81e25548e6aa6acb28453cbb115d,5,12,3,4,c3870ec7526991d1e58216b1d4c981faae87b1dbf9fa5eafe33e7fd7149372b0,a3c4f6262f1a488ac9de4dafd86ed3cc8a7883266e7e0d00b3beadf4b70d1e0a,NEWLY_GENERATED,1.1407099664211273,1.2573980493471026,0.19603699911385775
signed_packet_N014,14,signed_packet,94b8cd03f6be6f55498a7ae1b84ee69f0b4204b623b25badd399add23e2a1bae,5,13,3,4,3e5fedc7ba22efe7f7ea28c2edfe2e4075743d248ab77105108d36a690086e04,4bfee384d198c56d007314224a7f842a110797b8f43cfdb31608ff46b47b82c1,NEWLY_GENERATED,0.9023640304803848,0.9915619157254696,0.18056691624224186
signed_packet_N015,15,signed_packet,3cdac5b6d866210afaf212fa402701bbf644a3948c505d617989b18ba58ae05d,5,15,3,5,11b4acc97cfc9e17f82b2bb4475d6e6d1f01c1bfca8563a72c61d47ff06de1bb,2159e4146b92b7eba79f60af12b2bf85cea72c8d51b4505f4e916d278ba2db42,NEWLY_GENERATED,1.4671440003439784,1.1167300399392843,0.22411590907722712
signed_packet_N016,16,signed_packet,66f53b1056f6d89c3967421d224b9ddf29616a2c5cd93e0afbe357e2e0dc287a,6,15,3,5,1cf53fc2310ffe72f0ecbf2acfe1f80b946d0fb2f93338982e75487f95f322cb,235a828b2e7699ebd5ccad16163fa701fb52b2c576e71823595dec9a5baa0ee3,NEWLY_GENERATED,1.4339240733534098,1.3246269663795829,0.2313960576429963
signed_packet_N017,17,signed_packet,c871b01af7a1f2b8c859220485890a8d7f70f5b7252e6524188433884f6eff0b,6,16,3,5,0e9bc47839b3110537b6edd676aa502185854fe3e93956ac48e381632109c631,3b83fc9ca4e55cb11f8b52cdb19ea2afdac0eaa7aa0e3773ed43375e09ace429,NEWLY_GENERATED,1.5945419436320662,1.5123729826882482,0.28539507184177637
signed_packet_N018,18,signed_packet,d5c70946d28270053059a48461bea6e0f28b40575a243ffcb188063c86724603,6,18,3,6,2611aa67834471073682a9e2bc7e2486ea05ec89869af42b1962fbdee8e22b17,e7b101742d4d57dfc5186df1c7bac651d55855c08d4d8d09c1d860726e3c39a7,NEWLY_GENERATED,1.757988939061761,1.1515700025483966,0.2350460272282362
signed_packet_N019,19,signed_packet,c3f08ff93ac41d6409a7bd59a16bcb129b2fd743de88df59cc9a10c58a5caf83,7,18,3,6,ac29a3cc52403edaf26dc4089d15a14e8cac62ad56c89114e5b26cb11d014ba9,e7a709a3d4d286f6c17889351f450fb6290f33b09b0dbc85c22f634281e2ffa9,NEWLY_GENERATED,1.713539008051157,1.3610559981316328,0.2384959952905774
signed_packet_N020,20,signed_packet,d7f45f5c45549b5e8c1624b45a2cee25589eccc953661e508aca946ddb3f3857,7,19,3,6,04e2a4ee0471ce0ee5bda8ff3ea11b4594d44d73e00f1b85d0324aa0bb36f82a,a774754f6e113fecdfd4c692a98a6b79612d99c14fb7506b7f7d3c0ee5a1e6df,NEWLY_GENERATED,1.8607169622555375,1.5208330005407333,0.31881395261734724
signed_packet_N021,21,signed_packet,011d5a8609482bb4b9521b633bd08aa2fcc61af772c9dd3d35ada1a6e10948b6,7,21,3,7,f28ecc0fafb47ec00b9ed207082419fd5bb1b383c5c1920877d7719fa0862649,d222693e92a512c687269c7b6cb374a6733f32a48fca517c800b3c5bb722f499,NEWLY_GENERATED,0.7599459495395422,0.45473198406398296,0.10991794988512993
signed_packet_N022,22,signed_packet,49eeaaa9379d945c8550dcda3c57a1208dd79040a8751dfb0f3f3f0419cb2673,7,22,4,7,d73e0d77e466e14da246d6c09147257bb7416cdcc9e0b49746220324fa22823a,6698850f896a98cf9f0670a216d1e9971dc8a264efadbf478ed2458aea3f694a,NEWLY_GENERATED,1.5622529899701476,0.9449239587411284,0.25412102695554495
signed_packet_N023,23,signed_packet,b231f399563abbbc624efaa0d055385591f85fbb9ac61707ad2a4ab35d2c9264,7,24,5,7,e39a6046b070ef1ee7759fea8fedb495f7537935447bcd1ccf6d1d54876694c0,4684da8fc3e682c36c8f5e38c318941bdfae9dfcb08ba9806145a82b8794888a,NEWLY_GENERATED,2.29160999879241,1.4433740871027112,0.3157840110361576
signed_packet_N024,24,signed_packet,1e1d18461c37db3e95c5f8ccd538665ade476da8b6f757c4841b7db8ed4f4257,7,27,6,8,f0d9fbb5e52ed94f71a380508347fa17f9b4600225349aedd86887931bd9dcca,b6c48a58db7bea7753f69881cf42832c9328c080092cb792c852b4ae4ee3b425,NEWLY_GENERATED,2.759850933216512,1.8589970422908664,0.414867012295872
signed_packet_N025,25,signed_packet,573a3a3f86e5d220583dc8292148823ac3f25a16dae551cb9e1625817bb18670,7,28,6,8,2660d45a8a55ed4f0acd9b8c33d401152877be24b11da23e472fc639e020b5c8,40ff7ea607a436a74449c8eb6e653d344bf8ed35184860888b72bf603df20e08,NEWLY_GENERATED,2.890259027481079,2.346548018977046,0.43273199116811156
signed_packet_N026,26,signed_packet,497a92bb73af0a7920bd103bdea58ffde0942e26aea5575670ee99c0fe6ecc0d,7,30,6,8,aef9f22751cad5dd0b2a79d3c162fe4bb3b6baea6a706b9092961abb38849d68,4087d865e5f3fc9e8de619ea8360f3d0b85eda96970d14119cb920d168ab44a6,NEWLY_GENERATED,3.0468659242615104,2.4760860251262784,0.4567770520225167
signed_packet_N027,27,signed_packet,b0dc789456c08faccf006e8cad4b3037c9e2d209adbe1bf9a65ffbe5c6407c4f,7,33,6,9,5f80ad154c9fe11ef6bb58d902bedf3a1b307e56dbfb60694817e43a553f9c6e,50b151b822754a9bd4872ae8e5a65a0cf7cff6e0fb38efa7ada5e6bc38fd46ca,NEWLY_GENERATED,3.3838400850072503,2.8249199967831373,0.5027459701523185
signed_packet_N028,28,signed_packet,642322ec0adffc54ae4aa15dc35660ca67402051d09a2e08ab6528ca54da0b6b,7,34,6,9,dd52134384004bf1e7b85566a21b0f5205aa1314e666977325f52f495cccb3eb,ec58ca32ab835188b8dda07311ccc8af6f7c23d2cf150e1d302226f81f4432c3,NEWLY_GENERATED,3.4979889169335365,3.393579041585326,0.5137310363352299
signed_packet_N029,29,signed_packet,38bbad7d5d0dde71476c085ce770511a14c47cb6a56aa54476782b599884365b,7,36,6,9,6821d7f337ed471696ac28db3d1c19a32f486ca920ccf97a9e78ef4cfc7c2585,203373342e7ed2a75a3f5059d7f16967219bd5c959c03d8f07d94a1391c8ab8b,NEWLY_GENERATED,3.746103961020708,3.4629179863259196,0.5679799942299724
signed_packet_N030,30,signed_packet,b3bf57540405ce6ce6240356711f89244fcfd7bf6ca4b4ad6d1bec1076927e8f,7,39,6,10,2073d0c6c8f191865966bb74212941d82a293517d07fd071c878601bfcd0bb4b,793be2644d3c5e088b166093ca47108f5d7e7901cc0634c9c5e6176a3df2e559,NEWLY_GENERATED,4.109028028324246,2.9877370689064264,0.5858991062268615
signed_packet_N031,31,signed_packet,0c758e9fbd9550a6c5ce078f54a5af2ebaa6eb2011031e01e38cc7bf5ff5fa51,7,40,6,10,1a39fa382040e97113727347e795076de5de34846b45ba7c979aaac497625060,ea91e7a38b027ca13d90be3acda2ee234a6c9019b90385f099815442f8aead17,NEWLY_GENERATED,1.7175889806821942,1.3513059820979834,0.2528449986129999
signed_packet_N032,32,signed_packet,464879afbd9c6bb2dcaba0987e3ec05fd46b0f4704f1558d8f4caf5adc5741f4,7,42,6,10,95bc55713ed7f6d3044c12d06ccc952f4ea17548e326caabf32aafb7cb814c56,2e6e9507baf4b4cb219c1877e27b4b1a8a6c7e1eb553c1a2676de6822034f814,NEWLY_GENERATED,1.8180080223828554,1.4294449938461185,0.2564250025898218
signed_packet_N033,33,signed_packet,38ae0dac785763db87e0a7f3f8bfbac05b35935dc85ed1f6ba9e30addbcc566b,7,45,6,11,c08e6b27ca57f63b40bf88c425a3621220b152aae521884e06ba35d5adeefcfa,26613df05d50266f4f99551a468f8ccf61b160df239754cdcd0797862a8de91d,NEWLY_GENERATED,3.0786050483584404,1.9833750557154417,0.4128529690206051
signed_packet_N034,34,signed_packet,e8694b8494f7fd6836e8546c5f4917799ee7ddb5b25ac872694c1184cb4eb346,7,46,6,11,56baeec22384b3e2e206bc63c7bf20fa76f0c3fa1deb06ee8e2f3c626e94976c,f21e8904323d96845c4b204abf9f45566939ebceaa1c1a10315ff36962ad1fb3,NEWLY_GENERATED,3.1851829262450337,2.2708489559590816,0.4390719113871455
signed_packet_N035,35,signed_packet,c8993f57196663f2d371e39ea633f6538efe0cd1b3e045f0fa66144560f141d9,7,48,6,11,7af798678ac0f19a748ce86c491b116d652a5a1d67411034ee812e9b1c946699,d82f761b9cbb8c7fefaa88ea215c50d2c56103d1cd71623a41735284384450fe,NEWLY_GENERATED,3.4780490677803755,2.3722980404272676,0.44581200927495956
signed_packet_N036,36,signed_packet,622b18c2fdfb8b9210bc1cec50e9192db0c43df1ae9d383442876518c61364b8,7,51,6,12,3ad432f1b5905bfe251981179a437e3513ae50088f3d252ef58a078bc61922b8,f26a0dcd4b9d23e030c617dfa7685d54ac202742da26826695c29457d9c95ce5,NEWLY_GENERATED,6.1359410174191,3.555206931196153,0.4676119424402714
signed_packet_N037,37,signed_packet,70d4c8f1bec71d0abcfec2dd2489533dc5dccfc5dfcbd4ff5571b7ad72900689,7,52,6,12,d95b823786cd7b1f3958f4112fda6055ee7d11940cec67d199bd6c0e3771f5c1,ec92f3db22b6581510f20e1547f6d57f2567c6fed7c3c583e315d94aed3bf71f,NEWLY_GENERATED,2.215571003034711,1.440513995476067,0.30395505018532276
signed_packet_N038,38,signed_packet,9047325410cfb90be0f3fd8a22c9e850c84c24682cd1c34c8351909464944a28,7,54,6,12,eaa4615177d7049c5c32a0fe4429fb658b760f7b4275f20f16117fd0084f0222,2c0b2808ab92631f99caefa0122cef1c4a7f05715ba06c63ca72370cd460c401,NEWLY_GENERATED,5.80187700688839,3.728223964571953,0.5598410498350859
signed_packet_N039,39,signed_packet,26e46bf08865b723ea5c7c5551ed7da08dea69e72730eeb80f48843d36e45fb0,7,57,6,13,f228f74e305930256ffb74498dac43bd87da9d03e9efaae183c2ca1cfc50d407,8ee52525cdb7ed04d9c8a6f0451d6ce0105dc9f1453253666629085e13c5dd0f,NEWLY_GENERATED,6.920428015291691,3.5889759892597795,0.5433809710666537
signed_packet_N040,40,signed_packet,6ca1f43a27778fcb658e5d5e215cbc51f4d33538daff942d22f044fafb56b617,8,57,6,13,5d2368c67ed9a413730ecd2da0301e7e30128897a303059fe27236b2026afef1,7161b8ec353fad6be68ace1ad188c912b978d451f320c169eb3f0be25cc1eb16,NEWLY_GENERATED,4.261804977431893,2.2464910289272666,0.5248610395938158
signed_packet_N041,41,signed_packet,b98d87fcfde24bf35dc7fd6f48da476c13a1d3a4f46751ffa792980fd576af64,8,58,6,13,0e6a176be665bb23044fe0d02af6b106ab91e676845decc89bf46bb4a89b8295,638599809b6dff33eadbd00f8401652c5231e78a6abb60e018c7ebb52101513a,NEWLY_GENERATED,2.530836034566164,1.3849659590050578,0.35778305027633905
signed_packet_N042,42,signed_packet,5cd9f8705ed1c065057570ada7d2a005580f1dec0d3e4d549afdcd323f63cec8,8,60,6,14,3077367c8210f68b53e587f21d805a90ec231f04cb5a412eaa7df2e44b5ae146,3fd8e2a170e6d29c422915f2eccec138a4c1e8024409c30f82bf68c821492d5e,NEWLY_GENERATED,2.6165739400312304,1.2867269106209278,0.344953965395689
signed_packet_N043,43,signed_packet,70997e8d6c41959a3da794d2c933d6e7247d5a6a37f94ed54a23143e4babd6a0,8,61,6,14,bddad15c2d942b59814b0857cb9873a31a3060bf741eb0b100c9faae2401fa9a,500bb3fda6d774d33780f79e51d18ed9d971b9d28da4e8c8a86646d5fba39bf8,NEWLY_GENERATED,4.3403239687904716,2.4079770082607865,0.5952899809926748
signed_packet_N044,44,signed_packet,e839136553f0f11265387ae90234d956e581051c79127416f5a931ae446193ff,8,63,6,14,c253b5281154ce686e8471389e983e812f875a7e5c9195c7921169711d176cb3,23deef0e46a43232bf8c7cbaa03a7470093aab5dec86278ea41ae83ec0a3ccb8,NEWLY_GENERATED,4.541879985481501,2.509156009182334,0.5969289923086762
signed_packet_N045,45,signed_packet,2a9003d4ff2aad34e3300a3ea3f336c3f1df0e9e74b892e717ce34ba12662816,8,66,6,15,6456a7d413dd0bc61b6f79ac2c0995c0d04e2f8b5e91edd59bc4a02137a59b62,7751b811d4344f14e8cfe8ed8c6baf0efefb29b1e497e986753651919672469c,NEWLY_GENERATED,4.700307035818696,2.18838092405349,0.6135490257292986
signed_packet_N046,46,signed_packet,0d9e420be1df4e21d6513bfa57964b0c82e25344a350d6de933b2c94b3614e79,8,67,7,15,e26baf987eec8435eb0afa1fe0eb48557e9c8b4246a6550cd3428b887977b69d,5c387f0c8e09bcfeb9f8094fe1a5f9e840db71253830e537606be51a86a56f25,NEWLY_GENERATED,4.909773007966578,2.231439924798906,0.6478889845311642
signed_packet_N047,47,signed_packet,cf407d2d89bf46b50b1e2601e4b1f22b7239772bfaa40cf1b03dcabed5f10854,8,69,8,15,4bdfec6374656e424d20f26d6ffab9aaf5ca353e40ec0ca108a76d2fa13595a9,ef70fe13a69cd29ff71e2400dfc0dd54ecced4b6fa0627aacbc8927346fa7ddf,NEWLY_GENERATED,5.007651983760297,2.3685978958383203,0.634368509054184
signed_packet_N048,48,signed_packet,54a9a74920e3e9c576f5454f1acc22f374b4b8cfe0ef2870a901472adbaad383,8,72,9,16,a35c90e24553faa5cc7e4ea8a6c97bbe31dbc184c2ffbe05b288502abd6a49fc,ab94bfbef17069c44dcba00000adfdf684eddc2c9f89d1d8d4b13af894b1440b,NEWLY_GENERATED,9.421574068255723,2.6168039767071605,0.6471140077337623
signed_packet_N049,49,signed_packet,5b8a558fabc056805636d9d096dde12bd2f898b376e9bd065d17d4cc162381ec,8,73,9,16,0548f8db7241eb30dcd391393d7df47b74764700779488e50efd26603fee8093,a3083bec63bdb68821e49cdb727f907edbee4674675d53ca97555456906b74b6,NEWLY_GENERATED,5.795678007416427,3.528797999024391,0.7081929943524301
signed_packet_N050,50,signed_packet,e6bbf3a172375dd320eacdf24a8e042a8bd00b1373ca5f1ce49efa830cb82f23,8,75,9,16,ccff825c4f53733271e53fc784abfd6c6a944e4fd1cf7626b0ed6eac1cef2394,5aa500ee1c1b3e6f846b4eb4b31a76cee7bd9b57c974b5b7b19b69b2ec0554ba,NEWLY_GENERATED,8.680286933667958,3.6372559843584895,0.7403769996017218
signed_packet_N051,51,signed_packet,d1fd8729d060d289de48613b5021a332360568f272cd08270ebef2bc44d408ba,8,78,9,17,862b51aa4304265aade4c2cfbbe3377e4a36eb86b51f8eaa6713d07e333d5364,21338c15e7ab1efa92eed8d6e8a8ffb80642cd4c82c60ead3b2b6e89a3303ff1,NEWLY_GENERATED,3.714674967341125,2.2243100684136152,0.4337720456533134
signed_packet_N052,52,signed_packet,0d0e99ec93987631778c550be1205910314b968e85f9b238e01c85681a9f85ec,8,79,9,17,d4f7eb0d2e8bb72dc2cabe1becc40281c2a6a78a3ba4eae33248b592a6d4791c,20d80c02f67faf644191563f45762f11c4352e40e6c4d452442f1da567ab5a18,NEWLY_GENERATED,3.738773986697197,2.603784087114036,0.43858191929757595
signed_packet_N053,53,signed_packet,e40ad83bf332085687f26b2bdcb2c9d09e075c3ac680b92230168be31dc7bc86,8,81,9,17,de1b708109c332e352eb8df4daf73bbe0be5e2086ab6ac163b0cd96c27c4729e,8e4537ad13a5d6e20bf9b6899b32ed9c34a06a014f6141c2cd42dd88b2bc2628,NEWLY_GENERATED,3.827911918051541,2.663582912646234,0.44676195830106735
signed_packet_N054,54,signed_packet,09151ffe6ff03fae428d4ebaf1394fea3a38c262138f14586340bb936b7d6ec8,8,84,9,18,ade3ba29c464760ff0b8366abfdb002de417a4a960385c095d3a49a0fba29df5,3a0bcb07464722d620908a487c232cf7a96d60042c28938db5f48353c209f615,NEWLY_GENERATED,4.0847379714250565,2.26643995847553,0.461242045275867
signed_packet_N055,55,signed_packet,2ae1f45a8104c031af7b8f8ed4d8f8e93499952f778ac93e740acb3db061c49f,8,85,9,18,6fa7c9416d9979298914373863bd6bf2830ed1cca30a05c6b99445b7fc624660,a00851b6fddfd4f1cedef49c081096de29cdde5ff2ca39c4ea5c1ceb43769c58,NEWLY_GENERATED,4.1243169689551,2.6536129880696535,0.4657419631257653
signed_packet_N056,56,signed_packet,dd584b890caa1c32f0aed1847ad3f360c2ff28e6fda1e6ffd3d70cb11b6ad18e,8,87,9,18,b4163176fddbaea995f538cb412a0809a6e9514a2f47af8ae80e71233c5c6db1,d80292236079cdc6f64acdfccea38c50bdd676dcbda90524aa2d4c7355386ea1,NEWLY_GENERATED,4.175596055574715,2.706211991608143,0.47563097905367613
signed_packet_N057,57,signed_packet,4a12f751f0f7dc3487f3b840714516e015a621d36a45a85b75b06a2bd427c21f,8,90,9,19,46de60c5b79d62e1decc7f843daf59bb79c65c7f6db42fac6e24c52c548b365b,f81c35c95fe91e59a5a29056fb41def3d50f9feb5444e39a69e99094b9042a88,NEWLY_GENERATED,4.4564210111275315,2.291359007358551,0.4987110150977969
signed_packet_N058,58,signed_packet,4dd7d0fbb7f2fe6ea1d77842bf5e5c3fec69c29cabb63e49eea66772c62fae65,8,91,9,19,1a12bc3ecc66ea32a2af2acc2fb59d13243802339debc140feccdce0a029a22f,d07023409088dc60542d80cff2e853e6715175d7fc26bddf5dd2fce585e915db,NEWLY_GENERATED,4.63755801320076,2.687021973542869,0.5025709979236126
signed_packet_N059,59,signed_packet,92b4d89735dc18bb5379053bc41c93dbc31293830f4f056d6c67729502b8f890,8,93,9,19,6fa2801167b175f9529e290901b2856a6536cca4ff4eb46451aa507d794e5a2f,3e24b185d3a199e2edf63347e8c71c591b6119b3c17504037599090046864f91,NEWLY_GENERATED,4.50513104442507,2.74803105276078,0.5275410367175937
signed_packet_N060,60,signed_packet,a24edd5338c55560a4a8958b27fe3403e4fa33bfe1735c1b080e969a94b39c35,8,96,9,20,993bcd2909a5fac23c1a2f66d6241e8393506047bff9e6c4087bb1e6615801eb,0284696f26a819e1c402293311fcec861287e295d59db477387917bf474fc757,NEWLY_GENERATED,4.81415493413806,2.3473689798265696,0.5272610578685999
signed_packet_N061,61,signed_packet,e00991b6d197f0c4ad3a2e1551d62cc7948f3f26c6add64c48022c401c61e701,8,99,10,20,30d4d58ac0519d8460814ee7681ae4f7fc0d345c33b7a50fc3a3e5c13b1f5200,6f42c11da532ecae5f364a1428830bc246b8d74bab3fa4d05a97bc7bcf0a6d1e,NEWLY_GENERATED,5.378844914957881,2.8296089731156826,0.8828995050862432
signed_packet_N062,62,signed_packet,9a3ff3667211d8de9e82ca2e7f2ffe849cf22e6cfa1286bd1cb31eddc4a372de,8,103,11,20,13295bea5867d9edb0bc714db857c89953a3aede1b0205719f35a7e584995b34,8e32ead3ccf28e6c9b376d2e56c5e848c3dcdf9774fdf64ad870c401bc77be85,NEWLY_GENERATED,6.435326067730784,3.8295519771054387,1.6921699861995876
signed_packet_N063,63,signed_packet,9b95cde15cd2fd63ebdac2ec70287a9239d7af365908a343243918b6c3815b44,8,106,11,20,9e0b512320512bc2b6316c355afd2a8dafab019727da837eb8e6e41eb558cee3,9684f08eb34a8cf45ed9deff7e07b6a457ff6795901c4b31aa0d48e21ba12c18,NEWLY_GENERATED,6.292389007285237,4.545120056718588,1.6100810607895255
signed_packet_N064,64,signed_packet,705ebe2aee06cf758b518c877fd73a296e6d5fba83be576a2495a6978c576d24,8,110,11,20,129eee112f8b0d7a260b13c51901e9470da380f282034dc55935c0b5c2615786,8a8166036a42b90c5b55fc52fc159c92dd758aa01751e285876a429c570ff8a9,NEWLY_GENERATED,6.8229790776968,4.754155990667641,1.6579005168750882
signed_packet_N065,65,signed_packet,c6946774d36bf8b692edabb32c0bb368a1e538a73be5e8bd6d3182e8add9855b,8,113,11,20,fee3d0483c68aff4c0c612c8e21be30fb7d32b3c25817d0b11a289b6abce889c,40f8023cf66e4d0c3640e875fd14c969d3bdd91945a00237abc711a277fd3691,NEWLY_GENERATED,6.882688961923122,5.513433017767966,1.6829400556162
signed_packet_N066,66,signed_packet,75f5028359f557bc22c53e10101fc40579a08775e76d3dace264a1cfed4dbe6a,8,117,11,20,da72ed9bec69e7bdc584918d80de41251c22adc440a1772c7fd4c9882a11efbf,0907f0e87ed07c66bf47ae0a68dfd44f1a5bdb89c2a0e0a32b115fbb81551b31,NEWLY_GENERATED,7.10361497476697,4.847764037549496,1.7115400405600667
signed_packet_N067,67,signed_packet,7d6126d5033cdd758e2e82dd268cc27d8e79ec63d4bcb9d78e622935a5129e68,8,120,11,20,60173bfe34ed6a1933c73baf1cc7d3f8a6bb22bda83fe2a597ccae29c1ba0738,4513b33bbe7ec54e635d96a18620398a72a869ac02a60af5ae076877b60a117b,NEWLY_GENERATED,7.262701052241027,5.628420040011406,1.795027987100184
signed_packet_N068,68,signed_packet,a052f6f5c6b2ab903576bc6346be8be8c62c44b80c4b99dd16c5deaf59976fe5,8,124,11,20,8b3c958c8ce18c6299a5bf5cb46e1607bc90f8221d2dd68b800e68833c492c90,73d0623169ce1595d89618991e35c9ebde2280dcf99778fc4c1180e178fa2bda,NEWLY_GENERATED,7.9937189584597945,4.999250988475978,1.8484169850125909
signed_packet_N069,69,signed_packet,0d3ce51390ca8d7c67c37777c11c5778cb53687cb6b27ef1b78f489f8d471a13,8,127,11,20,c42f99a914bd2c835a8f1456161dcddeb2684bf229eb8857467752acd09ee153,88522f75194221b5e66c4bc856a98660d138c1489803bf23083aa3a43fa1ff6e,NEWLY_GENERATED,7.9701890936121345,5.091559956781566,1.979434979148209
signed_packet_N070,70,signed_packet,d39a4d6dd47a9db4e3e3f555538525cccfcfa28929b5ea125e6932a994e2f12a,8,131,11,20,b8db036f366efd6bffb9a8d8fa02ee967919ed93b4b8adbd759a10d6ad3fd6b2,cacd1030cf4e8d0067ccecbce9dc3e4e86a2d21ace65736cf6c769d17a7e5032,NEWLY_GENERATED,8.209135034121573,4.495039931498468,2.086603082716465
signed_packet_N071,71,signed_packet,d74c6fb8528211b5fe9162da12e301b6b8fb0e64e745f4149c35a531fbc01892,8,134,11,20,86b6b5dd26dfa5ca9d4e5edaf497c116d7492e27e76aee408ed8ae90e5f844ab,ad32c19a37b844aa8467f9ee972cdad5c7184502511661af15fe03f5eb4b54a5,NEWLY_GENERATED,8.211015025153756,5.1593780517578125,2.28123995475471
signed_packet_N072,72,signed_packet,9fafd6c699bc380bc3875084ae0428ae520845dd63923a17e1236d7af7d481fc,8,138,11,20,a7a9762eebd95b33acb32d6ffb30668a630281ab1152b16f6cd17af1d2d41bbe,97ce275900ed196f7bfbde502a66f7380f6a326e891f48362b6135eacee339d4,NEWLY_GENERATED,8.664175984449685,5.338105955161154,2.3714834824204445
signed_packet_N073,73,signed_packet,bf33fb3212506e7ecdf9f5ad02fa5ff5a03dd38852d487fd0a6c0bfa68e7b78c,8,141,11,20,4236f97303cbb7494f483bcd78971b82e656d482f363e581e2ff32c091f271fb,d1313f7c2e636e19d5cd1a6d0bb6d592d9b23b24206b9a52e3403e8f9c7e7d7a,NEWLY_GENERATED,8.920361986383796,5.484642926603556,2.476606983691454
signed_packet_N074,74,signed_packet,1940384d20e7c3e36105637c68d30f3ed1e2bd4a092e364802169b647172f265,8,145,11,20,11d87644c7efd076429d97f43ece950009cf02fecd321b0e2bf6669cb6a81a9c,b2f9fd3d142bfe86558e7c8f61ed7b228477757e0ed1a4b3914079b7863f476e,NEWLY_GENERATED,9.151709033176303,5.15991891734302,2.450036001391709
signed_packet_N075,75,signed_packet,95127a0174727e6f98e807ab38cc24c194aba94efaed6dd9a6fe81fdd42fed57,8,149,12,20,686f95f51a4dcb79460ab6cb5ac3f72f4ccca4a1340269f55983651c9dcf59ad,dfbe5b8ceca5d9cfb643f5be32afc90d2d1c059ad3e759a82710356dc9b70e0f,NEWLY_GENERATED,9.617889998480678,5.493182921782136,2.551635552663356
signed_packet_N076,76,signed_packet,f3761d438216413a17183bc7e82b34fb1a9f5dfd5e628d329797b1df1056aeaa,8,154,13,20,500f5d72b0c8c6386e2a88bbee73d9a3a4ce7c14897de76b868cb83470f9ed03,93afeb347ade787b4f9736535ed4d8e3fa58f9e5bc79ab0e1dfb6127b107d9d9,NEWLY_GENERATED,10.576292988844216,6.417635944671929,2.576269500423223
signed_packet_N077,77,signed_packet,768bc7e20fc31913c7dc6cf88029c1749373549f11dbf39a127a045edd5305be,8,158,13,20,3afe1b21ce10fb0aa3538725b01d0a04756a28a816c1677aa21ea1d479353e76,51b534a8ce37bfae7748cef2b1d34b8a12a3cd5442c9838be79b8c209815a757,NEWLY_GENERATED,10.806787991896272,7.624765043146908,2.813520492054522
signed_packet_N078,78,signed_packet,e4aad92c2c5e960876a55911697339d7910372862446d291201f56ef2a5eaa1c,8,163,13,20,328fa0880c300eac83e9b39670e21fa18f350eec8fb13120627befc1ef9d0160,aff5c32d97ba484bd1be8edab8f1068fd7c5eaa45d6ff9fdbe3d882dbeb83c2f,NEWLY_GENERATED,11.924668913707137,8.392581017687917,7.238766935188323
signed_packet_N079,79,signed_packet,aa6745eeda0e060628fcd612e98e4f83e82caae24b9f924a5ada06f9f9ace484,8,167,13,20,215405cbc804d17d695352c84e9e7e50de6375b66ff7bbb49489159afb37a730,ba6c4ab1abebeb5c6fbc1acf97c76f8cffeb2b0a984f4015871d81c00403c7f3,NEWLY_GENERATED,12.600176967680454,10.03422203939408,2.875539008527994
signed_packet_N080,80,signed_packet,facf95dab10eeb7e1dcef74552347f62af37122628f0f365d35a70e54fb5669b,8,172,13,20,08f2098716b70fb59b02d516f7c9930d64a4c5b471b0bae096ceddcc19c2b176,d43b80b86b1f4739e76ab72acd204d5a5b9f388d3826f4f82ce1c3c35f290d5a,NEWLY_GENERATED,13.442661962471902,8.812334039248526,2.994496957398951
signed_packet_N081,81,signed_packet,028c23e7740111eb579d579f569954bdb75b29c8c66acdfb45a7deab0b23f904,8,176,13,20,067817c06b363f3d6ae358228f5ad5c5ef62249fe203461301900a138c515bf4,2d62766c400e0a87101706815a7235d7394b321986b8ddf5b17a6e4e31c87b6c,NEWLY_GENERATED,13.779905973933637,9.894545073620975,3.025137004442513
signed_packet_N082,82,signed_packet,127f52ce83ca5cb2761c0b95347c7c9e3d953dda0412ce8556ab6ef48fde01d6,8,181,13,20,c0ab7b11c0dc0cd42494e460a06d2202ffe5e6dbc306a0158839a0d0898d9370,daa4c0c112e63cd87b9ac5f7a8bf4486c56037c394d99afe09678564e4f933bc,NEWLY_GENERATED,14.971585012972355,8.864572970196605,3.298040945082903
signed_packet_N083,83,signed_packet,7b64418bbaf7a4c61a8d0d173c9448ac5146f0824f216b82c397c081a9ed265a,8,185,13,20,851d34de053f4399535ebfd202127af139bfc2b73dd5350011dbad4342ced8b7,62b73dbed8db849e07fc07e6b1837a428faf5ca4d2b71b4aa7097eeae2c4357a,NEWLY_GENERATED,15.115481917746365,9.271266055293381,3.4010799136012793
signed_packet_N084,84,signed_packet,a69f06d26ce1213fa006173f04988c9260fa372ace0988a875c06e117efbdc70,8,190,13,20,840a8b512dac10f163d00510edfb6ac0774dfccd9d67140b0447059b57d9cdec,983d8e48d2ae976fa12c24e4e9fbe2a20824a9e430be26050a63f924b6970c77,NEWLY_GENERATED,16.109304036945105,8.27709399163723,3.503758111037314
signed_packet_N085,85,signed_packet,f9b93e968435abacf7b782778e17c32e1d5b2a39c9816da3c96b8999d7d94ca8,8,194,13,20,712008f6522bf09e6df944eb1c8aa0710631580322c59076869b87dfb68b6869,73a593058837ab401f87b6b1770233266150a7e883ca94261b7fc5915a17a035,NEWLY_GENERATED,16.87904098071158,9.150748024694622,3.5286624333821237
signed_packet_N086,86,signed_packet,f849c29638bc506a1c58cdb98d9332dcd0683486dcd8ed0162bfc4c6cc077f3d,8,199,13,20,1bc8f332148afdbb1e63d1e660c7a1877c4bf3b44257fe4b23f1c4ae18a5e551,b2b6b554b719764cd731c59bc056e8c419287cb26cd948a37b30e7a570c29e1d,NEWLY_GENERATED,17.63996807858348,9.840936050750315,3.5929714795202017
signed_packet_N087,87,signed_packet,48cdd57a5c89bc6992890b241324fa7753863ce61c1450ad8b0f433ee96b6d9f,8,202,13,20,abdc79defc74af4250a1fee95a65e2f45a1e494433d51c15e64cf26287e976a7,13afa08ea7a84b31b3e380fc5b006705f0ed106287c1cc1073abf7c01815049c,NEWLY_GENERATED,18.199517973698676,9.992823004722595,3.6924939486198127
signed_packet_N088,88,signed_packet,2c6f75ee58073e4bbdac3d144841badd81e818c9a64adf9aa9648ef47ebc3ffd,8,206,13,20,30f4737612e0e129c8de85f1207277512a4a56c30bde7fadbebee65a737b0300,6e37ac4c989564c6a578e64d47405e325a0c96b50d14628e637aae19c1dbf09d,NEWLY_GENERATED,18.052230938337743,10.22848894353956,3.7665035342797637
signed_packet_N089,89,signed_packet,aa6419a886514638976260b2dc64e2194d6699467fcec14728a5c8e19f340ad8,8,210,13,20,b1da474433f91b61fa0fbc9e2d093d5ce0d300c3ef9b58f649e799b95518cebc,2547222f3d38b17fcde2cf900f1f2a1ae6ba284e31ff92882a609144eecdc5d6,NEWLY_GENERATED,18.938884953968227,10.623571928590536,3.7923719501122832
signed_packet_N090,90,signed_packet,3cce329ad55ffa2766ae47b66e80fb90519491098ff1af4605c7d15e34f8db01,8,215,13,20,41c4cfb770bc27c8eb3ca07b65fa3fa9e7219bf534aca42bc97855a79022bc92,d77cbbcc3e1f8490c896fc74602e67dcb30f623510a1bc2ca46b539700ff9cf7,NEWLY_GENERATED,19.66918201651424,9.97866305988282,3.865910926833749
signed_packet_N091,91,signed_packet,e118358009dcbdc891771857632569fab795b9d62d7ec42e2c495f2447dca6a1,8,219,14,20,f05909a4fb10ad1f7944223573a14c9da17e2bd3954e2c77b4f212cf874570f1,28acdbda0ab2576c77df8ccff921b7462e3984691dd83b28d808dd2d51d0d329,NEWLY_GENERATED,19.733441062271595,10.400765924714506,4.04906808398664
signed_packet_N092,92,signed_packet,967435a79db39be8ebc73f72e34a2cf36a9391fa9b4c72c797023ccfec2907cb,8,224,15,20,46d9668a14e156262641144c362827d8645fa9608ee7bfec6dec34a71ea1d090,4fd4b45151f079d22d51674c91bb2a205c9b0d5b42d8258af262989aca51cc64,NEWLY_GENERATED,20.893229986540973,11.094832909293473,4.299184016417712
signed_packet_N093,93,signed_packet,b32f11a98d03f5f112f6cf3ecb7958d1901c19e0b8f5d1625559840cdf94ff75,8,228,15,20,97e19260fcfd733b59807b0f80a782ffe3975f36ee54dbd3b5120cee7d4591b3,bba609af2fd14adc3b5fa73dfec955a057e4d0c13dc391eb6904172eba3e97e8,NEWLY_GENERATED,21.586447954177856,13.149398029781878,4.326027992647141
signed_packet_N094,94,signed_packet,6ce4ee16415149d53974a15841682fde1b832a3e091047d17ab2c1e1427d0145,8,233,15,20,63ae50721ee0b5c6ce0d36293432fe4ffe3c23b6b0d80671bfb12ebdda968401,6d2f2bacccf155e68b94519f55c6c887e17202b2bebb4ce805bd18714e391f1c,NEWLY_GENERATED,21.875542937777936,14.07170097809285,4.326348484028131
signed_packet_N095,95,signed_packet,6fa612520901790e60a6779e8558b25284f05a8be2496a8a18bbe4002d62d323,8,237,15,20,38d0800a4c0320e0b2ab025e81f94e54a0724714241e020ac0f55cc21b049d9e,3ec6bf5886e7abbcffae57126dd7198af931221f722c809bb3f5d422925cbc70,NEWLY_GENERATED,22.468492039479315,16.08032500371337,4.4654610101133585
signed_packet_N096,96,signed_packet,6968da69c0263742940a2cbf48b2e6817a465787a9fb895995dc4f4826cb9e10,8,242,15,20,d1e7f9b4627607f4827818cba657c6d4e6018b77b4487b8d8e1f057d03b78fb9,f727abcaaec5dac7f043811d873299ca55b42465c59108c8db082f5f78fba208,NEWLY_GENERATED,23.783509037457407,14.258047915063798,4.42686106543988
signed_packet_N097,97,signed_packet,8eaa1e4279823fd89fa8912e6f8634a8b178d7fc1eee730057afa5a32e069928,8,246,15,20,f1611999166060dea25fb5e6dbb8bdf17dcd92507da7204295977f47b1814446,7a35978d28a15b4f04fb0e0281a8e005aabc1224eec8f75726d4eba41c83e9a5,NEWLY_GENERATED,23.780378978699446,16.22623298317194,4.573939018882811
signed_packet_N098,98,signed_packet,dc78a31145f01d6cb425027082e892d673917405433c2ad40d5cc5f8cb39d7a4,8,251,15,20,852eadf270cf863bba3f20e3333081985a906f1ef349445c85e482f9f1740362,e3e6633bcf95aa722461e988d7f92f19a73888fa73a9220afec9009dc39e08a5,NEWLY_GENERATED,24.849371053278446,14.542532968334854,4.699537064880133
signed_packet_N099,99,signed_packet,a96306e258db3d676e826ec672af407c91bc2ecf6bca8b4cd0a65d4c38fee727,8,255,15,20,a30fc5b004c8168627b8366de29a3cba7b5bd6257c95ff18f9bb31c578c58c0f,92c8cb4be8997ed974a3d37df169c404c0d18ec14c93dedf86de67e61277707d,NEWLY_GENERATED,25.567327975295484,14.872666914016008,4.799844929948449
signed_packet_N100,100,signed_packet,64359cd4c6e24d5e26963f395a7585c57d7645053fd6626206b1b66c8efd1860,8,260,15,20,777fef0cc12ca293a1668880bcfbcb51cd7748e31090b7372bf076a78f92346f,785ce819c5e4295c94a947a116cc52355e9f304b41a7e2a221161a444b21bbba,NEWLY_GENERATED,26.45365195348859,12.941170949488878,4.896673024632037
signed_packet_N101,101,signed_packet,74399c65d0b23eee863213b8c2637652c471c3e0ca31bcfaff49d7f248552d39,8,261,15,20,2ccd4ac48c869fd5b7f14b27c5d74b3679f938af8994aa584e17c29ffd2bfe6a,bdea2c466ffbcdb521019fcc429a666e700ca1fbb6eb825a05e69d27efd4cee3,NEWLY_GENERATED,26.301293983124197,12.927741976454854,4.992676491383463
signed_packet_N102,102,signed_packet,2fe97af75dd32ae81f73f2a235fc4b0f45ce0680cac3c596c9edbcb0fdbc4915,8,263,15,20,b0396fa21d560a72a6cd12f813745564ad98c2f8c39c5a1d0505b503e5963e9e,71204d68844ae904281b516ff86431cdbc7f7179d32fc7566ce6d58754d3ef0e,NEWLY_GENERATED,26.495950995013118,13.051068992353976,5.071119987405837
signed_packet_N103,103,signed_packet,a8572a362c139afeec92c184c4419033a3942ae3dde6f1f5f320abee4e9c56d3,8,266,15,21,819ff84f880f8a1d3ffb36d48e8d09a6fb2fd4e924f8efc17aa2a7b48033e564,806fdc070f4a9009e041f76647b2b8d000968fc813762a76cc2462e525557d44,NEWLY_GENERATED,26.897524017840624,13.180846930481493,5.111489910632372
signed_packet_N104,104,signed_packet,2fb2187fd62361b843a998b994cd2dfab0267e066f06f817bf4272efccc94747,8,270,15,21,c54ddff2a0957f53d05befbd2ed128bffddec525a0ec6e343c99217916d34c28,8e3caf7f863a87a1423b3b9738c956220552ffdcf025278752468fc7c8a48e0b,NEWLY_GENERATED,27.757617994211614,13.71691795065999,5.21717790979892
signed_packet_N105,105,signed_packet,d9d0723544f19094a8d9075a1d2bc12ed66e407cf3297e59e95595d363775482,8,275,15,21,50520625f210d3df6471f5383d278a5132d29bbb4c4118a9bb84376ad2c85146,bcdb174ea6d57f537609ddcf8722f60b3de6d6ea2831796a968f671560da857b,NEWLY_GENERATED,28.396996902301908,12.7089450834319,5.2644070237874985
signed_packet_N106,106,signed_packet,044d6b65521ccbc28ffa9f13274a5c1a106c64e0aeeb6c36b597d3280d74c777,8,276,15,21,f2b0d9b90bbabcd7e065b763779f6225442eb2c69d42b500069feac7517391ba,64d81b94d6544cd712d577b25cec4a3e72077997d685779ca56edbe6775752e5,NEWLY_GENERATED,28.622062993235886,14.532902976498008,5.500857951119542
signed_packet_N107,107,signed_packet,752ef6b141a1d07bb56e1b9dddc065290100a38bd8efcefadde1d1d2fed0b9e3,8,278,15,21,ef75b7d8c5ed4de65759bdf8cc55c168de1ae7d82453b2a17763923e20a727d0,c7954bc7df8c2f2df67d29458f36536b4e22cdd583e6c6da2feea08d77c445be,NEWLY_GENERATED,28.819500003010035,14.622990973293781,5.4877830552868545
signed_packet_N108,108,signed_packet,f389c3ed8ce1296cfa1e7ff3d6b24be967c1cc5f6e3d17385199f24a9083c9a2,8,281,15,22,c7273978ff92b22956075cf6332897380107114d9c52d764047f4318963326ee,84aa190e7e83bf2a26ccb4eb446d3a1e7a1c9f199be8ffa53ad3ae3db62a78be,NEWLY_GENERATED,28.682492091320455,14.754898962564766,5.464662914164364
signed_packet_N109,109,signed_packet,2f25c25b7eb9abc9b49e9959a9dc1f306859efa99b952756c218179f1a8c49ee,8,285,15,22,8be1398707313039d38e1e9f78460dd390b38a6020ad6fc2604e80a4ddeb2919,6e7aaf970cc52d71d48dde3399f73a64026c533a8dd507f9da3b2e52f93b49bd,NEWLY_GENERATED,29.351960984058678,15.010343980975449,5.597670911811292
signed_packet_N110,110,signed_packet,6a7952fd368bf6b002c31e5f3b2fa93ef652d77563dc7f281f84a44cceeb1a92,8,290,15,22,efc904f4bf9d5c5763978689fdea866a52a1121dabf26e2457e5eb61f9e17cff,e52bbda2ded8f38e30553c8e82c6b053f41ecf8203c501d745666278cbbcbb6c,NEWLY_GENERATED,30.551749048754573,13.184876064769924,5.581041099503636
signed_packet_N111,111,signed_packet,20222acce983e482dddeb5b73092faf2144c9fee10bc3e78dba7b3fab95d7d42,8,291,15,22,c939ec5576f43e3e8cd48f88f6e6320c8c9bb5b726995c12b720ad57d5978440,8a8c29ec6a43253ca7238f86c13f65c6d14faed03a22ca1ba158387d776920ae,NEWLY_GENERATED,30.617247917689383,14.88007593434304,5.796007928438485
signed_packet_N112,112,signed_packet,f9b15373a0a1a089a603aae6eb2c422c4fc645e1fb703a5d5809655f5149f28b,8,293,15,22,aad11b5b130bc48833c0f6709fcab1cb4bccbb7fdb19ee02bebcda42e41e6c96,a6bbf43d7e839d623c859792bb63cbadc71f7233de3e145bf1764ad0fb056c91,NEWLY_GENERATED,31.034221057780087,15.033573028631508,5.902295932173729
signed_packet_N113,113,signed_packet,d66cd343c3cefd8ceb325ea779836f21b4173416b49cfc5857c0b4f09b298961,8,296,15,23,0fcf40f80a189d1f2ddaa0a211c835f49ad9d410843de88c357bef34f01f06f5,a9df6ca4e3d9f0c1061c8f737e6121f4f2179d9c2d3d7355f4ca8ae7a9aa06a8,NEWLY_GENERATED,31.360765104182065,15.178921050392091,5.956804961897433
signed_packet_N114,114,signed_packet,b29b9c9c60e5a865a8d84ace6c84eee8b3b046a547fe1278474b51b2bda68158,8,300,15,23,d754cf0806328e9c4ef817ed25f076ed2b97959ae2770d8ad798e7f250b6ec9c,31996735eb24697e08a19b9c8fdf2152f6696602bdbc728f2c021f830b8230a8,NEWLY_GENERATED,31.978003913536668,15.56765497662127,6.020993925631046
signed_packet_N115,115,signed_packet,93d8e88693ff817f2ed906c8821c112afbba7a5a4aaff77768dc2195a4fb8b12,8,305,15,23,123242129de2e27bfddffe829a8a15675f930f7bfa890462949ff9bc22712eff,ba48d2c6904fd9ec15c00237d03adbc91fa7d1bca3c21c0c17735363091676dc,NEWLY_GENERATED,32.81177906319499,13.680947944521904,6.12308201380074
signed_packet_N116,116,signed_packet,88895bda50c610130f51145c49e1d428eb6058a706710dddd58f83eb3f361ad2,8,306,15,23,92be3308f07746dbc00cbc936d5af9c9d1b33793603d1d5bd227489293d116d5,145911018d1a36bc887d99870bf97997c36fa009dc755eca43ea380210b1d906,NEWLY_GENERATED,33.46683690324426,13.890914036892354,6.115642026998103
signed_packet_N117,117,signed_packet,92ac66a0e031b529449310449244cd87e1b71a8c776ae56f0fb425fcca29c06a,8,308,15,23,6322aa28b9ffa2f453604c265910cf7dc759a9b47d22aa9c8d2a98019bbb52dc,b0e0a43b425e6b8fd8da7a34dd11429cee2bdcfdedccb496e591834aae5abc17,NEWLY_GENERATED,33.501566969789565,14.094199985265732,6.149460910819471
signed_packet_N118,118,signed_packet,d194386b2bf394b7f61e4ba01fdd46813d6676567f6387390bd6648724931efa,8,311,15,24,dc8feb8d6dba5b0d2dc57b83018398f88ef0f4fcf33def8a6cca3c9fd02d27e1,d36973492abe2e90c294b2c8db1debae5cab398dfe639d94b198fb337a86826c,NEWLY_GENERATED,33.52651605382562,14.465113985352218,6.283888942562044
signed_packet_N119,119,signed_packet,04f636013458080f6df008b203fc22581c497837e8bfdaa3a451bc7b2b61e0c4,8,315,15,24,eb4878489e1182109c44dd9f99aea84185d48a9559032f65a61adb807815725f,468e2e421cb7c186ca87995ff2fcdefb025ed9770241093c5dae75e1db4efc81,NEWLY_GENERATED,34.365340950898826,14.67219996266067,6.292968988418579
signed_packet_N120,120,signed_packet,0f00863c83ad09cbfbb2208e2de0226475e1efdcfcd5a02d0a35c2504572e631,8,320,15,24,338b467a4d01f5d84a8e5a96c9cc3c684b90259baf7544e4f4b0e27e75687a9e,8e82a4b81c71c705b1f877a6df06c1610181de49ceae345eec00ad4f40ed45d1,NEWLY_GENERATED,35.079078981652856,12.619715998880565,6.393376039341092
signed_packet_chain_N001,1,signed_packet_chain,57b81c8eb6e150592de7dd2d76dc7011993428fe9269502e3842e603128a1d37,1,0,1,0,14ba23a7000d8d0b3678f0e95d63148bb7542cbf02c06a8961cadaa1588ecf57,779fa06c611eff145d8b5fc66caab0443a5e4b68aae0c9413c9b3f885adc358f,NEWLY_GENERATED,0.10390905663371086,0.13198796659708023,0.032890005968511105
signed_packet_chain_N002,2,signed_packet_chain,5bb171c34a12fd75df39d7111c476b051529dee25c0ce9c3bdf4bf235db9cbaa,1,1,2,0,8c84e03015418a52bf8e3bd6010e95e85e404014544924d244def10b4bfffbf2,bc78df129a835bc80525a123edbeb00176bfe57297695dbc9bfd8faa0b1cb192,NEWLY_GENERATED,0.2159059513360262,0.29730494134128094,0.06650900468230247
signed_packet_chain_N003,3,signed_packet_chain,5034ef106678f0100caa99f998d7cbd132c873d15017bd2a653161be218f1aef,1,3,3,1,57c7cf01aae3a48c6b9f2bfc54384193d50bbefc9ccd45b8e04f440a6830f9ab,04fa61a7d17d7c9e9c7bdbb9d81f8a14665eacc6579b41321585496f1c9a4405,NEWLY_GENERATED,0.44176203664392233,0.5756600294262171,0.12168800458312035
signed_packet_chain_N004,4,signed_packet_chain,e8b3fe97ff508e669b4ec9a53198049234ac2b0f28c7082411e014a3c6a61e84,1,4,3,1,8b3ece1124ada729d7dffeca7de89aea0d81c041289a63fccede793dbc7970d4,93a4fe3bb70c506ce8352b9b26c4bd1ee9850588065f8dca58a0f5dae7cf93a6,NEWLY_GENERATED,0.5496999947354198,0.8560650749132037,0.15599699690937996
signed_packet_chain_N005,5,signed_packet_chain,61888a8f73b77390f813231127561cbbd05525b18287515b714f7b3e407a80d1,1,5,3,1,1effbac37160461ffc85e072407e4679e6b5415c5fa7ceb85a579cb742842a06,db8b10f2eaf94919949c59713d81ab3670a6998736a793e8861b4f0733810f65,NEWLY_GENERATED,0.7050079293549061,0.9429330239072442,0.18443202134221792
signed_packet_chain_N006,6,signed_packet_chain,99d1b7fabb277119f85e721bde391f94a50a0f8cb7a0d8098ee3aeb7c022f668,1,7,3,2,09333a155dd4cca00f7d3054c7b2e61fd7c8b764dbef1f75b130128a07111099,b72409a034140c510190bca265b6f5c6e0f74aeaffd6782b0bc0293c90ad21d2,NEWLY_GENERATED,0.41932205203920603,0.5620300071313977,0.11171301594004035
signed_packet_chain_N007,7,signed_packet_chain,dd24962e272575a31a66360da9335222c6b1e4c6a235e5d0a4692667d92a54ab,1,8,3,2,d9e31c90a8e54273634a35dd0cf7bc94bcccd335586636d7f328135aafe26ef0,afe54afee4833883741e19faa2eb7515818011c769d5322e7c1312de026e6ce3,NEWLY_GENERATED,0.46861195005476475,0.6891080411151052,0.1267680199816823
signed_packet_chain_N008,8,signed_packet_chain,2da7e6edbd2dc89587db1a7694154b4fbd195ea006b9b0a4759168587ec497a8,1,9,3,2,1a3bbe8c5e3656ca4b7ab2f6536f2c24d804db9ad1cabf6099af0c9422df5c42,0725d782e215839696561560370cb09a743199d042b036100baa17451b657f2d,NEWLY_GENERATED,0.3953030100092292,0.5658600712195039,0.08959800470620394
signed_packet_chain_N009,9,signed_packet_chain,3e1a093bf53feb5532da05265d66564730bfeaa17b792cdc5b4f2758cd43a82f,1,11,3,3,474ccca70d8aa8e3430ecccdcf783131e732e9a30bd7b2e103cf5b4d74d0fa01,e9690ba418e4977abd054566a0d625915cbbed7844410f8ae3679baf1d17e424,NEWLY_GENERATED,0.41226204484701157,0.448981998488307,0.11340796481817961
signed_packet_chain_N010,10,signed_packet_chain,e881c03f4debf0afc2e8e7c2d1929aade2197f8fb7217da6086a920cad970378,1,12,3,3,f23746bfef0c1fc143e2ea8a029676fcabccf96f75eebae5b9c50807419c99cb,9c3bb75eea0e65ed37dac5664bb7a7f92b24680ee0e2d887878adba3197cdf47,NEWLY_GENERATED,1.152280019596219,1.358215929940343,0.26717502623796463
signed_packet_chain_N011,11,signed_packet_chain,14053683e14bc69a06db449097f5955b14301dd0668c814a04c17881b04c644e,1,13,3,3,75dce675952c2604d837751a742f831b7edead2a7827fa063a51ffe63e08dca0,14baeb62e7fbbfe493d84faf16a5ef707dbfe94f37132521e33786845a3d2778,NEWLY_GENERATED,0.4927710397168994,0.6920279702171683,0.11442799586802721
signed_packet_chain_N012,12,signed_packet_chain,654e646c0669facc455a20b8c602afcbb3f067618ad2bb1ff42fab505358dd0d,1,15,3,4,f229f4ff24f7940d97e156b001c5a018997c0698ee4e2cdaf784f54d9fe08b2b,403d4348861a9e69c49736e6f6cf3214a18e764ea7240296119fa5f1ada1c129,NEWLY_GENERATED,0.846274895593524,0.7478470215573907,0.24790596216917038
signed_packet_chain_N013,13,signed_packet_chain,119dbb2a6b171cc45b95220b616a2937329a539e3dbd0a3b8d00bd645c032504,1,16,3,4,d6a5103113a27859f55ee4e4380e08563128dd2e876163daf7a6622e53785a51,1699eac1097134ba007fb55d2c0e9e69ecef5d01a087165a35c1e78975672244,NEWLY_GENERATED,1.4084549620747566,1.5068229986354709,0.3220640355721116
signed_packet_chain_N014,14,signed_packet_chain,0704833ec730fde5b03886cd049a03ac2e4df598174d1b7536322955b08a5b27,1,17,3,4,c64aeb5f241724670ad997cd98bde5ffe81c5bd63a576b4bb1f425b038e5e9a0,e0e21d8d6814d92d03a872428d84a00e54a66802da4cb16b3af0a027960d64ef,NEWLY_GENERATED,1.4909839956089854,1.5805820003151894,0.3331440966576338
signed_packet_chain_N015,15,signed_packet_chain,33b7292b11ebf33dbefc85c007cd4ce3ccb0bc38066434bcf5cb96b97e5170f0,1,19,3,5,b680a6f019937e20fa7e704839d6000d695796fc5d93f0c6ffb531622fea8bc7,20bbbb5097e48d2b5a689f1afd4d1750c6364f40c86c2583ead494c935e46948,NEWLY_GENERATED,1.857466995716095,1.4944140566512942,0.4054229939356446
signed_packet_chain_N016,16,signed_packet_chain,595d943ebddfc7a8500a345ec26796c9176a04182453c50df43974f712f22856,1,20,3,5,c0f8a08951d194bba24210cd4eaf1ef9cf1848d04bcec974d4b889e9476b9f35,0e6b1d121a7a76bbcb4b56090aaa9887dc7929423e9bd5d33d090a7e1e12d923,NEWLY_GENERATED,2.072134055197239,1.657010056078434,0.41684298776090145
signed_packet_chain_N017,17,signed_packet_chain,03e7d3a4ef99bbfbe3e160d9acab13c55ab126b3728a92e7551cab60914103ec,1,21,3,5,44326d3a481bf231e3300ebbb47f76c0ae1d2b04cec3d7535bee204d302ac494,69102766cb04e018fe8a0e763fa1e65861df0a980ef793abef5a2e216f18c954,NEWLY_GENERATED,1.904715085402131,1.537651987746358,0.40952302515506744
signed_packet_chain_N018,18,signed_packet_chain,6fd12a379d9b6a2233e12f33a79ddb10f397efafbb10e205ea02fc454d0ee92b,1,23,3,6,c5c42d2f855aaf386df4930997aa9217e0ad93089e6b231f1ea3677b83c58417,ee192c175576f93fb81f0281a7d92903f0918a45631c2464d7d17d09c58c2fb7,NEWLY_GENERATED,2.063203020952642,1.2931058881804347,0.41907199192792177
signed_packet_chain_N019,19,signed_packet_chain,f415691644b715738e0b958f1d7587ae7c2033f8ddb0412f01c5d4582cb29769,1,24,3,6,7480e0ebe21992b6917f5d4b422f3928b205ed601437d7dc193f96ab2cddb226,12b551b4fbe94ea4535ecd3e10ce7ed89da1b89e18b1be97c2fdf09abeb5c26e,NEWLY_GENERATED,2.187710953876376,1.5517320716753602,0.4364820197224617
signed_packet_chain_N020,20,signed_packet_chain,d9099ca077b093d791956e075ed3d3afc7b1d5ac362d6670da780bec6aea8caf,1,25,3,6,19726514958a1cdae8fb33ccd254da9ec58605ef28bc42c8de2bd5714fdc0de3,e59197c93112b760b2f26d76e43168eafccc09b7426967154c4e5933170be432,NEWLY_GENERATED,2.271329052746296,1.6309309285134077,0.45996205881237984
signed_packet_chain_N021,21,signed_packet_chain,28d065bed00f6cd79d5e46cc789945dc26e3d431b4a69ceb02576ad2dc19efbc,1,27,3,7,0c50b43a5efa0b3ca19a5ba1c519c5460d06678f34bf14cca49583397db80034,58c0048d50da349034b573be583156c4ac33a04180ac067d7f18fc6a3213bca2,NEWLY_GENERATED,1.003921963274479,0.5435410421341658,0.19328598864376545
signed_packet_chain_N022,22,signed_packet_chain,d021f29303e400b910866adbc1e72157b7e98b230f65f93f8906177f2b7dda9d,1,28,4,7,63b28c8aa97bbf6d8e31fb6c3622060e1d7b609753e94962a5a7e857b17a73bf,f85351e144e1bce294844912b1644df980a0323d3f9f6d8cd16997458c0312f8,NEWLY_GENERATED,2.5285150622949004,1.4431040035560727,0.4837409360334277
signed_packet_chain_N023,23,signed_packet_chain,67b1c53ace008670ab71d3283c8b15e20e0196ad5bf22c99632a7fb4b2306801,1,30,5,7,5325012166485bc59d57b051f9837508d0c2992c28c86c9609f5cf17ceb01db5,3bf6789fc9ed60ab15098a02db7536c7debc4194aaaf55f2cc1a334ef6df70b5,NEWLY_GENERATED,2.700211014598608,1.615490997210145,0.5110310157760978
signed_packet_chain_N024,24,signed_packet_chain,95640d7001549800595b0ab2559a99d3ba5ccbf8cb02ca3e569c9bb709db1801,1,33,6,8,84f563b5fdbc04b7b556ad688c60b1e61a6124a72bc166deffc1bf717b084e01,dab3a738069e3a1f20f78c7248cbab0c9e434f4e31a641ef887ae7af2060436c,NEWLY_GENERATED,3.071943996474147,2.023683045990765,0.5357509944587946
signed_packet_chain_N025,25,signed_packet_chain,f7499f0c7a7b1e2e11eb1fc33a658872653084eb77654f97587b6b12fdb55d2f,1,34,6,8,2d497a01a6af9b5ec12d183d4bfb05bbc5f09c5748abe4a241590b107ed84997,b2ee8a1d9b42457a5b2e2d8a88f9954dc03592939338ff7f685f329551887c63,NEWLY_GENERATED,3.1937630847096443,2.496705041266978,0.5738544859923422
signed_packet_chain_N026,26,signed_packet_chain,445b82cf6e60138d29bcaa86ec3bc8ecb488f4cdafe074846674bede7f460bf1,1,36,6,8,16d289c224bc717ffce4e03a4fb0ab382dfe6fc913b7b6104c7ccb0c590f5fc0,2feff9c50bd6f8f9899a8ae4369ea6b9e264706c66d0d025eb92b57a17911715,NEWLY_GENERATED,3.461448010057211,2.6380220660939813,0.6305885035544634
signed_packet_chain_N027,27,signed_packet_chain,ae8efa7c04933102fe60b67b09d53f38cd6ff4386b539ab5b2253953d158889a,1,39,6,9,f0d7dd66c44401ea6d71fbf2fba59271246d79565d531c021b33d02679c2a0bd,91238620a1f23011bad22f5ea74b3cd81efe6f7d5f80a4702a0e3ad6f12d944e,NEWLY_GENERATED,3.681543981656432,2.971857087686658,0.6730579771101475
signed_packet_chain_N028,28,signed_packet_chain,5d5e26ee86a124619da600a4c0c4562de86fe2f883478bb73f48514622ed9436,1,40,6,9,8a39c76f4789fda3b573546834fb6e949a9ab90889ea00d765903dcf084d650c,21e50811694f889fc93fb37b72987a13d7e6f9314ba7e74d34917bf8090b4a66,NEWLY_GENERATED,3.801841987296939,3.4311580238863826,0.6635680329054594
signed_packet_chain_N029,29,signed_packet_chain,93c46e15ac8612eec991e3470c1aa70d7161196c971f087e6883a330d090974d,1,42,6,9,2bc88b5a8b666d229c06268b71c30a4f2a19fe18717ab64fd6957db0dead6747,ae228fd32544ef5eb1ca2aafec593e5457d8a586a7f8d31013652d1b78ac8e78,NEWLY_GENERATED,3.9924579905346036,3.5918449284508824,0.6706280400976539
signed_packet_chain_N030,30,signed_packet_chain,2b3d01eb8a01131f53f59a79ad62114e8e1cb9e5bd0bb81b98208793379e6a38,1,45,6,10,f66757be987686ad8324f0a2a3f665f57911198e58b82237c86151a66248b929,6b367e6108ddffec663c5326ce1579435046624adc044d93dc752e29f1531b3e,NEWLY_GENERATED,4.3664510594680905,3.0360360397025943,0.6941769970580935
signed_packet_chain_N031,31,signed_packet_chain,79aa54bc174314f9ee75c880eb71b52f294dcf9c8c53ae47049cc0ae7f16a474,1,46,6,10,7bf4088beebd096efbce3acf13f5fa83e36323cce3c1e9de354e41e2e0f8bb1a,0f8c41fff1ac8778b9f194f14d992d95288aa4e2a9d7b5c471791e11153e72c0,NEWLY_GENERATED,1.7741279443725944,1.4052349142730236,0.2886340953409672
signed_packet_chain_N032,32,signed_packet_chain,ea9e3b3f5f79982d68ae8b3fdfa1a2c50a64faa8b35a0bc8d053236bf47acfc7,1,48,6,10,ad3633dd4cccdd819a67963810ea03171d4fd6fd67803bb33765525c0983c03b,7daca784cb38849d8d26ce173e5803db97c4561aa0117f3e7c96b9df81ecfb04,NEWLY_GENERATED,3.2289420487359166,2.529685036279261,0.5459300009533763
signed_packet_chain_N033,33,signed_packet_chain,3a016c705aec5a919e495a06a313fcb925e3d750d7470ca8bbf1c89495682321,1,51,6,11,eaeeaebc944c3c1b1e4ab2777cb68a57a51f0b8e9a14b075d0e1e0acc484bca5,265b119e153b29dbdc9dc83a193700f18a83724fd1ca5a865be4fdada453a53d,NEWLY_GENERATED,3.554475959390402,2.170071005821228,0.5625000922009349
signed_packet_chain_N034,34,signed_packet_chain,85aaf4212cfb5d98f2cc1dcb769bb53cb9793577df30c9c4834b3bbe6163e633,1,52,6,11,acb37dde95aa4c6749cea974c536b21180e5be46d617cf4082316f95a7815522,08cd03332dff223a53adeb4f34017abc68366b2f0082469a2c72bb30a1377c95,NEWLY_GENERATED,3.551446017809212,2.3663570173084736,0.5309809930622578
signed_packet_chain_N035,35,signed_packet_chain,261216e23978f84517951c201a42ba4721ec59bc1b5fb7d33c7a32a5eee57106,1,54,6,11,e1c234750ac916e5d42572f45e7c733256b71a6042d83f63be9eb353b7fb8b26,433942a206261dfb7c2f2c54ca233acc874a88257b6351c060598f125fceaddb,NEWLY_GENERATED,3.481806954368949,2.4712550221011043,0.5564599996432662
signed_packet_chain_N036,36,signed_packet_chain,29377a6afe3a11025e7d1855f4644b47114626b063cbc7d0bd14c1d1f663dcd4,1,57,6,12,1fcbddcc0c8382c7d6072da5186bb1fb67c464c2e1566ac0ce5b5d19b81b3536,a714dfaf39c0cbbfe675fd33f923853b2033ff29cc65b3e0f66745b6b97ada3c,NEWLY_GENERATED,3.801001003012061,2.0939729874953628,0.5853999173268676
signed_packet_chain_N037,37,signed_packet_chain,62f658357e0250aeab51df1c37ab3bbff10cc19edc7326768ed854c8036f810d,1,58,6,12,07c372d18da74788bda37a38c24852025cb0d7ee0759e90826311f3549bbd8d7,e3a3796189471f72c4222c5bd4b74d1a9af1a4de703e20e38b2c6acd69cb759e,NEWLY_GENERATED,3.8932199822738767,2.4103070609271526,0.5889399908483028
signed_packet_chain_N038,38,signed_packet_chain,0028867096400a397f530bfe4d80467858e1f112bfa28e80d7e7802b2c879241,1,60,6,12,2e94b0816f4f70a645c9f75bc7dba540483a86b39a76d7b1d468912767abef30,2105f2f06182a51daa88ae697952f5fe3c4857461eb167e6e5bb3f3d822bfffe,NEWLY_GENERATED,4.204304073937237,2.5363039458170533,0.6100090686231852
signed_packet_chain_N039,39,signed_packet_chain,bd20febb82347bd3af58185b9f1f4547d9186eed209bb37a8e1a0c2db6526633,1,63,6,13,30d344b4e1297f777ccab45c38d050f02c4582ca3d522820537092c66a1ef38c,840ceb0f2e9e5ce7f13b0697616af23adf3c8d0fa4d76c29dcd394025aa3a6ae,NEWLY_GENERATED,4.276732914149761,2.140530967153609,0.6285679992288351
signed_packet_chain_N040,40,signed_packet_chain,6b91ba9dba9eb3ef9a643d7416be27a10c2ea4ecf6f5628593bb3f1476fee3e5,1,64,6,13,f78167f4721efc836e0962e9dc3b81ef00a0553e6ff81865a3e3ea3d0ab40128,d7b57144551adb2aafd2655bb3d6028e53ed7263e6a3ed9f49b8659e9a49de18,NEWLY_GENERATED,4.373110947199166,2.3381480714306235,0.6549690151587129
signed_packet_chain_N041,41,signed_packet_chain,038580062a81fb8b19909649786e38630215530eda957186996ed7ac50079710,1,65,6,13,2c95010a50bae6bd888da072eeb546a9de791987546570ff61a0d395e5350f68,2d5b3da05666291a348c81eb49d420e05ba4dad6daeb1ce9a28360a67ebdba8c,NEWLY_GENERATED,2.69349105656147,1.4301140327006578,0.3941330360248685
signed_packet_chain_N042,42,signed_packet_chain,340946f4d636849e607f06f7507a11a6bf561219f6b6acde52e4f9044138a8a1,1,67,6,14,48a26ba013570effb7f2f02998e6d562a962ee84fb89dda51ad1412df870a848,0ff3935ff058485c386c352aa2ab57363a1b757397a6a0d653edbd60c41e4575,NEWLY_GENERATED,4.8990120412781835,2.4084870237857103,0.7190569303929806
signed_packet_chain_N043,43,signed_packet_chain,43cde4b98b382d11020092ab2203e53725494ea72e513e6e4a4c07ef457dbcd0,1,68,6,14,d2941a9d8dd7a6d143fcfaf67c2d220dfc0b7223545b41b8a299ec8712779fb3,53205f1656a61f49f4a0171d1c4fa1440e2f6e6febe26d3265d0ce62bc9d3dbb,NEWLY_GENERATED,5.043118959292769,2.691590925678611,0.7126369746401906
signed_packet_chain_N044,44,signed_packet_chain,67080f79557f1e1dee9b46317fa4c0d818d38187e547ff93957dd713d1498118,1,70,6,14,2b158e6bcdc2428e7811a7adf591f508d4c5f7b922dcda1d850ce751ba5da9ce,7f89389a6b37e0a7918971fd707cfb25a6521b420bf8f945bdd25424ff595da0,NEWLY_GENERATED,5.256655975244939,2.8243890265002847,0.7247870089486241
signed_packet_chain_N045,45,signed_packet_chain,0ade9dc47c4b2192810a0941a8e8a4a83ce9e705285ac9992f238f121fc3ec6f,1,73,6,15,6b242bdf0b5f3380a9fa7e6e2734daf4968492265bd44973c227cd5e85655e93,0dcbe5fce3def2c5854736b088c06d5b18256d57b17bfb2b2ecb4df8623f4f1b,NEWLY_GENERATED,5.4712711134925485,2.3731369292363524,0.7683560252189636
signed_packet_chain_N046,46,signed_packet_chain,23f561fba9bf92594c3c8ac6a38132ee1acf7648d5c220a1d155a42f976bcc9d,1,74,7,15,a7b23bbf4e76921a7f9088318aa27e3456b02837e0d3486bd3715c5ed8528c2d,442d3504708a96976c4346be2dbca56552c40f83374aa476eb7aa3a0ccc55fe6,NEWLY_GENERATED,5.580868921242654,2.5517939357087016,0.7784760091453791
signed_packet_chain_N047,47,signed_packet_chain,7ca13e1f9430f2ca08d97b03e1d9c9857eea5e176e8c909ca96c277db8bb2c2f,1,76,8,15,1f0414107b63546991a7d03dd9748b598614b114b60c6ebb91c0157fca2ab24c,c1f10cd6ddf6bf78d190b1cdf2c4bbd9f03f7791a44417e35c929dbf75989f5b,NEWLY_GENERATED,5.807955050840974,2.69015203230083,0.7706059841439128
signed_packet_chain_N048,48,signed_packet_chain,36c3e1c57895883cfc721e32293dfdd8aaaf4831432b3dc5b20a6b5e6206c839,1,79,9,16,6c82d696e649051a92181ff36f7dc3dc95bf6d21fcde53a4b6d414e01e1ade66,31c1e502e091c37b5d20226ed9a5e69a2855a0f5a6a42dae1b0a34885013d9bc,NEWLY_GENERATED,5.705666961148381,2.730260952375829,0.7558669894933701
signed_packet_chain_N049,49,signed_packet_chain,dc00691611d786f64c8b804e6443895ca9280980741a9e339a5c10dc3cd955a9,1,80,9,16,1c262d517b58505cbdfc16589a369576b1dbbbdcb836db8180aa70bb78ef959b,7ba82fd632db7277e1761b2dda2f42ce2b3e49b8205b2e9fa035064e65a25a03,NEWLY_GENERATED,5.836634081788361,3.4468979574739933,0.7748859352432191
signed_packet_chain_N050,50,signed_packet_chain,ec0262891039a019e826ea4775e4d01abddd0d5be9db6c0d32bb0cceeb5f5035,1,82,9,16,e4bc686431788e107b8e310fff0c5127b785b1105513bd60eb31164a77544f7a,8ecf3342a1d545d3fd052bab1f0ae27ab22960939f51d283c67f4952bc6dc476,NEWLY_GENERATED,5.995202111080289,3.572594956494868,0.7841404876671731
signed_packet_chain_N051,51,signed_packet_chain,c097d9f0bf8a342bc846c216e1767e90754d305a9fd0e00697ca071b7d7c0723,1,85,9,17,5ae8bb5bc140086e55113d584455dc38b6df44d88b7dec13bd1b3131735fb473,4fe20d66f5236f79d514d454ee9e65a74562684988816207a92ff39bd024abd6,NEWLY_GENERATED,3.7885309429839253,2.3013990139588714,0.48998097190633416
signed_packet_chain_N052,52,signed_packet_chain,de24f2c0f7a56efe45c73b8c3e2d2e676eaacddba01809475c1ebb757ad1eba6,1,86,9,17,40a66fc2e8be029114f0ff7a110d83bb3b965cd78e5b16bdf0d6fdef2325f965,f0b9d270c29e6dd2525a5e679f5313ceef23ff7c388b882d4732538c06b32233,NEWLY_GENERATED,3.8391000125557184,2.6776910526677966,0.5076199304312468
signed_packet_chain_N053,53,signed_packet_chain,47e883203d2094b61c18eb80bdd7501400ca97b99e8c4c88d32a3d5257f107e2,1,88,9,17,94850a9a98316e5b494350c395379f67fc65608702e490cfeea146dd0cc5d680,d1d9868e88d58df29a7703b47c548f634b730f7c3b3486166432dbcf6fb6026e,NEWLY_GENERATED,4.02749702334404,2.747240010648966,0.5149400094524026
signed_packet_chain_N054,54,signed_packet_chain,7f9d4446a95b29326af38690f2deaf33dd9e64b8710b060ea8fb604e99fcd819,1,91,9,18,12427a5aa7685d49e21ae652205955b5248bad6656202a88d065b556a6d06caf,63429b57187d934b85549e55efba59fe21d722c498882835682f255972d5cc29,NEWLY_GENERATED,4.142155055887997,2.325908048078418,0.5363400559872389
signed_packet_chain_N055,55,signed_packet_chain,744b0ae3ad143a6f5c585b1f9a41f4f1d2c5d6b1cd6e689ec56a5a3705d435b9,1,92,9,18,e9f62b04bc4e1b42fcf0e1b252e14c022ae7b3697ad2599e51385b5f9e411c2d,9114adf4c16b20dcd7ee925e5fc7a0a21047d0b85bf5ba5cf1dcc10c03768fd3,NEWLY_GENERATED,4.210214014165103,2.7303709648549557,0.5408609285950661
signed_packet_chain_N056,56,signed_packet_chain,bf005169e346d537145390e617635ebe32dfb71115d5bd050244b349797ad37d,1,94,9,18,e8c0eb928c79d73405fdc3468079dfffb46aa6801fdcc747dbeb5850de3e6c92,b7b2ad9eaeed251ffdbed1b2cc37e5e71e850822c8041961e98dae33eba93c9e,NEWLY_GENERATED,4.30865294765681,2.803059993311763,0.5443909903988242
signed_packet_chain_N057,57,signed_packet_chain,00c140c97293e1a426a6080a19fb4497ce1b6f8bc7e15bd246299dc5582cac4e,1,97,9,19,5ad668d112d389fb4b039772a7d130712c4ad0794223dc619ec4440529d4c4c2,93d470365691f1fb7f80ae24d65e7fda41595273cb4a1f23ef32f564b6e51fc4,NEWLY_GENERATED,4.479388939216733,2.366526983678341,0.5698100430890918
signed_packet_chain_N058,58,signed_packet_chain,6d329d34c7d0e549961abebce23b46488f61ce0bf5d104e4e8fc778f96f0180f,1,98,9,19,314096c34b237d7896673ffa3507380571de2cd1a43ca2247a63f87cf8944a7f,68e20cf16d7ed7bab0e6fab85306e63542cbfea67fd851854563d43bb77446e1,NEWLY_GENERATED,4.594166995957494,2.755330060608685,0.5692299455404282
signed_packet_chain_N059,59,signed_packet_chain,5fa7b7a424b88f0062ba96d58f45255f72de0195d5b0ab4ab482a503797dd602,1,100,9,19,4892911abdb24feac95c66d7690d09a60b175b43b86c946252c229f26e80b8f4,50c10f1c14ae6d393e9cff42d126086c1c126fc608d8306a0e9dc205f58a1ece,NEWLY_GENERATED,4.8588019562885165,2.850898075848818,0.5846290150657296
signed_packet_chain_N060,60,signed_packet_chain,d4090182cb2e48afb04e4983e14c1b923f65cbc9c8e2131e916a4aa773403852,1,103,9,20,28b7517c8af3900ed173f0236b4fcbefd0f427ca06a377bd38a2b813bc3496e1,3e5857be50b94127f1c12908966105e231ab10b104a22adb6a52701d384cc138,NEWLY_GENERATED,4.9172110157087445,2.4008071050047874,0.6012190133333206
signed_packet_chain_N061,61,signed_packet_chain,9f9e1bff24baef65534a483d9c64e41dd489dfdcad31a26d29ca4be30b7304d8,1,106,10,20,347dc95b82259e969d3d30b102bb130496b5fa898409b1d07183995cc73d196a,efb6c688648745f5e81b8cf5c5edadcebe105aefe9924e750299d10d65731543,NEWLY_GENERATED,5.347964004613459,2.970876987092197,1.0001420741900802
signed_packet_chain_N062,62,signed_packet_chain,199bc17574807de274b3c4aa91e54203719e0f2bb4889a315f8f4342bbf5252f,1,110,11,20,6c3280bbfd6dac59aec8c199d672fc0364314a36f8bda4ca37b3ad1c0504d569,338a6d3d26034143a8de32a62230e5bfbedbd779a406b95c4da615aa9b6ba6c1,NEWLY_GENERATED,6.268686964176595,3.9775989716872573,1.7177090048789978
signed_packet_chain_N063,63,signed_packet_chain,26b18d9a299d903baa3a8be9d0448fc6c7193a536b48afdf5c130aa955adce44,1,113,11,20,fd7db090201100b13839423dce0ab3f339bf8ca706aec2751372b3705177d78a,09947b45409247fea080d3616df2ef7209ff641bfaf363d2f53c5d95256198a4,NEWLY_GENERATED,6.843146053142846,4.662195919081569,1.79935252526775
signed_packet_chain_N064,64,signed_packet_chain,394327257154848004d698bfdd7e8b58f712fee7b6532891b537a31f59eedab9,1,117,11,20,5453acbd31f513da791540b2c583600fc1eef536718259124c82a94da4877150,807eb6e1f50376ec750c1acadf65a783b5958bb8069121f36012d834d5b66885,NEWLY_GENERATED,7.026353036053479,4.936261917464435,1.9304300076328218
signed_packet_chain_N065,65,signed_packet_chain,3feef51bfb8ce6551d578677400774ebf9fec93cc731b379cc2756934fb2bd56,1,120,11,20,ace4501bd707f0d7e618905f382c75401cb8ee5487bd09fd73de572c080acf12,8b53755ac654ee16ba363d77afa3941345196855c7f0b750005f7ce9b8ffbb0f,NEWLY_GENERATED,7.166411029174924,5.5771199986338615,1.9333449890837073
signed_packet_chain_N066,66,signed_packet_chain,71b349db662ec1b7ed157b360f7929d519432d0c2c0ec25b0fa4b59e07509693,1,124,11,20,018797150592b16fb1500bcf1cee1be37651337b4993617b0e223b8ee913fcf2,3d973cfa1ad69c83c8d174a42b76b0956a9c5a38fcf02cef9548561381a6c099,NEWLY_GENERATED,7.454885984770954,4.963419982232153,1.8726170528680086
signed_packet_chain_N067,67,signed_packet_chain,00013464a005644a586fdd99a2d423432ffbe5718793ccdfe7b0acf3c2ab2208,1,127,11,20,061623e6d6076f077b276aab7ff2f4f8f0e37d84660c0695f78b74f9d8ea0f8c,f3c65b133175f7c6b9e78983111a68866bd8cc50a655e83e71d5634f1c7c490b,NEWLY_GENERATED,7.590093999169767,5.742955952882767,1.9602339016273618
signed_packet_chain_N068,68,signed_packet_chain,c40e8e28d93ab27d5c630c876065f321f85860896875fe832047268452eb296f,1,131,11,20,b76e227436b6a1a29635a974c45baee7e3c0ef7396b6e410e00a128a74af1519,bd11681943eaec00de96dc42235c25abdf16a2fb71fd47dc54a473612d672d96,NEWLY_GENERATED,7.960916962474585,5.096717970445752,2.1236520260572433
signed_packet_chain_N069,69,signed_packet_chain,9691ee3ccdf0a717ef55bb615a172e96f3eaa9788578ce58fea6f08ac93614a8,1,134,11,20,b2733c336119e79bc14efe5799658f8fba257377be881a411f7dffc67f7c2dcf,656af095974f0cc8147ca94a4c9dc3878680852613abc633df5b9b0e7c7c0c50,NEWLY_GENERATED,8.113453048281372,5.267595988698304,2.147780964151025
signed_packet_chain_N070,70,signed_packet_chain,a793f87926d5ada238a2620f8c70c4e3ea742361a6cc5950d706e048bd4ba1b7,1,138,11,20,56eb1ad37d54809ee7e8299dc40c1e6538eacab3c8a471e75bcdcee47d00dd40,12021e33de91491d42f7c09e692eb1aeb2c9a225d7e8d7117632f453d12c5559,NEWLY_GENERATED,8.462166995741427,4.698234959505498,2.236749976873398
signed_packet_chain_N071,71,signed_packet_chain,e64ac67fffbdda86c0680b844f6f747521b4cddcdc41da1dba6fec7e0eb672ae,1,141,11,20,00044bf0e4f69f051e5c5f6dbf47c0c1c139ab6fe80e7a3db7b400ef0cf08a09,1c34261e422265bd3e9db13bcd4c8cd3f6e3955294538f9c6a76c26ae87c7a20,NEWLY_GENERATED,8.496216963976622,5.256084958091378,2.282583969645202
signed_packet_chain_N072,72,signed_packet_chain,3a765400a9ce60feb94714cee34026c5a82aa94d3862b0de10f3a1c60aa143a3,1,145,11,20,f3b8203f842565b174bb54556de4e7197acc04c38abfcfbd7a99a276b956a01a,89301427e1a01b6570ce1d9f24bc69860082d03dbdde8194d12ae829307faef2,NEWLY_GENERATED,8.679753984324634,5.486490903422236,2.439715957734734
signed_packet_chain_N073,73,signed_packet_chain,f48dde62c336559d623940dc141f2bf12cde555eb0d74d3acc6b5c0ffaafb2f6,1,148,11,20,d000c870d782349cdd7159a2e8db6dcebcd55437bc79cf86658adc191243cb2d,fdb1a7a4a1dc33e2622b2f3a807045c46862727369c9c50f122f9bf74ad2446d,NEWLY_GENERATED,8.936449070461094,5.933413049206138,2.48019490391016
signed_packet_chain_N074,74,signed_packet_chain,628bda3b18f07fedf1ca2ea6adc464331b8fc873f7d52b7b4e6869db5e3d4582,1,152,11,20,5f47b891b5e4d065b05b404d1ee16c0cb23b9a783aaf3c8a76392a2fccbdc3c3,1569b4b22b48ddcaf3d84fb996399c2390b9a30cac34ad7cf704e9f8fd6041c0,NEWLY_GENERATED,9.158084983937442,5.415483028627932,2.5156240444630384
signed_packet_chain_N075,75,signed_packet_chain,a4862f9424598c3fb16a8cd44b036bf6193559a18c030f8cb3608491b086d7de,1,156,12,20,39e51ae8b5057f9517a0ce5dc66dfdbc1c6e9ddb9f8d6a424ae1ced6e30e7d78,f6a68534536430af76c4983188cf5fcd89bd8e88917f8cc7a116c581167f7190,NEWLY_GENERATED,9.86496196128428,5.721076973713934,2.720381016843021
signed_packet_chain_N076,76,signed_packet_chain,1515fb7c73f82e0421a6c2782889959094f225555ce5f10bfddc087d6fe7ac3a,1,161,13,20,763eba205057d3ff71f66347d2267a03ec92333c5d2c4c69a5b1ee918b1fd3cd,9bba4e0538a27b424ffd764d311e0a557d90896cdc95d7d7d611af6720d1d85f,NEWLY_GENERATED,10.850465041585267,6.583451060578227,2.7047510957345366
signed_packet_chain_N077,77,signed_packet_chain,bc69628b851254bc6a682be03c610f814e496f8a80fd020536b26beefa5fb68c,1,165,13,20,6e57f7130f4bbf4a0d638317b8ab41a6d77ef3efd18611b37f97598fcddaeae9,bca087fad84f213cc96081261af1b29ccef799b03e24eeb9d851124f41a715f9,NEWLY_GENERATED,11.009642039425671,7.892078021541238,2.9905260307714343
signed_packet_chain_N078,78,signed_packet_chain,d9ba982e622c8a256f2b40e11290a8a5d40aa039f6a723aefafaadbc02ea54ba,1,170,13,20,0d37b3b581c5c22ea6a5c5cfebcaff623aba9aea425d500dca18d3d8b30d28a9,da4cc1cf36320cc93f0265c51a642b148bc3ef7430ea6e32efc904c42fac8c4e,NEWLY_GENERATED,12.317878077737987,8.68824403733015,2.908027498051524
signed_packet_chain_N079,79,signed_packet_chain,a22774aabb6608fdcfdeb8edb6a185535033873a1bbf87179dfe16e77e819e93,1,174,13,20,dc21999d843bfb6fa5e923d30942cf052c471ae26ff1988ea598371f2aceb9b2,651815c40db2ebf5acd7ce49def638e5415bd9c13ee40b19cdfc7168f689e979,NEWLY_GENERATED,12.698551057837903,10.09021804202348,3.0667049577459693
signed_packet_chain_N080,80,signed_packet_chain,8c08669f92d01abe9abeb93ef5ff7c61b2a745183bf7be92a677fdf7ff0c0961,1,179,13,20,a730e9935eb1a94e6acd3e82919f837048c1b69a340d30ebec91790bda432185,2c993b8c0cc7e9890e64ed04cc6b20ad07f0644f106f32a2adc6d65886086bb3,NEWLY_GENERATED,13.858610996976495,9.140616049990058,3.258412005379796
signed_packet_chain_N081,81,signed_packet_chain,99ce5fbf0b7c4dd015125d1242121413502e2ab5c934cfc6a8d43ec8cd4dba5e,1,183,13,20,159e8fbcfbff2fbd2ee55dad7d90a5d314674cfc79c8ba2297d59f1b5dd4dfee,cfaa145d8dc3773c445ba562d032b3d3043c8d05c08f587873132c5dad2fb0f2,NEWLY_GENERATED,14.365002047270536,10.15760691370815,3.4109189873561263
signed_packet_chain_N082,82,signed_packet_chain,eb65cf584f0979b3f81c1822b1b34a45fb2ade4f0f9c01ddf565fae1446d5d9d,1,188,13,20,03684695d2c5538ebc1d2fef12c1644596d179480183764c2185ced3e50efb2c,ed7dde2684b7cc3057fe41c5d29bf7405a9550acb8667914a454664b11b9205b,NEWLY_GENERATED,15.282365027815104,9.104046039283276,3.472647978924215
signed_packet_chain_N083,83,signed_packet_chain,f01d036a7e61a5f3fe7ab5bdddcb2ca4f77ff9c06cf747ea3d083b84b3d9d677,1,192,13,20,0ba53df5e54a1530eddd64d471ae00544baf4179f3585f8ed09650964dbbc1ba,801f992fb1b92f22148655c3bc550679ebb1786e45b9686d14903b53604809ca,NEWLY_GENERATED,15.719637041911483,9.492109064012766,3.550515975803137
signed_packet_chain_N084,84,signed_packet_chain,0354ff050be1e9cb755bae1ef417c6f8965fb24167aa884caf09f1d2ba5c8e4c,1,197,13,20,e113e83e72d07033482a36fe2274ec4323d184d1a9a8378791a4400f83fbb0c6,9c34cb615ab6c1ed135680b0654a0fc74c82e4c8b862fc6c6647092836827f8a,NEWLY_GENERATED,16.652400023303926,8.432878064922988,3.745881957001984
signed_packet_chain_N085,85,signed_packet_chain,86cc790fa8cfd57df46be01e0129e3f723cd63b7333313ac9ba9825bc1975e09,1,201,13,20,1b8aef9825cc77feaa31974c07eecfebe78ff3fca6d7c182debcfe61567d1b3a,ba6dd5bd0c8bc16b405666a6d10a3ca4578498da943ac86ca180a52dbc5ee69a,NEWLY_GENERATED,17.141810967586935,9.46428906172514,3.7449125084094703
signed_packet_chain_N086,86,signed_packet_chain,73e152a0d9be687b3b64efc9084078730e2cd5caa2794006514d51c9e53257aa,1,206,13,20,cf9d793fc3ae93d9ffe158f5f6b84306afed6490ac82dee055e9e67b62d150cc,d8f0d29de6894d60795f4875f783b121cc52fb1cf571269d4818f58f68893060,NEWLY_GENERATED,17.97960593830794,10.254584951326251,3.9800979429855943
signed_packet_chain_N087,87,signed_packet_chain,4eb1619f0e805b82c1ccfb6f94917c53b3a2beabb96c670a0787090f353f1e70,1,209,13,20,c7c2cee85bb9b42ab60ee1c3a81074bbefbc10b0177d3a1b81712b0890021733,eadccd36ddb908bed1692b6f698973c9f05f6696a583bdb7288968d4ee1d5dfb,NEWLY_GENERATED,18.381849047727883,10.569219943135977,4.067116940859705
signed_packet_chain_N088,88,signed_packet_chain,4af9c909dd2be751898dd0babf2fecfa3949ef963a81d5edef388704bb108aa3,1,213,13,20,c8ad610d4dbbf240c7c11795a440c86f62fff9dfa2dcf8c556e010255ed857c8,c6984864cf1da0796e67302095bc67131802f00d0827ac92835c55055045b1cd,NEWLY_GENERATED,18.635403946973383,10.815424961037934,4.0800514980219305
signed_packet_chain_N089,89,signed_packet_chain,be2458f9b837256c4f88f06fd58b29efb4dcd248dff77bcfb59ccffd6774d862,1,217,13,20,8c0d288baaf86d0048296e8cdef395366e313a44f6e6e9751e55d8511b4e519e,eb785ad80664346a3cdcce2352c0952f2539326bf462b0491a4a3fb238c7067a,NEWLY_GENERATED,19.159605959430337,10.96918189432472,4.184884950518608
signed_packet_chain_N090,90,signed_packet_chain,ce18c4f297cec2ee107a1853bb7de752a6cea592354fa2580149fefc3d022dc1,1,222,13,20,d8a4dc884e818d6fcb0900bb7c4e78cb7103536b8f7608cab36ca74ba9ae70d6,a44180d2cb229b144f9dfb0dd3f029a38b34a874e60e07cd29acf01c2f717076,NEWLY_GENERATED,19.986939965747297,10.234326007775962,4.128776025027037
signed_packet_chain_N091,91,signed_packet_chain,b556ec2158cf93435372e1a0f1b3ad093cccc067ed34ae9d86dc183ba3131e70,1,226,14,20,5428c302a2c3001f4d0539c78213941f19ad92308d95d4b367723c60290d26a7,1a478322efaac7e84c188f5cf71f173fd24549e5761856f03352b15c960dc0e7,NEWLY_GENERATED,20.39717196021229,10.605349089019,4.132275003939867
signed_packet_chain_N092,92,signed_packet_chain,a89b8150df251b0fdb4e46ef4e49bc3993db6af7af3affd71ff1c9aed5413e23,1,231,15,20,3e4c09bb8d56675d2f341afecc47435299e0d64fabd7588eed3a6150e38e211a,aab4390b50951c04e38fb09b556f3303261ec761d38a9c8fa9e1d6581a296426,NEWLY_GENERATED,21.310986019670963,11.546581983566284,4.394631017930806
signed_packet_chain_N093,93,signed_packet_chain,ee757ecf742058c01510adfecf40dedecab42afd073cd2fc2e7b127d5e6bba66,1,235,15,20,e1547f46234d3d76b510ece598d6705a554cf1c40d957ebc413a019f9b301f94,55e155e2d0e93af7139b2c182c173e662b85cae36a86fa2d875ba2474a086a83,NEWLY_GENERATED,21.703378995880485,13.797402032651007,4.6243064571172
signed_packet_chain_N094,94,signed_packet_chain,1bb67aa34d3932c2c91934e6967f49a06009cf83fd3748dcd2963aec6e338d62,1,240,15,20,c4571e03d72b94a68f0f92305d632a0d67dee466281018eefd0268f9a64a42c0,6e4a7d96b599306c2125a272a1ec5d09613c4a5b8847c33dc11ef72126e3c2ac,NEWLY_GENERATED,22.22831000108272,14.618507004342973,4.552722966764122
signed_packet_chain_N095,95,signed_packet_chain,179b4663f9d7f2ca3fa3f01a36310661db4ae904476de9d024bbe9355b803f7e,1,244,15,20,b8df413421b39f8e6561e1a49ce7c67ebe0d3eeaf233f15710a6c25b30a39441,920f3b1dc55fa39d080c6c7350231818562527d5401ec4d1709f54adddb5f991,NEWLY_GENERATED,22.78955897781998,16.83857594616711,4.7521949745714664
signed_packet_chain_N096,96,signed_packet_chain,00b927f707c798501afd21a4cb2826cc06067071c28fd62aedefb90842819ee2,1,249,15,20,5b29eb595d422b09670fc164cc283db8621b21bd4d0dfd41b60c8655490cf61f,b6453a57b91dfc18889696a694723628d09982a7fa07aa9ea0437d37725f8c73,NEWLY_GENERATED,23.480136995203793,14.810184016823769,4.7849040711298585
signed_packet_chain_N097,97,signed_packet_chain,93d6046a6f4647afac3bb96240da68789446e9d6c3caead477dc4cd0fa06d849,1,253,15,20,1f3fb59b51a6035767fb1726a84faa55bc860b8a8f2f115193743d183c9baad8,d97484f0a8eebdc579fd111aab1ec306fd611e7b1ce51ef8219ef8e41a194fd8,NEWLY_GENERATED,24.2653030436486,17.12499198038131,4.962920094840229
signed_packet_chain_N098,98,signed_packet_chain,f2ed9328b16f6e525f9fbd55388071435fcc92a1b1a67863808b409216f52bc7,1,258,15,20,8026e457d2a260024c6f3e8f6a9c327fd5a37b4abca4d675a5d94f33d1aa6213,624b02ab56d18ea6fc3bef2ed5d2a55db50cca0ceab3a5c4c556687a22125dd5,NEWLY_GENERATED,25.03640903159976,14.983030036091805,5.047549027949572
signed_packet_chain_N099,99,signed_packet_chain,8db4ca69168cc313daa2f189c7231f19e816b5f43c511061bee924abb59534ca,1,262,15,20,4f768ed8c4a52b4ca4c48e59f35a735f73c12b7c7e39e01d804f4dbd9fbb12f2,5a4047648d82ac05ddcd2f0078905eb3b69e7f3c4ca263661654e4049b70ba14,NEWLY_GENERATED,25.166337029077113,15.32134402077645,4.992829984985292
signed_packet_chain_N100,100,signed_packet_chain,99fb56884555b3d7620f3d3c41dca9d1a44f5ce5ad6bb98c841bc5e36b15852a,1,267,15,20,ce39e73a2e9b2555989f01f9193ae7a294a6253feaffc1082987a9abb138c5c3,e1323d0d7a7c9c7cc6da5194366cc5df5c8eedf78185c8851768b32341321d93,NEWLY_GENERATED,25.796005968004465,13.28272104728967,5.055189016275108
signed_packet_chain_N101,101,signed_packet_chain,f4e86a69822f6c20196dc52dc544071902624261a0e105ab80e06ae7dee12047,1,268,15,20,6464e230d1f99dcd11b361ea048e645d0881eb440e9030e77ab6046c815f6d37,97a7eaacce62553c271ab06c7cd23781b048d1343cec1151a98697837debd752,NEWLY_GENERATED,26.475633028894663,13.42867803759873,5.1945269806310534
signed_packet_chain_N102,102,signed_packet_chain,db108b60574fd6742e345c30863f8aedd478ab20808dbd916537d314b019fc08,1,270,15,20,85987247a63fe29a3718ad657429e8f2ac1f2f3617d41cdce8e8eef741e73e0e,4bc422670b23fa94016033bf00d8c3199f0c82b594855b5a925956b60139a0a6,NEWLY_GENERATED,26.44364396110177,13.480667024850845,5.230075446888804
signed_packet_chain_N103,103,signed_packet_chain,8b910b9bbf68d03bf377d7def16b6958ed7506615c7d9b4e8bd1d8d3fb4d1f56,1,273,15,21,87f11c94fb5e23016782d8ed1a39a7280973a2183eb32ba4cd7221f2bb362f9c,7ab3bc1f05cb16c011d4b08200e90582e44cb10e1019a5d5e32335574c37b6d9,NEWLY_GENERATED,26.73935901839286,13.562956009991467,5.271855043247342
signed_packet_chain_N104,104,signed_packet_chain,64972ebc440945fa4bf4adfbcca15a92cff39496e600a2f30fea7b305a599287,1,277,15,21,df9b9e7a4c06957229dea00cd4c2e94c0d57b6328715dd92556ef2de95e17f3d,da4247c967558f4fb45350300424aa546adaec3fceb137fd4039eb1b79cc0ff1,NEWLY_GENERATED,27.204920072108507,14.133634977042675,5.5075110867619514
signed_packet_chain_N105,105,signed_packet_chain,4642bd985497488efede4cff9592b39d24e22859ffe9cd10281bd3fa8463321f,1,282,15,21,976dbc22faff631c5e7d57cb3f3a89c025753b989a6ef0ecd9317291df94e807,b921cb24e4a775a2593ec2eda51c8e777186d01a8ef7705fcb61600ce4b19f98,NEWLY_GENERATED,28.031034977175295,13.288600952364504,5.563029088079929
signed_packet_chain_N106,106,signed_packet_chain,2cfd7f2ad53c8414351911b002113c74c556d27551a25e51843ec4adcf6a3ba1,1,283,15,21,d90ba3788f516df4266cced3ae874bf3ed38433a086b4619bb67f531aab6bf1f,66ae30eacaa94e87e97610c3f1745dadd9125fe1907af9fe8eb9e948c94b033e,NEWLY_GENERATED,28.1007339945063,15.149738057516515,5.797450023237616
signed_packet_chain_N107,107,signed_packet_chain,a7d7c9322cbf88b2228034a35c227f07f6e608cbb5316a03e073d09b33036fe7,1,285,15,21,1088103272c1b4326fbbad510272adab8bbc52b0f88c0dd05dbf8730b97f119b,3d00612d2d66ab8c295f2fe52f52fce2f461d6e7432431376a02e1d2475e9b02,NEWLY_GENERATED,28.22364098392427,15.060379053466022,5.744756490457803
signed_packet_chain_N108,108,signed_packet_chain,513fa36c1faa74199a72a14b02ce89792bba15c533d4991696c5834e67dbd29d,1,288,15,22,bc7387eefe63f7b7862660eb9ab472a68250a97c7c0573066a26db7d3a19cd82,5300adfd06655729fcf91499cce57d79e0b86b019e2790ded096a220bb161ece,NEWLY_GENERATED,28.63688499201089,15.416322043165565,5.802816012874246
signed_packet_chain_N109,109,signed_packet_chain,c055079be44f1386231375ee1036ee8c6a35de98f3a98539762f6ca46d9dbf67,1,292,15,22,ddd40e5322cd53603aafaf9bbdeac9c50bc8bedad6ee5eca79cfaffa0604f7d8,b9f4b7cfcb35a5d81bc53b5ec7fcc10e33aa9820e547f5d6c2823b10f4c00649,NEWLY_GENERATED,29.3002319522202,15.828095027245581,5.873474990949035
signed_packet_chain_N110,110,signed_packet_chain,41fc2b54a93b40d091f744e4c334248eea539f048a3c2ab58e63050460693e7e,1,297,15,22,e2b2f966db02127d172c011be5ff5c04ad3822024a61bc3e5fd9cbc7dc13163e,07759dc777efaf1a09b68480b191bfa17a8f059e8c674c79c29033b344e051b0,NEWLY_GENERATED,30.050819041207433,13.692362932488322,5.9154529590159655
signed_packet_chain_N111,111,signed_packet_chain,c50bcb3e953ba62871555ca2f15b749acd50d7cd7063efe43efbcb973c827c4f,1,298,15,22,c774e219cc7e550e114d31fd1ae9bd100bae8bfddc58673ba0818900280564ed,b7c638f063fa7c4665e0df95fb2ff9a2135fd80d6f75f81604a1ae7e46599692,NEWLY_GENERATED,30.05705901887268,15.426571946591139,6.031220895238221
signed_packet_chain_N112,112,signed_packet_chain,42c640372f00d2818a7252c0887a4df7c2e2e217dc421a80855cc61957148af8,1,300,15,22,ac1a6d738816618c5d89ac49f443978e61edbe3ef9c1ed9e3cac66d3f5da1c66,602f73a0a056a8e887085b7b941c7287d2a299033ed7fa3e25e4fc69c5b71037,NEWLY_GENERATED,30.440611066296697,15.469801961444318,6.104340078309178
signed_packet_chain_N113,113,signed_packet_chain,189921180ec110640b4cf13bf091e4132505757a546f858528f67429e8450862,1,303,15,23,cc1a186c5dfbc40c6451d87668546ec4ae690108e1e1e96dfb2b90fefa99595e,56bcb9a43b6d95cbacd8539ce93bf4077a092ad826a778adfd1ca6adab2481cd,NEWLY_GENERATED,30.843584914691746,15.982061973772943,6.220157025381923
signed_packet_chain_N114,114,signed_packet_chain,b12a3fc16adb6c1b193db531d04faa659b43da0e24fbb68051f2185a23abff9c,1,307,15,23,ca4493f564350e2d2193fd2cb0059939b88606177cc46e75ed2cf6c29fe6b270,8d110226719329d4fb423cf4e5d068b5b811e6d0136dd82d190a361d6e8d9fe4,NEWLY_GENERATED,31.24675794970244,16.356334905140102,6.3408659771084785
signed_packet_chain_N115,115,signed_packet_chain,141f35ab1686710df56a6bb0f34a97c9e1dabeb71878d0752b00bcdbc48aff8c,1,312,15,23,db6230e5bceb91b64c725162917690fa6e4f77b73f24f142081957edabf120df,967bafccd72b7e802609b8ed06120ad010f6d1e910e243ec50d6c1612f43337f,NEWLY_GENERATED,32.19644003547728,14.654116006568074,6.429935107007623
signed_packet_chain_N116,116,signed_packet_chain,193c0bb50f2b4c59bf7bd47a8c7855bed9e89db95acaf8c7abc862c56dc62da9,1,313,15,23,265c39c8555d83660910a8dc4118523e8a3f517a78dbf2a28a1109c3cf3d4cf0,85f0231effc8f9b8420afcfbeed500f1d9d699192c39f5a6fc4596f614e47656,NEWLY_GENERATED,32.44865604210645,14.393451041541994,6.497813039459288
signed_packet_chain_N117,117,signed_packet_chain,eca3dd143126e1b4b4c5411e6da67badbdc4e690d81a41f6bd387e3f5f016db9,1,315,15,23,60b10898b2e051e3eb1a1597e5a61022484e99564212f4d5f92f41a9181f5807,f410eaf654d999d3c3a1b226546ff338c2b78a310cf7f0a45eba0e9de93fc28b,NEWLY_GENERATED,32.47659502085298,14.48107894975692,6.5511519787833095
signed_packet_chain_N118,118,signed_packet_chain,49bb8e2bb2e31ebb700ed6185e2ae5a543eb6fd393288033637fac292a928b26,1,318,15,24,43e1a739b7bfdb7d5bbd9681baa2c5a0dad3ad5aa40682743d9181e53c2e6c36,589947aab4f1ea45e01bc30aca53f140662b6ec01fb4f12ce6130d5ebba50c38,NEWLY_GENERATED,32.72874001413584,14.695924939587712,6.619381019845605
signed_packet_chain_N119,119,signed_packet_chain,42a1d54ed41e6ee532068d2fd3062cc3ecd4c8f438dc65562ffd7ed253742fb0,1,322,15,24,a81cb6950ec9fd331e350dd2b7555b4cdfdd492425342f7501183364faaf6829,fc6c37f4fab1a44a2e5376367b77d6713f5b338bf23ff77bb923c40ef12feeaf,NEWLY_GENERATED,33.585504977963865,15.073389047756791,6.750229047611356
signed_packet_chain_N120,120,signed_packet_chain,72edd590741aebaf42fb5761c30499a6396f51618e6b256ef407d65a715cfca5,1,327,15,24,eabaec9d4c9297c77801bb1f42342d408a63a2b44ae65a90ffb052b6377b5e4f,3d64d7d52625f1101dc39ab6a35e37d077f8754cdb4a0b6246d807689b8e7117,NEWLY_GENERATED,34.416769980452955,12.944067013449967,6.848055985756218
